ts_code,trade_date,open,high,low,close,pre_close,change,pct_chg,vol,amount,turnover_rate,volume_ratio,pe,pb,ps,total_share,float_share,free_share,total_mv,circ_mv
600036.SH,20180601,28.78,28.98,28.5,28.6,28.78,-0.18,-0.63,293259.87,841358.587,0.1422,0.67,10.2821,1.561,3.2653,2521984.5601,2062894.4429,1241481.2046,72128758.4189,58998781.0669
600036.SH,20180604,28.91,29.28,28.62,29.25,28.6,0.65,2.27,433343.96,1257114.616,0.2101,0.97,10.5158,1.5964,3.3395,2521984.5601,2062894.4429,1241481.2046,73768048.3829,60339662.4548
600036.SH,20180605,29.17,29.35,28.9,29.26,29.25,0.01,0.03,372882.25,1087160.936,0.1808,0.9,10.5194,1.597,3.3406,2521984.5601,2062894.4429,1241481.2046,73793268.2285,60360291.3993
600036.SH,20180606,29.17,29.26,28.76,28.8,29.26,-0.46,-1.57,345608.15,1000091.941,0.1675,0.88,10.354,1.5719,3.2881,2521984.5601,2062894.4429,1241481.2046,72633155.3309,59411359.9555
600036.SH,20180607,28.9,29.27,28.76,28.9,28.8,0.1,0.35,494430.68,1435268.845,0.2397,1.26,10.3899,1.5773,3.2995,2521984.5601,2062894.4429,1241481.2046,72885353.7869,59617649.3998
600036.SH,20180608,28.75,28.78,28.18,28.2,28.9,-0.7,-2.42,426216.27,1209479.17,0.2066,1.1,10.1383,1.5391,3.2196,2521984.5601,2062894.4429,1241481.2046,71119964.5948,58173623.2898
600036.SH,20180611,28.2,28.65,27.94,28.63,28.2,0.43,1.52,378331.56,1070796.378,0.1834,0.91,10.2929,1.5626,3.2687,2521984.5601,2062894.4429,1241481.2046,72204417.9557,59060667.9002
600036.SH,20180612,28.62,28.96,28.62,28.74,28.63,0.11,0.38,311971.55,898564.345,0.1512,0.77,10.3324,1.5686,3.2813,2521984.5601,2062894.4429,1241481.2046,72481836.2573,59287586.2889
600036.SH,20180613,28.75,28.97,28.6,28.71,28.74,-0.03,-0.1,267532.33,770378.532,0.1297,0.68,10.3216,1.567,3.2778,2521984.5601,2062894.4429,1241481.2046,72406176.7205,59225699.4557
600036.SH,20180614,28.65,29.05,28.43,28.57,28.71,-0.14,-0.49,343383.56,984047.476,0.1665,0.91,10.2713,1.5593,3.2618,2521984.5601,2062894.4429,1241481.2046,72053098.8821,58936894.2337
600036.SH,20180615,28.47,29.08,28.42,28.94,28.57,0.37,1.3,419549.31,1213019.309,0.2034,1.21,10.4043,1.5795,3.3041,2521984.5601,2062894.4429,1241481.2046,72986233.1693,59700165.1775
600036.SH,20180619,28.64,29.24,28.45,28.99,28.94,0.05,0.17,1206094.33,3483188.942,0.5847,3.5,10.4223,1.5822,3.3098,2521984.5601,2062894.4429,1241481.2046,73112332.3973,59803309.8997
600036.SH,20180620,28.78,28.88,28.32,28.51,28.99,-0.48,-1.66,364526.37,1040634.032,0.1767,0.72,10.2497,1.556,3.255,2521984.5601,2062894.4429,1241481.2046,71901779.8085,58813120.5671
600036.SH,20180621,28.52,29.06,28.5,28.65,28.51,0.14,0.49,316216.66,910748.282,0.1533,0.61,10.3001,1.5637,3.271,2521984.5601,2062894.4429,1241481.2046,72254857.6469,59101925.7891
600036.SH,20180622,28.67,28.78,28.28,28.62,28.65,-0.03,-0.1,221997.49,634077.528,0.1076,0.42,10.2893,1.562,3.2675,2521984.5601,2062894.4429,1241481.2046,72179198.1101,59040038.9558
600036.SH,20180625,28.68,28.71,27.65,27.67,28.62,-0.95,-3.32,482160.15,1355187.817,0.2337,0.95,9.9477,1.5102,3.1591,2521984.5601,2062894.4429,1241481.2046,69783312.778,57080289.235
600036.SH,20180626,27.48,27.49,26.2,26.9,27.67,-0.77,-2.78,623228.18,1669754.262,0.3021,1.2,9.6709,1.4682,3.0712,2521984.5601,2062894.4429,1241481.2046,67841384.6667,55491860.514
600036.SH,20180627,26.68,26.88,26.1,26.33,26.9,-0.57,-2.12,442689.36,1171600.53,0.2146,1.1,9.466,1.4371,3.0061,2521984.5601,2062894.4429,1241481.2046,66403853.4674,54316010.6816
600036.SH,20180628,26.25,26.3,25.6,25.85,26.33,-0.48,-1.82,439700.14,1140542.154,0.2131,1.05,9.2934,1.4109,2.9513,2521984.5601,2062894.4429,1241481.2046,65193300.8786,53325821.349
600036.SH,20180629,25.98,26.59,25.97,26.44,25.85,0.59,2.28,309110.69,814179.727,0.1498,0.7,9.5055,1.4431,3.0187,2521984.5601,2062894.4429,1241481.2046,66681271.769,54542929.0703
600036.SH,20180702,26.44,26.73,25.3,25.44,26.44,-1.0,-3.78,435187.1,1124749.5,0.211,0.95,9.146,1.3885,2.9045,2521984.5601,2062894.4429,1241481.2046,64159287.2089,52480034.6274
600036.SH,20180703,25.44,25.47,24.7,25.22,25.44,-0.22,-0.86,658584.03,1654664.571,0.3193,1.46,9.0669,1.3765,2.8794,2521984.5601,2062894.4429,1241481.2046,63604450.6057,52026197.8499
600036.SH,20180704,25.18,25.51,24.96,25.05,25.22,-0.17,-0.67,369649.5,930211.549,0.1792,0.81,9.0058,1.3672,2.86,2521984.5601,2062894.4429,1241481.2046,63175713.2305,51675505.7946
600036.SH,20180705,25.17,25.52,24.94,25.44,25.05,0.39,1.56,495925.11,1252366.553,0.2404,1.12,9.146,1.3885,2.9045,2521984.5601,2062894.4429,1241481.2046,64159287.2089,52480034.6274
600036.SH,20180706,25.49,26.18,24.98,25.84,25.44,0.4,1.57,441258.91,1131470.156,0.2139,0.97,9.2898,1.4103,2.9502,2521984.5601,2062894.4429,1241481.2046,65168081.033,53305192.4045
600036.SH,20180709,26.0,27.02,26.0,26.95,25.84,1.11,4.3,527058.16,1412279.854,0.2555,1.1,9.6889,1.4709,3.0769,2521984.5601,2062894.4429,1241481.2046,67967483.8947,55595005.2362
600036.SH,20180710,27.01,27.1,26.56,26.8,26.95,-0.15,-0.56,326841.86,875889.897,0.1584,0.66,9.635,1.4627,3.0598,2521984.5601,2062894.4429,1241481.2046,67589186.2107,55285571.0697
600036.SH,20180711,26.08,26.79,26.0,26.6,26.8,-0.2,-0.75,316712.58,839272.378,0.1535,0.73,9.563,1.4518,3.0369,2521984.5601,2062894.4429,1241481.2046,67084789.2987,54872992.1811
600036.SH,20180712,25.8,26.45,25.5,26.04,25.76,0.28,1.09,469426.52,1225745.783,0.2276,1.11,9.3617,1.4895,2.973,2521984.5601,2062894.4429,1241481.2046,65672477.945,53717771.2931
600036.SH,20180713,26.28,26.3,25.97,26.23,26.04,0.19,0.73,247061.06,646322.656,0.1198,0.59,9.43,1.5004,2.9947,2521984.5601,2062894.4429,1241481.2046,66151655.0114,54109721.2373
600036.SH,20180716,26.17,26.58,25.58,25.67,26.23,-0.56,-2.14,359321.94,931706.273,0.1742,0.95,9.2287,1.4684,2.9307,2521984.5601,2062894.4429,1241481.2046,64739343.6578,52954500.3492
600036.SH,20180717,25.5,25.67,25.1,25.37,25.67,-0.3,-1.17,289369.01,732402.036,0.1403,0.84,9.1208,1.4512,2.8965,2521984.5601,2062894.4429,1241481.2046,63982748.2897,52335632.0164
600036.SH,20180718,25.57,25.94,25.21,25.29,25.37,-0.08,-0.32,332355.25,849465.221,0.1611,0.99,9.0921,1.4466,2.8874,2521984.5601,2062894.4429,1241481.2046,63780989.5249,52170600.4609
600036.SH,20180719,25.58,25.89,25.5,25.62,25.29,0.33,1.3,395286.7,1016389.267,0.1916,1.16,9.2107,1.4655,2.925,2521984.5601,2062894.4429,1241481.2046,64613244.4298,52851355.6271
600036.SH,20180720,25.62,27.45,25.4,27.38,25.62,1.76,6.8696,1010892.31,2704374.608,0.49,3.11,9.8435,1.5662,3.126,2521984.5601,2062894.4429,1241481.2046,69051937.2555,56482049.8466
600036.SH,20180723,27.39,28.15,26.98,27.86,27.38,0.48,1.7531,924108.84,2550106.045,0.448,1.94,10.016,1.5936,3.1808,2521984.5601,2062894.4429,1241481.2046,70262489.8444,57472239.1792
600036.SH,20180724,27.86,28.6,27.57,27.75,27.86,-0.11,-0.3948,694538.92,1944728.34,0.3367,1.18,9.9765,1.5873,3.1682,2521984.5601,2062894.4429,1241481.2046,69985071.5428,57245320.7905
600036.SH,20180725,28.2,28.45,27.85,28.22,27.75,0.47,1.6937,430216.84,1212914.508,0.2086,0.64,10.1455,1.6142,3.2219,2521984.5601,2062894.4429,1241481.2046,71170404.286,58214881.1786
600036.SH,20180726,28.36,28.95,27.88,28.12,28.22,-0.1,-0.3544,458657.24,1299264.844,0.2223,0.66,10.1095,1.6085,3.2105,2521984.5601,2062894.4429,1241481.2046,70918205.83,58008591.7343
600036.SH,20180727,28.12,28.48,27.61,28.09,28.12,-0.03,-0.1067,308430.01,864315.734,0.1495,0.44,10.0987,1.6068,3.207,2521984.5601,2062894.4429,1241481.2046,70842546.2932,57946704.9011
600036.SH,20180730,28.09,28.85,27.9,28.61,28.09,0.52,1.8512,383391.28,1086965.824,0.1859,0.68,10.2857,1.6365,3.2664,2521984.5601,2062894.4429,1241481.2046,72153978.2645,59019410.0114
600036.SH,20180731,28.6,28.73,27.95,28.39,28.61,-0.22,-0.769,348277.76,987037.63,0.1688,0.77,10.2066,1.6239,3.2413,2521984.5601,2062894.4429,1241481.2046,71599141.6612,58565573.2339
600036.SH,20180801,28.69,29.09,27.85,27.87,28.39,-0.52,-1.8316,536866.11,1531776.02,0.2602,1.39,10.0196,1.5942,3.1819,2521984.5601,2062894.4429,1241481.2046,70287709.69,57492868.1236
600036.SH,20180802,27.8,28.1,27.0,27.18,27.87,-0.69,-2.4758,571923.9,1566477.322,0.2772,1.4,9.7716,1.5547,3.1031,2521984.5601,2062894.4429,1241481.2046,68547540.3435,56069470.958
600036.SH,20180803,27.33,27.74,27.18,27.24,27.18,0.06,0.2208,298116.45,819624.634,0.1445,0.69,9.7931,1.5582,3.11,2521984.5601,2062894.4429,1241481.2046,68698859.4171,56193244.6246
600036.SH,20180806,27.38,28.09,27.2,27.59,27.24,0.35,1.2849,385964.05,1069702.81,0.1871,0.9,9.919,1.5782,3.15,2521984.5601,2062894.4429,1241481.2046,69581554.0132,56915257.6796
600036.SH,20180807,27.59,28.5,27.49,28.48,27.59,0.89,3.2258,513960.0,1445089.051,0.2491,1.2,10.2389,1.6291,3.2516,2521984.5601,2062894.4429,1241481.2046,71826120.2716,58751233.7338
600036.SH,20180808,28.6,28.6,28.01,28.11,28.48,-0.37,-1.2992,282441.43,798263.714,0.1369,0.61,10.1059,1.6079,3.2093,2521984.5601,2062894.4429,1241481.2046,70892985.9844,57987962.7899
600036.SH,20180809,27.94,28.96,27.9,28.77,28.11,0.66,2.3479,403921.18,1153671.635,0.1958,0.98,10.3432,1.6457,3.2847,2521984.5601,2062894.4429,1241481.2046,72557495.7941,59349473.1222
600036.SH,20180810,28.81,28.85,28.13,28.44,28.77,-0.33,-1.147,271445.65,771539.712,0.1316,0.72,10.2246,1.6268,3.247,2521984.5601,2062894.4429,1241481.2046,71725240.8892,58668717.9561
600036.SH,20180813,28.12,28.12,27.25,27.71,28.44,-0.73,-2.5668,467600.18,1288408.92,0.2267,1.26,9.9621,1.585,3.1637,2521984.5601,2062894.4429,1241481.2046,69884192.1604,57162805.0128
600036.SH,20180814,27.66,27.79,27.24,27.51,27.71,-0.2,-0.7218,265917.33,730077.525,0.1289,0.69,9.8902,1.5736,3.1408,2521984.5601,2062894.4429,1241481.2046,69379795.2484,56750226.1242
600036.SH,20180815,27.51,27.53,26.57,26.7,27.51,-0.81,-2.9444,384433.06,1035868.466,0.1864,1.14,9.599,1.5273,3.0483,2521984.5601,2062894.4429,1241481.2046,67336987.7547,55079281.6254
600036.SH,20180816,26.29,27.14,26.2,26.74,26.7,0.04,0.1498,383702.46,1024991.052,0.186,1.07,9.6134,1.5296,3.0529,2521984.5601,2062894.4429,1241481.2046,67437867.1371,55161797.4031
600036.SH,20180817,27.1,27.2,26.44,26.52,26.74,-0.22,-0.8227,259363.25,697067.989,0.1257,0.73,9.5343,1.517,3.0278,2521984.5601,2062894.4429,1241481.2046,66883030.5339,54707960.6257
600036.SH,20180820,26.99,27.11,26.42,26.96,26.52,0.44,1.6591,369550.56,992571.277,0.1791,1.05,9.6925,1.5421,3.078,2521984.5601,2062894.4429,1241481.2046,67992703.7403,55615634.1806
600036.SH,20180821,27.04,27.42,26.89,27.1,26.96,0.14,0.5193,369906.29,1005654.829,0.1793,1.11,9.7428,1.5502,3.094,2521984.5601,2062894.4429,1241481.2046,68345781.5787,55904439.4026
600036.SH,20180822,27.19,27.2,26.82,27.04,27.1,-0.06,-0.2214,202681.37,548067.472,0.0983,0.57,9.7212,1.5467,3.0872,2521984.5601,2062894.4429,1241481.2046,68194462.5051,55780665.736
600036.SH,20180823,27.14,27.45,26.82,27.3,27.04,0.26,0.9615,321319.89,874029.537,0.1558,1.01,9.8147,1.5616,3.1168,2521984.5601,2062894.4429,1241481.2046,68850178.4907,56317018.2912
600036.SH,20180824,27.15,28.3,26.96,27.7,27.3,0.4,1.4652,480269.75,1325865.555,0.2328,1.58,9.9585,1.5845,3.1625,2521984.5601,2062894.4429,1241481.2046,69858972.3148,57142176.0683
600036.SH,20180827,28.05,28.61,27.85,28.54,27.7,0.84,3.0325,510807.55,1443348.642,0.2476,1.46,10.2605,1.5424,3.2584,2521984.5601,2062894.4429,1171836.1832,71977439.3453,58875007.4004
600036.SH,20180828,28.57,29.01,28.54,28.62,28.54,0.08,0.2803,368443.55,1060897.27,0.1786,0.98,10.2893,1.5468,3.2675,2521984.5601,2062894.4429,1171836.1832,72179198.1101,59040038.9558
600036.SH,20180829,28.63,29.0,28.45,28.76,28.62,0.14,0.4892,260969.41,749530.161,0.1265,0.69,10.3396,1.5543,3.2835,2521984.5601,2062894.4429,1171836.1832,72532275.9485,59328844.1778
600036.SH,20180830,28.73,28.87,28.08,28.14,28.76,-0.62,-2.1558,272573.33,772976.674,0.1321,0.7,10.1167,1.5208,3.2127,2521984.5601,2062894.4429,1171836.1832,70968645.5212,58049849.6232
600036.SH,20180831,28.01,28.75,27.98,28.29,28.14,0.15,0.533,460881.48,1309258.982,0.2234,1.22,10.1706,1.5289,3.2299,2521984.5601,2062894.4429,1171836.1832,71346943.2052,58359283.7896
600036.SH,20180903,28.32,28.44,27.96,28.14,28.29,-0.15,-0.5302,260701.01,734063.563,0.1264,0.7,10.1167,1.5208,3.2127,2521984.5601,2062894.4429,1171836.1832,70968645.5212,58049849.6232
600036.SH,20180904,28.18,28.75,27.93,28.64,28.14,0.5,1.7768,328223.55,931947.242,0.1591,1.01,10.2965,1.5478,3.2698,2521984.5601,2062894.4429,1171836.1832,72229637.8013,59081296.8447
600036.SH,20180905,28.35,28.48,27.68,27.69,28.64,-0.95,-3.317,359403.14,1008629.733,0.1742,1.13,9.9549,1.4965,3.1614,2521984.5601,2062894.4429,1171836.1832,69833752.4692,57121547.1239
600036.SH,20180906,27.7,27.85,27.43,27.5,27.69,-0.19,-0.6862,245919.32,679321.762,0.1192,0.73,9.8866,1.4862,3.1397,2521984.5601,2062894.4429,1171836.1832,69354575.4028,56729597.1798
600036.SH,20180907,27.65,28.2,27.6,28.17,27.5,0.67,2.4364,397195.87,1111287.76,0.1925,1.2,10.1275,1.5224,3.2162,2521984.5601,2062894.4429,1171836.1832,71044305.058,58111736.4565
600036.SH,20180910,27.96,28.3,27.78,27.9,28.17,-0.27,-0.9585,263784.71,739029.722,0.1279,0.83,10.0304,1.5078,3.1853,2521984.5601,2062894.4429,1171836.1832,70363369.2268,57554754.9569
600036.SH,20180911,27.95,28.1,27.14,27.4,27.9,-0.5,-1.7921,334693.3,923390.421,0.1622,1.05,9.8507,1.4808,3.1283,2521984.5601,2062894.4429,1171836.1832,69102376.9467,56523307.7355
600036.SH,20180912,27.22,27.6,27.01,27.4,27.4,0.0,0.0,229876.13,626631.245,0.1114,0.72,9.8507,1.4808,3.1283,2521984.5601,2062894.4429,1171836.1832,69102376.9467,56523307.7355
600036.SH,20180913,27.94,28.02,27.29,27.76,27.4,0.36,1.3139,306764.78,847633.415,0.1487,1.04,9.9801,1.5003,3.1694,2521984.5601,2062894.4429,1171836.1832,70010291.3884,57265949.7349
600036.SH,20180914,27.99,27.99,27.68,27.88,27.76,0.12,0.4323,175460.04,488249.006,0.0851,0.57,10.0232,1.5068,3.1831,2521984.5601,2062894.4429,1171836.1832,70312929.5356,57513497.0681
600036.SH,20180917,27.73,27.8,27.37,27.45,27.88,-0.43,-1.5423,162202.19,446801.683,0.0786,0.62,9.8686,1.4835,3.134,2521984.5601,2062894.4429,1171836.1832,69228476.1747,56626452.4576
600036.SH,20180918,27.45,28.25,27.38,28.18,27.45,0.73,2.6594,399372.29,1112244.774,0.1936,1.65,10.1311,1.523,3.2173,2521984.5601,2062894.4429,1171836.1832,71069524.9036,58132365.4009
600036.SH,20180919,28.16,28.65,27.96,28.4,28.18,0.22,0.7807,432734.86,1227422.967,0.2098,1.7,10.2102,1.5349,3.2424,2521984.5601,2062894.4429,1171836.1832,71624361.5068,58586202.1784
600036.SH,20180920,28.58,28.85,28.37,28.51,28.4,0.11,0.3873,286582.73,818977.671,0.1389,0.97,10.2497,1.5408,3.255,2521984.5601,2062894.4429,1171836.1832,71901779.8085,58813120.5671
600036.SH,20180921,28.7,30.3,28.45,30.3,28.51,1.79,6.2785,778372.95,2295785.053,0.3773,2.67,10.8932,1.6375,3.4594,2521984.5601,2062894.4429,1171836.1832,76416132.171,62505701.6199
600036.SH,20180925,29.83,30.09,29.32,29.62,30.3,-0.68,-2.2442,527381.86,1567282.266,0.2557,1.28,10.6488,1.6008,3.3817,2521984.5601,2062894.4429,1171836.1832,74701182.6702,61102933.3987
600036.SH,20180926,29.75,30.99,29.41,30.45,29.62,0.83,2.8022,749317.99,2270642.277,0.3632,1.55,10.9472,1.6457,3.4765,2521984.5601,2062894.4429,1171836.1832,76794429.855,62815135.7863
600036.SH,20180927,30.26,30.69,30.01,30.43,30.45,-0.02,-0.0657,402571.93,1221936.467,0.1951,0.73,10.94,1.6446,3.4742,2521984.5601,2062894.4429,1171836.1832,76743990.1638,62773877.8974
600036.SH,20180928,30.67,31.11,30.3,30.69,30.43,0.26,0.8544,556008.15,1709812.847,0.2695,1.01,11.0335,1.6586,3.5039,2521984.5601,2062894.4429,1171836.1832,77399706.1495,63310230.4526
600036.SH,20181008,29.7,30.09,29.36,29.43,30.69,-1.26,-4.1056,623333.82,1851291.903,0.3022,1.03,10.5805,1.5905,3.36,2521984.5601,2062894.4429,1171836.1832,74222005.6037,60710983.4545
600036.SH,20181009,29.33,29.69,29.0,29.4,29.43,-0.03,-0.1019,421493.3,1233995.871,0.2043,0.74,10.5697,1.5889,3.3566,2521984.5601,2062894.4429,1171836.1832,74146346.0669,60649096.6213
600036.SH,20181010,29.35,29.89,29.15,29.6,29.4,0.2,0.6803,390003.77,1152179.444,0.1891,0.71,10.6416,1.5997,3.3794,2521984.5601,2062894.4429,1171836.1832,74650742.979,61061675.5098
600036.SH,20181011,28.66,29.07,28.11,28.45,29.6,-1.15,-3.8851,615476.91,1764499.442,0.2984,1.29,10.2281,1.5376,3.2481,2521984.5601,2062894.4429,1171836.1832,71750460.7348,58689346.9005
600036.SH,20181012,28.7,29.37,28.46,29.16,28.45,0.71,2.4956,661307.02,1910801.822,0.3206,1.27,10.4834,1.5759,3.3292,2521984.5601,2062894.4429,1171836.1832,73541069.7725,60154001.955
600036.SH,20181015,29.16,29.18,28.55,28.74,29.16,-0.42,-1.4403,349998.84,1009163.706,0.1697,0.65,10.3324,1.5532,3.2813,2521984.5601,2062894.4429,1171836.1832,72481836.2573,59287586.2889
600036.SH,20181016,28.82,29.8,28.74,29.1,28.74,0.36,1.2526,577691.91,1688042.114,0.28,1.18,10.4618,1.5727,3.3224,2521984.5601,2062894.4429,1171836.1832,73389750.6989,60030228.2884
600036.SH,20181017,29.4,29.5,28.18,29.0,29.1,-0.1,-0.3436,668764.04,1934456.824,0.3242,1.29,10.4259,1.5673,3.3109,2521984.5601,2062894.4429,1171836.1832,73137552.2429,59823938.8441
600036.SH,20181018,28.78,28.85,27.88,27.9,29.0,-1.1,-3.7931,574418.73,1625603.167,0.2785,1.0,10.0304,1.5078,3.1853,2521984.5601,2062894.4429,1171836.1832,70363369.2268,57554754.9569
600036.SH,20181019,27.75,29.38,27.5,29.21,27.9,1.31,4.6953,767032.29,2193187.127,0.3718,1.35,10.5014,1.5786,3.3349,2521984.5601,2062894.4429,1171836.1832,73667169.0005,60257146.6771
600036.SH,20181022,29.53,30.54,29.53,30.0,29.21,0.79,2.7046,840796.84,2533871.247,0.4076,1.43,10.7854,1.6213,3.4251,2521984.5601,2062894.4429,1171836.1832,75659536.803,61886833.287
600036.SH,20181023,30.16,30.16,28.75,29.02,30.0,-0.98,-3.2667,594114.38,1750813.038,0.288,0.87,10.4331,1.5684,3.3132,2521984.5601,2062894.4429,1171836.1832,73187991.9341,59865196.733
600036.SH,20181024,29.11,30.32,29.09,29.39,29.02,0.37,1.275,635824.28,1887867.932,0.3082,0.92,10.5661,1.5884,3.3555,2521984.5601,2062894.4429,1171836.1832,74121126.2213,60628467.6768
600036.SH,20181025,28.77,29.72,28.74,29.66,29.39,0.27,0.9187,558418.84,1628677.952,0.2707,0.82,10.6632,1.603,3.3863,2521984.5601,2062894.4429,1171836.1832,74802062.0526,61185449.1764
600036.SH,20181026,29.64,29.92,28.98,29.6,29.66,-0.06,-0.2023,495762.95,1453919.756,0.2403,0.73,10.6416,1.5997,3.3794,2521984.5601,2062894.4429,1171836.1832,74650742.979,61061675.5098
600036.SH,20181029,29.8,29.8,27.42,27.85,29.6,-1.75,-5.9122,954877.44,2704530.876,0.4629,1.53,10.0124,1.5051,3.1796,2521984.5601,2062894.4429,1171836.1832,70237269.9988,57451610.2348
600036.SH,20181030,28.12,28.86,27.58,28.35,27.85,0.5,1.7953,743575.88,2108423.543,0.3605,1.15,10.1922,1.5322,3.2367,2521984.5601,2062894.4429,1171836.1832,71498262.2788,58483057.4562
600036.SH,20181031,28.8,28.98,28.39,28.91,28.35,0.56,1.9753,666013.08,1914657.674,0.3229,0.98,10.3935,1.4832,3.3007,2521984.5601,2062894.4429,1171836.1832,72910573.6325,59638278.3442
600036.SH,20181101,29.45,29.65,28.66,29.05,28.91,0.14,0.4843,682600.26,1983324.17,0.3309,1.0,10.4439,1.4904,3.3166,2521984.5601,2062894.4429,1171836.1832,73263651.4709,59927083.5662
600036.SH,20181102,29.9,30.45,29.41,30.33,29.05,1.28,4.4062,1220051.02,3665161.77,0.5914,1.72,10.904,1.5561,3.4628,2521984.5601,2062894.4429,1027271.4787,76491791.7078,62567588.4532
600036.SH,20181105,29.85,30.23,29.71,30.0,30.33,-0.33,-1.088,428334.88,1283209.565,0.2076,0.5,10.7854,1.5391,3.4251,2521984.5601,2062894.4429,1027271.4787,75659536.803,61886833.287
600036.SH,20181106,30.0,30.11,29.36,29.87,30.0,-0.13,-0.4333,375065.53,1116052.434,0.1818,0.5,10.7387,1.5325,3.4103,2521984.5601,2062894.4429,1027271.4787,75331678.8102,61618657.0094
600036.SH,20181107,29.88,30.2,29.53,29.57,29.87,-0.3,-1.0044,549867.67,1639026.34,0.2666,0.82,10.6308,1.5171,3.376,2521984.5601,2062894.4429,1027271.4787,74575083.4422,60999788.6766
600036.SH,20181108,30.02,30.37,29.8,30.01,29.57,0.44,1.488,479149.76,1440021.978,0.2323,0.74,10.789,1.5397,3.4262,2521984.5601,2062894.4429,1027271.4787,75684756.6486,61907462.2314
600036.SH,20181109,29.6,29.6,28.49,28.6,30.01,-1.41,-4.6984,1193021.21,3429467.883,0.5783,1.95,10.2821,1.4673,3.2653,2521984.5601,2062894.4429,1027271.4787,72128758.4189,58998781.0669
600036.SH,20181112,28.4,28.7,28.23,28.56,28.6,-0.04,-0.1399,683977.44,1942560.148,0.3316,1.13,10.2677,1.4653,3.2607,2521984.5601,2062894.4429,1027271.4787,72027879.0365,58916265.2892
600036.SH,20181113,28.1,28.77,28.05,28.58,28.56,0.02,0.07,500356.45,1424073.098,0.2426,0.76,10.2749,1.4663,3.263,2521984.5601,2062894.4429,1027271.4787,72078318.7277,58957523.1781
600036.SH,20181114,28.58,28.65,28.0,28.16,28.58,-0.42,-1.4696,535874.79,1513190.239,0.2598,0.79,10.1239,1.4447,3.215,2521984.5601,2062894.4429,1027271.4787,71019085.2124,58091107.5121
600036.SH,20181115,28.24,28.47,28.08,28.38,28.16,0.22,0.7813,354124.35,1002719.255,0.1717,0.52,10.203,1.456,3.2401,2521984.5601,2062894.4429,1027271.4787,71573921.8156,58544944.2895
600036.SH,20181116,28.38,28.68,28.19,28.48,28.38,0.1,0.3524,496955.28,1413615.056,0.2409,0.76,10.2389,1.4612,3.2516,2521984.5601,2062894.4429,1027271.4787,71826120.2716,58751233.7338
600036.SH,20181119,28.7,29.04,28.45,28.95,28.48,0.47,1.6503,502881.77,1450517.213,0.2438,0.98,10.4079,1.4853,3.3052,2521984.5601,2062894.4429,1027271.4787,73011453.0149,59720794.122
600036.SH,20181120,28.79,28.84,28.31,28.42,28.95,-0.53,-1.8307,338277.88,963552.925,0.164,0.71,10.2174,1.4581,3.2447,2521984.5601,2062894.4429,1027271.4787,71674801.198,58627460.0672
600036.SH,20181121,28.2,28.43,28.1,28.4,28.42,-0.02,-0.0704,323377.87,914660.533,0.1568,0.73,10.2102,1.4571,3.2424,2521984.5601,2062894.4429,1027271.4787,71624361.5068,58586202.1784
600036.SH,20181122,28.41,28.45,28.1,28.3,28.4,-0.1,-0.3521,275858.49,778816.956,0.1337,0.68,10.1742,1.4519,3.231,2521984.5601,2062894.4429,1027271.4787,71372163.0508,58379912.7341
600036.SH,20181123,28.29,28.35,27.88,27.88,28.3,-0.42,-1.4841,325389.36,912620.571,0.1577,0.84,10.0232,1.4304,3.1831,2521984.5601,2062894.4429,1027271.4787,70312929.5356,57513497.0681
600036.SH,20181126,28.0,28.35,27.91,28.27,27.88,0.39,1.3989,275469.54,775964.832,0.1335,0.78,10.1634,1.4504,3.2276,2521984.5601,2062894.4429,1027271.4787,71296503.514,58318025.9008
600036.SH,20181127,28.22,28.38,27.85,27.99,28.27,-0.28,-0.9904,337658.56,949634.239,0.1637,1.1,10.0628,1.436,3.1956,2521984.5601,2062894.4429,1027271.4787,70590347.8372,57740415.4568
600036.SH,20181128,28.07,28.35,28.05,28.28,27.99,0.29,1.0361,290873.89,821440.564,0.141,0.95,10.167,1.4509,3.2287,2521984.5601,2062894.4429,1027271.4787,71321723.3596,58338654.8452
600036.SH,20181129,28.5,28.6,28.3,28.3,28.28,0.02,0.0707,397949.93,1132138.876,0.1929,1.32,10.1742,1.4519,3.231,2521984.5601,2062894.4429,1027271.4787,71372163.0508,58379912.7341
600036.SH,20181130,28.26,28.58,28.21,28.55,28.3,0.25,0.8834,254380.81,724904.871,0.1233,0.78,10.2641,1.4647,3.2596,2521984.5601,2062894.4429,1027271.4787,72002659.1909,58895636.3448
600036.SH,20181203,29.49,29.63,28.93,29.46,28.55,0.91,3.1874,690255.56,2026234.683,0.3346,2.22,10.5913,1.5114,3.3635,2521984.5601,2062894.4429,1027271.4787,74297665.1405,60772870.2878
600036.SH,20181204,29.42,29.63,29.31,29.57,29.46,0.11,0.3734,323685.58,954515.438,0.1569,0.82,10.6308,1.5171,3.376,2521984.5601,2062894.4429,1027271.4787,74575083.4422,60999788.6766
600036.SH,20181205,29.16,29.57,29.0,29.37,29.57,-0.2,-0.6764,262307.36,771310.493,0.1272,0.67,10.5589,1.5068,3.3532,2521984.5601,2062894.4429,1027271.4787,74070686.5301,60587209.788
600036.SH,20181206,28.9,29.15,28.78,28.9,29.37,-0.47,-1.6003,373380.23,1079103.636,0.181,0.97,10.3899,1.4827,3.2995,2521984.5601,2062894.4429,1027271.4787,72885353.7869,59617649.3998
600036.SH,20181207,29.09,29.19,28.53,28.58,28.9,-0.32,-1.1073,305228.73,878968.664,0.148,0.8,10.2749,1.4663,3.263,2521984.5601,2062894.4429,1027271.4787,72078318.7277,58957523.1781
600036.SH,20181210,28.3,28.5,28.22,28.34,28.58,-0.24,-0.8397,266986.42,756722.667,0.1294,0.68,10.1886,1.454,3.2356,2521984.5601,2062894.4429,1027271.4787,71473042.4332,58462428.5118
600036.SH,20181211,28.35,28.55,28.28,28.51,28.34,0.17,0.5999,227290.13,645883.574,0.1102,0.74,10.2497,1.4627,3.255,2521984.5601,2062894.4429,1027271.4787,71901779.8085,58813120.5671
600036.SH,20181212,29.0,29.0,28.41,28.46,28.51,-0.05,-0.1754,202093.93,577042.564,0.098,0.7,10.2317,1.4601,3.2493,2521984.5601,2062894.4429,1027271.4787,71775680.5804,58709975.8449
600036.SH,20181213,28.53,29.07,28.41,28.75,28.46,0.29,1.019,551520.33,1586329.607,0.2674,2.01,10.336,1.475,3.2824,2521984.5601,2062894.4429,1027271.4787,72507056.1029,59308215.2334
600036.SH,20181214,28.57,28.61,28.2,28.33,28.75,-0.42,-1.4609,398155.4,1127759.787,0.193,1.28,10.185,1.4535,3.2344,2521984.5601,2062894.4429,1027271.4787,71447822.5876,58441799.5674
600036.SH,20181217,28.33,28.5,28.1,28.29,28.33,-0.04,-0.1412,311303.74,879889.477,0.1509,0.95,10.1706,1.4514,3.2299,2521984.5601,2062894.4429,1027271.4787,71346943.2052,58359283.7896
600036.SH,20181218,28.05,28.26,27.85,27.91,28.29,-0.38,-1.3432,414609.93,1161523.69,0.201,1.23,10.034,1.4319,3.1865,2521984.5601,2062894.4429,1027271.4787,70388589.0724,57575383.9013
600036.SH,20181219,27.92,27.99,26.58,26.77,27.91,-1.14,-4.0846,829654.78,2246838.162,0.4022,2.21,9.6242,1.3734,3.0563,2521984.5601,2062894.4429,1027271.4787,67513526.6739,55223684.2364
600036.SH,20181220,26.48,26.6,25.65,25.91,26.77,-0.86,-3.2126,1015755.05,2632662.123,0.4924,2.03,9.315,1.3293,2.9581,2521984.5601,2062894.4429,1027271.4787,65344619.9522,53449595.0155
600036.SH,20181221,25.87,25.87,25.25,25.39,25.91,-0.52,-2.0069,875749.9,2225709.247,0.4245,1.47,9.128,1.3026,2.8988,2521984.5601,2062894.4429,1027271.4787,64033187.9809,52376889.9052
600036.SH,20181224,25.2,25.46,24.92,25.45,25.39,0.06,0.2363,649717.91,1638937.336,0.315,0.94,9.1496,1.3057,2.9056,2521984.5601,2062894.4429,1027271.4787,64184507.0545,52500663.5718
600036.SH,20181225,25.0,25.56,24.77,25.29,25.45,-0.16,-0.6287,749922.94,1882663.785,0.3635,0.99,9.0921,1.2975,2.8874,2521984.5601,2062894.4429,1027271.4787,63780989.5249,52170600.4609
600036.SH,20181226,25.2,25.23,24.85,24.85,25.29,-0.44,-1.7398,446787.02,1116595.176,0.2166,0.54,8.9339,1.2749,2.8371,2521984.5601,2062894.4429,1027271.4787,62671316.3185,51262926.9061
600036.SH,20181227,25.19,25.22,24.82,24.85,24.85,0.0,0.0,640180.96,1597992.608,0.3103,0.86,8.9339,1.2749,2.8371,2521984.5601,2062894.4429,1027271.4787,62671316.3185,51262926.9061
600036.SH,20181228,24.95,25.36,24.91,25.2,24.85,0.35,1.4085,613382.28,1542017.662,0.2973,0.91,9.0597,1.2929,2.8771,2521984.5601,2062894.4429,1027271.4787,63554010.9145,51984939.9611
600036.SH,20190102,25.15,25.2,24.4,24.57,25.2,-0.63,-2.5,555166.12,1368988.405,0.2691,0.9,8.8332,1.2606,2.8052,2521984.5601,2062894.4429,1153166.3887,61965160.6417,50685316.4621
600036.SH,20190103,24.4,25.05,24.38,24.88,24.57,0.31,1.2617,374107.58,929035.565,0.1814,0.62,8.9447,1.2765,2.8406,2521984.5601,2062894.4429,1153166.3887,62746975.8553,51324813.7394
600036.SH,20190104,24.76,25.65,24.65,25.51,24.88,0.63,2.5322,668531.4,1690412.096,0.3241,1.27,9.1712,1.3088,2.9125,2521984.5601,2062894.4429,1153166.3887,64335826.1282,52624437.2384
600036.SH,20190107,25.51,25.77,25.29,25.52,25.51,0.01,0.0392,456040.29,1162564.002,0.2211,0.8,9.1748,1.3093,2.9136,2521984.5601,2062894.4429,1153166.3887,64361045.9738,52645066.1828
600036.SH,20190108,25.5,25.52,25.16,25.22,25.52,-0.3,-1.1755,269280.31,680284.501,0.1305,0.5,9.0669,1.2939,2.8794,2521984.5601,2062894.4429,1153166.3887,63604450.6057,52026197.8499
600036.SH,20190109,25.22,26.1,25.22,25.7,25.22,0.48,1.9033,638200.48,1644588.152,0.3094,1.37,9.2395,1.3185,2.9342,2521984.5601,2062894.4429,1153166.3887,64815003.1946,53016387.1825
600036.SH,20190110,25.5,26.08,25.47,25.85,25.7,0.15,0.5837,426306.89,1101271.158,0.2067,0.89,9.2934,1.3262,2.9513,2521984.5601,2062894.4429,1153166.3887,65193300.8786,53325821.349
600036.SH,20190111,25.85,26.58,25.75,26.46,25.85,0.61,2.3598,493910.33,1299657.728,0.2394,1.0,9.5127,1.3575,3.0209,2521984.5601,2062894.4429,1153166.3887,66731711.4602,54584186.9591
600036.SH,20190114,26.46,26.56,26.22,26.31,26.46,-0.15,-0.5669,294244.62,776229.254,0.1426,0.64,9.4588,1.3498,3.0038,2521984.5601,2062894.4429,1153166.3887,66353413.7762,54274752.7927
600036.SH,20190115,26.31,26.83,26.3,26.8,26.31,0.49,1.8624,366718.91,976628.108,0.1778,0.86,9.635,1.375,3.0598,2521984.5601,2062894.4429,1153166.3887,67589186.2107,55285571.0697
600036.SH,20190116,26.7,26.88,26.61,26.85,26.8,0.05,0.1866,229955.24,615072.738,0.1115,0.52,9.6529,1.3775,3.0655,2521984.5601,2062894.4429,1153166.3887,67715285.4387,55388715.7919
600036.SH,20190117,26.85,26.85,26.43,26.47,26.85,-0.38,-1.4153,323682.14,862634.819,0.1569,0.89,9.5163,1.358,3.0221,2521984.5601,2062894.4429,1153166.3887,66756931.3058,54604815.9036
600036.SH,20190118,26.47,27.26,26.46,27.1,26.47,0.63,2.3801,546397.85,1474685.187,0.2649,1.6,9.7428,1.3904,3.094,2521984.5601,2062894.4429,1153166.3887,68345781.5787,55904439.4026
600036.SH,20190121,27.08,27.7,27.03,27.33,27.1,0.23,0.8487,415588.08,1136772.654,0.2015,1.18,9.8255,1.4022,3.1203,2521984.5601,2062894.4429,1153166.3887,68925838.0275,56378905.1245
600036.SH,20190122,27.3,27.45,26.76,26.98,27.33,-0.35,-1.2806,349072.41,942772.504,0.1692,0.93,9.6997,1.3842,3.0803,2521984.5601,2062894.4429,1153166.3887,68043143.4315,55656892.0694
600036.SH,20190123,26.95,27.42,26.92,27.16,26.98,0.18,0.6672,273250.47,742831.971,0.1325,0.73,9.7644,1.3934,3.1009,2521984.5601,2062894.4429,1153166.3887,68497100.6523,56028213.0692
600036.SH,20190124,27.18,28.04,27.18,27.87,27.16,0.71,2.6141,543409.53,1507548.458,0.2634,1.42,10.0196,1.3012,3.1819,2521984.5601,2062894.4429,1153166.3887,70287709.69,57492868.1236
600036.SH,20190125,27.87,28.63,27.85,28.52,27.87,0.65,2.3323,536481.7,1525048.705,0.2601,1.26,10.2533,1.3316,3.2561,2521984.5601,2062894.4429,1153166.3887,71926999.6541,58833749.5115
600036.SH,20190128,28.52,29.14,28.5,28.66,28.52,0.14,0.4909,577365.88,1665507.65,0.2799,1.36,10.3036,1.3381,3.2721,2521984.5601,2062894.4429,1153166.3887,72280077.4925,59122554.7335
600036.SH,20190129,28.56,28.83,28.47,28.64,28.66,-0.02,-0.0698,346628.58,993511.466,0.168,0.76,10.2965,1.3372,3.2698,2521984.5601,2062894.4429,1153166.3887,72229637.8013,59081296.8447
600036.SH,20190130,28.6,28.79,28.32,28.42,28.64,-0.22,-0.7682,266892.04,761698.908,0.1294,0.59,10.2174,1.3269,3.2447,2521984.5601,2062894.4429,1153166.3887,71674801.198,58627460.0672
600036.SH,20190131,28.45,29.29,28.45,29.21,28.42,0.79,2.7797,571420.36,1657359.517,0.277,1.26,10.5014,1.3638,3.3349,2521984.5601,2062894.4429,1153166.3887,73667169.0005,60257146.6771
600036.SH,20190201,29.21,29.43,28.88,29.3,29.21,0.09,0.3081,396521.6,1156418.914,0.1922,0.86,10.5337,1.368,3.3452,2521984.5601,2062894.4429,1153166.3887,73894147.6109,60442807.177
600036.SH,20190211,29.1,29.53,28.9,29.39,29.3,0.09,0.3072,353635.99,1034587.928,0.1714,0.82,10.5661,1.3722,3.3555,2521984.5601,2062894.4429,1153166.3887,74121126.2213,60628467.6768
600036.SH,20190212,29.39,29.58,28.98,29.32,29.39,-0.07,-0.2382,395827.11,1157190.462,0.1919,1.02,10.5409,1.3689,3.3475,2521984.5601,2062894.4429,1153166.3887,73944587.3021,60484065.0658
600036.SH,20190213,29.32,30.04,29.12,29.84,29.32,0.52,1.7735,535775.89,1579966.914,0.2597,1.35,10.7279,1.3932,3.4068,2521984.5601,2062894.4429,1153166.3887,75256019.2734,61556770.1761
600036.SH,20190214,29.65,30.1,29.49,29.86,29.84,0.02,0.067,452386.56,1349953.528,0.2193,1.0,10.7351,1.3942,3.4091,2521984.5601,2062894.4429,1153166.3887,75306458.9646,61598028.065
600036.SH,20190215,29.74,29.85,28.91,29.15,29.86,-0.71,-2.3778,495666.59,1450557.701,0.2403,1.16,10.4798,1.361,3.3281,2521984.5601,2062894.4429,1153166.3887,73515849.9269,60133373.0105
600036.SH,20190218,29.35,29.99,29.35,29.87,29.15,0.72,2.47,446645.84,1330843.104,0.2165,1.0,10.7387,1.3946,3.4103,2521984.5601,2062894.4429,1153166.3887,75331678.8102,61618657.0094
600036.SH,20190219,29.86,30.63,29.72,29.88,29.87,0.01,0.0335,493676.44,1483350.105,0.2393,1.06,10.7423,1.3951,3.4114,2521984.5601,2062894.4429,1153166.3887,75356898.6558,61639285.9539
600036.SH,20190220,30.27,30.44,29.98,30.15,29.88,0.27,0.9036,334340.29,1010101.525,0.1621,0.69,10.8393,1.4077,3.4422,2521984.5601,2062894.4429,1153166.3887,76037834.487,62196267.4534
600036.SH,20190221,30.18,30.64,29.84,30.08,30.15,-0.07,-0.2322,453139.76,1367327.564,0.2197,1.02,10.8142,1.4044,3.4342,2521984.5601,2062894.4429,1153166.3887,75861295.5678,62051864.8424
600036.SH,20190222,30.07,30.64,29.8,30.63,30.08,0.55,1.8285,414875.07,1252498.181,0.2011,0.93,11.0119,1.4301,3.497,2521984.5601,2062894.4429,1153166.3887,77248387.0759,63186456.786
600036.SH,20190225,31.0,32.9,30.97,32.52,30.63,1.89,6.1704,1101846.76,3503029.739,0.5341,2.57,11.6914,1.5183,3.7128,2521984.5601,2062894.4429,1153166.3887,82014937.8945,67085327.2831
600036.SH,20190226,32.29,33.0,31.32,31.49,32.52,-1.03,-3.1673,948562.86,3028023.006,0.4598,1.7,11.3211,1.4703,3.5952,2521984.5601,2062894.4429,1153166.3887,79417293.7975,64960546.0069
600036.SH,20190227,31.7,32.32,31.4,31.71,31.49,0.22,0.6986,808342.44,2568322.892,0.3918,1.24,11.4002,1.4805,3.6203,2521984.5601,2062894.4429,1153166.3887,79972130.4008,65414382.7844
600036.SH,20190228,31.7,32.1,31.45,31.74,31.71,0.03,0.0946,487643.47,1547972.358,0.2364,0.65,11.4109,1.4819,3.6238,2521984.5601,2062894.4429,1153166.3887,80047789.9376,65476269.6176
600036.SH,20190301,32.05,32.93,31.65,32.9,31.74,1.16,3.6547,682670.71,2200500.068,0.3309,0.91,11.828,1.5361,3.7562,2521984.5601,2062894.4429,1153166.3887,82973292.0273,67869227.1714
600036.SH,20190304,33.0,33.79,32.5,32.69,32.9,-0.21,-0.6383,956461.15,3151361.469,0.4637,1.19,11.7525,1.5263,3.7322,2521984.5601,2062894.4429,1153166.3887,82443675.2697,67436019.3384
600036.SH,20190305,32.86,32.86,32.1,32.35,32.69,-0.34,-1.0401,673803.67,2188597.546,0.3266,0.87,11.6302,1.5104,3.6934,2521984.5601,2062894.4429,1153166.3887,81586200.5192,66734635.2278
600036.SH,20190306,32.31,32.61,31.78,32.22,32.35,-0.13,-0.4019,546736.3,1758476.276,0.265,0.76,11.5835,1.5043,3.6786,2521984.5601,2062894.4429,1153166.3887,81258342.5264,66466458.9502
600036.SH,20190307,32.01,32.1,30.97,31.3,32.22,-0.92,-2.8554,707727.28,2227173.172,0.3431,1.06,11.2528,1.4614,3.5735,2521984.5601,2062894.4429,1153166.3887,78938116.7311,64568596.0628
600036.SH,20190308,30.74,31.21,30.36,30.78,31.3,-0.52,-1.6613,770066.01,2368272.351,0.3733,1.08,11.0658,1.4371,3.5142,2521984.5601,2062894.4429,1153166.3887,77626684.7599,63495890.9525
600036.SH,20190311,30.57,30.83,30.18,30.53,30.78,-0.25,-0.8122,675309.95,2056842.749,0.3274,0.92,10.9759,1.4254,3.4856,2521984.5601,2062894.4429,1153166.3887,76996188.6199,62980167.3417
600036.SH,20190312,30.91,31.33,30.45,30.66,30.53,0.13,0.4258,838697.24,2593572.147,0.4066,1.24,11.0227,1.4315,3.5005,2521984.5601,2062894.4429,1153166.3887,77324046.6127,63248343.6193
600036.SH,20190313,30.79,31.32,30.25,31.04,30.66,0.38,1.2394,666611.44,2057062.461,0.3231,0.94,11.1593,1.4492,3.5438,2521984.5601,2062894.4429,1153166.3887,78282400.7455,64032243.5076
600036.SH,20190314,30.98,31.9,30.9,31.45,31.04,0.41,1.3209,684942.4,2162754.036,0.332,0.94,11.3067,1.4684,3.5907,2521984.5601,2062894.4429,1153166.3887,79316414.4151,64878030.2292
600036.SH,20190315,31.42,31.95,31.2,31.67,31.45,0.22,0.6995,595942.69,1888156.823,0.2889,0.82,11.3858,1.4787,3.6158,2521984.5601,2062894.4429,1153166.3887,79871251.0184,65331867.0066
600036.SH,20190318,31.79,32.56,31.59,32.36,31.67,0.69,2.1787,593130.92,1902942.879,0.2875,0.86,11.6338,1.5109,3.6945,2521984.5601,2062894.4429,1153166.3887,81611420.3648,66755264.1722
600036.SH,20190319,32.4,32.62,31.93,32.03,32.36,-0.33,-1.0198,486750.5,1565782.395,0.236,0.72,11.5152,1.4955,3.6569,2521984.5601,2062894.4429,1153166.3887,80779165.46,66074509.0061
600036.SH,20190320,31.88,32.47,31.7,32.27,32.03,0.24,0.7493,465379.13,1492217.313,0.2256,0.77,11.6015,1.5067,3.6843,2521984.5601,2062894.4429,1153166.3887,81384441.7544,66569603.6724
600036.SH,20190321,32.13,32.4,31.92,31.98,32.27,-0.29,-0.8987,386223.72,1240270.281,0.1872,0.68,11.4972,1.4931,3.6512,2521984.5601,2062894.4429,1153166.3887,80653066.232,65971364.2839
600036.SH,20190322,32.08,32.38,31.71,32.35,31.98,0.37,1.157,430268.48,1380682.468,0.2086,0.85,11.6302,1.5104,3.6934,2521984.5601,2062894.4429,1153166.3887,81586200.5192,66734635.2278
600036.SH,20190325,32.0,32.1,31.1,31.17,32.35,-1.18,-3.6476,639210.55,2018228.647,0.3099,1.35,9.758,1.5534,3.1627,2521984.5601,2062894.4429,1153166.3887,78610258.7383,64300419.7852
600036.SH,20190326,31.59,31.65,31.21,31.49,31.17,0.32,1.0266,403361.9,1268771.627,0.1955,0.84,9.8582,1.5693,3.1952,2521984.5601,2062894.4429,1171836.1832,79417293.7975,64960546.0069
600036.SH,20190327,31.69,32.54,31.45,32.4,31.49,0.91,2.8898,594154.47,1915279.543,0.288,1.28,10.143,1.6147,3.2875,2521984.5601,2062894.4429,1171836.1832,81712299.7472,66837779.95
600036.SH,20190328,32.17,32.65,31.95,32.52,32.4,0.12,0.3704,387422.55,1251752.176,0.1878,0.79,10.1806,1.6207,3.2997,2521984.5601,2062894.4429,1171836.1832,82014937.8945,67085327.2831
600036.SH,20190329,32.52,34.32,32.41,33.92,32.52,1.4,4.305,1164152.21,3924014.336,0.5643,2.37,10.6189,1.6904,3.4417,2521984.5601,2062894.4429,1171836.1832,85545716.2786,69973379.5032
600036.SH,20190401,34.2,35.05,33.9,34.08,33.92,0.16,0.4717,1046396.18,3595503.205,0.5072,1.64,10.669,1.6984,3.458,2521984.5601,2062894.4429,1171836.1832,85949233.8082,70303442.614
600036.SH,20190402,34.1,34.59,34.09,34.49,34.08,0.41,1.2031,694286.66,2385380.774,0.3366,0.97,10.7973,1.7189,3.4996,2521984.5601,2062894.4429,1171836.1832,86983247.4778,71149229.3356
600036.SH,20190403,34.4,34.95,34.31,34.86,34.49,0.37,1.0728,581606.43,2016043.612,0.2819,0.75,10.9132,1.7373,3.5371,2521984.5601,2062894.4429,1171836.1832,87916381.7651,71912500.2795
600036.SH,20190404,34.9,36.05,34.9,35.59,34.86,0.73,2.0941,822852.26,2919598.558,0.3989,1.06,11.1417,1.7737,3.6112,2521984.5601,2062894.4429,1171836.1832,89757430.494,73418413.2228
600036.SH,20190408,35.7,36.27,35.65,35.93,35.59,0.34,0.9553,810662.01,2913400.186,0.393,0.94,11.2481,1.7906,3.6457,2521984.5601,2062894.4429,1171836.1832,90614905.2444,74119797.3334
600036.SH,20190409,35.9,35.91,35.06,35.23,35.93,-0.7,-1.9482,511236.25,1811302.889,0.2478,0.65,11.029,1.7557,3.5746,2521984.5601,2062894.4429,1171836.1832,88849516.0523,72675771.2234
600036.SH,20190410,35.05,35.43,34.52,35.07,35.23,-0.16,-0.4542,674541.17,2358129.547,0.327,0.99,10.9789,1.7478,3.5584,2521984.5601,2062894.4429,1171836.1832,88445998.5227,72345708.1125
600036.SH,20190411,35.19,35.65,34.72,34.96,35.07,-0.11,-0.3137,572516.04,2008064.351,0.2775,0.84,10.9445,1.7423,3.5472,2521984.5601,2062894.4429,1171836.1832,88168580.2211,72118789.7238
600036.SH,20190412,34.86,35.0,34.6,34.8,34.96,-0.16,-0.4577,363358.01,1264673.345,0.1761,0.54,10.8944,1.7343,3.531,2521984.5601,2062894.4429,1171836.1832,87765062.6915,71788726.6129
600036.SH,20190415,35.42,36.22,34.82,34.82,34.8,0.02,0.0575,924920.92,3299629.416,0.4484,1.58,10.9006,1.7353,3.533,2521984.5601,2062894.4429,1171836.1832,87815502.3827,71829984.5018
600036.SH,20190416,34.7,36.1,34.6,36.0,34.82,1.18,3.3889,840815.16,2991158.275,0.4076,1.38,11.27,1.7941,3.6528,2521984.5601,2062894.4429,1171836.1832,90791444.1636,74264199.9444
600036.SH,20190417,35.89,36.48,35.63,35.83,36.0,-0.17,-0.4722,494789.82,1778194.094,0.2399,0.73,11.2168,1.7856,3.6355,2521984.5601,2062894.4429,1171836.1832,90362706.7884,73913507.8891
600036.SH,20190418,35.8,35.8,35.13,35.5,35.83,-0.33,-0.921,322740.7,1143221.193,0.1565,0.5,11.1135,1.7692,3.602,2521984.5601,2062894.4429,1171836.1832,89530451.8836,73232752.723
600036.SH,20190419,35.6,36.45,35.58,36.0,35.5,0.5,1.4085,411748.63,1481680.33,0.1996,0.7,11.27,1.7941,3.6528,2521984.5601,2062894.4429,1171836.1832,90791444.1636,74264199.9444
600036.SH,20190422,35.8,36.15,34.4,34.8,36.0,-1.2,-3.3333,715829.71,2512863.629,0.347,1.2,10.8944,1.7343,3.531,2521984.5601,2062894.4429,1171836.1832,87765062.6915,71788726.6129
600036.SH,20190423,34.7,35.59,34.67,35.23,34.8,0.43,1.2356,495692.11,1748713.75,0.2403,0.89,11.029,1.7557,3.5746,2521984.5601,2062894.4429,1171836.1832,88849516.0523,72675771.2234
600036.SH,20190424,35.53,35.9,34.82,35.8,35.23,0.57,1.6179,540098.31,1922166.631,0.2618,1.11,11.2074,1.7841,3.6325,2521984.5601,2062894.4429,1171836.1832,90287047.2516,73851621.0558
600036.SH,20190425,35.35,35.86,35.28,35.43,35.8,-0.37,-1.0335,433788.27,1542369.865,0.2103,0.87,11.0916,1.7657,3.5949,2521984.5601,2062894.4429,1171836.1832,89353912.9643,73088350.1119
600036.SH,20190426,35.16,35.2,34.34,34.36,35.43,-1.07,-3.02,517344.43,1797598.594,0.2508,1.0,10.7566,1.7124,3.4864,2521984.5601,2062894.4429,1171836.1832,86655389.485,70881053.058
600036.SH,20190429,34.57,35.73,34.42,35.33,34.36,0.97,2.8231,550331.76,1937765.299,0.2668,1.02,11.0603,1.7607,3.5848,2521984.5601,2062894.4429,1171836.1832,89101714.5083,72882060.6677
600036.SH,20190430,34.57,34.9,33.85,34.45,35.33,-0.88,-2.4908,953711.97,3274708.143,0.4623,1.88,10.7848,1.6332,3.4955,2521984.5601,2062894.4429,1171836.1832,86882368.0954,71066713.5579
600036.SH,20190506,33.2,34.05,32.88,33.91,34.45,-0.54,-1.5675,1133678.74,3784588.227,0.5496,1.89,10.6158,1.6076,3.4407,2521984.5601,2062894.4429,1241481.2046,85520496.433,69952750.5587
600036.SH,20190507,34.18,34.18,33.36,33.71,33.91,-0.2,-0.5898,617476.24,2078552.508,0.2993,0.86,10.5531,1.5981,3.4204,2521984.5601,2062894.4429,1241481.2046,85016099.521,69540171.6702
600036.SH,20190508,33.3,33.58,33.0,33.13,33.71,-0.58,-1.7206,481745.11,1601956.981,0.2335,0.64,10.3716,1.5706,3.3616,2521984.5601,2062894.4429,1241481.2046,83553348.4761,68343692.8933
600036.SH,20190509,33.0,33.25,32.02,32.42,33.13,-0.71,-2.1431,581103.75,1893434.384,0.2817,0.78,10.1493,1.5369,3.2895,2521984.5601,2062894.4429,1241481.2046,81762739.4384,66879037.8388
600036.SH,20190510,32.86,33.8,32.86,33.61,32.42,1.19,3.6706,654775.78,2191300.33,0.3174,0.87,10.5218,1.5934,3.4103,2521984.5601,2062894.4429,1241481.2046,84763901.065,69333882.2259
600036.SH,20190513,33.05,33.29,32.63,32.8,33.61,-0.81,-2.41,343408.59,1130792.902,0.1665,0.49,10.2683,1.555,3.3281,2521984.5601,2062894.4429,1241481.2046,82721093.5713,67662937.7271
600036.SH,20190514,32.3,33.2,32.29,32.56,32.8,-0.24,-0.7317,488642.53,1599744.262,0.2369,0.91,10.1931,1.5436,3.3037,2521984.5601,2062894.4429,1241481.2046,82115817.2769,67167843.0608
600036.SH,20190515,33.0,33.85,32.79,33.63,32.56,1.07,3.2862,440591.0,1471301.765,0.2136,0.86,10.5281,1.5943,3.4123,2521984.5601,2062894.4429,1241481.2046,84814340.7562,69375140.1147
600036.SH,20190516,33.63,33.94,33.41,33.67,33.63,0.04,0.1189,334642.91,1128388.77,0.1622,0.67,10.5406,1.5962,3.4164,2521984.5601,2062894.4429,1241481.2046,84915220.1386,69457655.8924
600036.SH,20190517,33.7,33.8,32.97,33.31,33.67,-0.36,-1.0692,359256.93,1196233.846,0.1742,0.79,10.4279,1.5791,3.3798,2521984.5601,2062894.4429,1241481.2046,84007305.6969,68715013.893
600036.SH,20190520,33.3,33.79,32.82,33.28,33.31,-0.03,-0.0901,418304.36,1388670.239,0.2028,1.06,10.4185,1.5777,3.3768,2521984.5601,2062894.4429,1241481.2046,83931646.1601,68653127.0597
600036.SH,20190521,33.29,34.1,33.14,33.63,33.28,0.35,1.0517,503444.18,1699238.453,0.244,1.23,10.5281,1.5943,3.4123,2521984.5601,2062894.4429,1241481.2046,84814340.7562,69375140.1147
600036.SH,20190522,33.63,33.85,33.3,33.53,33.63,-0.1,-0.2974,345080.85,1157944.609,0.1673,0.84,10.4968,1.5896,3.4022,2521984.5601,2062894.4429,1241481.2046,84562142.3002,69168850.6704
600036.SH,20190523,33.31,33.6,32.95,33.35,33.53,-0.18,-0.5368,383860.13,1277508.313,0.1861,0.98,10.4404,1.581,3.3839,2521984.5601,2062894.4429,1241481.2046,84108185.0793,68797529.6707
600036.SH,20190524,33.58,34.13,33.39,33.6,33.35,0.25,0.7496,429908.84,1449787.998,0.2084,1.07,10.5187,1.5929,3.4093,2521984.5601,2062894.4429,1241481.2046,84738681.2194,69313253.2814
600036.SH,20190527,33.48,33.95,32.8,33.78,33.6,0.18,0.5357,477259.47,1592620.302,0.2314,1.15,10.5751,1.6014,3.4275,2521984.5601,2062894.4429,1241481.2046,85192638.4402,69684574.2812
600036.SH,20190528,33.75,34.6,33.62,34.38,33.78,0.6,1.7762,694570.87,2375260.224,0.3367,1.62,10.7629,1.6299,3.4884,2521984.5601,2062894.4429,1241481.2046,86705829.1762,70922310.9469
600036.SH,20190529,33.91,34.69,33.85,34.25,34.38,-0.13,-0.3781,376828.84,1292718.402,0.1827,0.81,10.7222,1.6237,3.4752,2521984.5601,2062894.4429,1241481.2046,86377971.1834,70654134.6693
600036.SH,20190530,34.41,34.51,33.86,34.3,34.25,0.05,0.146,297307.64,1016453.738,0.1441,0.63,10.7378,1.6261,3.4803,2521984.5601,2062894.4429,1241481.2046,86504070.4114,70757279.3915
600036.SH,20190531,34.2,34.7,34.01,34.21,34.3,-0.09,-0.2624,305223.99,1048608.82,0.148,0.67,10.7097,1.6218,3.4711,2521984.5601,2062894.4429,1241481.2046,86277091.801,70571618.8916
600036.SH,20190603,34.25,34.65,33.88,34.4,34.21,0.19,0.5554,394814.01,1351932.252,0.1914,0.92,10.7691,1.6308,3.4904,2521984.5601,2062894.4429,1241481.2046,86756268.8674,70963568.8358
600036.SH,20190604,34.4,34.41,33.76,34.03,34.4,-0.37,-1.0756,327891.27,1113572.392,0.1589,0.79,10.6533,1.6133,3.4529,2521984.5601,2062894.4429,1241481.2046,85823134.5802,70200297.8919
600036.SH,20190605,34.33,34.46,33.92,33.95,34.03,-0.08,-0.2351,269274.25,919338.24,0.1305,0.79,10.6283,1.6095,3.4448,2521984.5601,2062894.4429,1241481.2046,85621375.8154,70035266.3365
600036.SH,20190606,34.13,34.13,33.38,33.9,33.95,-0.05,-0.1473,302325.1,1024276.66,0.1466,0.95,10.6126,1.6071,3.4397,2521984.5601,2062894.4429,1241481.2046,85495276.5874,69932121.6143
600036.SH,20190610,34.03,34.9,34.01,34.74,33.9,0.84,2.4779,493055.17,1707698.127,0.239,1.54,10.8756,1.6469,3.5249,2521984.5601,2062894.4429,1241481.2046,87613743.6179,71664952.9463
600036.SH,20190611,34.74,35.54,34.74,35.42,34.74,0.68,1.9574,523697.07,1840362.215,0.2539,1.47,11.0885,1.6792,3.5939,2521984.5601,2062894.4429,1241481.2046,89328693.1187,73067721.1675
600036.SH,20190612,35.39,35.51,35.05,35.33,35.42,-0.09,-0.2541,270915.58,956824.031,0.1313,0.71,11.0603,1.6749,3.5848,2521984.5601,2062894.4429,1241481.2046,89101714.5083,72882060.6677
600036.SH,20190613,35.33,35.5,34.88,35.25,35.33,-0.08,-0.2264,256232.23,901854.016,0.1242,0.69,11.0352,1.6711,3.5767,2521984.5601,2062894.4429,1241481.2046,88899955.7435,72717029.1122
600036.SH,20190614,35.33,35.57,35.18,35.35,35.25,0.1,0.2837,341836.57,1207793.174,0.1657,0.93,11.0666,1.6759,3.5868,2521984.5601,2062894.4429,1241481.2046,89152154.1995,72923318.5565
600036.SH,20190617,35.3,35.98,35.26,35.6,35.35,0.25,0.7072,262376.33,935672.872,0.1272,0.7,11.1448,1.6877,3.6122,2521984.5601,2062894.4429,1241481.2046,89782650.3396,73439042.1672
600036.SH,20190618,35.7,36.02,35.51,36.02,35.6,0.42,1.1798,302284.48,1084120.436,0.1465,0.91,11.2763,1.7076,3.6548,2521984.5601,2062894.4429,1241481.2046,90841883.8548,74305457.8333
600036.SH,20190619,36.99,37.3,36.57,36.8,36.02,0.78,2.1655,652388.79,2411603.687,0.3162,2.28,11.5205,1.7446,3.7339,2521984.5601,2062894.4429,1241481.2046,92809031.8117,75914515.4987
600036.SH,20190620,36.86,38.48,36.86,38.38,36.8,1.58,4.2935,742298.68,2808109.447,0.3598,2.04,12.0151,1.8195,3.8943,2521984.5601,2062894.4429,1241481.2046,96793767.4166,79173888.7185
600036.SH,20190621,38.38,38.5,37.5,37.69,38.38,-0.69,-1.7978,596176.31,2257474.698,0.289,1.3,11.7991,1.7868,3.8242,2521984.5601,2062894.4429,1241481.2046,95053598.0702,77750491.5529
600036.SH,20190624,37.52,37.99,37.48,37.96,37.69,0.27,0.7164,308816.29,1166862.209,0.1497,0.6,11.8836,1.7996,3.8516,2521984.5601,2062894.4429,1241481.2046,95734533.9014,78307473.0525
600036.SH,20190625,37.51,37.51,34.75,36.13,37.96,-1.83,-4.8209,2435121.52,8747563.858,1.1804,4.68,11.3107,1.7128,3.666,2521984.5601,2062894.4429,1241481.2046,91119302.1564,74532376.222
600036.SH,20190626,35.07,35.93,35.02,35.47,36.13,-0.66,-1.8267,1049978.1,3729647.597,0.509,1.11,11.1041,1.6815,3.599,2521984.5601,2062894.4429,1241481.2046,89454792.3467,73170865.8897
600036.SH,20190627,35.88,36.56,35.75,36.45,35.47,0.98,2.7629,928056.29,3369234.27,0.4499,0.9,11.4109,1.728,3.6984,2521984.5601,2062894.4429,1241481.2046,91926337.2156,75192502.4437
600036.SH,20190628,36.35,36.53,35.84,35.98,36.45,-0.47,-1.2894,530623.39,1914139.579,0.2572,0.5,11.2638,1.7057,3.6507,2521984.5601,2062894.4429,1241481.2046,90741004.4724,74222942.0555
600036.SH,20190701,36.75,37.23,36.7,36.9,35.98,0.92,2.557,812454.91,2997920.556,0.3938,0.77,11.5518,1.7493,3.7441,2521984.5601,2062894.4429,1241481.2046,93061230.2677,76120804.943
600036.SH,20190702,36.92,36.92,36.3,36.52,36.9,-0.38,-1.0298,612233.95,2235226.043,0.2968,0.53,11.4328,1.7313,3.7055,2521984.5601,2062894.4429,1241481.2046,92102876.1349,75336905.0547
600036.SH,20190703,36.39,36.49,36.06,36.15,36.52,-0.37,-1.0131,479284.41,1735338.347,0.2323,0.61,11.317,1.7138,3.668,2521984.5601,2062894.4429,1241481.2046,91169741.8476,74573634.1108
600036.SH,20190704,36.37,36.44,36.01,36.08,36.15,-0.07,-0.1936,379173.54,1371454.234,0.1838,0.56,11.2951,1.7105,3.6609,2521984.5601,2062894.4429,1241481.2046,90993202.9284,74429231.4998
600036.SH,20190705,36.2,36.63,36.0,36.47,36.08,0.39,1.0809,364515.91,1325134.309,0.1767,0.65,11.4172,1.7289,3.7005,2521984.5601,2062894.4429,1241481.2046,91976776.9068,75233760.3326
600036.SH,20190708,36.08,36.2,35.36,35.56,36.47,-0.91,-2.4952,506105.41,1805159.246,0.2453,0.96,11.1323,1.6858,3.6081,2521984.5601,2062894.4429,1241481.2046,89681770.9572,73356526.3895
600036.SH,20190709,35.58,35.7,35.2,35.29,35.56,-0.27,-0.7593,281060.75,993475.022,0.1362,0.6,11.0478,1.673,3.5807,2521984.5601,2062894.4429,1241481.2046,89000835.1259,72799544.8899
600036.SH,20190710,35.6,35.65,34.98,35.12,35.29,-0.17,-0.4817,444870.76,1564014.123,0.2157,1.11,10.9946,1.6649,3.5635,2521984.5601,2062894.4429,1241481.2046,88572097.7507,72448852.8346
600036.SH,20190711,35.46,36.06,35.31,35.9,35.12,0.78,2.221,598289.66,2141800.97,0.29,1.51,11.2387,1.7019,3.6426,2521984.5601,2062894.4429,1241481.2046,90539245.7076,74057910.5001
600036.SH,20190712,35.18,35.6,35.02,35.4,34.96,0.44,1.2586,497466.75,1759080.553,0.2411,1.13,11.0822,1.7565,3.5919,2521984.5601,2062894.4429,1241481.2046,89278253.4275,73026463.2787
600036.SH,20190715,35.01,35.68,34.5,35.3,35.4,-0.1,-0.2825,422717.63,1482173.72,0.2049,0.91,11.0509,1.7515,3.5817,2521984.5601,2062894.4429,1241481.2046,89026054.9715,72820173.8344
600036.SH,20190716,35.37,35.5,35.15,35.31,35.3,0.01,0.0283,270145.54,955308.164,0.131,0.6,11.054,1.752,3.5828,2521984.5601,2062894.4429,1241481.2046,89051274.8171,72840802.7788
600036.SH,20190717,35.11,35.42,35.01,35.21,35.31,-0.1,-0.2832,226376.19,796929.618,0.1097,0.51,11.0227,1.7471,3.5726,2521984.5601,2062894.4429,1241481.2046,88799076.3611,72634513.3345
600036.SH,20190718,35.3,35.58,35.07,35.32,35.21,0.11,0.3124,338900.48,1198433.942,0.1643,0.84,11.0572,1.7525,3.5838,2521984.5601,2062894.4429,1241481.2046,89076494.6627,72861431.7232
600036.SH,20190719,35.68,36.49,35.58,36.37,35.32,1.05,2.9728,498642.04,1804011.55,0.2417,1.42,11.3859,1.8046,3.6903,2521984.5601,2062894.4429,1241481.2046,91724578.4508,75027470.8883
600036.SH,20190722,36.36,36.77,36.09,36.37,36.37,0.0,0.0,337329.97,1230690.061,0.1635,0.96,11.3859,1.8046,3.6903,2521984.5601,2062894.4429,1241481.2046,91724578.4508,75027470.8883
600036.SH,20190723,36.37,36.5,36.01,36.21,36.37,-0.16,-0.4399,250795.06,909838.723,0.1216,0.75,11.3358,1.7967,3.6741,2521984.5601,2062894.4429,1241481.2046,91321060.9212,74697407.7774
600036.SH,20190724,36.44,36.96,36.24,36.43,36.21,0.22,0.6076,342634.49,1254224.791,0.1661,1.04,11.4047,1.8076,3.6964,2521984.5601,2062894.4429,1241481.2046,91875897.5244,75151244.5548
600036.SH,20190725,36.75,37.48,36.75,37.26,36.43,0.83,2.2783,509943.42,1896150.462,0.2472,1.44,11.6645,1.8488,3.7806,2521984.5601,2062894.4429,1241481.2046,93969144.7093,76863446.9425
600036.SH,20190726,37.05,37.37,37.03,37.22,37.26,-0.04,-0.1074,233918.62,870022.305,0.1134,0.6,11.652,1.8468,3.7766,2521984.5601,2062894.4429,1241481.2046,93868265.3269,76780931.1647
600036.SH,20190729,37.2,37.2,36.6,36.83,37.22,-0.39,-1.0478,317503.58,1170614.801,0.1539,0.95,11.5299,1.8275,3.737,2521984.5601,2062894.4429,1241481.2046,92884691.3485,75976402.332
600036.SH,20190730,36.8,37.17,36.7,36.77,36.83,-0.06,-0.1629,261837.18,966377.345,0.1269,0.79,11.5111,1.8245,3.7309,2521984.5601,2062894.4429,1241481.2046,92733372.2749,75852628.6654
600036.SH,20190731,36.5,36.8,36.45,36.56,36.77,-0.21,-0.5711,273067.07,998321.822,0.1324,0.82,11.4454,1.8141,3.7096,2521984.5601,2062894.4429,1241481.2046,92203755.5173,75419420.8324
600036.SH,20190801,36.4,36.59,35.91,36.2,36.56,-0.36,-0.9847,322315.81,1166692.625,0.1562,1.01,11.3327,1.7962,3.6731,2521984.5601,2062894.4429,1241481.2046,91295841.0756,74676778.833
600036.SH,20190802,35.55,35.96,35.4,35.75,36.2,-0.45,-1.2431,489480.13,1744741.168,0.2373,1.74,11.1918,1.7739,3.6274,2521984.5601,2062894.4429,1241481.2046,90160948.0236,73748476.3337
600036.SH,20190805,35.52,35.69,35.09,35.21,35.75,-0.54,-1.5105,452127.18,1597313.152,0.2192,1.36,11.0227,1.7471,3.5726,2521984.5601,2062894.4429,1241481.2046,88799076.3611,72634513.3345
600036.SH,20190806,34.5,35.07,34.4,34.88,35.21,-0.33,-0.9372,585695.59,2038065.671,0.2839,1.63,10.9194,1.7307,3.5391,2521984.5601,2062894.4429,1241481.2046,87966821.4563,71953758.1684
600036.SH,20190807,34.9,34.98,34.44,34.53,34.88,-0.35,-1.0034,550566.14,1907381.568,0.2669,1.3,10.8098,1.7133,3.5036,2521984.5601,2062894.4429,1241481.2046,87084126.8603,71231745.1133
600036.SH,20190808,34.8,35.49,34.8,35.36,34.53,0.83,2.4037,456257.39,1602214.298,0.2212,0.95,11.0697,1.7545,3.5878,2521984.5601,2062894.4429,1241481.2046,89177374.0451,72943947.5009
600036.SH,20190809,35.46,35.5,34.91,34.99,35.36,-0.37,-1.0464,336141.93,1181594.152,0.1629,0.66,10.9539,1.7362,3.5503,2521984.5601,2062894.4429,1241481.2046,88244239.7579,72180676.5571
600036.SH,20190812,34.99,35.46,34.8,35.41,34.99,0.42,1.2003,392258.49,1377596.532,0.1901,0.82,11.0853,1.757,3.5929,2521984.5601,2062894.4429,1241481.2046,89303473.2731,73047092.2231
600036.SH,20190813,35.19,35.25,34.8,34.85,35.41,-0.56,-1.5815,297365.1,1039741.519,0.1441,0.64,10.91,1.7292,3.5361,2521984.5601,2062894.4429,1241481.2046,87891161.9195,71891871.3351
600036.SH,20190814,35.22,35.4,34.8,34.86,34.85,0.01,0.0287,377493.08,1322902.547,0.183,0.93,10.9132,1.7297,3.5371,2521984.5601,2062894.4429,1241481.2046,87916381.7651,71912500.2795
600036.SH,20190815,34.2,34.94,34.1,34.87,34.86,0.01,0.0287,300548.09,1040105.626,0.1457,0.81,10.9163,1.7302,3.5381,2521984.5601,2062894.4429,1241481.2046,87941601.6107,71933129.2239
600036.SH,20190816,34.89,35.4,34.52,35.16,34.87,0.29,0.8317,408444.67,1431729.717,0.198,1.2,11.0071,1.7446,3.5675,2521984.5601,2062894.4429,1241481.2046,88672977.1331,72531368.6124
600036.SH,20190819,34.97,35.3,34.44,35.3,35.16,0.14,0.3982,714933.74,2493400.951,0.3466,2.01,11.0509,1.7515,3.5817,2521984.5601,2062894.4429,1241481.2046,89026054.9715,72820173.8344
600036.SH,20190820,35.0,35.56,34.9,35.33,35.3,0.03,0.085,380369.43,1340295.547,0.1844,0.91,11.0603,1.753,3.5848,2521984.5601,2062894.4429,1241481.2046,89101714.5083,72882060.6677
600036.SH,20190821,35.24,35.6,35.16,35.45,35.33,0.12,0.3397,299825.16,1062519.113,0.1453,0.69,11.0979,1.759,3.597,2521984.5601,2062894.4429,1241481.2046,89404352.6555,73129608.0008
600036.SH,20190822,35.59,35.64,35.14,35.34,35.45,-0.11,-0.3103,228624.67,808431.523,0.1108,0.54,11.0634,1.7535,3.5858,2521984.5601,2062894.4429,1241481.2046,89126934.3539,72902689.6121
600036.SH,20190823,35.22,36.54,35.22,36.27,35.34,0.93,2.6316,706098.52,2544555.084,0.3423,1.74,11.3546,1.7997,3.6802,2521984.5601,2062894.4429,1241481.2046,91472379.9948,74821181.444
600036.SH,20190826,35.5,35.8,34.77,35.0,36.27,-1.27,-3.5015,867362.65,3045354.099,0.4205,1.86,10.957,1.7304,3.5513,2521984.5601,2062894.4429,1241481.2046,88269459.6035,72201305.5015
600036.SH,20190827,35.38,35.62,34.75,34.75,35.0,-0.25,-0.7143,817511.79,2876573.97,0.3963,1.65,10.8787,1.718,3.5259,2521984.5601,2062894.4429,1241481.2046,87638963.4635,71685581.8908
600036.SH,20190828,35.0,35.08,34.41,34.5,34.75,-0.25,-0.7194,514762.26,1780588.508,0.2495,0.88,10.8005,1.7057,3.5006,2521984.5601,2062894.4429,1241481.2046,87008467.3235,71169858.2801
600036.SH,20190829,34.5,34.55,33.7,33.93,34.5,-0.57,-1.6522,711617.85,2415342.459,0.345,1.14,10.622,1.6775,3.4427,2521984.5601,2062894.4429,1241481.2046,85570936.1242,69994008.4476
600036.SH,20190830,34.29,34.39,33.95,34.28,33.93,0.35,1.0315,596579.69,2039657.518,0.2892,0.82,10.7316,1.6948,3.4782,2521984.5601,2062894.4429,1241481.2046,86453630.7202,70716021.5026
600036.SH,20190902,34.28,34.66,34.25,34.34,34.28,0.06,0.175,507982.81,1752014.271,0.2462,0.72,10.7504,1.6978,3.4843,2521984.5601,2062894.4429,1241481.2046,86604949.7938,70839795.1692
600036.SH,20190903,34.37,34.46,34.01,34.15,34.34,-0.19,-0.5533,407169.69,1390955.164,0.1974,0.65,10.6909,1.6884,3.4651,2521984.5601,2062894.4429,1241481.2046,86125772.7274,70447845.225
600036.SH,20190904,34.11,35.06,34.01,34.89,34.15,0.74,2.1669,634636.16,2202852.785,0.3076,1.16,10.9225,1.7249,3.5401,2521984.5601,2062894.4429,1241481.2046,87992041.3019,71974387.1128
600036.SH,20190905,35.03,35.9,35.03,35.52,34.89,0.63,1.8057,723702.46,2573174.32,0.3508,1.27,11.1198,1.7561,3.6041,2521984.5601,2062894.4429,1241481.2046,89580891.5748,73274010.6118
600036.SH,20190906,35.9,35.99,35.55,35.89,35.52,0.37,1.0417,473162.76,1692573.89,0.2294,0.82,11.2356,1.7744,3.6416,2521984.5601,2062894.4429,1241481.2046,90514025.862,74037281.5557
600036.SH,20190909,36.09,36.44,35.34,35.5,35.89,-0.39,-1.0867,756151.32,2697975.757,0.3665,1.38,11.1135,1.7551,3.602,2521984.5601,2062894.4429,1241481.2046,89530451.8836,73232752.723
600036.SH,20190910,35.71,35.74,34.75,35.0,35.5,-0.5,-1.4085,675330.66,2361508.165,0.3274,1.13,10.957,1.7304,3.5513,2521984.5601,2062894.4429,1241481.2046,88269459.6035,72201305.5015
600036.SH,20190911,35.19,35.24,34.71,35.05,35.0,0.05,0.1429,609089.4,2129059.918,0.2953,0.93,10.9726,1.7329,3.5564,2521984.5601,2062894.4429,1241481.2046,88395558.8315,72304450.2236
600036.SH,20190912,35.4,35.43,34.97,35.29,35.05,0.24,0.6847,525821.71,1851086.313,0.2549,0.81,11.0478,1.7447,3.5807,2521984.5601,2062894.4429,1241481.2046,89000835.1259,72799544.8899
600036.SH,20190916,35.5,35.54,34.82,35.0,35.29,-0.29,-0.8218,461668.05,1617245.973,0.2238,0.76,10.957,1.7304,3.5513,2521984.5601,2062894.4429,1241481.2046,88269459.6035,72201305.5015
600036.SH,20190917,35.07,35.18,34.62,34.79,35.0,-0.21,-0.6,443070.9,1546391.358,0.2148,0.73,10.8912,1.72,3.53,2521984.5601,2062894.4429,1241481.2046,87739842.8459,71768097.6685
600036.SH,20190918,34.8,34.94,34.71,34.8,34.79,0.01,0.0287,353748.07,1232164.287,0.1715,0.65,10.8944,1.7205,3.531,2521984.5601,2062894.4429,1241481.2046,87765062.6915,71788726.6129
600036.SH,20190919,34.94,34.96,34.36,34.51,34.8,-0.29,-0.8333,538453.25,1858895.881,0.261,1.12,10.8036,1.7062,3.5016,2521984.5601,2062894.4429,1241481.2046,87033687.1691,71190487.2245
600036.SH,20190920,34.71,34.76,34.38,34.51,34.51,0.0,0.0,694944.64,2401483.947,0.3369,1.5,10.8036,1.7062,3.5016,2521984.5601,2062894.4429,1241481.2046,87033687.1691,71190487.2245
600036.SH,20190923,34.4,34.4,33.88,34.04,34.51,-0.47,-1.3619,610254.44,2075660.837,0.2958,1.22,10.6564,1.6829,3.4539,2521984.5601,2062894.4429,1241481.2046,85848354.4258,70220926.8363
600036.SH,20190924,34.25,34.25,33.97,34.08,34.04,0.04,0.1175,365718.35,1245693.485,0.1773,0.69,10.669,1.6849,3.458,2521984.5601,2062894.4429,1241481.2046,85949233.8082,70303442.614
600036.SH,20190925,34.05,34.47,33.87,34.35,34.08,0.27,0.7923,467793.76,1601997.09,0.2268,0.91,10.7535,1.6983,3.4854,2521984.5601,2062894.4429,1241481.2046,86630169.6394,70860424.1136
600036.SH,20190926,34.45,35.62,34.28,35.22,34.35,0.87,2.5328,1084408.12,3804658.828,0.5257,2.03,11.0259,1.7413,3.5736,2521984.5601,2062894.4429,1241481.2046,88824296.2067,72655142.2789
600036.SH,20190927,35.15,35.69,34.82,35.2,35.22,-0.02,-0.0568,672677.96,2368047.235,0.3261,1.04,11.0196,1.7403,3.5716,2521984.5601,2062894.4429,1241481.2046,88773856.5155,72613884.3901
600036.SH,20190930,34.79,35.33,34.7,34.75,35.2,-0.45,-1.2784,391203.77,1370027.544,0.1896,0.61,10.8787,1.718,3.5259,2521984.5601,2062894.4429,1241481.2046,87638963.4635,71685581.8908
600036.SH,20191008,34.7,35.1,34.5,34.81,34.75,0.06,0.1727,645886.57,2250110.388,0.3131,1.08,10.8975,1.721,3.532,2521984.5601,2062894.4429,1241481.2046,87790282.5371,71809355.5573
600036.SH,20191009,34.52,35.67,34.5,35.18,34.81,0.37,1.0629,821613.76,2896026.737,0.3983,1.26,11.0133,1.7393,3.5696,2521984.5601,2062894.4429,1241481.2046,88723416.8243,72572626.5012
600036.SH,20191010,35.21,35.38,35.02,35.11,35.18,-0.07,-0.199,378700.52,1332044.307,0.1836,0.52,10.9914,1.7358,3.5625,2521984.5601,2062894.4429,1241481.2046,88546877.9051,72428223.8902
600036.SH,20191011,35.3,36.37,35.3,36.29,35.11,1.18,3.3609,1043873.14,3760500.499,0.506,1.79,11.3608,1.7942,3.6822,2521984.5601,2062894.4429,1241481.2046,91522819.686,74862439.3328
600036.SH,20191014,36.6,37.44,36.6,36.83,36.29,0.54,1.488,874334.43,3237676.515,0.4238,1.33,11.5299,1.8209,3.737,2521984.5601,2062894.4429,1241481.2046,92884691.3485,75976402.332
600036.SH,20191015,37.22,37.22,36.47,36.64,36.83,-0.19,-0.5159,458104.96,1680658.831,0.2221,0.61,11.4704,1.8115,3.7177,2521984.5601,2062894.4429,1241481.2046,92405514.2821,75584452.3879
600036.SH,20191016,36.97,37.45,36.4,36.81,36.64,0.17,0.464,514897.6,1902454.585,0.2496,0.72,11.5236,1.8199,3.735,2521984.5601,2062894.4429,1241481.2046,92834251.6573,75935144.4431
600036.SH,20191017,36.81,37.15,36.54,37.0,36.81,0.19,0.5162,342587.78,1264253.177,0.1661,0.52,11.5831,1.8293,3.7542,2521984.5601,2062894.4429,1241481.2046,93313428.7237,76327094.3873
600036.SH,20191018,37.1,37.28,36.1,36.18,37.0,-0.82,-2.2162,454349.8,1660975.667,0.2202,0.7,11.3264,1.7887,3.671,2521984.5601,2062894.4429,1241481.2046,91245401.3844,74635520.9441
600036.SH,20191021,36.1,36.5,35.77,36.22,36.18,0.04,0.1106,359425.51,1300444.689,0.1742,0.68,11.3389,1.7907,3.6751,2521984.5601,2062894.4429,1241481.2046,91346280.7668,74718036.7218
600036.SH,20191022,36.47,36.48,35.67,36.13,36.22,-0.09,-0.2485,332073.88,1193683.5,0.161,0.78,11.3107,1.7863,3.666,2521984.5601,2062894.4429,1241481.2046,91119302.1564,74532376.222
600036.SH,20191023,36.05,36.3,35.82,36.0,36.13,-0.13,-0.3598,313470.67,1131160.46,0.152,0.78,11.27,1.7798,3.6528,2521984.5601,2062894.4429,1241481.2046,90791444.1636,74264199.9444
600036.SH,20191024,36.18,36.75,35.96,36.5,36.0,0.5,1.3889,431220.21,1571999.093,0.209,1.2,11.4266,1.8045,3.7035,2521984.5601,2062894.4429,1241481.2046,92052436.4437,75295647.1659
600036.SH,20191025,36.67,36.67,36.04,36.4,36.5,-0.1,-0.274,246142.15,892763.388,0.1193,0.65,11.3953,1.7996,3.6934,2521984.5601,2062894.4429,1241481.2046,91800237.9876,75089357.7216
600036.SH,20191028,36.48,36.93,36.1,36.2,36.4,-0.2,-0.5495,328083.46,1191663.975,0.159,0.98,11.3327,1.7897,3.6731,2521984.5601,2062894.4429,1241481.2046,91295841.0756,74676778.833
600036.SH,20191029,36.27,36.37,35.91,36.15,36.2,-0.05,-0.1381,266100.94,961023.821,0.129,0.81,11.317,1.7872,3.668,2521984.5601,2062894.4429,1241481.2046,91169741.8476,74573634.1108
600036.SH,20191030,36.11,36.23,35.31,35.41,36.15,-0.74,-2.047,483262.6,1720463.214,0.2343,1.52,11.0853,1.7507,3.5929,2521984.5601,2062894.4429,1241481.2046,89303473.2731,73047092.2231
600036.SH,20191031,35.7,35.87,35.28,35.5,35.41,0.09,0.2542,507042.05,1805894.998,0.2458,1.44,11.1135,1.592,3.602,2521984.5601,2062894.4429,1241481.2046,89530451.8836,73232752.723
600036.SH,20191101,35.57,36.76,35.38,36.6,35.5,1.1,3.0986,668555.74,2425821.889,0.3241,1.83,11.4579,1.6414,3.7137,2521984.5601,2062894.4429,1241481.2046,92304634.8997,75501936.6101
600036.SH,20191104,36.97,37.28,36.69,37.18,36.6,0.58,1.5847,596402.16,2210377.095,0.2891,1.32,11.6394,1.6674,3.7725,2521984.5601,2062894.4429,1241481.2046,93767385.9445,76698415.387
600036.SH,20191105,37.19,38.15,36.98,37.66,37.18,0.48,1.291,723330.61,2724426.631,0.3506,1.43,11.7897,1.6889,3.8212,2521984.5601,2062894.4429,1241481.2046,94977938.5334,77688604.7196
600036.SH,20191106,37.66,38.48,37.53,38.15,37.66,0.49,1.3011,708448.94,2705336.305,0.3434,1.19,11.9431,1.7109,3.8709,2521984.5601,2062894.4429,1241481.2046,96213710.9678,78699422.9966
600036.SH,20191107,38.13,38.38,37.82,38.16,38.15,0.01,0.0262,350551.61,1336451.65,0.1699,0.55,11.9462,1.7113,3.8719,2521984.5601,2062894.4429,1241481.2046,96238930.8134,78720051.9411
600036.SH,20191108,38.48,38.55,37.6,37.75,38.16,-0.41,-1.0744,457082.15,1739031.666,0.2216,0.75,11.8179,1.693,3.8303,2521984.5601,2062894.4429,1241481.2046,95204917.1438,77874265.2195
600036.SH,20191111,37.53,37.69,37.17,37.31,37.75,-0.44,-1.1656,392939.88,1471061.703,0.1905,0.69,11.6801,1.6732,3.7857,2521984.5601,2062894.4429,1241481.2046,94095243.9373,76966591.6646
600036.SH,20191112,37.31,37.49,36.91,37.2,37.31,-0.11,-0.2948,363831.52,1354249.07,0.1764,0.69,11.6457,1.6683,3.7745,2521984.5601,2062894.4429,1241481.2046,93817825.6357,76739673.2759
600036.SH,20191113,37.05,37.38,36.9,37.0,37.2,-0.2,-0.5376,392934.01,1456511.446,0.1905,0.86,11.5831,1.6593,3.7542,2521984.5601,2062894.4429,1241481.2046,93313428.7237,76327094.3873
600036.SH,20191114,37.19,37.25,36.65,36.74,37.0,-0.26,-0.7027,292912.2,1078428.853,0.142,0.75,11.5017,1.6477,3.7279,2521984.5601,2062894.4429,1241481.2046,92657712.7381,75790741.8321
600036.SH,20191115,36.98,37.06,36.6,36.83,36.74,0.09,0.245,315008.56,1162061.809,0.1527,0.83,11.5299,1.6517,3.737,2521984.5601,2062894.4429,1241481.2046,92884691.3485,75976402.332
600036.SH,20191118,36.83,37.89,36.73,37.5,36.83,0.67,1.8192,574455.3,2149791.797,0.2785,1.63,11.7396,1.6817,3.805,2521984.5601,2062894.4429,1241481.2046,94574421.0038,77358541.6088
600036.SH,20191119,37.45,37.8,37.31,37.52,37.5,0.02,0.0533,390184.48,1463591.441,0.1891,1.01,11.7459,1.6826,3.807,2521984.5601,2062894.4429,1241481.2046,94624860.695,77399799.4976
600036.SH,20191120,37.24,37.37,36.49,36.58,37.52,-0.94,-2.5053,482774.48,1776707.173,0.234,1.23,11.4516,1.6405,3.7116,2521984.5601,2062894.4429,1241481.2046,92254195.2085,75460678.7213
600036.SH,20191121,36.36,36.69,36.07,36.44,36.58,-0.14,-0.3827,297436.4,1081481.614,0.1442,0.72,11.4078,1.6342,3.6974,2521984.5601,2062894.4429,1241481.2046,91901117.37,75171873.4993
600036.SH,20191122,36.7,36.85,36.08,36.23,36.44,-0.21,-0.5763,322738.96,1175858.814,0.1564,0.78,11.342,1.6248,3.6761,2521984.5601,2062894.4429,1241481.2046,91371500.6124,74738665.6663
600036.SH,20191125,36.4,36.72,36.32,36.58,36.23,0.35,0.9661,264162.58,966079.49,0.1281,0.64,11.4516,1.6405,3.7116,2521984.5601,2062894.4429,1241481.2046,92254195.2085,75460678.7213
600036.SH,20191126,36.79,36.8,36.0,36.0,36.58,-0.58,-1.5856,448595.22,1630207.659,0.2175,1.28,11.27,1.6145,3.6528,2521984.5601,2062894.4429,1241481.2046,90791444.1636,74264199.9444
600036.SH,20191127,36.19,36.88,36.06,36.65,36.0,0.65,1.8056,350695.1,1283181.354,0.17,0.97,11.4735,1.6436,3.7187,2521984.5601,2062894.4429,1241481.2046,92430734.1277,75605081.3323
600036.SH,20191128,36.56,36.88,36.44,36.63,36.65,-0.02,-0.0546,208520.93,763903.768,0.1011,0.62,11.4673,1.6427,3.7167,2521984.5601,2062894.4429,1241481.2046,92380294.4365,75563823.4434
600036.SH,20191129,36.48,36.69,35.92,36.03,36.63,-0.6,-1.638,334788.73,1210713.277,0.1623,1.05,11.2794,1.6158,3.6558,2521984.5601,2062894.4429,1241481.2046,90867103.7004,74326086.7777
600036.SH,20191202,36.1,36.38,35.97,36.11,36.03,0.08,0.222,197339.74,713692.292,0.0957,0.61,11.3045,1.6194,3.6639,2521984.5601,2062894.4429,1241481.2046,91068862.4652,74491118.3331
600036.SH,20191203,35.92,36.6,35.73,36.46,36.11,0.35,0.9693,276805.68,1004322.265,0.1342,0.9,11.414,1.6351,3.6994,2521984.5601,2062894.4429,1241481.2046,91951557.0612,75213131.3881
600036.SH,20191204,36.07,36.42,36.04,36.28,36.46,-0.18,-0.4937,230906.27,835895.192,0.1119,0.84,11.3577,1.627,3.6812,2521984.5601,2062894.4429,1241481.2046,91497599.8404,74841810.3884
600036.SH,20191205,36.48,36.6,36.12,36.38,36.28,0.1,0.2756,264779.25,962515.349,0.1284,1.06,11.389,1.6315,3.6913,2521984.5601,2062894.4429,1241481.2046,91749798.2964,75048099.8327
600036.SH,20191206,36.47,36.58,36.18,36.41,36.38,0.03,0.0825,255846.4,929546.913,0.124,0.98,11.3984,1.6329,3.6944,2521984.5601,2062894.4429,1241481.2046,91825457.8332,75109986.666
600036.SH,20191209,36.38,36.44,36.03,36.27,36.41,-0.14,-0.3845,250787.8,908083.891,0.1216,1.02,11.3546,1.6266,3.6802,2521984.5601,2062894.4429,1241481.2046,91472379.9948,74821181.444
600036.SH,20191210,36.07,36.36,36.05,36.12,36.27,-0.15,-0.4136,227355.72,822478.503,0.1102,0.89,11.3076,1.6199,3.6649,2521984.5601,2062894.4429,1241481.2046,91094082.3108,74511747.2775
600036.SH,20191211,36.29,36.45,36.11,36.4,36.12,0.28,0.7752,280779.21,1018761.748,0.1361,1.14,11.3953,1.6324,3.6934,2521984.5601,2062894.4429,1241481.2046,91800237.9876,75089357.7216
600036.SH,20191212,36.5,36.58,36.24,36.4,36.4,0.0,0.0,250113.28,909207.353,0.1212,0.98,11.3953,1.6324,3.6934,2521984.5601,2062894.4429,1241481.2046,91800237.9876,75089357.7216
600036.SH,20191213,36.73,37.5,36.69,37.5,36.4,1.1,3.022,654956.01,2430849.617,0.3175,2.59,11.7396,1.6817,3.805,2521984.5601,2062894.4429,1241481.2046,94574421.0038,77358541.6088
600036.SH,20191216,37.25,37.48,37.1,37.28,37.5,-0.22,-0.5867,352876.93,1314017.57,0.1711,1.06,11.6708,1.6719,3.7826,2521984.5601,2062894.4429,1241481.2046,94019584.4005,76904704.8313
600036.SH,20191217,37.25,37.85,36.9,37.5,37.28,0.22,0.5901,563127.39,2106137.323,0.273,1.59,11.7396,1.6817,3.805,2521984.5601,2062894.4429,1241481.2046,94574421.0038,77358541.6088
600036.SH,20191218,37.55,38.15,37.55,37.99,37.5,0.49,1.3067,541322.37,2052043.202,0.2624,1.29,11.893,1.7037,3.8547,2521984.5601,2062894.4429,1241481.2046,95810193.4382,78369359.8858
600036.SH,20191219,38.0,38.25,37.73,37.77,37.99,-0.22,-0.5791,301884.08,1144128.603,0.1463,0.64,11.8242,1.6939,3.8324,2521984.5601,2062894.4429,1241481.2046,95255356.835,77915523.1083
600036.SH,20191220,37.82,38.03,37.4,37.54,37.77,-0.23,-0.6089,288007.48,1085477.957,0.1396,0.6,11.7521,1.6835,3.809,2521984.5601,2062894.4429,1241481.2046,94675300.3862,77441057.3865
600036.SH,20191223,37.79,38.0,37.25,37.4,37.54,-0.14,-0.3729,358746.75,1349470.854,0.1739,0.88,11.7083,1.6773,3.7948,2521984.5601,2062894.4429,1241481.2046,94322222.5477,77152252.1645
600036.SH,20191224,37.45,38.15,37.45,38.01,37.4,0.61,1.631,341856.44,1296815.029,0.1657,0.83,11.8993,1.7046,3.8567,2521984.5601,2062894.4429,1241481.2046,95860633.1294,78410617.7746
600036.SH,20191225,38.01,38.23,37.62,37.79,38.01,-0.22,-0.5788,235027.61,889443.213,0.1139,0.64,11.8304,1.6947,3.8344,2521984.5601,2062894.4429,1241481.2046,95305796.5262,77956780.9972
600036.SH,20191226,37.78,38.1,37.69,38.1,37.79,0.31,0.8203,192239.76,728012.313,0.0932,0.63,11.9275,1.7086,3.8658,2521984.5601,2062894.4429,1241481.2046,96087611.7398,78596278.2745
600036.SH,20191227,38.1,38.5,37.8,37.86,38.1,-0.24,-0.6299,359535.34,1370335.108,0.1743,1.27,11.8523,1.6979,3.8415,2521984.5601,2062894.4429,1241481.2046,95482335.4454,78101183.6082
600036.SH,20191230,37.6,37.92,37.11,37.83,37.86,-0.03,-0.0792,444962.89,1670186.942,0.2157,1.5,11.8429,1.6965,3.8385,2521984.5601,2062894.4429,1241481.2046,95406675.9086,78039296.7749
600036.SH,20191231,37.85,37.88,37.31,37.58,37.83,-0.25,-0.6609,376805.06,1412996.239,0.1827,1.2,11.7647,1.6853,3.8131,2521984.5601,2062894.4429,1241481.2046,94776179.7686,77523573.1642
600036.SH,20200102,38.03,39.12,38.02,38.88,37.58,1.3,3.4593,826244.52,3191180.65,0.4005,2.57,12.1716,1.7436,3.945,2521984.5601,2062894.4429,1241481.2046,98054759.6967,80205335.94
600036.SH,20200103,38.95,39.62,38.92,39.4,38.88,0.52,1.3374,520106.11,2045230.273,0.2521,1.18,12.3344,1.7669,3.9978,2521984.5601,2062894.4429,1241481.2046,99366191.6679,81278041.0503
600036.SH,20200106,39.19,40.16,38.9,39.24,39.4,-0.16,-0.4061,548877.2,2171575.505,0.2661,1.09,12.2843,1.7598,3.9815,2521984.5601,2062894.4429,1241481.2046,98962674.1383,80947977.9394
600036.SH,20200107,39.55,39.94,39.1,39.15,39.24,-0.09,-0.2294,347671.28,1369304.771,0.1685,0.64,12.2562,1.7557,3.9724,2521984.5601,2062894.4429,1241481.2046,98735695.5279,80762317.4395
600036.SH,20200108,38.95,38.95,38.41,38.41,39.15,-0.74,-1.8902,363234.18,1403861.101,0.1761,0.69,12.0245,1.7226,3.8973,2521984.5601,2062894.4429,1241481.2046,96869426.9534,79235775.5518
600036.SH,20200109,38.84,39.0,38.58,38.9,38.41,0.49,1.2757,303359.89,1177003.661,0.1471,0.58,12.1779,1.7445,3.947,2521984.5601,2062894.4429,1241481.2046,98105199.3879,80246593.8288
600036.SH,20200110,38.9,39.28,38.75,39.04,38.9,0.14,0.3599,285931.21,1116903.172,0.1386,0.69,12.2217,1.7508,3.9612,2521984.5601,2062894.4429,1241481.2046,98458277.2263,80535399.0508
600036.SH,20200113,39.28,39.28,38.75,39.1,39.04,0.06,0.1537,327808.52,1279073.028,0.1589,0.89,12.2405,1.7535,3.9673,2521984.5601,2062894.4429,1241481.2046,98609596.2999,80659172.7174
600036.SH,20200114,39.14,39.63,38.7,38.81,39.1,-0.29,-0.7417,335646.38,1314430.602,0.1627,1.03,12.1497,1.7405,3.9379,2521984.5601,2062894.4429,1241481.2046,97878220.7775,80060933.3289
600036.SH,20200115,38.84,38.89,38.02,38.12,38.81,-0.69,-1.7779,488598.91,1870048.774,0.2369,1.51,11.9337,1.7095,3.8679,2521984.5601,2062894.4429,1241481.2046,96138051.431,78637536.1633
600036.SH,20200116,38.22,38.35,37.76,37.96,38.12,-0.16,-0.4197,453848.26,1723277.982,0.22,1.3,11.8836,1.7024,3.8516,2521984.5601,2062894.4429,1241481.2046,95734533.9014,78307473.0525
600036.SH,20200117,38.06,38.17,37.68,37.93,37.96,-0.03,-0.079,421357.11,1595789.849,0.2043,1.11,11.8742,1.701,3.8486,2521984.5601,2062894.4429,1241481.2046,95658874.3646,78245586.2192
600036.SH,20200120,38.22,38.65,38.0,38.31,37.93,0.38,1.0018,585808.86,2244268.938,0.284,1.44,11.9932,1.5802,3.8872,2521984.5601,2062894.4429,1241481.2046,96617228.4974,79029486.1075
600036.SH,20200121,37.95,38.15,37.7,37.79,38.31,-0.52,-1.3573,417201.85,1580332.561,0.2022,0.91,11.8304,1.5588,3.8344,2521984.5601,2062894.4429,1241481.2046,95305796.5262,77956780.9972
600036.SH,20200122,37.7,38.1,37.15,37.82,37.79,0.03,0.0794,531254.6,2000618.547,0.2575,1.12,11.8398,1.56,3.8374,2521984.5601,2062894.4429,1241481.2046,95381456.063,78018667.8305
600036.SH,20200123,37.53,37.7,36.45,36.81,37.82,-1.01,-2.6705,787502.74,2912304.571,0.3817,1.63,11.5236,1.5183,3.735,2521984.5601,2062894.4429,1241481.2046,92834251.6573,75935144.4431
600036.SH,20200203,33.8,35.5,33.8,35.03,36.81,-1.78,-4.8356,1131062.26,3944795.003,0.5483,2.06,10.9664,1.4449,3.5543,2521984.5601,2062894.4429,1241481.2046,88345119.1403,72263192.3348
600036.SH,20200204,35.04,35.48,34.68,35.35,35.03,0.32,0.9135,1229676.52,4313054.347,0.5961,1.78,11.0666,1.4581,3.5868,2521984.5601,2062894.4429,1241481.2046,89152154.1995,72923318.5565
600036.SH,20200205,35.34,35.51,34.83,35.36,35.35,0.01,0.0283,802571.98,2826862.599,0.3891,0.98,11.0697,1.4585,3.5878,2521984.5601,2062894.4429,1241481.2046,89177374.0451,72943947.5009
600036.SH,20200206,35.5,35.83,35.13,35.75,35.36,0.39,1.1029,730701.59,2589474.707,0.3542,0.82,11.1918,1.4746,3.6274,2521984.5601,2062894.4429,1241481.2046,90160948.0236,73748476.3337
600036.SH,20200207,35.1,35.46,35.01,35.42,35.75,-0.33,-0.9231,675524.64,2374190.018,0.3275,0.72,11.0885,1.461,3.5939,2521984.5601,2062894.4429,1241481.2046,89328693.1187,73067721.1675
600036.SH,20200210,35.13,35.24,34.95,35.1,35.42,-0.32,-0.9034,575041.78,2016401.93,0.2788,0.63,10.9883,1.4478,3.5615,2521984.5601,2062894.4429,1241481.2046,88521658.0595,72407594.9458
600036.SH,20200211,35.3,35.85,35.15,35.57,35.1,0.47,1.339,557436.28,1983770.029,0.2702,0.69,11.1354,1.4672,3.6091,2521984.5601,2062894.4429,1241481.2046,89706990.8028,73377155.334
600036.SH,20200212,35.5,35.66,35.24,35.6,35.57,0.03,0.0843,405389.73,1437177.997,0.1965,0.61,11.1448,1.4684,3.6122,2521984.5601,2062894.4429,1241481.2046,89782650.3396,73439042.1672
600036.SH,20200213,35.53,35.55,35.2,35.27,35.6,-0.33,-0.927,422350.8,1493775.789,0.2047,0.72,11.0415,1.4548,3.5787,2521984.5601,2062894.4429,1241481.2046,88950395.4347,72758287.0011
600036.SH,20200214,35.21,35.71,35.21,35.64,35.27,0.37,1.0491,403396.77,1431806.484,0.1955,0.77,11.1573,1.4701,3.6162,2521984.5601,2062894.4429,1241481.2046,89883529.722,73521557.945
600036.SH,20200217,35.63,36.17,35.38,36.17,35.64,0.53,1.4871,669425.41,2396661.832,0.3245,1.42,11.3233,1.4919,3.67,2521984.5601,2062894.4429,1241481.2046,91220181.5388,74614891.9997
600036.SH,20200218,36.0,36.0,35.6,35.7,36.17,-0.47,-1.2994,516396.65,1846260.235,0.2503,1.05,11.1761,1.4726,3.6223,2521984.5601,2062894.4429,1241481.2046,90034848.7956,73645331.6115
600036.SH,20200219,35.6,35.89,35.46,35.53,35.7,-0.17,-0.4762,419521.31,1496142.157,0.2034,0.87,11.1229,1.4655,3.6051,2521984.5601,2062894.4429,1241481.2046,89606111.4204,73294639.5562
600036.SH,20200220,35.66,36.05,35.2,35.98,35.53,0.45,1.2665,746005.88,2658121.245,0.3616,1.53,11.2638,1.4841,3.6507,2521984.5601,2062894.4429,1241481.2046,90741004.4724,74222942.0555
600036.SH,20200221,35.9,35.93,35.47,35.64,35.98,-0.34,-0.945,730314.68,2603112.503,0.354,1.33,11.1573,1.4701,3.6162,2521984.5601,2062894.4429,1241481.2046,89883529.722,73521557.945
600036.SH,20200224,35.49,35.69,35.03,35.05,35.64,-0.59,-1.6554,798564.82,2812039.823,0.3871,1.3,10.9726,1.4457,3.5564,2521984.5601,2062894.4429,1241481.2046,88395558.8315,72304450.2236
600036.SH,20200225,34.81,35.08,34.5,34.63,35.05,-0.42,-1.1983,873734.32,3032212.325,0.4235,1.36,10.8412,1.4284,3.5138,2521984.5601,2062894.4429,1241481.2046,87336325.3163,71438034.5576
600036.SH,20200226,34.41,34.99,34.25,34.83,34.63,0.2,0.5775,779704.75,2707591.83,0.378,1.09,10.9038,1.4367,3.5341,2521984.5601,2062894.4429,1241481.2046,87840722.2283,71850613.4462
600036.SH,20200227,34.79,35.35,34.7,35.22,34.83,0.39,1.1197,689378.53,2422074.087,0.3342,0.88,11.0259,1.4528,3.5736,2521984.5601,2062894.4429,1241481.2046,88824296.2067,72655142.2789
600036.SH,20200228,34.85,35.18,34.2,34.2,35.22,-1.02,-2.8961,835340.97,2885398.352,0.4049,1.08,10.7065,1.4107,3.4701,2521984.5601,2062894.4429,1241481.2046,86251871.9554,70550989.9472
600036.SH,20200302,34.24,34.88,34.1,34.75,34.2,0.55,1.6082,704290.63,2438029.173,0.3414,0.89,10.8787,1.4334,3.5259,2521984.5601,2062894.4429,1241481.2046,87638963.4635,71685581.8908
600036.SH,20200303,34.93,35.1,34.42,34.62,34.75,-0.13,-0.3741,686073.06,2380418.31,0.3326,0.88,10.838,1.428,3.5127,2521984.5601,2062894.4429,1241481.2046,87311105.4707,71417405.6132
600036.SH,20200304,34.68,34.8,34.44,34.78,34.62,0.16,0.4622,560886.06,1941800.19,0.2719,0.76,10.8881,1.4346,3.529,2521984.5601,2062894.4429,1241481.2046,87714623.0003,71747468.7241
600036.SH,20200305,34.99,36.32,34.8,36.23,34.78,1.45,4.1691,1355413.0,4840609.026,0.657,1.95,11.342,1.4944,3.6761,2521984.5601,2062894.4429,1241481.2046,91371500.6124,74738665.6663
600036.SH,20200306,35.84,36.02,35.41,35.41,36.23,-0.82,-2.2633,670673.78,2389764.957,0.3251,0.81,11.0853,1.4606,3.5929,2521984.5601,2062894.4429,1241481.2046,89303473.2731,73047092.2231
600036.SH,20200309,34.88,34.88,34.18,34.18,35.41,-1.23,-3.4736,966591.66,3318066.994,0.4686,1.22,10.7003,1.4099,3.4681,2521984.5601,2062894.4429,1241481.2046,86201432.2642,70509732.0583
600036.SH,20200310,34.19,34.94,34.08,34.68,34.18,0.5,1.4628,668298.1,2309858.482,0.324,0.79,10.8568,1.4305,3.5188,2521984.5601,2062894.4429,1241481.2046,87462424.5443,71541179.2798
600036.SH,20200311,34.76,34.99,34.41,34.45,34.68,-0.23,-0.6632,566550.64,1965764.178,0.2746,0.67,10.7848,1.421,3.4955,2521984.5601,2062894.4429,1241481.2046,86882368.0954,71066713.5579
600036.SH,20200312,34.37,34.59,34.02,34.16,34.45,-0.29,-0.8418,619180.02,2118258.08,0.3002,0.73,10.694,1.409,3.4661,2521984.5601,2062894.4429,1241481.2046,86150992.573,70468474.1695
600036.SH,20200313,32.8,33.56,32.4,33.41,34.16,-0.75,-2.1956,1140957.7,3748370.246,0.5531,1.63,10.4592,1.3781,3.39,2521984.5601,2062894.4429,1241481.2046,84259504.1529,68921303.3373
600036.SH,20200316,33.39,33.39,31.64,31.67,33.41,-1.74,-5.208,1066027.3,3445337.101,0.5168,1.35,9.9145,1.3063,3.2134,2521984.5601,2062894.4429,1241481.2046,79871251.0184,65331867.0066
600036.SH,20200317,31.65,32.61,31.11,31.73,31.67,0.06,0.1895,843441.33,2675433.577,0.4089,1.04,9.9333,1.3088,3.2195,2521984.5601,2062894.4429,1241481.2046,80022570.092,65455640.6732
600036.SH,20200318,31.88,32.28,30.76,30.82,31.73,-0.91,-2.8679,824317.04,2604923.481,0.3996,0.97,9.6484,1.2713,3.1272,2521984.5601,2062894.4429,1241481.2046,77727564.1423,63578406.7302
600036.SH,20200319,30.48,30.48,28.71,29.31,30.82,-1.51,-4.8994,1559457.47,4591894.342,0.756,1.74,9.1757,1.209,2.974,2521984.5601,2062894.4429,1241481.2046,73919367.4565,60463436.1214
600036.SH,20200320,29.8,31.11,29.8,31.04,29.31,1.73,5.9024,1343153.1,4101898.423,0.6511,1.24,9.7173,1.2803,3.1495,2521984.5601,2062894.4429,1241481.2046,78282400.7455,64032243.5076
600036.SH,20200323,30.01,30.51,29.88,30.16,31.04,-0.88,-2.8351,928971.16,2804113.446,0.4503,0.82,8.1905,1.3177,2.8203,2521984.5601,2062894.4429,1241481.2046,76063054.3326,62216896.3979
600036.SH,20200324,31.15,31.65,30.81,31.51,30.16,1.35,4.4761,825358.93,2585549.433,0.4001,0.75,8.5572,1.3767,2.9465,2521984.5601,2062894.4429,1241481.2046,79467733.4888,65001803.8958
600036.SH,20200325,32.23,32.68,32.17,32.49,31.51,0.98,3.1101,809526.55,2629580.314,0.3924,0.74,8.8233,1.4195,3.0381,2521984.5601,2062894.4429,1241481.2046,81939278.3576,67023440.4498
600036.SH,20200326,32.1,33.42,32.06,32.72,32.49,0.23,0.7079,694635.85,2281461.462,0.3367,0.64,8.8858,1.4296,3.0596,2521984.5601,2062894.4429,1241481.2046,82519334.8065,67497906.1717
600036.SH,20200327,33.12,33.33,32.48,32.72,32.72,0.0,0.0,581775.45,1911127.945,0.282,0.63,8.8858,1.4296,3.0596,2521984.5601,2062894.4429,1241481.2046,82519334.8065,67497906.1717
600036.SH,20200330,32.18,32.72,31.8,32.65,32.72,-0.07,-0.2139,477494.15,1541068.106,0.2315,0.62,8.8667,1.4265,3.0531,2521984.5601,2062894.4429,1241481.2046,82342795.8873,67353503.5607
600036.SH,20200331,32.92,32.98,32.16,32.28,32.65,-0.37,-1.1332,377540.06,1228383.288,0.183,0.56,8.7663,1.4103,3.0185,2521984.5601,2062894.4429,1241481.2046,81409661.6,66590232.6168
600036.SH,20200401,32.12,32.65,32.0,32.13,32.28,-0.15,-0.4647,358143.13,1157345.796,0.1736,0.61,8.7255,1.4038,3.0045,2521984.5601,2062894.4429,1241481.2046,81031363.916,66280798.4504
600036.SH,20200402,31.75,32.34,31.71,32.34,32.13,0.21,0.6536,289601.47,929189.673,0.1404,0.58,8.7826,1.413,3.0241,2521984.5601,2062894.4429,1241481.2046,81560980.6736,66714006.2834
600036.SH,20200403,32.0,32.32,31.99,32.15,32.34,-0.19,-0.5875,251618.29,808697.603,0.122,0.6,8.731,1.4047,3.0063,2521984.5601,2062894.4429,1241481.2046,81081803.6072,66322056.3392
600036.SH,20200407,32.84,32.88,32.4,32.52,32.15,0.37,1.1509,431843.78,1406732.994,0.2093,1.23,8.8314,1.4208,3.0409,2521984.5601,2062894.4429,1241481.2046,82014937.8945,67085327.2831
600036.SH,20200408,32.5,32.5,32.12,32.22,32.52,-0.3,-0.9225,318134.45,1024956.344,0.1542,0.93,8.75,1.4077,3.0129,2521984.5601,2062894.4429,1241481.2046,81258342.5264,66466458.9502
600036.SH,20200409,32.29,32.35,32.11,32.3,32.22,0.08,0.2483,286645.95,924260.48,0.139,0.87,8.7717,1.4112,3.0204,2521984.5601,2062894.4429,1241481.2046,81460101.2912,66631490.5057
600036.SH,20200410,32.41,32.56,31.91,32.1,32.3,-0.2,-0.6192,437431.53,1409435.238,0.212,1.39,8.7174,1.4025,3.0017,2521984.5601,2062894.4429,1241481.2046,80955704.3792,66218911.6171
600036.SH,20200413,31.92,32.2,31.82,31.93,32.1,-0.17,-0.5296,230555.49,737876.564,0.1118,0.67,8.6712,1.395,2.9858,2521984.5601,2062894.4429,1241481.2046,80526967.004,65868219.5618
600036.SH,20200414,32.18,32.71,32.08,32.71,31.93,0.78,2.4428,427079.44,1386006.869,0.207,1.25,8.883,1.4291,3.0587,2521984.5601,2062894.4429,1241481.2046,82494114.9609,67477277.2273
600036.SH,20200415,32.59,32.63,32.32,32.42,32.71,-0.29,-0.8866,237838.48,771129.191,0.1153,0.7,8.8043,1.4165,3.0316,2521984.5601,2062894.4429,1241481.2046,81762739.4384,66879037.8388
600036.SH,20200416,32.2,32.41,31.96,32.1,32.42,-0.32,-0.987,294999.82,947452.268,0.143,0.91,8.7174,1.4025,3.0017,2521984.5601,2062894.4429,1241481.2046,80955704.3792,66218911.6171
600036.SH,20200417,32.45,33.2,32.34,32.86,32.1,0.76,2.3676,697952.42,2293965.391,0.3383,2.14,8.9238,1.4357,3.0727,2521984.5601,2062894.4429,1241481.2046,82872412.6449,67786711.3937
600036.SH,20200420,32.89,33.08,32.55,32.9,32.86,0.04,0.1217,336024.26,1104349.255,0.1629,0.89,8.9346,1.4374,3.0765,2521984.5601,2062894.4429,1241481.2046,82973292.0273,67869227.1714
600036.SH,20200421,32.9,33.04,32.58,32.65,32.9,-0.25,-0.7599,328714.89,1077331.035,0.1593,0.82,8.8667,1.4265,3.0531,2521984.5601,2062894.4429,1241481.2046,82342795.8873,67353503.5607
600036.SH,20200422,32.45,32.75,32.33,32.73,32.65,0.08,0.245,279435.38,910099.517,0.1355,0.74,8.8885,1.43,3.0606,2521984.5601,2062894.4429,1241481.2046,82544554.6521,67518535.1161
600036.SH,20200423,32.82,32.96,32.65,32.69,32.73,-0.04,-0.1222,246145.51,807219.19,0.1193,0.64,8.8776,1.4282,3.0568,2521984.5601,2062894.4429,1241481.2046,82443675.2697,67436019.3384
600036.SH,20200424,32.72,32.72,32.41,32.51,32.69,-0.18,-0.5506,222597.84,723766.561,0.1079,0.59,8.8287,1.4204,3.04,2521984.5601,2062894.4429,1241481.2046,81989718.0489,67064698.3387
600036.SH,20200427,32.75,33.98,32.72,33.58,32.51,1.07,3.2913,653414.71,2197523.211,0.3167,2.31,9.1193,1.4671,3.1401,2521984.5601,2062894.4429,1241481.2046,84688241.5282,69271995.3926
600036.SH,20200428,33.6,33.9,33.3,33.86,33.58,0.28,0.8338,366510.91,1234430.064,0.1777,1.06,9.1953,1.4794,3.1662,2521984.5601,2062894.4429,1241481.2046,85394397.205,69849605.8366
600036.SH,20200429,33.9,35.1,33.89,35.02,33.86,1.16,3.4259,658765.88,2288732.967,0.3193,1.86,9.5104,1.53,3.2747,2521984.5601,2062894.4429,1241481.2046,88319899.2947,72242563.3904
600036.SH,20200430,35.15,36.05,35.05,35.09,35.02,0.07,0.1999,715332.47,2544804.889,0.3468,1.67,9.5294,1.4556,3.2813,2521984.5601,2062894.4429,1241481.2046,88496438.2139,72386966.0014
600036.SH,20200506,34.53,34.78,34.18,34.63,35.09,-0.46,-1.3109,501735.9,1731704.264,0.2432,0.96,9.4045,1.4365,3.2382,2521984.5601,2062894.4429,1241481.2046,87336325.3163,71438034.5576
600036.SH,20200507,34.6,34.62,34.05,34.45,34.63,-0.18,-0.5198,299484.65,1028793.473,0.1452,0.52,9.3556,1.4291,3.2214,2521984.5601,2062894.4429,1241481.2046,86882368.0954,71066713.5579
600036.SH,20200508,34.77,35.18,34.55,34.97,34.45,0.52,1.5094,392154.6,1371649.847,0.1901,0.77,9.4968,1.4506,3.27,2521984.5601,2062894.4429,1241481.2046,88193800.0667,72139418.6682
600036.SH,20200511,34.98,35.48,34.88,34.96,34.97,-0.01,-0.0286,295848.29,1040649.468,0.1434,0.58,9.4941,1.4502,3.2691,2521984.5601,2062894.4429,1241481.2046,88168580.2211,72118789.7238
600036.SH,20200512,34.99,35.04,34.44,34.59,34.96,-0.37,-1.0584,349633.82,1213003.373,0.1695,0.79,9.3936,1.4349,3.2345,2521984.5601,2062894.4429,1241481.2046,87235445.9339,71355518.7799
600036.SH,20200513,34.4,34.68,34.1,34.54,34.59,-0.05,-0.1446,279834.94,961672.947,0.1357,0.76,9.38,1.4328,3.2298,2521984.5601,2062894.4429,1241481.2046,87109346.7059,71252374.0578
600036.SH,20200514,34.39,34.42,33.8,33.93,34.54,-0.61,-1.7661,420630.19,1430362.916,0.2039,1.3,9.2144,1.4075,3.1728,2521984.5601,2062894.4429,1241481.2046,85570936.1242,69994008.4476
600036.SH,20200515,34.19,34.26,33.7,33.85,33.93,-0.08,-0.2358,361927.53,1226127.432,0.1754,1.04,9.1926,1.4042,3.1653,2521984.5601,2062894.4429,1241481.2046,85369177.3594,69828976.8922
600036.SH,20200518,33.62,34.3,33.51,33.8,33.85,-0.05,-0.1477,363700.93,1233862.748,0.1763,1.06,9.179,1.4021,3.1606,2521984.5601,2062894.4429,1241481.2046,85243078.1314,69725832.17
600036.SH,20200519,34.4,34.48,34.06,34.27,33.8,0.47,1.3905,264304.48,904985.389,0.1281,0.74,9.3067,1.4216,3.2046,2521984.5601,2062894.4429,1241481.2046,86428410.8746,70695392.5582
600036.SH,20200520,34.27,35.03,34.1,34.68,34.27,0.41,1.1964,380517.57,1313430.55,0.1845,1.13,9.418,1.4386,3.2429,2521984.5601,2062894.4429,1241481.2046,87462424.5443,71541179.2798
600036.SH,20200521,34.91,35.18,34.66,34.73,34.68,0.05,0.1442,362527.21,1263004.925,0.1757,1.01,9.4316,1.4407,3.2476,2521984.5601,2062894.4429,1241481.2046,87588523.7723,71644324.0019
600036.SH,20200522,34.49,34.69,33.61,33.63,34.73,-1.1,-3.1673,423964.39,1439086.679,0.2055,1.22,9.1329,1.3951,3.1447,2521984.5601,2062894.4429,1241481.2046,84814340.7562,69375140.1147
600036.SH,20200525,33.92,33.94,32.9,33.09,33.63,-0.54,-1.6057,432649.17,1434823.005,0.2097,1.21,8.9862,1.3727,3.0942,2521984.5601,2062894.4429,1241481.2046,83452469.0937,68261177.1156
600036.SH,20200526,33.3,33.49,33.09,33.43,33.09,0.34,1.0275,322460.77,1072932.146,0.1563,0.86,9.0786,1.3868,3.126,2521984.5601,2062894.4429,1241481.2046,84309943.8441,68962561.2261
600036.SH,20200527,33.57,33.98,33.24,33.43,33.43,0.0,0.0,320833.31,1077247.848,0.1555,0.83,9.0786,1.3868,3.126,2521984.5601,2062894.4429,1241481.2046,84309943.8441,68962561.2261
600036.SH,20200528,33.58,34.7,33.43,34.22,33.43,0.79,2.3631,693623.31,2378620.601,0.3362,1.86,9.2931,1.4195,3.1999,2521984.5601,2062894.4429,1241481.2046,86302311.6466,70592247.836
600036.SH,20200529,33.86,34.13,33.7,33.82,34.22,-0.4,-1.1689,372374.81,1260905.545,0.1805,0.85,9.1845,1.4029,3.1625,2521984.5601,2062894.4429,1241481.2046,85293517.8226,69767090.0589
600036.SH,20200601,34.15,34.97,34.1,34.82,33.82,1.0,2.9568,488237.46,1693982.687,0.2367,1.14,9.4561,1.4444,3.256,2521984.5601,2062894.4429,1241481.2046,87815502.3827,71829984.5018
600036.SH,20200602,34.55,35.26,34.54,35.04,34.82,0.22,0.6318,492957.13,1726597.705,0.239,1.12,9.5158,1.4535,3.2766,2521984.5601,2062894.4429,1241481.2046,88370338.9859,72283821.2792
600036.SH,20200603,35.45,36.0,35.02,35.22,35.04,0.18,0.5137,610186.91,2169754.932,0.2958,1.29,9.5647,1.461,3.2934,2521984.5601,2062894.4429,1241481.2046,88824296.2067,72655142.2789
600036.SH,20200604,35.5,35.55,35.07,35.15,35.22,-0.07,-0.1988,257560.86,909222.198,0.1249,0.48,9.5457,1.4581,3.2869,2521984.5601,2062894.4429,1241481.2046,88647757.2875,72510739.6679
600036.SH,20200605,35.3,35.47,34.81,35.24,35.15,0.09,0.256,327173.03,1146499.654,0.1586,0.74,9.5701,1.4618,3.2953,2521984.5601,2062894.4429,1241481.2046,88874735.8979,72696400.1678
600036.SH,20200608,35.55,36.19,35.5,35.67,35.24,0.43,1.2202,501809.79,1796585.383,0.2433,1.15,9.6869,1.4797,3.3355,2521984.5601,2062894.4429,1241481.2046,89959189.2588,73583444.7782
600036.SH,20200609,35.61,35.69,35.26,35.53,35.67,-0.14,-0.3925,300930.79,1067277.929,0.1459,0.69,9.6489,1.4739,3.3224,2521984.5601,2062894.4429,1241481.2046,89606111.4204,73294639.5562
600036.SH,20200610,35.64,35.65,35.18,35.34,35.53,-0.19,-0.5348,272730.61,964770.416,0.1322,0.68,9.5973,1.466,3.3046,2521984.5601,2062894.4429,1241481.2046,89126934.3539,72902689.6121
600036.SH,20200611,35.21,35.32,34.31,34.47,35.34,-0.87,-2.4618,588927.45,2040709.558,0.2855,1.77,9.361,1.4299,3.2233,2521984.5601,2062894.4429,1241481.2046,86932807.7866,71107971.4468
600036.SH,20200612,33.99,34.5,33.7,34.5,34.47,0.03,0.087,546615.76,1865053.466,0.265,1.37,9.3691,1.4311,3.2261,2521984.5601,2062894.4429,1241481.2046,87008467.3235,71169858.2801
600036.SH,20200615,34.04,34.18,33.46,33.57,34.5,-0.93,-2.6957,654343.47,2209023.835,0.3172,1.48,9.1166,1.3926,3.1391,2521984.5601,2062894.4429,1241481.2046,84663021.6826,69251366.4482
600036.SH,20200616,34.0,34.18,33.81,34.14,33.57,0.57,1.6979,381631.05,1298977.209,0.185,0.81,9.2714,1.4162,3.1924,2521984.5601,2062894.4429,1241481.2046,86100552.8818,70427216.2806
600036.SH,20200617,34.0,34.31,33.83,34.2,34.14,0.06,0.1757,306277.74,1042779.922,0.1485,0.63,9.2877,1.4187,3.198,2521984.5601,2062894.4429,1241481.2046,86251871.9554,70550989.9472
600036.SH,20200618,33.88,34.06,33.02,33.89,34.2,-0.31,-0.9064,922939.33,3090987.273,0.4474,1.86,9.2035,1.4058,3.169,2521984.5601,2062894.4429,1241481.2046,85470056.7418,69911492.6699
600036.SH,20200619,33.8,34.34,33.6,33.86,33.89,-0.03,-0.0885,679496.03,2299545.222,0.3294,1.21,9.1953,1.4046,3.1662,2521984.5601,2062894.4429,1241481.2046,85394397.205,69849605.8366
600036.SH,20200622,33.66,33.85,33.33,33.5,33.86,-0.36,-1.0632,595814.69,1997593.331,0.2888,1.01,9.0976,1.3897,3.1326,2521984.5601,2062894.4429,1241481.2046,84486482.7634,69106963.8372
600036.SH,20200623,33.3,33.54,33.11,33.35,33.5,-0.15,-0.4478,452529.39,1509296.732,0.2194,0.78,9.0568,1.3834,3.1185,2521984.5601,2062894.4429,1241481.2046,84108185.0793,68797529.6707
600036.SH,20200624,33.52,33.96,33.51,33.9,33.35,0.55,1.6492,479891.17,1621575.075,0.2326,0.81,9.2062,1.4063,3.17,2521984.5601,2062894.4429,1241481.2046,85495276.5874,69932121.6143
600036.SH,20200629,34.17,34.3,33.49,33.64,33.9,-0.26,-0.767,567297.48,1915098.031,0.275,0.91,9.1356,1.3955,3.1457,2521984.5601,2062894.4429,1241481.2046,84839560.6018,69395769.0592
600036.SH,20200630,33.85,33.96,33.64,33.72,33.64,0.08,0.2378,391567.98,1322157.814,0.1898,0.71,9.1573,1.3988,3.1531,2521984.5601,2062894.4429,1241481.2046,85041319.3666,69560800.6146
600036.SH,20200701,33.79,34.8,33.61,34.79,33.72,1.07,3.1732,799096.45,2741317.357,0.3874,1.61,9.4479,1.4432,3.2532,2521984.5601,2062894.4429,1241481.2046,87739842.8459,71768097.6685
600036.SH,20200702,34.65,35.47,34.3,35.3,34.79,0.51,1.4659,1245177.98,4347489.231,0.6036,2.31,9.5864,1.4643,3.3009,2521984.5601,2062894.4429,1241481.2046,89026054.9715,72820173.8344
600036.SH,20200703,35.4,36.76,35.35,36.74,35.3,1.44,4.0793,1535704.17,5583630.477,0.7444,2.2,9.9775,1.5241,3.4355,2521984.5601,2062894.4429,1241481.2046,92657712.7381,75790741.8321
600036.SH,20200706,37.18,40.41,37.18,40.41,36.74,3.67,9.9891,1874928.88,7369658.96,0.9089,2.07,10.9741,1.6763,3.7787,2521984.5601,2062894.4429,1241481.2046,101913396.0736,83361564.4376
600036.SH,20200707,41.8,43.3,40.5,41.06,40.41,0.65,1.6085,2016338.29,8389893.483,0.9774,1.72,11.1506,1.7033,3.8395,2521984.5601,2062894.4429,1241481.2046,103552686.0377,84702445.8255
600036.SH,20200708,40.9,41.87,39.97,40.5,41.06,-0.56,-1.3639,1827038.89,7454256.185,0.8857,1.22,10.9986,1.68,3.7871,2521984.5601,2062894.4429,1241481.2046,102140374.6841,83547224.9375
600036.SH,20200709,40.51,40.62,39.53,39.91,40.5,-0.59,-1.4568,1693236.29,6759559.094,0.8208,1.0,10.8383,1.6556,3.732,2521984.5601,2062894.4429,1241481.2046,100652403.7936,82330117.2161
600036.SH,20200710,38.71,39.0,37.05,37.25,38.71,-1.46,-3.7716,1528159.45,5784778.253,0.7408,0.85,10.116,1.6262,3.4832,2521984.5601,2062894.4429,1241481.2046,93943924.8637,76842817.998
600036.SH,20200713,37.01,38.0,36.67,37.3,37.25,0.05,0.1342,1634063.73,6086294.085,0.7921,0.91,10.1295,1.6283,3.4879,2521984.5601,2062894.4429,1241481.2046,94070024.0917,76945962.7202
600036.SH,20200714,37.07,37.42,36.23,36.51,37.3,-0.79,-2.118,1310865.91,4821059.904,0.6354,0.75,9.915,1.5939,3.414,2521984.5601,2062894.4429,1241481.2046,92077656.2893,75316276.1103
600036.SH,20200715,36.99,37.02,35.7,35.86,36.51,-0.65,-1.7803,1341142.48,4838521.682,0.6501,0.84,9.7385,1.5655,3.3533,2521984.5601,2062894.4429,1241481.2046,90438366.3252,73975394.7224
600036.SH,20200716,36.05,36.58,35.59,35.6,35.86,-0.26,-0.725,1429523.26,5153628.34,0.693,0.95,9.6679,1.5541,3.3289,2521984.5601,2062894.4429,1241481.2046,89782650.3396,73439042.1672
600036.SH,20200717,35.87,36.2,35.31,36.08,35.6,0.48,1.3483,1169917.81,4182751.219,0.5671,0.81,9.7982,1.5751,3.3738,2521984.5601,2062894.4429,1241481.2046,90993202.9284,74429231.4998
600036.SH,20200720,36.1,37.45,35.85,37.27,36.08,1.19,3.2982,1594157.34,5884589.656,0.7728,1.16,10.1214,1.627,3.4851,2521984.5601,2062894.4429,1241481.2046,93994364.5549,76884075.8869
600036.SH,20200721,37.27,37.44,36.52,36.84,37.27,-0.43,-1.1537,831620.93,3062989.303,0.4031,0.61,10.0046,1.6083,3.4449,2521984.5601,2062894.4429,1241481.2046,92909911.1941,75997031.2764
600036.SH,20200722,36.78,37.1,36.26,36.44,36.84,-0.4,-1.0858,998811.81,3656733.629,0.4842,0.78,9.896,1.5908,3.4075,2521984.5601,2062894.4429,1241481.2046,91901117.37,75171873.4993
600036.SH,20200723,36.18,36.41,35.25,35.6,36.44,-0.84,-2.3052,1197075.88,4272039.761,0.5803,0.99,9.6679,1.5541,3.3289,2521984.5601,2062894.4429,1241481.2046,89782650.3396,73439042.1672
600036.SH,20200724,35.5,35.8,34.13,34.6,35.6,-1.0,-2.809,1304194.36,4555965.917,0.6322,1.13,9.3963,1.5105,3.2354,2521984.5601,2062894.4429,1241481.2046,87260665.7795,71376147.7243
600036.SH,20200727,34.94,34.97,34.01,34.25,34.6,-0.35,-1.0116,893469.03,3062209.384,0.4331,0.75,9.3013,1.4952,3.2027,2521984.5601,2062894.4429,1241481.2046,86377971.1834,70654134.6693
600036.SH,20200728,34.66,34.88,34.21,34.58,34.25,0.33,0.9635,780350.52,2693238.172,0.3783,0.75,9.3909,1.5096,3.2336,2521984.5601,2062894.4429,1241481.2046,87210226.0883,71334889.8355
600036.SH,20200729,34.5,35.35,34.23,35.07,34.58,0.49,1.417,969130.71,3381773.114,0.4698,0.94,9.5239,1.531,3.2794,2521984.5601,2062894.4429,1241481.2046,88445998.5227,72345708.1125
600036.SH,20200730,35.05,35.17,34.48,34.56,35.07,-0.51,-1.4542,798879.27,2776830.172,0.3873,0.78,9.3854,1.5087,3.2317,2521984.5601,2062894.4429,1241481.2046,87159786.3971,71293631.9466
600036.SH,20200731,34.6,35.35,34.49,34.8,34.56,0.24,0.6944,989894.55,3456763.749,0.4799,1.04,9.4506,1.5192,3.2541,2521984.5601,2062894.4429,1241481.2046,87765062.6915,71788726.6129
600036.SH,20200803,35.2,35.39,34.78,35.0,34.8,0.2,0.5747,1021858.0,3573570.193,0.4954,1.15,9.5049,1.5279,3.2728,2521984.5601,2062894.4429,1241481.2046,88269459.6035,72201305.5015
600036.SH,20200804,35.14,37.15,35.0,36.68,35.0,1.68,4.8,2354404.04,8524612.075,1.1413,2.58,9.9612,1.6013,3.4299,2521984.5601,2062894.4429,1241481.2046,92506393.6645,75666968.1656
600036.SH,20200805,36.4,36.66,35.81,36.3,36.68,-0.38,-1.036,1060659.7,3842397.076,0.5142,0.86,9.858,1.5847,3.3944,2521984.5601,2062894.4429,1241481.2046,91548039.5316,74883068.2773
600036.SH,20200806,36.43,37.33,36.34,37.02,36.3,0.72,1.9835,1252428.84,4621511.197,0.6071,1.01,10.0535,1.6161,3.4617,2521984.5601,2062894.4429,1241481.2046,93363868.4149,76368352.2762
600036.SH,20200807,36.88,36.88,36.2,36.61,37.02,-0.41,-1.1075,897954.14,3286449.488,0.4353,0.67,9.9422,1.5982,3.4234,2521984.5601,2062894.4429,1241481.2046,92329854.7453,75522565.5546
600036.SH,20200810,36.7,37.41,35.89,37.0,36.61,0.39,1.0653,1224481.39,4519789.796,0.5936,0.93,10.0481,1.6153,3.4599,2521984.5601,2062894.4429,1241481.2046,93313428.7237,76327094.3873
600036.SH,20200811,37.15,38.8,37.15,37.54,37.0,0.54,1.4595,1736382.83,6622998.622,0.8417,1.28,10.1947,1.6388,3.5104,2521984.5601,2062894.4429,1241481.2046,94675300.3862,77441057.3865
600036.SH,20200812,37.78,38.26,37.03,37.79,37.54,0.25,0.666,930036.91,3505241.801,0.4508,0.75,10.2626,1.6497,3.5337,2521984.5601,2062894.4429,1241481.2046,95305796.5262,77956780.9972
600036.SH,20200813,37.85,38.17,37.32,37.33,37.79,-0.46,-1.2173,640486.94,2413002.933,0.3105,0.53,10.1377,1.6297,3.4907,2521984.5601,2062894.4429,1241481.2046,94145683.6285,77007849.5535
600036.SH,20200814,37.33,38.08,37.26,38.0,37.33,0.67,1.7948,670657.45,2530430.882,0.3251,0.62,10.3196,1.6589,3.5534,2521984.5601,2062894.4429,1241481.2046,95835413.2838,78389988.8302
600036.SH,20200817,38.06,39.53,38.06,39.05,38.0,1.05,2.7632,1483090.43,5782809.861,0.7189,1.43,10.6048,1.7047,3.6516,2521984.5601,2062894.4429,1241481.2046,98483497.0719,80556027.9952
600036.SH,20200818,39.0,39.16,38.53,38.85,39.05,-0.2,-0.5122,573660.54,2225879.678,0.2781,0.53,10.5505,1.696,3.6329,2521984.5601,2062894.4429,1241481.2046,97979100.1599,80143449.1067
600036.SH,20200819,38.84,39.08,38.35,38.35,38.85,-0.5,-1.287,563936.94,2185921.384,0.2734,0.66,10.4147,1.6742,3.5861,2521984.5601,2062894.4429,1241481.2046,96718107.8798,79112001.8852
600036.SH,20200820,38.21,38.23,37.13,37.52,38.35,-0.83,-2.1643,734408.19,2759025.986,0.356,0.93,10.1893,1.638,3.5085,2521984.5601,2062894.4429,1241481.2046,94624860.695,77399799.4976
600036.SH,20200821,38.0,38.01,37.46,37.77,37.52,0.25,0.6663,561254.42,2115951.2,0.2721,0.7,10.2572,1.6489,3.5319,2521984.5601,2062894.4429,1241481.2046,95255356.835,77915523.1083
600036.SH,20200824,38.08,38.31,37.37,37.5,37.77,-0.27,-0.7149,620988.93,2346712.057,0.301,0.79,10.1839,1.6371,3.5066,2521984.5601,2062894.4429,1241481.2046,94574421.0038,77358541.6088
600036.SH,20200825,37.8,38.2,37.42,37.58,37.5,0.08,0.2133,545246.08,2056714.024,0.2643,0.89,10.2056,1.6406,3.5141,2521984.5601,2062894.4429,1241481.2046,94776179.7686,77523573.1642
600036.SH,20200826,37.7,37.89,37.01,37.23,37.58,-0.35,-0.9313,627000.22,2344833.013,0.3039,1.04,10.1105,1.6253,3.4814,2521984.5601,2062894.4429,1241481.2046,93893485.1725,76801560.1092
600036.SH,20200827,37.23,37.29,36.41,36.9,37.23,-0.33,-0.8864,574815.02,2112135.81,0.2786,0.93,10.0209,1.6109,3.4505,2521984.5601,2062894.4429,1241481.2046,93061230.2677,76120804.943
600036.SH,20200828,36.85,38.45,36.6,38.45,36.9,1.55,4.2005,1182941.77,4472784.976,0.5734,2.02,10.4418,1.6786,3.5954,2521984.5601,2062894.4429,1241481.2046,96970306.3358,79318291.3295
600036.SH,20200831,38.5,39.0,37.55,37.69,38.45,-0.76,-1.9766,1190313.65,4573760.872,0.577,1.68,10.2355,1.6454,3.5244,2521984.5601,2062894.4429,1241481.2046,95053598.0702,77750491.5529
600036.SH,20200901,37.46,37.7,37.01,37.42,37.69,-0.27,-0.7164,712759.36,2662847.632,0.3455,0.86,10.1621,1.7668,3.4991,2521984.5601,2062894.4429,1241481.2046,94372662.2389,77193510.0533
600036.SH,20200902,37.49,37.58,36.8,37.2,37.42,-0.22,-0.5879,797221.27,2960833.704,0.3865,0.93,10.1024,1.6511,3.4786,2521984.5601,2062894.4429,1241481.2046,93817825.6357,76739673.2759
600036.SH,20200903,37.12,37.43,36.76,36.98,37.2,-0.22,-0.5914,640479.56,2369898.817,0.3105,0.72,10.0426,1.5584,3.458,2521984.5601,2062894.4429,1241481.2046,93262989.0325,76285836.4984
600036.SH,20200904,36.63,36.89,36.35,36.8,36.98,-0.18,-0.4867,485437.21,1780424.306,0.2353,0.54,9.9938,1.5508,3.4412,2521984.5601,2062894.4429,1241481.2046,92809031.8117,75914515.4987
600036.SH,20200907,36.8,37.58,36.69,36.79,36.8,-0.01,-0.0272,616138.78,2285992.289,0.2987,0.81,9.991,1.5504,3.4402,2521984.5601,2062894.4429,1241481.2046,92783811.9661,75893886.5543
600036.SH,20200908,37.18,37.62,37.02,37.59,36.79,0.8,2.1745,683544.91,2558811.209,0.3314,1.05,10.2083,1.5841,3.515,2521984.5601,2062894.4429,1241481.2046,94801399.6142,77544202.1086
600036.SH,20200909,37.27,37.95,37.16,37.6,37.59,0.01,0.0266,605433.34,2276406.652,0.2935,0.94,10.211,1.5845,3.516,2521984.5601,2062894.4429,1241481.2046,94826619.4598,77564831.053
600036.SH,20200910,37.88,37.91,37.37,37.7,37.6,0.1,0.266,550146.07,2072364.501,0.2667,0.91,10.2382,1.5887,3.5253,2521984.5601,2062894.4429,1241481.2046,95078817.9158,77771120.4973
600036.SH,20200911,37.87,37.88,37.02,37.24,37.7,-0.46,-1.2202,553105.13,2064258.658,0.2681,0.94,10.1132,1.5693,3.4823,2521984.5601,2062894.4429,1241481.2046,93918705.0181,76822189.0536
600036.SH,20200914,37.4,37.58,37.07,37.35,37.24,0.11,0.2954,460239.97,1713839.187,0.2231,0.76,10.1431,1.574,3.4926,2521984.5601,2062894.4429,1241481.2046,94196123.3197,77049107.4423
600036.SH,20200915,37.26,38.09,37.23,37.9,37.35,0.55,1.4726,530804.95,2003397.793,0.2573,0.93,10.2925,1.5971,3.544,2521984.5601,2062894.4429,1241481.2046,95583214.8278,78183699.3859
600036.SH,20200916,37.96,38.3,37.78,38.06,37.9,0.16,0.4222,478874.82,1822671.349,0.2321,0.89,10.3359,1.6039,3.559,2521984.5601,2062894.4429,1241481.2046,95986732.3574,78513762.4968
600036.SH,20200917,38.1,38.47,37.85,37.87,38.06,-0.19,-0.4992,557713.54,2127941.227,0.2704,1.08,10.2843,1.5959,3.5412,2521984.5601,2062894.4429,1241481.2046,95507555.291,78121812.5526
600036.SH,20200918,37.85,38.99,37.8,38.99,37.87,1.12,2.9575,1081692.4,4177287.388,0.5244,2.0957,10.5885,1.6431,3.6459,2521984.5601,2062894.4429,1241481.2046,98332177.9983,80432254.3287
600036.SH,20200921,39.0,39.13,38.6,38.6,38.99,-0.39,-1.0003,501520.92,1945258.027,0.2431,0.81,10.4826,1.6266,3.6095,2521984.5601,2062894.4429,1241481.2046,97348604.0199,79627725.4959
600036.SH,20200922,38.5,38.6,37.74,37.88,38.6,-0.72,-1.8653,583116.89,2223417.612,0.2827,0.93,10.2871,1.5963,3.5421,2521984.5601,2062894.4429,1241481.2046,95532775.1366,78142441.4971
600036.SH,20200923,37.82,38.05,37.4,37.5,37.88,-0.38,-1.0032,430760.28,1621415.675,0.2088,0.67,10.1839,1.5803,3.5066,2521984.5601,2062894.4429,1241481.2046,94574421.0038,77358541.6088
600036.SH,20200924,37.35,37.35,36.9,37.06,37.5,-0.44,-1.1733,540279.75,2003636.08,0.2619,0.86,10.0644,1.5617,3.4655,2521984.5601,2062894.4429,1241481.2046,93464747.7973,76450868.0539
600036.SH,20200925,37.1,37.4,37.08,37.18,37.06,0.12,0.3238,352251.53,1312142.06,0.1708,0.56,10.097,1.5668,3.4767,2521984.5601,2062894.4429,1241481.2046,93767385.9445,76698415.387
600036.SH,20200928,37.2,37.65,37.05,37.25,37.18,0.07,0.1883,353244.76,1317478.208,0.1712,0.73,10.116,1.5697,3.4832,2521984.5601,2062894.4429,1241481.2046,93943924.8637,76842817.998
600036.SH,20200929,37.35,37.45,36.27,36.31,37.25,-0.94,-2.5235,796689.1,2920847.323,0.3862,1.76,9.8607,1.5301,3.3953,2521984.5601,2062894.4429,1241481.2046,91573259.3772,74903697.2217
600036.SH,20200930,36.3,36.57,35.8,36.0,36.31,-0.31,-0.8538,654660.59,2365489.193,0.3174,1.32,9.7765,1.5171,3.3663,2521984.5601,2062894.4429,1241481.2046,90791444.1636,74264199.9444
600036.SH,20201009,36.4,36.8,36.13,36.18,36.0,0.18,0.5,494724.33,1799276.678,0.2398,0.92,9.8254,1.5247,3.3832,2521984.5601,2062894.4429,1241481.2046,91245401.3844,74635520.9441
600036.SH,20201012,36.4,37.65,36.3,37.56,36.18,1.38,3.8143,998646.35,3712613.342,0.4841,1.88,10.2002,1.5828,3.5122,2521984.5601,2062894.4429,1241481.2046,94725740.0774,77482315.2753
600036.SH,20201013,37.48,38.01,37.13,37.79,37.56,0.23,0.6124,511415.6,1928053.924,0.2479,0.78,10.2626,1.5925,3.5337,2521984.5601,2062894.4429,1241481.2046,95305796.5262,77956780.9972
600036.SH,20201014,37.8,38.1,37.39,38.05,37.79,0.26,0.688,642940.15,2431581.141,0.3117,0.93,10.3332,1.6035,3.558,2521984.5601,2062894.4429,1241481.2046,95961512.5118,78493133.5523
600036.SH,20201015,38.14,39.23,38.05,39.01,38.05,0.96,2.523,1196657.2,4656771.635,0.5801,1.81,10.5939,1.6439,3.6478,2521984.5601,2062894.4429,1241481.2046,98382617.6895,80473512.2175
600036.SH,20201016,38.91,40.2,38.88,39.78,39.01,0.77,1.9739,1105895.8,4401811.725,0.5361,1.44,10.803,1.6764,3.7198,2521984.5601,2062894.4429,1241481.2046,100324545.8008,82061940.9386
600036.SH,20201019,40.29,41.55,39.89,39.99,39.78,0.21,0.5279,981546.59,3988837.84,0.4758,1.1,10.8601,1.6852,3.7395,2521984.5601,2062894.4429,1241481.2046,100854162.5584,82495148.7716
600036.SH,20201020,40.0,40.31,39.7,39.97,39.99,-0.02,-0.05,424368.36,1697045.434,0.2057,0.48,10.8546,1.6844,3.7376,2521984.5601,2062894.4429,1241481.2046,100803722.8672,82453890.8827
600036.SH,20201021,40.06,40.87,39.99,40.8,39.97,0.83,2.0766,541855.65,2193121.567,0.2627,0.62,11.08,1.7193,3.8152,2521984.5601,2062894.4429,1241481.2046,102896970.0521,84166093.2703
600036.SH,20201022,41.0,42.0,40.33,41.19,40.8,0.39,0.9559,644974.99,2649384.824,0.3127,0.76,11.1859,1.7358,3.8517,2521984.5601,2062894.4429,1241481.2046,103880544.0305,84970622.1031
600036.SH,20201023,40.91,42.1,40.86,41.22,41.19,0.03,0.0728,551833.62,2298420.661,0.2675,0.75,11.1941,1.737,3.8545,2521984.5601,2062894.4429,1241481.2046,103956203.5673,85032508.9363
600036.SH,20201026,41.66,41.66,40.08,40.62,41.22,-0.6,-1.4556,504540.0,2050594.686,0.2446,0.8,11.0312,1.7118,3.7984,2521984.5601,2062894.4429,1241481.2046,102443012.8313,83794772.2706
600036.SH,20201027,40.62,41.25,40.33,40.45,40.62,-0.17,-0.4185,458832.07,1867751.093,0.2224,0.86,10.985,1.7046,3.7825,2521984.5601,2062894.4429,1241481.2046,102014275.456,83444080.2153
600036.SH,20201028,40.63,41.08,39.61,40.1,40.45,-0.35,-0.8653,693557.12,2787606.058,0.3362,1.28,10.8899,1.6898,3.7497,2521984.5601,2062894.4429,1241481.2046,101131580.86,82722067.1603
600036.SH,20201029,39.75,40.86,39.67,40.19,40.1,0.09,0.2244,523070.34,2105440.052,0.2536,0.92,10.9144,1.6936,3.7582,2521984.5601,2062894.4429,1241481.2046,101358559.4704,82907727.6602
600036.SH,20201030,40.5,41.15,39.58,39.81,40.19,-0.38,-0.9455,438422.79,1766506.296,0.2125,0.8,10.8112,1.6776,3.7226,2521984.5601,2062894.4429,1241481.2046,100400205.3376,82123827.7718
600036.SH,20201102,40.49,40.7,39.18,40.25,39.81,0.44,1.1052,516927.98,2067738.931,0.2506,0.99,10.9307,1.6392,3.7638,2521984.5601,2062894.4429,1241481.2046,101509878.544,83031501.3267
600036.SH,20201103,40.7,42.1,40.7,41.24,40.25,0.99,2.4596,870690.16,3626910.913,0.4221,1.65,11.1995,1.6796,3.8563,2521984.5601,2062894.4429,1241481.2046,104006643.2585,85073766.8252
600036.SH,20201104,42.12,43.09,41.38,42.93,41.24,1.69,4.098,884500.85,3754732.975,0.4288,1.45,11.6585,1.7484,4.0144,2521984.5601,2062894.4429,1241481.2046,108268797.1651,88560058.4337
600036.SH,20201105,43.1,43.71,42.38,42.79,42.93,-0.14,-0.3261,680486.85,2918967.528,0.3299,1.05,11.6205,1.7427,4.0013,2521984.5601,2062894.4429,1241481.2046,107915719.3267,88271253.2117
600036.SH,20201106,42.8,42.85,42.09,42.48,42.79,-0.31,-0.7245,463645.47,1969073.126,0.2248,0.68,11.5363,1.7301,3.9723,2521984.5601,2062894.4429,1241481.2046,107133904.113,87631755.9344
600036.SH,20201109,42.99,43.47,42.6,43.03,42.48,0.55,1.2947,497141.62,2138628.747,0.241,0.73,11.6856,1.7525,4.0237,2521984.5601,2062894.4429,1241481.2046,108520995.6211,88766347.878
600036.SH,20201110,43.77,44.38,43.4,43.72,43.03,0.69,1.6035,562079.25,2461059.112,0.2725,0.83,11.873,1.7806,4.0882,2521984.5601,2062894.4429,1241481.2046,110261164.9676,90189745.0436
600036.SH,20201111,44.0,44.35,43.51,44.35,43.72,0.63,1.441,526969.72,2322161.018,0.2555,0.85,12.0441,1.8062,4.1472,2521984.5601,2062894.4429,1241481.2046,111850015.2404,91489368.5426
600036.SH,20201112,44.0,44.44,43.35,43.58,44.35,-0.77,-1.7362,471594.35,2059661.759,0.2286,0.86,11.835,1.7749,4.0752,2521984.5601,2062894.4429,1241481.2046,109908087.1292,89900939.8216
600036.SH,20201113,43.2,43.2,41.81,42.58,43.58,-1.0,-2.2946,544862.9,2309702.717,0.2641,1.08,11.5634,1.7341,3.9816,2521984.5601,2062894.4429,1241481.2046,107386102.5691,87838045.3787
600036.SH,20201116,42.95,43.1,42.65,43.0,42.58,0.42,0.9864,389431.99,1669941.865,0.1888,0.75,11.6775,1.7512,4.0209,2521984.5601,2062894.4429,1241481.2046,108445336.0843,88704461.0447
600036.SH,20201117,43.0,44.0,42.8,43.84,43.0,0.84,1.9535,472856.2,2065231.454,0.2292,0.95,11.9056,1.7854,4.0995,2521984.5601,2062894.4429,1241481.2046,110563803.1148,90437292.3767
600036.SH,20201118,43.6,45.0,43.41,44.75,43.84,0.91,2.0757,628202.15,2797752.552,0.3045,1.31,12.1527,1.8225,4.1846,2521984.5601,2062894.4429,1241481.2046,112858809.0645,92314526.3198
600036.SH,20201119,44.53,45.0,43.99,44.87,44.75,0.12,0.2682,477341.74,2128954.044,0.2314,0.95,12.1853,1.8274,4.1958,2521984.5601,2062894.4429,1241481.2046,113161447.2117,92562073.6529
600036.SH,20201120,44.76,45.3,44.51,45.05,44.87,0.18,0.4012,314687.57,1414292.248,0.1525,0.63,12.2342,1.8347,4.2126,2521984.5601,2062894.4429,1241481.2046,113615404.4325,92933394.6526
600036.SH,20201123,45.05,45.58,44.82,45.4,45.05,0.35,0.7769,584621.13,2647101.184,0.2834,1.28,12.3293,1.849,4.2453,2521984.5601,2062894.4429,1241481.2046,114498099.0285,93655407.7077
600036.SH,20201124,45.0,45.3,44.53,44.87,45.4,-0.53,-1.1674,399467.34,1793220.437,0.1936,0.81,12.1853,1.8274,4.1958,2521984.5601,2062894.4429,1241481.2046,113161447.2117,92562073.6529
600036.SH,20201125,45.52,45.57,44.17,44.43,44.87,-0.44,-0.9806,378072.49,1694470.963,0.1833,0.79,12.0658,1.8095,4.1546,2521984.5601,2062894.4429,1241481.2046,112051774.0052,91654400.098
600036.SH,20201126,44.47,45.38,44.47,45.09,44.43,0.66,1.4855,351534.29,1584282.516,0.1704,0.82,12.2451,1.8363,4.2164,2521984.5601,2062894.4429,1241481.2046,113716283.8149,93015910.4304
600036.SH,20201127,45.4,45.97,44.7,45.85,45.09,0.76,1.6855,446077.7,2024963.455,0.2162,1.1,12.4515,1.8673,4.2874,2521984.5601,2062894.4429,1241481.2046,115632992.0806,94583710.207
600036.SH,20201130,45.85,47.77,44.03,44.2,45.85,-1.65,-3.5987,1153601.81,5291989.606,0.5592,2.67,12.0034,1.8001,4.1331,2521984.5601,2062894.4429,1241481.2046,111471717.5564,91179934.3762
600036.SH,20201201,44.4,46.55,44.39,46.2,44.2,2.0,4.5249,780727.87,3559778.622,0.3785,1.43,12.5465,1.8816,4.3201,2521984.5601,2062894.4429,1241481.2046,116515686.6766,95305723.262
600036.SH,20201202,46.0,47.03,45.26,46.8,46.2,0.6,1.2987,619943.58,2864114.257,0.3005,1.0,12.7095,1.906,4.3763,2521984.5601,2062894.4429,1241481.2046,118028877.4127,96543459.9277
600036.SH,20201203,46.75,47.1,45.5,46.49,46.8,-0.31,-0.6624,502375.89,2317794.756,0.2435,0.75,12.6253,1.8934,4.3473,2521984.5601,2062894.4429,1241481.2046,117247062.199,95903962.6504
600036.SH,20201204,46.47,46.6,45.11,45.78,46.49,-0.71,-1.5272,461155.43,2099378.091,0.2235,0.66,12.4325,1.8645,4.2809,2521984.5601,2062894.4429,1241481.2046,115456453.1614,94439307.596
600036.SH,20201207,45.7,45.75,44.1,44.42,45.78,-1.36,-2.9707,704825.24,3138039.091,0.3417,1.0,12.0631,1.8091,4.1537,2521984.5601,2062894.4429,1241481.2046,112026554.1596,91633771.1536
600036.SH,20201208,44.39,44.76,44.0,44.26,44.42,-0.16,-0.3602,377167.35,1671238.316,0.1828,0.61,12.0197,1.8025,4.1387,2521984.5601,2062894.4429,1241481.2046,111623036.63,91303708.0428
600036.SH,20201209,44.37,44.93,44.22,44.24,44.26,-0.02,-0.0452,375194.56,1672113.664,0.1819,0.7,12.0142,1.8017,4.1369,2521984.5601,2062894.4429,1241481.2046,111572596.9388,91262450.1539
600036.SH,20201210,44.04,44.63,43.8,44.28,44.24,0.04,0.0904,368873.55,1630166.599,0.1788,0.76,12.0251,1.8034,4.1406,2521984.5601,2062894.4429,1241481.2046,111673476.3212,91344965.9316
600036.SH,20201211,44.25,44.27,42.68,42.68,44.28,-1.6,-3.6134,771435.25,3347336.214,0.374,1.69,11.5906,1.7382,3.991,2521984.5601,2062894.4429,1241481.2046,107638301.0251,88044334.823
600036.SH,20201214,43.32,44.66,43.32,44.37,42.68,1.69,3.9597,607427.01,2686115.499,0.2945,1.17,12.0495,1.807,4.149,2521984.5601,2062894.4429,1241481.2046,111900454.9316,91530626.4315
600036.SH,20201215,44.45,44.94,43.44,44.35,44.37,-0.02,-0.0451,438792.26,1936658.509,0.2127,0.88,12.0441,1.8062,4.1472,2521984.5601,2062894.4429,1241481.2046,111850015.2404,91489368.5426
600036.SH,20201216,44.79,44.85,43.88,44.06,44.35,-0.29,-0.6539,367902.0,1628021.247,0.1783,0.72,11.9654,1.7944,4.12,2521984.5601,2062894.4429,1241481.2046,111118639.718,90891129.1542
600036.SH,20201217,43.9,44.17,43.35,44.05,44.06,-0.01,-0.0227,502329.03,2199570.321,0.2435,0.98,11.9626,1.794,4.1191,2521984.5601,2062894.4429,1241481.2046,111093419.8724,90870500.2097
600036.SH,20201218,44.09,44.39,42.8,43.1,44.05,-0.95,-2.1566,760599.93,3296589.099,0.3687,1.41,11.7046,1.7553,4.0303,2521984.5601,2062894.4429,1241481.2046,108697534.5403,88910750.489
600036.SH,20201221,43.04,43.15,42.31,42.89,43.1,-0.21,-0.4872,623850.9,2674269.716,0.3024,1.17,11.6476,1.7468,4.0106,2521984.5601,2062894.4429,1241481.2046,108167917.7827,88477542.656
600036.SH,20201222,42.99,43.0,41.87,41.91,42.89,-0.98,-2.2849,784686.07,3320101.849,0.3804,1.46,11.3815,1.7068,3.919,2521984.5601,2062894.4429,1241481.2046,105696372.9138,86455906.1019
600036.SH,20201223,41.71,42.41,41.71,42.32,41.91,0.41,0.9783,711819.93,3004166.815,0.3451,1.17,11.4928,1.7235,3.9573,2521984.5601,2062894.4429,1241481.2046,106730386.5834,87301692.8235
600036.SH,20201224,42.35,43.1,42.32,42.57,42.32,0.25,0.5907,482110.14,2055723.701,0.2337,0.71,11.5607,1.7337,3.9807,2521984.5601,2062894.4429,1241481.2046,107360882.7235,87817416.4343
600036.SH,20201225,42.55,42.9,41.98,42.72,42.57,0.15,0.3524,476731.97,2023487.304,0.2311,0.71,11.6014,1.7398,3.9947,2521984.5601,2062894.4429,1241481.2046,107739180.4075,88126850.6007
600036.SH,20201228,42.75,43.32,42.23,43.04,42.72,0.32,0.7491,841409.01,3600599.046,0.4079,1.37,11.6884,1.7529,4.0247,2521984.5601,2062894.4429,1241481.2046,108546215.4667,88786976.8224
600036.SH,20201229,43.26,43.29,42.65,42.83,43.04,-0.21,-0.4879,727147.56,3118082.06,0.3525,1.1,11.6313,1.7443,4.005,2521984.5601,2062894.4429,1241481.2046,108016598.7091,88353768.9894
600036.SH,20201230,42.87,43.05,41.9,43.05,42.83,0.22,0.5137,933496.43,3963394.42,0.4525,1.44,11.6911,1.7533,4.0256,2521984.5601,2062894.4429,1241481.2046,108571435.3123,88807605.7668
600036.SH,20201231,43.05,44.35,42.85,43.95,43.05,0.9,2.0906,891199.21,3909432.878,0.432,1.29,11.9355,1.7899,4.1098,2521984.5601,2062894.4429,1241481.2046,110841221.4164,90664210.7655
600036.SH,20210104,43.23,43.78,42.02,43.17,43.95,-0.78,-1.7747,1549522.85,6608868.849,0.7511,2.0,11.7237,1.7582,4.0368,2521984.5601,2062894.4429,1241481.2046,108874073.4595,89055153.1
600036.SH,20210105,42.76,42.8,41.44,42.18,43.17,-0.99,-2.2933,1387176.99,5809639.049,0.6724,1.4,11.4548,1.7178,3.9442,2521984.5601,2062894.4429,1241481.2046,106377308.745,87012887.6015
600036.SH,20210106,42.1,44.2,42.0,44.15,42.18,1.97,4.6705,1200645.63,5188622.737,0.582,1.09,11.9898,1.7981,4.1285,2521984.5601,2062894.4429,1241481.2046,111345618.3284,91076789.654
600036.SH,20210107,44.29,45.97,44.26,45.9,44.15,1.75,3.9638,1078321.87,4869741.128,0.5227,0.9,12.465,1.8693,4.2921,2521984.5601,2062894.4429,1241481.2046,115759091.3086,94686854.9291
600036.SH,20210108,46.29,47.02,45.81,46.6,45.9,0.7,1.5251,1299594.81,6021482.985,0.63,1.06,12.6551,1.8978,4.3576,2521984.5601,2062894.4429,1241481.2046,117524480.5007,96130881.0391
600036.SH,20210111,46.58,49.17,46.49,48.42,46.6,1.82,3.9056,1445233.56,6992740.146,0.7006,1.11,13.1494,1.972,4.5277,2521984.5601,2062894.4429,1241481.2046,122114492.4,99885348.9252
600036.SH,20210112,48.55,50.05,47.56,49.7,48.42,1.28,2.6435,1044485.91,5103986.009,0.5063,0.81,13.497,2.0241,4.6474,2521984.5601,2062894.4429,1241481.2046,125342632.637,102525853.8121
600036.SH,20210113,49.31,49.98,48.88,49.4,49.7,-0.3,-0.6036,649109.79,3207741.653,0.3147,0.53,13.4155,2.0119,4.6194,2521984.5601,2062894.4429,1241481.2046,124586037.2689,101906985.4793
600036.SH,20210114,49.4,50.08,48.56,49.05,49.4,-0.35,-0.7085,703770.99,3467710.708,0.3412,0.64,13.3205,1.9976,4.5867,2521984.5601,2062894.4429,1241481.2046,123703342.6729,101184972.4242
600036.SH,20210115,50.5,53.89,50.48,51.14,49.05,2.09,4.261,1775745.22,9232542.839,0.8608,1.73,13.8881,1.782,4.7821,2521984.5601,2062894.4429,1241481.2046,128974290.4035,105496421.8099
600036.SH,20210118,51.5,53.08,51.2,51.92,51.14,0.78,1.5252,1237641.6,6463924.98,0.6,1.1,14.0999,1.8092,4.855,2521984.5601,2062894.4429,1241481.2046,130941438.3604,107105479.4754
600036.SH,20210119,52.3,53.23,51.49,51.85,51.92,-0.07,-0.1348,901880.02,4710719.576,0.4372,0.83,14.0809,1.8068,4.8485,2521984.5601,2062894.4429,1241481.2046,130764899.4412,106961076.8644
600036.SH,20210120,52.1,53.12,50.99,51.72,51.85,-0.13,-0.2507,792281.18,4123860.428,0.3841,0.75,14.0456,1.8022,4.8363,2521984.5601,2062894.4429,1241481.2046,130437041.4484,106692900.5868
600036.SH,20210121,52.97,53.5,52.15,52.64,51.72,0.92,1.7788,736714.59,3886756.922,0.3571,0.68,14.2954,1.8343,4.9224,2521984.5601,2062894.4429,1241481.2046,132757267.2437,108590763.4743
600036.SH,20210122,52.85,52.85,51.0,51.64,52.64,-1.0,-1.8997,870001.32,4492606.303,0.4217,0.8,14.0238,1.7994,4.8288,2521984.5601,2062894.4429,1241481.2046,130235282.6836,106527869.0314
600036.SH,20210125,51.1,52.46,50.1,52.11,51.64,0.47,0.9101,865362.06,4438842.57,0.4195,0.95,14.1515,1.8158,4.8728,2521984.5601,2062894.4429,1241481.2046,131420615.4268,107497429.4195
600036.SH,20210126,52.0,53.1,51.0,51.4,52.11,-0.71,-1.3625,601175.33,3126374.838,0.2914,0.72,13.9587,1.7911,4.8064,2521984.5601,2062894.4429,1241481.2046,129630006.3891,106032774.3651
600036.SH,20210127,51.61,52.9,51.61,52.0,51.4,0.6,1.1673,609231.56,3187049.336,0.2953,0.79,14.1216,1.812,4.8625,2521984.5601,2062894.4429,1241481.2046,131143197.1252,107270511.0308
600036.SH,20210128,51.0,51.75,50.8,51.61,52.0,-0.39,-0.75,523869.51,2684963.891,0.2539,0.71,14.0157,1.7984,4.826,2521984.5601,2062894.4429,1241481.2046,130159623.1468,106465982.1981
600036.SH,20210129,52.18,52.46,50.81,51.1,51.61,-0.51,-0.9882,621489.14,3211002.062,0.3013,0.9,13.8772,1.7806,4.7783,2521984.5601,2062894.4429,1241481.2046,128873411.0211,105413906.0322
600036.SH,20210201,51.0,52.78,50.48,52.4,51.1,1.3,2.544,796625.87,4125446.256,0.3862,1.24,14.2302,2.0659,4.8999,2521984.5601,2062894.4429,1241481.2046,132151990.9492,108095668.808
600036.SH,20210202,52.35,52.8,51.6,51.97,52.4,-0.43,-0.8206,720305.53,3752480.883,0.3492,1.14,14.1135,2.0489,4.8597,2521984.5601,2062894.4429,1241481.2046,131067537.5884,107208624.1975
600036.SH,20210203,52.07,54.0,51.49,53.05,51.97,1.08,2.0781,765876.06,4045314.776,0.3713,1.17,14.4068,1.8486,4.9607,2521984.5601,2062894.4429,1241481.2046,133791280.9133,109436550.1958
600036.SH,20210204,52.87,55.2,52.61,53.5,53.05,0.45,0.8483,969109.77,5229905.917,0.4698,1.41,14.529,1.8643,5.0028,2521984.5601,2062894.4429,1241481.2046,134926173.9654,110364852.6952
600036.SH,20210205,54.06,55.94,53.7,54.74,53.5,1.24,2.3178,1151577.54,6315430.525,0.5582,1.49,14.8657,1.9075,5.1187,2521984.5601,2062894.4429,1241481.2046,138053434.8199,112922841.8043
600036.SH,20210208,55.19,55.6,53.69,55.26,54.74,0.52,0.9499,816377.76,4479792.762,0.3957,0.93,15.0069,1.9256,5.1673,2521984.5601,2062894.4429,1241481.2046,139364866.7911,113995546.9147
600036.SH,20210209,55.38,55.38,54.25,55.26,55.26,0.0,0.0,619005.27,3393598.043,0.3001,0.7,15.0069,1.9256,5.1673,2521984.5601,2062894.4429,1241481.2046,139364866.7911,113995546.9147
600036.SH,20210210,56.3,56.4,53.95,54.55,55.26,-0.71,-1.2848,753507.67,4135201.064,0.3653,0.87,14.8141,1.9009,5.101,2521984.5601,2062894.4429,1241481.2046,137574257.7535,112530891.8602
600036.SH,20210218,55.65,57.6,55.19,55.69,54.55,1.14,2.0898,1070913.22,6013345.25,0.5191,1.24,15.1237,1.9406,5.2076,2521984.5601,2062894.4429,1241481.2046,140449320.152,114882591.5251
600036.SH,20210219,55.65,56.71,54.88,55.2,55.69,-0.49,-0.8799,710181.64,3948306.737,0.3443,0.8,14.9906,1.9235,5.1617,2521984.5601,2062894.4429,1241481.2046,139213547.7175,113871773.2481
600036.SH,20210222,55.27,55.74,53.36,54.2,55.2,-1.0,-1.8116,801511.45,4368565.094,0.3885,1.01,14.7191,1.8887,5.0682,2521984.5601,2062894.4429,1241481.2046,136691563.1574,111808878.8052
600036.SH,20210223,54.29,56.73,54.2,55.55,54.2,1.35,2.4908,952991.02,5306140.313,0.462,1.2,15.0857,1.9357,5.1945,2521984.5601,2062894.4429,1241481.2046,140096242.3136,114593786.3031
600036.SH,20210224,55.85,55.85,52.85,53.6,55.55,-1.95,-3.5104,844322.26,4578242.27,0.4093,0.98,14.5561,1.8677,5.0121,2521984.5601,2062894.4429,1241481.2046,135178372.4214,110571142.1394
600036.SH,20210225,54.5,55.5,53.91,54.45,53.6,0.85,1.5858,886187.27,4843039.32,0.4296,1.01,14.787,1.8974,5.0916,2521984.5601,2062894.4429,1241481.2046,137322059.2974,112324602.4159
600036.SH,20210226,53.6,54.45,50.86,51.1,54.45,-3.35,-6.1524,1327288.76,6911104.094,0.6434,1.58,13.8772,1.7806,4.7783,2521984.5601,2062894.4429,1241481.2046,128873411.0211,105413906.0322
600036.SH,20210301,51.11,51.3,50.03,50.39,51.1,-0.71,-1.3894,894183.63,4510517.394,0.4335,0.93,13.6844,1.7559,4.712,2521984.5601,2062894.4429,1241481.2046,127082801.9834,103949250.9777
600036.SH,20210302,50.86,50.9,49.01,49.55,50.39,-0.84,-1.667,1007786.21,5025206.694,0.4885,1.03,13.4563,1.7266,4.6334,2521984.5601,2062894.4429,1241481.2046,124964334.953,102216419.6457
600036.SH,20210303,50.0,52.98,49.6,52.77,49.55,3.22,6.4985,1315933.15,6834019.524,0.6379,1.33,14.3307,1.8388,4.9345,2521984.5601,2062894.4429,1241481.2046,133085125.2365,108858939.7518
600036.SH,20210304,52.19,53.88,52.0,52.4,52.77,-0.37,-0.7012,833039.04,4396029.829,0.4038,0.77,14.2302,1.8259,4.8999,2521984.5601,2062894.4429,1241481.2046,132151990.9492,108095668.808
600036.SH,20210305,51.9,52.39,50.11,51.4,52.4,-1.0,-1.9084,735195.85,3762062.419,0.3564,0.68,13.9587,1.7911,4.8064,2521984.5601,2062894.4429,1241481.2046,129630006.3891,106032774.3651
600036.SH,20210308,51.59,51.98,49.7,49.93,51.4,-1.47,-2.8599,698137.59,3534603.526,0.3384,0.73,13.5595,1.7399,4.6689,2521984.5601,2062894.4429,1241481.2046,125922689.0858,103000319.534
600036.SH,20210309,50.02,50.98,48.18,48.5,49.93,-1.43,-2.864,983222.45,4876616.396,0.4766,1.07,13.1711,1.69,4.5352,2521984.5601,2062894.4429,1241481.2046,122316251.1649,100050380.4807
600036.SH,20210310,49.01,50.0,48.55,49.25,48.5,0.75,1.5464,675909.93,3327792.628,0.3277,0.74,13.3748,1.7162,4.6054,2521984.5601,2062894.4429,1241481.2046,124207739.5849,101597551.3128
600036.SH,20210311,50.0,52.25,50.0,51.97,49.25,2.72,5.5228,904210.33,4672612.626,0.4383,1.15,14.1135,1.8109,4.8597,2521984.5601,2062894.4429,1241481.2046,131067537.5884,107208624.1975
600036.SH,20210312,52.35,53.39,52.13,53.32,51.97,1.35,2.5977,855807.53,4537887.852,0.4149,1.07,14.4801,1.858,4.9859,2521984.5601,2062894.4429,1241481.2046,134472216.7445,109993531.6954
600036.SH,20210315,52.98,54.79,52.64,53.11,53.32,-0.21,-0.3938,939319.16,5037471.575,0.4553,1.14,14.4231,1.8507,4.9663,2521984.5601,2062894.4429,1241481.2046,133942599.9869,109560323.8624
600036.SH,20210316,53.9,55.25,53.5,54.32,53.11,1.21,2.2783,697162.76,3799354.094,0.338,0.8,14.7517,1.8928,5.0794,2521984.5601,2062894.4429,1241481.2046,136994201.3046,112056426.1383
600036.SH,20210317,53.95,54.32,53.3,53.4,54.32,-0.92,-1.6937,532314.61,2856041.089,0.258,0.65,14.5018,1.8608,4.9934,2521984.5601,2062894.4429,1241481.2046,134673975.5093,110158563.2509
600036.SH,20210318,53.3,54.3,52.9,54.24,53.4,0.84,1.573,482793.11,2590798.83,0.234,0.61,14.7299,1.89,5.072,2521984.5601,2062894.4429,1241481.2046,136792442.5398,111891394.5829
600036.SH,20210319,54.02,54.46,51.54,51.76,54.24,-2.48,-4.5723,776283.61,4073645.28,0.3763,1.11,14.0564,1.8036,4.8401,2521984.5601,2062894.4429,1241481.2046,130537920.8308,106775416.3645
600036.SH,20210322,52.2,54.72,52.1,53.78,51.76,2.02,3.9026,791695.31,4252611.119,0.3838,1.15,13.9336,2.1203,4.6692,2521984.5601,2062894.4429,1241481.2046,135632329.6422,110942463.1392
600036.SH,20210323,53.89,54.45,52.82,53.48,53.78,-0.3,-0.5578,595922.61,3187582.328,0.2889,0.91,13.8559,2.1084,4.6432,2521984.5601,2062894.4429,1576474.4981,134875734.2741,110323594.8063
600036.SH,20210324,53.96,54.0,51.62,52.2,53.48,-1.28,-2.3934,575013.14,3013081.502,0.2787,0.9,13.5242,2.058,4.532,2521984.5601,2062894.4429,1576474.4981,131647594.0372,107683089.9194
600036.SH,20210325,52.66,52.89,50.56,51.01,52.2,-1.19,-2.2797,784538.3,4014068.059,0.3803,1.22,13.2159,2.0111,4.4287,2521984.5601,2062894.4429,1576474.4981,128646432.4107,105228245.5323
600036.SH,20210326,51.45,51.82,50.73,51.6,51.01,0.59,1.1566,709475.25,3643743.955,0.3439,1.01,13.3688,2.0343,4.4799,2521984.5601,2062894.4429,1576474.4981,130134403.3012,106445353.2536
600036.SH,20210329,51.7,51.8,50.55,50.94,51.6,-0.66,-1.2791,779803.62,3969007.334,0.378,1.13,13.1978,2.0083,4.4226,2521984.5601,2062894.4429,1576474.4981,128469893.4915,105083842.9213
600036.SH,20210330,51.1,51.56,50.43,51.56,50.94,0.62,1.2171,569402.02,2902290.112,0.276,0.83,13.3584,2.0327,4.4765,2521984.5601,2062894.4429,1576474.4981,130033523.9188,106362837.4759
600036.SH,20210331,51.5,51.5,50.14,51.1,51.56,-0.46,-0.8922,521649.54,2652348.781,0.2529,0.76,13.2392,2.0146,4.4365,2521984.5601,2062894.4429,1576474.4981,128873411.0211,105413906.0322
600036.SH,20210401,51.09,51.28,50.7,51.05,51.1,-0.05,-0.0978,337194.69,1718217.148,0.1635,0.5,13.2263,2.0126,4.4322,2521984.5601,2062894.4429,1576474.4981,128747311.7931,105310761.31
600036.SH,20210402,51.18,51.25,50.65,50.95,51.05,-0.1,-0.1959,411534.22,2093013.199,0.1995,0.71,13.2004,2.0087,4.4235,2521984.5601,2062894.4429,1576474.4981,128495113.3371,105104471.8658
600036.SH,20210406,51.1,51.83,50.8,50.99,50.95,0.04,0.0785,444002.01,2275875.718,0.2152,0.85,13.2107,2.0103,4.427,2521984.5601,2062894.4429,1576474.4981,128595992.7195,105186987.6435
600036.SH,20210407,51.15,51.15,50.02,50.43,50.99,-0.56,-1.0983,500610.23,2520490.066,0.2427,1.1,13.0657,1.9882,4.3784,2521984.5601,2062894.4429,1576474.4981,127183681.3658,104031766.7554
600036.SH,20210408,50.2,50.63,50.05,50.5,50.43,0.07,0.1388,295010.67,1486758.655,0.143,0.67,13.0838,1.9909,4.3844,2521984.5601,2062894.4429,1576474.4981,127360220.2851,104176169.3665
600036.SH,20210409,50.72,50.72,49.86,50.25,50.5,-0.25,-0.495,315068.34,1578603.909,0.1527,0.79,13.019,1.9811,4.3627,2521984.5601,2062894.4429,1576474.4981,126729724.145,103660445.7557
600036.SH,20210412,50.29,50.65,49.69,50.46,50.25,0.21,0.4179,414742.39,2082171.992,0.201,1.05,13.0734,1.9894,4.381,2521984.5601,2062894.4429,1576474.4981,127259340.9026,104093653.5887
600036.SH,20210413,50.5,51.2,49.94,50.32,50.46,-0.14,-0.2774,490398.95,2476556.21,0.2377,1.25,13.0372,1.9839,4.3688,2521984.5601,2062894.4429,1576474.4981,126906263.0642,103804848.3667
600036.SH,20210414,50.58,50.6,49.28,49.7,50.32,-0.62,-1.2321,554383.53,2758186.625,0.2687,1.38,12.8765,1.9594,4.315,2521984.5601,2062894.4429,1576474.4981,125342632.637,102525853.8121
600036.SH,20210415,49.72,49.98,48.28,49.44,49.7,-0.26,-0.5231,572965.14,2810517.787,0.2777,1.38,12.8092,1.9492,4.2924,2521984.5601,2062894.4429,1576474.4981,124686916.6513,101989501.257
600036.SH,20210416,49.72,49.85,49.09,49.74,49.44,0.3,0.6068,315583.44,1563464.005,0.153,0.67,12.8869,1.961,4.3185,2521984.5601,2062894.4429,1576474.4981,125443512.0194,102608369.5898
600036.SH,20210419,49.9,51.78,49.5,51.77,49.74,2.03,4.0812,679320.61,3476651.827,0.3293,1.45,13.4128,2.041,4.4947,2521984.5601,2062894.4429,1576474.4981,130563140.6764,106796045.3089
600036.SH,20210420,51.01,52.19,51.01,51.99,51.77,0.22,0.425,355744.07,1842179.46,0.1724,0.68,13.4698,2.0497,4.5138,2521984.5601,2062894.4429,1576474.4981,131117977.2796,107249882.0864
600036.SH,20210421,52.06,53.19,52.03,52.89,51.99,0.9,1.7311,524463.6,2758929.437,0.2542,1.06,13.703,2.0852,4.5919,2521984.5601,2062894.4429,1576474.4981,133387763.3837,109106487.085
600036.SH,20210422,52.89,53.3,52.17,52.61,52.89,-0.28,-0.5294,429270.78,2255144.62,0.2081,0.88,13.6305,2.0741,4.5676,2521984.5601,2062894.4429,1576474.4981,132681607.7069,108528876.641
600036.SH,20210423,52.7,53.5,52.31,53.3,52.61,0.69,1.3115,471049.18,2495321.515,0.2283,1.02,13.8092,2.1013,4.6275,2521984.5601,2062894.4429,1576474.4981,134421777.0533,109952273.8066
600036.SH,20210426,54.0,54.5,51.7,52.07,53.3,-1.23,-2.3077,916257.41,4814829.661,0.4442,1.86,13.4906,1.9569,4.5208,2521984.5601,2062894.4429,1241481.2046,131319736.0444,107414913.6418
600036.SH,20210427,51.95,52.43,51.58,52.07,52.07,0.0,0.0,363299.22,1890139.553,0.1761,0.67,13.4906,1.9569,4.5208,2521984.5601,2062894.4429,1241481.2046,131319736.0444,107414913.6418
600036.SH,20210428,52.2,52.38,51.48,51.76,52.07,-0.31,-0.5954,389855.43,2019590.447,0.189,0.72,13.4102,1.9453,4.4938,2521984.5601,2062894.4429,1241481.2046,130537920.8308,106775416.3645
600036.SH,20210429,52.0,53.35,51.29,53.28,51.76,1.52,2.9366,552745.44,2913105.773,0.2679,1.08,13.804,2.0024,4.6258,2521984.5601,2062894.4429,1241481.2046,134371337.3621,109911015.9177
600036.SH,20210430,52.8,53.18,51.81,52.7,53.28,-0.58,-1.0886,450688.41,2370742.204,0.2185,0.84,13.6538,1.9806,4.5754,2521984.5601,2062894.4429,1241481.2046,132908586.3173,108714537.1408
600036.SH,20210506,52.7,54.38,52.48,53.67,52.7,0.97,1.8406,638352.9,3432136.281,0.3094,1.19,13.9051,2.0171,4.6597,2521984.5601,2062894.4429,1241481.2046,135354911.3406,110715544.7504
600036.SH,20210507,53.88,55.2,53.31,54.18,53.67,0.51,0.9503,723683.76,3943891.332,0.3508,1.51,14.0372,2.0362,4.7039,2521984.5601,2062894.4429,1241481.2046,136641123.4662,111767620.9163
600036.SH,20210510,54.2,54.25,53.01,53.9,54.18,-0.28,-0.5168,492240.48,2630309.849,0.2386,0.89,13.9647,2.0257,4.6796,2521984.5601,2062894.4429,1241481.2046,135934967.7894,111190010.4723
600036.SH,20210511,53.45,54.15,53.28,53.84,53.9,-0.06,-0.1113,328533.12,1767435.334,0.1593,0.57,13.9491,2.0234,4.6744,2521984.5601,2062894.4429,1241481.2046,135783648.7158,111066236.8057
600036.SH,20210512,53.85,54.65,53.07,53.69,53.84,-0.15,-0.2786,317496.77,1708649.722,0.1539,0.6,13.9103,2.0178,4.6614,2521984.5601,2062894.4429,1241481.2046,135405351.0318,110756802.6393
600036.SH,20210513,53.49,54.45,52.84,53.2,53.69,-0.49,-0.9126,391205.53,2085332.075,0.1896,0.78,13.7833,1.9994,4.6189,2521984.5601,2062894.4429,1241481.2046,134169578.5973,109745984.3623
600036.SH,20210514,53.49,55.0,52.8,54.98,53.2,1.78,3.3459,578814.21,3127193.937,0.2806,1.28,14.2445,2.0663,4.7734,2521984.5601,2062894.4429,1241481.2046,138658711.1143,113417936.4706
600036.SH,20210517,55.0,56.49,54.65,55.65,54.98,0.67,1.2186,526684.25,2933378.115,0.2553,1.25,14.4181,2.0915,4.8316,2521984.5601,2062894.4429,1241481.2046,140348440.7696,114800075.7474
600036.SH,20210518,55.98,56.39,55.7,55.95,55.65,0.3,0.5391,293351.18,1642178.93,0.1422,0.68,14.4958,2.1027,4.8576,2521984.5601,2062894.4429,1241481.2046,141105036.1376,115418944.0803
600036.SH,20210519,56.0,56.08,54.51,54.8,55.95,-1.15,-2.0554,357293.44,1966656.369,0.1732,0.85,14.1979,2.0595,4.7578,2521984.5601,2062894.4429,1241481.2046,138204753.8935,113046615.4709
600036.SH,20210520,55.1,55.52,54.32,55.47,54.8,0.67,1.2226,342104.77,1881019.546,0.1658,0.8,14.3714,2.0847,4.8159,2521984.5601,2062894.4429,1241481.2046,139894483.5487,114428754.7477
600036.SH,20210521,55.87,55.9,53.8,54.11,55.47,-1.36,-2.4518,514864.55,2800730.344,0.2496,1.23,14.0191,2.0336,4.6979,2521984.5601,2062894.4429,1241481.2046,136464584.547,111623218.3053
600036.SH,20210524,54.2,54.7,53.77,54.08,54.11,-0.03,-0.0554,445399.14,2409885.276,0.2159,1.09,14.0113,2.0325,4.6953,2521984.5601,2062894.4429,1241481.2046,136388925.0102,111561331.472
600036.SH,20210525,54.19,57.62,53.93,57.55,54.08,3.47,6.4164,968502.04,5452025.418,0.4695,2.48,14.9103,2.1629,4.9965,2521984.5601,2062894.4429,1241481.2046,145140211.4338,118719575.1889
600036.SH,20210526,57.65,58.56,57.61,58.5,57.55,0.95,1.6507,613061.69,3565788.679,0.2972,1.17,15.1565,2.1986,5.079,2521984.5601,2062894.4429,1241481.2046,147536096.7659,120679324.9097
600036.SH,20210527,58.0,58.78,56.81,57.95,58.5,-0.55,-0.9402,519037.39,2995138.182,0.2516,0.9,15.014,2.1779,5.0313,2521984.5601,2062894.4429,1241481.2046,146149005.2578,119544732.9661
600036.SH,20210528,58.0,58.85,57.61,58.5,57.95,0.55,0.9491,410140.56,2386900.498,0.1988,0.67,15.1565,2.1986,5.079,2521984.5601,2062894.4429,1241481.2046,147536096.7659,120679324.9097
600036.SH,20210531,58.21,58.36,57.0,58.19,58.5,-0.31,-0.5299,361656.71,2089054.162,0.1753,0.61,15.0762,2.1869,5.0521,2521984.5601,2062894.4429,1241481.2046,146754281.5522,120039827.6324
600036.SH,20210601,57.7,57.76,56.9,57.36,58.19,-0.83,-1.4264,474268.44,2713828.451,0.2299,0.83,14.8611,2.1557,4.98,2521984.5601,2062894.4429,1241481.2046,144661034.3673,118327625.2447
600036.SH,20210602,57.25,57.69,56.88,57.58,57.36,0.22,0.3835,405820.27,2323829.263,0.1967,0.85,14.9181,2.164,4.9991,2521984.5601,2062894.4429,1241481.2046,145215870.9706,118781462.0222
600036.SH,20210603,57.5,58.33,56.19,56.28,57.58,-1.3,-2.2577,490672.57,2798317.525,0.2379,1.13,14.5813,2.1151,4.8863,2521984.5601,2062894.4429,1241481.2046,141937291.0424,116099699.2464
600036.SH,20210604,56.05,58.92,56.02,57.53,56.28,1.25,2.221,608329.07,3504830.228,0.2949,1.42,14.9052,2.1621,4.9948,2521984.5601,2062894.4429,1241481.2046,145089771.7426,118678317.3
600036.SH,20210607,57.21,57.25,56.5,57.0,57.53,-0.53,-0.9213,324897.42,1847968.869,0.1575,0.69,14.7678,2.1422,4.9488,2521984.5601,2062894.4429,1241481.2046,143753119.9257,117584983.2453
600036.SH,20210608,56.95,57.94,56.01,56.7,57.0,-0.3,-0.5263,476166.23,2700887.195,0.2308,1.03,14.6901,2.1309,4.9227,2521984.5601,2062894.4429,1241481.2046,142996524.5577,116966114.9124
600036.SH,20210609,56.7,57.36,56.28,56.47,56.7,-0.23,-0.4056,391409.5,2220254.281,0.1897,0.85,14.6305,2.1223,4.9028,2521984.5601,2062894.4429,1241481.2046,142416468.1088,116491649.1906
600036.SH,20210610,56.49,57.46,56.26,56.35,56.47,-0.12,-0.2125,481135.26,2730021.836,0.2332,1.05,14.5994,2.1178,4.8923,2521984.5601,2062894.4429,1241481.2046,142113829.9616,116244101.8574
600036.SH,20210611,56.41,56.75,55.08,56.33,56.35,-0.02,-0.0355,682089.0,3798816.012,0.3306,1.49,14.5943,2.117,4.8906,2521984.5601,2062894.4429,1241481.2046,142063390.2704,116202843.9686
600036.SH,20210615,55.83,55.83,54.12,54.8,56.33,-1.53,-2.7161,529240.52,2899483.734,0.2566,1.12,14.1979,2.0595,4.7578,2521984.5601,2062894.4429,1241481.2046,138204753.8935,113046615.4709
600036.SH,20210616,54.8,56.36,54.5,55.6,54.8,0.8,1.4599,518772.28,2879681.826,0.2515,1.01,14.4051,2.0896,4.8272,2521984.5601,2062894.4429,1241481.2046,140222341.5416,114696931.0252
600036.SH,20210617,55.52,56.0,54.86,55.12,55.6,-0.48,-0.8633,319019.34,1765863.526,0.1546,0.61,14.2808,2.0715,4.7856,2521984.5601,2062894.4429,1241481.2046,139011788.9527,113706741.6926
600036.SH,20210618,54.75,55.7,54.07,54.69,55.12,-0.43,-0.7801,427116.81,2337303.193,0.207,0.84,14.1694,2.0554,4.7482,2521984.5601,2062894.4429,1241481.2046,137927335.5919,112819697.0822
600036.SH,20210621,54.3,54.79,53.12,53.69,54.69,-1.0,-1.8285,579715.5,3119639.562,0.281,1.17,13.9103,2.0178,4.6614,2521984.5601,2062894.4429,1241481.2046,135405351.0318,110756802.6393
600036.SH,20210622,53.86,55.58,53.86,55.46,53.69,1.77,3.2967,643592.18,3544466.664,0.312,1.36,14.3689,2.0843,4.8151,2521984.5601,2062894.4429,1241481.2046,139869263.7031,114408125.8032
600036.SH,20210623,55.38,55.47,54.48,54.82,55.46,-0.64,-1.154,408719.65,2243392.897,0.1981,0.82,14.203,2.0603,4.7595,2521984.5601,2062894.4429,1241481.2046,138255193.5847,113087873.3598
600036.SH,20210624,54.82,55.1,54.13,55.0,54.82,0.18,0.3283,363603.89,1988184.927,0.1763,0.76,14.2497,2.067,4.7751,2521984.5601,2062894.4429,1241481.2046,138709150.8055,113459194.3595
600036.SH,20210625,55.0,56.55,54.78,56.4,55.0,1.4,2.5455,469559.64,2631903.465,0.2276,0.97,14.6124,2.1197,4.8967,2521984.5601,2062894.4429,1241481.2046,142239929.1896,116347246.5796
600036.SH,20210628,56.2,56.29,54.03,54.7,56.4,-1.7,-3.0142,698824.74,3825857.05,0.3388,1.42,14.1719,2.0558,4.7491,2521984.5601,2062894.4429,1241481.2046,137952555.4375,112840326.0266
600036.SH,20210629,54.2,54.85,53.7,53.8,54.7,-0.9,-1.6453,532449.31,2878196.932,0.2581,1.03,13.9388,2.0219,4.671,2521984.5601,2062894.4429,1241481.2046,135682769.3334,110983721.028
600036.SH,20210630,53.9,54.44,53.86,54.19,53.8,0.39,0.7249,357303.5,1935227.659,0.1732,0.72,14.0398,2.0366,4.7048,2521984.5601,2062894.4429,1241481.2046,136666343.3118,111788249.8608
600036.SH,20210701,54.21,56.0,53.8,56.0,54.19,1.81,3.3401,652987.35,3585284.669,0.3165,1.35,14.5088,2.1046,4.862,2521984.5601,2062894.4429,1241481.2046,141231135.3656,115522088.8024
600036.SH,20210702,55.0,55.2,52.7,53.05,56.0,-2.95,-5.2679,929818.51,4969147.605,0.4507,1.71,13.7445,1.9938,4.6058,2521984.5601,2062894.4429,1241481.2046,133791280.9133,109436550.1958
600036.SH,20210705,52.94,53.09,51.5,52.94,53.05,-0.11,-0.2074,568609.27,2979267.518,0.2756,0.9,13.716,1.9896,4.5963,2521984.5601,2062894.4429,1241481.2046,133513862.6117,109209631.8071
600036.SH,20210706,53.0,53.54,52.41,53.54,52.94,0.6,1.1334,452507.13,2401387.63,0.2194,0.74,13.8714,2.0122,4.6484,2521984.5601,2062894.4429,1241481.2046,135027053.3478,110447368.4729
600036.SH,20210707,53.3,53.91,53.01,53.43,53.54,-0.11,-0.2055,365978.33,1956147.233,0.1774,0.62,13.8429,2.008,4.6388,2521984.5601,2062894.4429,1241481.2046,134749635.0461,110220450.0841
600036.SH,20210708,53.76,53.76,50.0,50.35,53.43,-3.08,-5.7646,1554188.68,7890344.986,0.7534,2.62,13.0449,1.8923,4.3714,2521984.5601,2062894.4429,1241481.2046,126981922.601,103866735.2
600036.SH,20210709,50.35,50.91,49.51,49.9,50.35,-0.45,-0.8937,827018.78,4141886.765,0.4009,1.07,12.9283,1.8754,4.3324,2521984.5601,2062894.4429,1241481.2046,125847029.549,102938432.7007
600036.SH,20210712,50.6,51.14,49.8,50.4,49.9,0.5,1.002,839563.74,4227182.16,0.407,1.11,13.0579,1.8942,4.3758,2521984.5601,2062894.4429,1241481.2046,127108021.829,103969879.9222
600036.SH,20210713,49.5,50.8,48.71,49.97,49.15,0.82,1.6684,594450.17,2969602.398,0.2882,0.74,12.9465,1.9708,4.3384,2521984.5601,2062894.4429,1241481.2046,126023568.4682,103082835.3117
600036.SH,20210714,49.8,49.88,47.92,48.95,49.97,-1.02,-2.0412,885514.24,4295785.383,0.4293,1.06,12.6822,1.9306,4.2499,2521984.5601,2062894.4429,1241481.2046,123451144.2169,100978682.98
600036.SH,20210715,49.0,51.46,48.97,51.05,48.95,2.1,4.2901,877272.98,4426680.806,0.4253,0.93,13.2263,2.0134,4.4322,2521984.5601,2062894.4429,1241481.2046,128747311.7931,105310761.31
600036.SH,20210716,50.76,51.6,50.42,51.0,51.05,-0.05,-0.0979,462103.77,2357681.005,0.224,0.57,13.2133,2.0114,4.4279,2521984.5601,2062894.4429,1241481.2046,128621212.5651,105207616.5879
600036.SH,20210719,51.0,51.2,49.41,50.83,51.0,-0.17,-0.3333,469630.76,2357941.868,0.2277,0.64,13.1693,2.0047,4.4131,2521984.5601,2062894.4429,1241481.2046,128192475.1899,104856924.5326
600036.SH,20210720,50.45,51.49,49.61,49.91,50.83,-0.92,-1.81,446889.3,2245908.475,0.2166,0.68,12.9309,1.9684,4.3332,2521984.5601,2062894.4429,1241481.2046,125872249.3946,102959061.6451
600036.SH,20210721,50.02,50.57,49.25,49.7,49.91,-0.21,-0.4208,506319.17,2512788.212,0.2454,0.81,12.8765,1.9602,4.315,2521984.5601,2062894.4429,1241481.2046,125342632.637,102525853.8121
600036.SH,20210722,49.69,51.1,49.38,50.25,49.7,0.55,1.1066,592355.89,2987211.474,0.2871,1.07,13.019,1.9818,4.3627,2521984.5601,2062894.4429,1241481.2046,126729724.145,103660445.7557
600036.SH,20210723,50.33,50.65,49.5,50.05,50.25,-0.2,-0.398,420352.8,2101810.738,0.2038,0.85,12.9672,1.974,4.3454,2521984.5601,2062894.4429,1241481.2046,126225327.233,103247866.8671
600036.SH,20210726,49.62,49.65,47.55,47.7,50.05,-2.35,-4.6953,749929.71,3616845.775,0.3635,1.54,12.3584,1.8813,4.1413,2521984.5601,2062894.4429,1241481.2046,120298663.5168,98400064.9263
600036.SH,20210727,47.65,47.93,45.8,46.17,47.7,-1.53,-3.2075,749495.18,3512047.045,0.3633,1.38,11.962,1.8209,4.0085,2521984.5601,2062894.4429,1241481.2046,116440027.1398,95243836.4287
600036.SH,20210728,46.31,48.34,46.31,47.47,46.17,1.3,2.8157,847309.81,4027574.991,0.4107,1.4,12.2988,1.8722,4.1214,2521984.5601,2062894.4429,1241481.2046,119718607.0679,97925599.2045
600036.SH,20210729,48.2,48.3,47.5,47.95,47.47,0.48,1.0112,642745.21,3083677.744,0.3116,0.96,12.4231,1.8911,4.1631,2521984.5601,2062894.4429,1241481.2046,120929159.6568,98915788.5371
600036.SH,20210730,47.75,47.8,46.11,46.5,47.95,-1.45,-3.024,591958.97,2760620.844,0.287,0.87,12.0474,1.8339,4.0372,2521984.5601,2062894.4429,1241481.2046,117272282.0447,95924591.5949
600036.SH,20210802,46.8,48.22,45.21,47.71,46.5,1.21,2.6022,836146.84,3925085.945,0.4053,1.17,12.3609,1.8817,4.1422,2521984.5601,2062894.4429,1241481.2046,120323883.3624,98420693.8708
600036.SH,20210803,47.6,48.1,46.95,47.59,47.71,-0.12,-0.2515,518758.28,2456399.176,0.2515,0.71,12.3299,1.8769,4.1318,2521984.5601,2062894.4429,1241481.2046,120021245.2152,98173146.5376
600036.SH,20210804,47.58,47.95,46.8,47.0,47.59,-0.59,-1.2398,511499.88,2410938.956,0.248,0.74,12.177,1.8537,4.0806,2521984.5601,2062894.4429,1241481.2046,118533274.3247,96956038.8163
600036.SH,20210805,46.68,47.3,46.09,46.75,47.0,-0.25,-0.5319,442303.11,2070051.63,0.2144,0.71,12.1122,1.8438,4.0589,2521984.5601,2062894.4429,1241481.2046,117902778.1847,96440315.2056
600036.SH,20210806,46.47,47.8,46.1,47.59,46.75,0.84,1.7968,507557.57,2392067.817,0.246,0.87,12.3299,1.8769,4.1318,2521984.5601,2062894.4429,1241481.2046,120021245.2152,98173146.5376
600036.SH,20210809,47.58,50.0,47.58,49.06,47.59,1.47,3.0889,730430.2,3599567.2,0.3541,1.3,12.7107,1.9349,4.2594,2521984.5601,2062894.4429,1241481.2046,123728562.5185,101205601.3687
600036.SH,20210810,49.08,50.53,48.56,50.21,49.06,1.15,2.3441,663575.48,3291349.066,0.3217,1.22,13.0087,1.9803,4.3593,2521984.5601,2062894.4429,1241481.2046,126628844.7626,103577929.978
600036.SH,20210811,50.21,51.77,50.0,50.9,50.21,0.69,1.3742,568554.59,2905233.228,0.2756,1.0,13.1874,2.0075,4.4192,2521984.5601,2062894.4429,1241481.2046,128369014.1091,105001327.1436
600036.SH,20210812,50.7,51.5,50.41,50.68,50.9,-0.22,-0.4322,397182.45,2021030.379,0.1925,0.68,13.1304,1.9988,4.4001,2521984.5601,2062894.4429,1241481.2046,127814177.5059,104547490.3662
600036.SH,20210813,50.71,51.35,50.31,51.18,50.68,0.5,0.9866,467404.7,2379825.404,0.2266,0.82,13.26,2.0185,4.4435,2521984.5601,2062894.4429,1241481.2046,129075169.7859,105578937.5876
600036.SH,20210816,51.2,51.24,49.5,50.87,51.18,-0.31,-0.6057,744139.69,3770118.258,0.3607,1.32,13.1797,1.9125,4.4166,2521984.5601,2062894.4429,1241481.2046,128293354.5723,104939440.3103
600036.SH,20210817,50.87,51.4,49.52,49.62,50.87,-1.25,-2.4572,603231.96,3044300.923,0.2924,1.06,12.8558,1.8655,4.308,2521984.5601,2062894.4429,1241481.2046,125140873.8722,102360822.2567
600036.SH,20210818,49.99,53.57,49.92,53.14,49.62,3.52,7.0939,1231242.36,6434458.385,0.5969,2.21,13.7678,1.9978,4.6137,2521984.5601,2062894.4429,1241481.2046,134018259.5237,109622210.6957
600036.SH,20210819,52.8,53.1,51.36,51.58,53.14,-1.56,-2.9356,676300.59,3515991.219,0.3278,0.98,13.3636,1.9392,4.4782,2521984.5601,2062894.4429,1241481.2046,130083963.61,106404095.3648
600036.SH,20210820,51.74,52.57,49.9,51.03,51.58,-0.55,-1.0663,693764.73,3537372.069,0.3363,0.93,13.2211,1.9185,4.4305,2521984.5601,2062894.4429,1241481.2046,128696872.1019,105269503.4212
600036.SH,20210823,51.48,52.87,51.21,51.89,51.03,0.86,1.6853,539017.21,2806624.18,0.2613,0.68,13.4439,1.9508,4.5051,2521984.5601,2062894.4429,1241481.2046,130865778.8236,107043592.6421
600036.SH,20210824,52.02,52.85,51.01,52.2,51.89,0.31,0.5974,528276.9,2748379.141,0.2561,0.71,13.5242,1.9625,4.532,2521984.5601,2062894.4429,1241481.2046,131647594.0372,107683089.9194
600036.SH,20210825,52.58,52.71,51.21,51.43,52.2,-0.77,-1.4751,407380.77,2107816.696,0.1975,0.56,13.3247,1.9335,4.4652,2521984.5601,2062894.4429,1241481.2046,129705665.9259,106094661.1983
600036.SH,20210826,51.93,51.93,49.48,49.6,51.43,-1.83,-3.5582,763035.07,3825334.082,0.3699,1.34,12.8506,1.8647,4.3063,2521984.5601,2062894.4429,1241481.2046,125090434.181,102319564.3678
600036.SH,20210827,49.7,50.82,49.5,50.35,49.6,0.75,1.5121,386141.76,1942863.649,0.1872,0.66,13.0449,1.8929,4.3714,2521984.5601,2062894.4429,1241481.2046,126981922.601,103866735.2
600036.SH,20210830,50.35,50.35,47.61,48.45,50.35,-1.9,-3.7736,1079682.02,5224229.635,0.5234,2.06,12.5527,1.8215,4.2065,2521984.5601,2062894.4429,1241481.2046,122190151.9368,99947235.7585
600036.SH,20210831,48.45,49.45,47.85,48.96,48.45,0.51,1.0526,710440.24,3451030.103,0.3444,1.12,12.6848,1.8407,4.2507,2521984.5601,2062894.4429,1241481.2046,123476364.0625,100999311.9244
600036.SH,20210901,48.88,50.95,48.6,50.79,48.96,1.83,3.7377,826055.36,4129767.782,0.4004,1.23,13.1589,1.9095,4.4096,2521984.5601,2062894.4429,1241481.2046,128091595.8075,104774408.7549
600036.SH,20210902,50.69,51.88,50.3,51.6,50.79,0.81,1.5948,726200.98,3729206.237,0.352,0.96,13.3688,1.9399,4.4799,2521984.5601,2062894.4429,1241481.2046,130134403.3012,106445353.2536
600036.SH,20210903,51.7,52.33,50.41,52.0,51.6,0.4,0.7752,642573.32,3321589.086,0.3115,0.86,13.4724,1.955,4.5147,2521984.5601,2062894.4429,1241481.2046,131143197.1252,107270511.0308
600036.SH,20210906,51.51,52.75,51.18,51.2,52.0,-0.8,-1.5385,547428.47,2830673.161,0.2654,0.69,13.2651,1.9249,4.4452,2521984.5601,2062894.4429,1241481.2046,129125609.4771,105620195.4765
600036.SH,20210907,51.29,53.08,50.45,52.81,51.2,1.61,3.1445,772320.09,4026086.396,0.3744,1.12,13.6823,1.9854,4.585,2521984.5601,2062894.4429,1241481.2046,133186004.6189,108941455.5295
600036.SH,20210908,52.72,53.55,52.26,52.41,52.81,-0.4,-0.7574,553906.68,2921088.035,0.2685,0.79,13.5786,1.9704,4.5503,2521984.5601,2062894.4429,1241481.2046,132177210.7948,108116297.7524
600036.SH,20210909,52.1,52.68,51.68,52.1,52.41,-0.31,-0.5915,357800.25,1863278.532,0.1734,0.55,13.4983,1.9587,4.5234,2521984.5601,2062894.4429,1241481.2046,131395395.5812,107476800.4751
600036.SH,20210910,52.0,54.52,51.75,54.12,52.1,2.02,3.8772,1070977.99,5766878.119,0.5192,1.86,14.0217,2.0347,4.6987,2521984.5601,2062894.4429,1241481.2046,136489804.3926,111643847.2497
600036.SH,20210913,53.67,54.5,53.5,53.92,54.12,-0.2,-0.3695,592830.43,3202583.507,0.2874,0.9,13.9699,2.0271,4.6814,2521984.5601,2062894.4429,1241481.2046,135985407.4806,111231268.3612
600036.SH,20210914,54.3,54.89,51.8,52.1,53.92,-1.82,-3.3754,631165.69,3336827.188,0.306,0.94,13.4983,1.9587,4.5234,2521984.5601,2062894.4429,1241481.2046,131395395.5812,107476800.4751
600036.SH,20210915,52.0,52.49,50.8,51.4,52.1,-0.7,-1.3436,542337.93,2799380.278,0.2629,0.85,13.317,1.9324,4.4626,2521984.5601,2062894.4429,1241481.2046,129630006.3891,106032774.3651
600036.SH,20210916,51.23,51.83,50.21,50.7,51.4,-0.7,-1.3619,629896.14,3193865.17,0.3053,0.99,13.1356,1.9061,4.4018,2521984.5601,2062894.4429,1241481.2046,127864617.1971,104588748.255
600036.SH,20210917,50.78,51.54,50.5,51.25,50.7,0.55,1.0848,420164.72,2143690.281,0.2037,0.61,13.2781,1.9268,4.4496,2521984.5601,2062894.4429,1241481.2046,129251708.7051,105723340.1986
600036.SH,20210922,48.68,49.98,48.1,49.41,51.25,-1.84,-3.5902,1122596.22,5492053.805,0.5442,1.99,12.8014,1.8576,4.2898,2521984.5601,2062894.4429,1241481.2046,124611257.1145,101927614.4237
600036.SH,20210923,49.5,50.53,48.61,48.84,49.41,-0.57,-1.1536,861024.53,4246316.974,0.4174,1.29,12.6537,1.8362,4.2403,2521984.5601,2062894.4429,1241481.2046,123173725.9153,100751764.5912
600036.SH,20210924,48.45,49.33,48.4,48.77,48.84,-0.07,-0.1433,532039.33,2596408.378,0.2579,0.74,12.6356,1.8335,4.2342,2521984.5601,2062894.4429,1241481.2046,122997186.9961,100607361.9802
600036.SH,20210927,48.29,49.8,48.21,49.09,48.77,0.32,0.6561,667905.15,3265832.147,0.3238,0.94,12.7185,1.8456,4.262,2521984.5601,2062894.4429,1241481.2046,123804222.0553,101267488.202
600036.SH,20210928,49.1,50.98,49.09,50.42,49.09,1.33,2.7093,709925.47,3562616.329,0.3441,0.98,13.0631,1.8956,4.3775,2521984.5601,2062894.4429,1241481.2046,127158461.5202,104011137.811
600036.SH,20210929,49.95,52.17,49.61,51.56,50.42,1.14,2.261,904609.86,4619317.49,0.4385,1.16,13.3584,1.9384,4.4765,2521984.5601,2062894.4429,1241481.2046,130033523.9188,106362837.4759
600036.SH,20210930,51.4,51.43,50.1,50.45,51.56,-1.11,-2.1528,586118.08,2960621.631,0.2841,0.8,13.0708,1.8967,4.3801,2521984.5601,2062894.4429,1241481.2046,127234121.057,104073024.6443
600036.SH,20211008,50.02,51.08,50.02,50.93,50.45,0.48,0.9514,645552.92,3266919.267,0.3129,0.95,13.1952,1.9147,4.4218,2521984.5601,2062894.4429,1241481.2046,128444673.6459,105063213.9769
600036.SH,20211011,51.44,54.18,51.44,53.0,50.93,2.07,4.0644,971778.65,5171368.866,0.4711,1.38,13.7315,1.9926,4.6015,2521984.5601,2062894.4429,1241481.2046,133665181.6853,109333405.4737
600036.SH,20211012,52.7,53.79,52.3,53.09,53.0,0.09,0.1698,589373.29,3129716.165,0.2857,0.77,13.7548,1.9959,4.6093,2521984.5601,2062894.4429,1241481.2046,133892160.2957,109519065.9736
600036.SH,20211013,52.95,53.4,52.05,53.03,53.09,-0.06,-0.113,442556.73,2335530.448,0.2145,0.6,13.7393,1.9937,4.6041,2521984.5601,2062894.4429,1241481.2046,133740841.2221,109395292.307
600036.SH,20211014,52.99,53.25,52.2,52.36,53.03,-0.67,-1.2634,288996.21,1518009.834,0.1401,0.45,13.5657,1.9685,4.5459,2521984.5601,2062894.4429,1241481.2046,132051111.5668,108013153.0302
600036.SH,20211015,52.45,53.44,52.35,53.31,52.36,0.95,1.8144,420357.59,2230147.908,0.2038,0.72,13.8118,2.0042,4.6284,2521984.5601,2062894.4429,1241481.2046,134446996.8989,109972902.751
600036.SH,20211018,53.31,53.35,51.55,51.86,53.31,-1.45,-2.7199,577945.39,3008070.372,0.2802,1.07,13.4361,1.9497,4.5025,2521984.5601,2062894.4429,1241481.2046,130790119.2868,106981705.8088
600036.SH,20211019,52.25,53.32,52.0,52.88,51.86,1.02,1.9668,481692.57,2545615.998,0.2335,1.04,13.7004,1.988,4.5911,2521984.5601,2062894.4429,1241481.2046,133362543.5381,109085858.1406
600036.SH,20211020,53.21,53.64,52.28,52.4,52.88,-0.48,-0.9077,305709.59,1612336.024,0.1482,0.69,13.5761,1.97,4.5494,2521984.5601,2062894.4429,1241481.2046,132151990.9492,108095668.808
600036.SH,20211021,52.85,54.0,52.6,53.75,52.4,1.35,2.5763,576586.98,3084324.265,0.2795,1.39,13.9258,2.0208,4.6666,2521984.5601,2062894.4429,1241481.2046,135556670.1054,110880576.3059
600036.SH,20211022,54.09,54.8,53.73,54.29,53.75,0.54,1.0047,547150.58,2967094.16,0.2652,1.16,14.0657,2.0411,4.7135,2521984.5601,2062894.4429,1241481.2046,136918541.7678,111994539.305
600036.SH,20211025,53.83,54.93,53.1,54.59,54.29,0.3,0.5526,623341.26,3376970.796,0.3022,1.25,14.1434,1.9531,4.7395,2521984.5601,2062894.4429,1171836.1832,137675137.1359,112613407.6379
600036.SH,20211026,54.59,56.23,54.3,55.3,54.59,0.71,1.3006,715423.69,3961794.95,0.3468,1.41,14.3274,1.9785,4.8012,2521984.5601,2062894.4429,1171836.1832,139465746.1735,114078062.6924
600036.SH,20211027,55.2,55.2,53.83,54.52,55.3,-0.78,-1.4105,420394.41,2287323.386,0.2038,0.76,14.1253,1.9506,4.7335,2521984.5601,2062894.4429,1171836.1832,137498598.2167,112469005.0269
600036.SH,20211028,54.3,55.0,53.85,54.22,54.52,-0.3,-0.5503,346232.28,1883008.799,0.1678,0.6,14.0476,1.9398,4.7074,2521984.5601,2062894.4429,1171836.1832,136742002.8486,111850136.694
600036.SH,20211029,54.22,54.75,53.7,53.97,54.22,-0.25,-0.4611,405439.43,2197661.117,0.1965,0.76,13.9828,1.9309,4.6857,2521984.5601,2062894.4429,1171836.1832,136111506.7086,111334413.0833
600036.SH,20211101,54.0,54.9,53.3,54.12,53.97,0.15,0.2779,425017.81,2300857.413,0.206,0.85,14.0217,1.9363,4.6987,2521984.5601,2062894.4429,1171836.1832,136489804.3926,111643847.2497
600036.SH,20211102,54.35,54.49,51.67,52.25,54.12,-1.87,-3.4553,752206.49,3957181.527,0.3646,1.63,13.5372,1.8694,4.5364,2521984.5601,2062894.4429,1171836.1832,131773693.2652,107786234.6415
600036.SH,20211103,52.35,52.49,51.67,51.7,52.25,-0.55,-1.0526,444372.41,2312474.223,0.2154,0.95,13.3947,1.8497,4.4886,2521984.5601,2062894.4429,1171836.1832,130386601.7572,106651642.6979
600036.SH,20211104,52.0,52.1,51.28,51.75,51.7,0.05,0.0967,482914.75,2492815.499,0.2341,1.02,13.4076,1.8515,4.493,2521984.5601,2062894.4429,1171836.1832,130512700.9852,106754787.4201
600036.SH,20211105,51.72,52.11,51.42,51.56,51.75,-0.19,-0.3671,361974.16,1871325.317,0.1755,0.72,13.3584,1.8447,4.4765,2521984.5601,2062894.4429,1171836.1832,130033523.9188,106362837.4759
600036.SH,20211108,51.32,51.9,50.8,51.3,51.56,-0.26,-0.5043,386749.06,1984383.358,0.1875,0.78,13.2911,1.8354,4.4539,2521984.5601,2062894.4429,1171836.1832,129377807.9331,105826484.9208
600036.SH,20211109,51.4,51.7,50.6,51.06,51.3,-0.24,-0.4678,387883.64,1979827.705,0.188,0.8,13.2289,1.8268,4.4331,2521984.5601,2062894.4429,1171836.1832,128772531.6387,105331390.2545
600036.SH,20211110,51.06,51.15,50.04,50.63,51.06,-0.43,-0.8421,558071.06,2812533.072,0.2705,1.35,13.1175,1.8114,4.3957,2521984.5601,2062894.4429,1171836.1832,127688078.2779,104444345.644
600036.SH,20211111,50.55,52.87,50.46,52.82,50.63,2.19,4.3255,849731.7,4430680.097,0.4119,1.95,13.6849,1.8898,4.5859,2521984.5601,2062894.4429,1171836.1832,133211224.4645,108962084.474
600036.SH,20211112,52.82,53.18,52.25,52.4,52.82,-0.42,-0.7952,343596.56,1807134.405,0.1666,0.68,13.5761,1.8747,4.5494,2521984.5601,2062894.4429,1171836.1832,132151990.9492,108095668.808
600036.SH,20211115,52.79,53.61,52.37,52.93,52.4,0.53,1.0115,366950.32,1941710.247,0.1779,0.73,13.7134,1.8937,4.5954,2521984.5601,2062894.4429,1171836.1832,133488642.7661,109189002.8627
600036.SH,20211116,52.9,53.38,52.16,52.5,52.93,-0.43,-0.8124,322315.09,1699581.537,0.1562,0.64,13.602,1.8783,4.5581,2521984.5601,2062894.4429,1171836.1832,132404189.4053,108301958.2523
600036.SH,20211117,52.22,52.83,51.81,51.84,52.5,-0.66,-1.2571,339385.51,1768981.458,0.1645,0.7,13.431,1.8547,4.5008,2521984.5601,2062894.4429,1171836.1832,130739679.5956,106940447.9199
600036.SH,20211118,51.8,52.0,51.0,51.41,51.84,-0.43,-0.8295,342442.67,1762554.164,0.166,0.77,13.3196,1.8393,4.4635,2521984.5601,2062894.4429,1171836.1832,129655226.2347,106053403.3095
600036.SH,20211119,51.48,52.74,51.11,52.33,51.41,0.92,1.7895,464667.97,2419758.611,0.2253,1.35,13.5579,1.8722,4.5433,2521984.5601,2062894.4429,1171836.1832,131975452.03,107951266.197
600036.SH,20211122,52.1,52.34,51.59,51.69,52.33,-0.64,-1.223,376538.34,1952025.765,0.1825,1.03,13.3921,1.8493,4.4878,2521984.5601,2062894.4429,1171836.1832,130361381.9116,106631013.7535
600036.SH,20211123,51.75,52.3,51.44,51.75,51.69,0.06,0.1161,389148.91,2014132.978,0.1886,1.05,13.4076,1.8515,4.493,2521984.5601,2062894.4429,1171836.1832,130512700.9852,106754787.4201
600036.SH,20211124,51.59,51.9,51.17,51.74,51.75,-0.01,-0.0193,315039.65,1622099.211,0.1527,0.82,13.4051,1.8511,4.4921,2521984.5601,2062894.4429,1171836.1832,130487481.1396,106734158.4756
600036.SH,20211125,51.7,51.7,51.24,51.42,51.74,-0.32,-0.6185,215660.2,1107928.517,0.1045,0.57,13.3221,1.8397,4.4643,2521984.5601,2062894.4429,1171836.1832,129680446.0803,106074032.2539
600036.SH,20211126,51.2,51.45,49.88,50.1,51.42,-1.32,-2.5671,823357.31,4141774.917,0.3991,2.34,12.9802,1.7924,4.3497,2521984.5601,2062894.4429,1171836.1832,126351426.461,103351011.5893
600036.SH,20211129,49.78,50.1,48.82,49.82,50.1,-0.28,-0.5589,827247.04,4081227.201,0.401,1.95,12.9076,1.7824,4.3254,2521984.5601,2062894.4429,1171836.1832,125645270.7842,102773401.1453
600036.SH,20211130,49.48,49.85,48.91,49.49,49.82,-0.33,-0.6624,610042.56,3008854.122,0.2957,1.19,12.8221,1.7706,4.2968,2521984.5601,2062894.4429,1171836.1832,124813015.8793,102092645.9791
600036.SH,20211201,49.48,50.2,49.28,49.99,49.49,0.5,1.0103,500361.03,2498326.167,0.2426,0.9,12.9517,1.7885,4.3402,2521984.5601,2062894.4429,1171836.1832,126074008.1594,103124093.2006
600036.SH,20211202,50.01,51.0,49.49,50.89,49.99,0.9,1.8004,556070.48,2814606.846,0.2696,0.93,13.1848,1.8207,4.4183,2521984.5601,2062894.4429,1171836.1832,128343794.2635,104980698.1992
600036.SH,20211203,51.07,51.28,50.47,51.25,50.89,0.36,0.7074,494076.47,2518566.499,0.2395,0.74,13.2781,1.8336,4.4496,2521984.5601,2062894.4429,1171836.1832,129251708.7051,105723340.1986
600036.SH,20211206,51.49,52.4,51.33,51.82,51.25,0.57,1.1122,604716.43,3140183.373,0.2931,1.01,13.4258,1.854,4.499,2521984.5601,2062894.4429,1171836.1832,130689239.9044,106899190.0311
600036.SH,20211207,52.29,52.58,51.1,51.84,51.82,0.02,0.0386,540773.71,2797815.012,0.2621,0.98,13.431,1.8547,4.5008,2521984.5601,2062894.4429,1171836.1832,130739679.5956,106940447.9199
600036.SH,20211208,51.98,52.28,51.4,52.04,51.84,0.2,0.3858,490974.72,2543266.829,0.238,0.91,13.4828,1.8618,4.5181,2521984.5601,2062894.4429,1171836.1832,131244076.5076,107353026.8085
600036.SH,20211209,52.25,53.84,51.8,53.13,52.04,1.09,2.0945,840557.21,4454333.955,0.4075,1.56,13.7652,1.9008,4.6128,2521984.5601,2062894.4429,1171836.1832,133993039.6781,109601581.7513
600036.SH,20211210,52.9,53.49,52.68,53.49,53.13,0.36,0.6776,564262.81,2996780.162,0.2735,0.95,13.8585,1.9137,4.644,2521984.5601,2062894.4429,1171836.1832,134900954.1197,110344223.7507
600036.SH,20211213,53.56,54.2,52.41,52.42,53.49,-1.07,-2.0004,645545.66,3432179.789,0.3129,1.06,13.5812,1.8754,4.5511,2521984.5601,2062894.4429,1171836.1832,132202430.6404,108136926.6968
600036.SH,20211214,52.32,52.5,50.85,51.15,52.42,-1.27,-2.4227,810629.47,4165403.558,0.393,1.32,13.2522,1.83,4.4409,2521984.5601,2062894.4429,1171836.1832,128999510.2491,105517050.7543
600036.SH,20211215,51.0,51.34,50.78,51.0,51.15,-0.15,-0.2933,378493.27,1929195.599,0.1835,0.56,13.2133,1.8246,4.4279,2521984.5601,2062894.4429,1171836.1832,128621212.5651,105207616.5879
600036.SH,20211216,50.91,51.3,50.61,51.2,51.0,0.2,0.3922,383653.39,1957514.899,0.186,0.59,13.2651,1.8318,4.4452,2521984.5601,2062894.4429,1171836.1832,129125609.4771,105620195.4765
600036.SH,20211217,51.09,51.4,50.66,50.77,51.2,-0.43,-0.8398,476449.05,2422698.276,0.231,0.86,13.1537,1.8164,4.4079,2521984.5601,2062894.4429,1171836.1832,128041156.1163,104733150.866
600036.SH,20211220,50.7,51.3,50.39,50.69,50.77,-0.08,-0.1576,470826.27,2394420.816,0.2282,0.87,13.133,1.8135,4.4009,2521984.5601,2062894.4429,1171836.1832,127839397.3515,104568119.3106
600036.SH,20211221,50.65,50.99,50.3,50.63,50.69,-0.06,-0.1184,356944.42,1808288.477,0.173,0.71,13.1175,1.8114,4.3957,2521984.5601,2062894.4429,1171836.1832,127688078.2779,104444345.644
600036.SH,20211222,50.63,50.75,49.88,50.01,50.63,-0.62,-1.2246,436828.19,2189842.1,0.2118,1.06,12.9568,1.7892,4.3419,2521984.5601,2062894.4429,1171836.1832,126124447.8506,103165351.0894
600036.SH,20211223,50.11,50.26,49.68,50.22,50.01,0.21,0.4199,423708.71,2115301.002,0.2054,1.0,13.0112,1.7967,4.3601,2521984.5601,2062894.4429,1171836.1832,126654064.6082,103598558.9224
600036.SH,20211224,50.22,50.22,49.84,49.86,50.22,-0.36,-0.7168,344650.68,1721265.879,0.1671,0.8,12.918,1.7839,4.3289,2521984.5601,2062894.4429,1171836.1832,125746150.1666,102855916.923
600036.SH,20211227,49.87,50.06,49.0,49.33,49.86,-0.53,-1.063,735943.33,3634240.465,0.3568,1.81,12.7807,1.7649,4.2829,2521984.5601,2062894.4429,1171836.1832,124409498.3497,101762582.8683
600036.SH,20211228,49.33,49.8,49.2,49.63,49.33,0.3,0.6081,653220.73,3237655.243,0.3167,1.42,12.8584,1.7756,4.3089,2521984.5601,2062894.4429,1171836.1832,125166093.7178,102381451.2011
600036.SH,20211229,49.67,49.72,47.61,47.62,49.63,-2.01,-4.05,1438902.68,6964711.566,0.6975,2.77,12.3376,1.7037,4.1344,2521984.5601,2062894.4429,1171836.1832,120096904.752,98235033.3709
600036.SH,20211230,47.89,48.78,47.66,48.5,47.62,0.88,1.848,967916.51,4682207.989,0.4692,1.35,12.5656,1.7352,4.2108,2521984.5601,2062894.4429,1171836.1832,122316251.1649,100050380.4807
600036.SH,20211231,48.54,48.88,48.33,48.71,48.5,0.21,0.433,492935.01,2399746.929,0.239,0.6,12.62,1.7427,4.229,2521984.5601,2062894.4429,1171836.1832,122845867.9225,100483588.3137
600036.SH,20220104,48.71,48.71,47.51,48.35,48.71,-0.36,-0.7391,719606.45,3452352.17,0.3488,0.84,12.5268,1.7298,4.1978,2521984.5601,2062894.4429,1171836.1832,121937953.4808,99740946.3142
600036.SH,20220105,48.49,49.68,48.4,49.05,48.35,0.7,1.4478,837173.75,4114524.304,0.4058,0.98,12.7081,1.7549,4.2586,2521984.5601,2062894.4429,1171836.1832,123703342.6729,101184972.4242
600036.SH,20220106,48.82,49.39,48.1,48.15,49.05,-0.9,-1.8349,681866.64,3299825.727,0.3305,0.77,12.4749,1.7227,4.1804,2521984.5601,2062894.4429,1171836.1832,121433556.5688,99328367.4256
600036.SH,20220107,48.14,49.14,48.04,49.05,48.15,0.9,1.8692,660737.05,3219523.408,0.3203,0.89,12.7081,1.7549,4.2586,2521984.5601,2062894.4429,1171836.1832,123703342.6729,101184972.4242
600036.SH,20220110,49.47,50.0,48.91,49.23,49.05,0.18,0.367,570936.34,2818145.071,0.2768,0.84,12.7548,1.7613,4.2742,2521984.5601,2062894.4429,1171836.1832,124157299.8937,101556293.424
600036.SH,20220111,49.49,50.1,48.89,49.85,49.23,0.62,1.2594,715617.48,3558651.499,0.3469,1.03,12.9154,1.7835,4.328,2521984.5601,2062894.4429,1171836.1832,125720930.321,102835287.9786
600036.SH,20220112,49.87,50.1,49.19,49.76,49.85,-0.09,-0.1805,518411.18,2574764.177,0.2513,0.75,12.8921,1.7803,4.3202,2521984.5601,2062894.4429,1171836.1832,125493951.7106,102649627.4787
600036.SH,20220113,49.85,50.05,49.12,49.34,49.76,-0.42,-0.8441,401407.54,1989903.367,0.1946,0.64,12.7833,1.7652,4.2837,2521984.5601,2062894.4429,1171836.1832,124434718.1953,101783211.8127
600036.SH,20220114,49.47,49.47,48.0,48.02,49.34,-1.32,-2.6753,666570.98,3218203.4,0.3231,1.16,12.4413,1.718,4.1691,2521984.5601,2062894.4429,1171836.1832,121105698.576,99060191.1481
600036.SH,20220117,48.37,48.85,47.89,48.58,48.02,0.56,1.1662,531807.61,2574842.95,0.2578,0.93,12.5863,1.5772,4.2177,2521984.5601,2062894.4429,1171836.1832,122518009.9297,100215412.0361
600036.SH,20220118,48.65,49.34,48.28,49.01,48.58,0.43,0.8851,579077.08,2835126.315,0.2807,1.02,12.6978,1.5912,4.2551,2521984.5601,2062894.4429,1171836.1832,123602463.2905,101102456.6465
600036.SH,20220119,49.47,49.98,49.11,49.7,49.01,0.69,1.4079,620280.26,3078947.655,0.3007,1.15,12.8765,1.6136,4.315,2521984.5601,2062894.4429,1171836.1832,125342632.637,102525853.8121
600036.SH,20220120,49.88,51.89,49.88,51.37,49.7,1.67,3.3602,1386248.71,7089347.716,0.672,2.48,13.3092,1.6678,4.46,2521984.5601,2062894.4429,1171836.1832,129554346.8523,105970887.5318
600036.SH,20220121,51.39,52.0,51.21,51.82,51.37,0.45,0.876,858080.94,4439219.181,0.416,1.13,13.4258,1.6824,4.499,2521984.5601,2062894.4429,1171836.1832,130689239.9044,106899190.0311
600036.SH,20220124,51.95,52.0,51.03,51.85,51.82,0.03,0.0579,638155.2,3288272.324,0.3093,0.8,13.4336,1.6834,4.5017,2521984.5601,2062894.4429,1171836.1832,130764899.4412,106961076.8644
600036.SH,20220125,51.55,51.79,50.7,50.9,51.85,-0.95,-1.8322,583512.89,2987207.43,0.2829,0.71,13.1874,1.6526,4.4192,2521984.5601,2062894.4429,1171836.1832,128369014.1091,105001327.1436
600036.SH,20220126,51.25,51.49,50.6,51.0,50.9,0.1,0.1965,436696.28,2226767.107,0.2117,0.53,13.2133,1.6558,4.4279,2521984.5601,2062894.4429,1171836.1832,128621212.5651,105207616.5879
600036.SH,20220127,50.9,51.18,50.12,50.77,51.0,-0.23,-0.451,529400.57,2687973.691,0.2566,0.68,13.1537,1.6483,4.4079,2521984.5601,2062894.4429,1171836.1832,128041156.1163,104733150.866
600036.SH,20220128,51.05,51.2,49.15,49.21,50.77,-1.56,-3.0727,715144.11,3576839.774,0.3467,1.17,12.7496,1.5977,4.2724,2521984.5601,2062894.4429,1171836.1832,124106860.2025,101515035.5351
600036.SH,20220207,50.3,51.5,50.13,51.35,49.21,2.14,4.3487,732349.13,3741572.656,0.355,1.26,13.304,1.6672,4.4582,2521984.5601,2062894.4429,1171836.1832,129503907.1611,105929629.6429
600036.SH,20220208,51.55,52.0,50.99,51.71,51.35,0.36,0.7011,528241.76,2724121.499,0.2561,0.88,13.3973,1.6788,4.4895,2521984.5601,2062894.4429,1171836.1832,130411821.6028,106672271.6424
600036.SH,20220209,51.9,52.34,51.28,51.62,51.71,-0.09,-0.174,512207.06,2651984.749,0.2483,0.87,13.374,1.6759,4.4817,2521984.5601,2062894.4429,1171836.1832,130184842.9924,106486611.1425
600036.SH,20220210,51.9,51.9,51.0,51.71,51.62,0.09,0.1744,335542.47,1725040.529,0.1627,0.56,13.3973,1.6788,4.4895,2521984.5601,2062894.4429,1171836.1832,130411821.6028,106672271.6424
600036.SH,20220211,51.82,53.0,51.65,52.76,51.71,1.05,2.0306,809932.65,4267478.082,0.3926,1.43,13.6693,1.7129,4.5807,2521984.5601,2062894.4429,1171836.1832,133059905.3909,108838310.8074
600036.SH,20220214,52.99,52.99,51.0,51.2,52.76,-1.56,-2.9568,594051.66,3060509.962,0.288,1.02,13.2651,1.6623,4.4452,2521984.5601,2062894.4429,1171836.1832,129125609.4771,105620195.4765
600036.SH,20220215,50.95,51.38,49.95,50.22,51.2,-0.98,-1.9141,566179.03,2851170.329,0.2745,1.02,13.0112,1.6305,4.3601,2521984.5601,2062894.4429,1171836.1832,126654064.6082,103598558.9224
600036.SH,20220216,50.56,51.36,50.23,51.07,50.22,0.85,1.6926,404955.79,2065162.806,0.1963,0.72,13.2315,1.6581,4.4339,2521984.5601,2062894.4429,1171836.1832,128797751.4843,105352019.1989
600036.SH,20220217,51.27,51.98,50.92,51.46,51.07,0.39,0.7637,441570.43,2281127.847,0.2141,0.81,13.3325,1.6707,4.4678,2521984.5601,2062894.4429,1171836.1832,129781325.4627,106156548.0316
600036.SH,20220218,51.25,52.11,51.25,52.06,51.46,0.6,1.166,354390.1,1837821.806,0.1718,0.63,13.488,1.6902,4.5199,2521984.5601,2062894.4429,1171836.1832,131294516.1988,107394284.6974
600036.SH,20220221,51.83,51.89,51.01,51.76,52.06,-0.3,-0.5763,313450.76,1610843.08,0.1519,0.66,13.4102,1.6805,4.4938,2521984.5601,2062894.4429,1171836.1832,130537920.8308,106775416.3645
600036.SH,20220222,51.08,51.35,50.74,51.22,51.76,-0.54,-1.0433,369839.93,1887326.607,0.1793,0.89,13.2703,1.6629,4.447,2521984.5601,2062894.4429,1171836.1832,129176049.1683,105661453.3653
600036.SH,20220223,51.46,51.46,50.65,50.83,51.22,-0.39,-0.7614,374999.74,1905978.106,0.1818,1.0,13.1693,1.6503,4.4131,2521984.5601,2062894.4429,1171836.1832,128192475.1899,104856924.5326
600036.SH,20220224,50.55,50.58,49.85,50.02,50.83,-0.81,-1.5935,482380.83,2418202.039,0.2338,1.3,12.9594,1.624,4.3428,2521984.5601,2062894.4429,1171836.1832,126149667.6962,103185980.0339
600036.SH,20220225,50.04,50.5,49.55,49.81,50.02,-0.21,-0.4198,451840.5,2256854.494,0.219,1.19,12.905,1.6172,4.3245,2521984.5601,2062894.4429,1171836.1832,125620050.9386,102752772.2008
600036.SH,20220228,49.59,49.94,49.31,49.8,49.81,-0.01,-0.0201,335289.64,1662895.005,0.1625,0.84,12.9024,1.6168,4.3237,2521984.5601,2062894.4429,1171836.1832,125594831.093,102732143.2564
600036.SH,20220301,50.0,50.5,49.36,50.24,49.8,0.44,0.8835,406454.36,2027737.708,0.197,1.01,13.0164,1.6311,4.3619,2521984.5601,2062894.4429,1171836.1832,126704504.2994,103639816.8113
600036.SH,20220302,49.8,50.23,49.44,49.47,50.24,-0.77,-1.5326,397075.98,1972076.233,0.1925,0.97,12.8169,1.6061,4.295,2521984.5601,2062894.4429,1171836.1832,124762576.1881,102051388.0903
600036.SH,20220303,49.58,49.97,49.45,49.73,49.47,0.26,0.5256,311289.67,1546031.524,0.1509,0.75,12.8843,1.6146,4.3176,2521984.5601,2062894.4429,1171836.1832,125418292.1738,102587740.6454
600036.SH,20220304,49.25,49.39,48.5,48.7,49.73,-1.03,-2.0712,577897.2,2818733.866,0.2801,1.52,12.6174,1.5811,4.2282,2521984.5601,2062894.4429,1171836.1832,122820648.0769,100462959.3692
600036.SH,20220307,48.01,48.26,46.5,46.76,48.7,-1.94,-3.9836,1014353.69,4773665.662,0.4917,2.5,12.1148,1.5181,4.0597,2521984.5601,2062894.4429,1171836.1832,117927998.0303,96460944.15
600036.SH,20220308,46.56,46.77,45.2,45.48,46.76,-1.28,-2.7374,834664.64,3842685.602,0.4046,1.54,11.7832,1.4766,3.9486,2521984.5601,2062894.4429,1171836.1832,114699857.7933,93820439.2631
600036.SH,20220309,45.6,45.73,43.01,44.39,45.48,-1.09,-2.3967,900431.12,4012104.662,0.4365,1.44,11.5008,1.4412,3.854,2521984.5601,2062894.4429,1171836.1832,111950894.6228,91571884.3203
600036.SH,20220310,45.6,45.7,44.63,44.7,44.39,0.31,0.6984,671495.83,3031093.298,0.3255,0.92,11.5811,1.4513,3.8809,2521984.5601,2062894.4429,1171836.1832,112732709.8365,92211381.5976
600036.SH,20220311,44.5,44.79,43.1,44.45,44.7,-0.25,-0.5593,740524.88,3252533.334,0.359,0.93,11.5163,1.4431,3.8592,2521984.5601,2062894.4429,1171836.1832,112102213.6964,91695657.9869
600036.SH,20220314,43.5,43.98,42.1,42.15,44.45,-2.3,-5.1744,1080465.57,4627178.709,0.5238,1.3,10.9204,1.3685,3.6595,2521984.5601,2062894.4429,1171836.1832,106301649.2082,86951000.7682
600036.SH,20220315,41.61,41.61,39.18,39.45,42.15,-2.7,-6.4057,1313092.49,5293255.402,0.6365,1.55,10.2209,1.2808,3.4251,2521984.5601,2062894.4429,1171836.1832,99492290.8959,81381185.7724
600036.SH,20220316,40.06,42.8,39.91,42.58,39.45,3.13,7.9341,1377449.32,5685452.904,0.6677,1.46,11.0318,1.3824,3.6968,2521984.5601,2062894.4429,1171836.1832,107386102.5691,87838045.3787
600036.SH,20220317,44.15,45.17,43.67,44.51,42.58,1.93,4.5326,1319647.59,5873750.265,0.6397,1.27,11.5319,1.4451,3.8644,2521984.5601,2062894.4429,1171836.1832,112253532.7701,91819431.6535
600036.SH,20220318,44.6,46.17,44.02,46.17,44.51,1.66,3.7295,923585.31,4173209.905,0.4477,0.79,11.962,1.499,4.0085,2521984.5601,2062894.4429,1171836.1832,116440027.1398,95243836.4287
600036.SH,20220321,45.89,45.89,44.6,44.81,46.17,-1.36,-2.9456,791032.2,3566893.332,0.3835,0.66,9.4236,1.5445,3.4116,2521984.5601,2062894.4429,1171836.1832,113010128.1381,92438299.9863
600036.SH,20220322,45.04,45.86,44.82,45.53,44.81,0.72,1.6068,549038.3,2497185.117,0.2661,0.48,9.5751,1.5693,3.4664,2521984.5601,2062894.4429,1171836.1832,114825957.0214,93923583.9852
600036.SH,20220323,45.69,45.97,45.3,45.76,45.53,0.23,0.5052,469959.84,2148515.086,0.2278,0.47,9.6234,1.5772,3.4839,2521984.5601,2062894.4429,1171836.1832,115406013.4702,94398049.7071
600036.SH,20220324,45.6,46.09,45.36,45.77,45.76,0.01,0.0219,380332.34,1742027.092,0.1844,0.47,9.6255,1.5776,3.4847,2521984.5601,2062894.4429,1171836.1832,115431233.3158,94418678.6515
600036.SH,20220325,45.71,45.95,45.0,45.18,45.77,-0.59,-1.2891,318259.36,1445681.951,0.1543,0.51,9.5014,1.5572,3.4398,2521984.5601,2062894.4429,1171836.1832,113943262.4253,93201570.9302
600036.SH,20220328,44.84,45.5,44.25,45.05,45.18,-0.13,-0.2877,386458.74,1736237.601,0.1873,0.77,9.4741,1.5528,3.4299,2521984.5601,2062894.4429,1171836.1832,113615404.4325,92933394.6526
600036.SH,20220329,45.15,45.55,44.91,45.01,45.05,-0.04,-0.0888,349620.89,1580213.154,0.1695,0.83,9.4657,1.5514,3.4268,2521984.5601,2062894.4429,1171836.1832,113514525.0501,92850878.8749
600036.SH,20220330,45.36,46.3,45.35,46.23,45.01,1.22,2.7105,520722.69,2389901.32,0.2524,1.37,9.7223,1.5934,3.5197,2521984.5601,2062894.4429,1171836.1832,116591346.2134,95367610.0953
600036.SH,20220331,45.99,47.12,45.82,46.8,46.23,0.57,1.233,615884.9,2878948.597,0.2986,1.57,9.8421,1.6131,3.5631,2521984.5601,2062894.4429,1171836.1832,118028877.4127,96543459.9277
600036.SH,20220401,46.49,47.47,46.28,47.1,46.8,0.3,0.641,476139.44,2233625.273,0.2308,1.09,9.9052,1.6234,3.5859,2521984.5601,2062894.4429,1171836.1832,118785472.7807,97162328.2606
600036.SH,20220406,46.4,47.73,46.38,47.39,47.1,0.29,0.6157,478268.55,2260412.706,0.2318,1.02,9.9662,1.6334,3.608,2521984.5601,2062894.4429,1171836.1832,119516848.3031,97760567.649
600036.SH,20220407,47.35,47.59,46.58,46.86,47.39,-0.53,-1.1184,377201.07,1776370.371,0.1829,0.77,9.8548,1.6151,3.5677,2521984.5601,2062894.4429,1171836.1832,118180196.4863,96667233.5943
600036.SH,20220408,46.7,47.18,46.6,47.18,46.86,0.32,0.6829,364234.74,1711753.064,0.1766,0.74,9.9221,1.6262,3.592,2521984.5601,2062894.4429,1171836.1832,118987231.5455,97327359.816
600036.SH,20220411,46.71,46.87,45.59,45.9,47.18,-1.28,-2.713,492611.73,2263984.281,0.2388,1.07,9.6529,1.5821,3.4946,2521984.5601,2062894.4429,1171836.1832,115759091.3086,94686854.9291
600036.SH,20220412,46.2,46.46,45.11,45.7,45.9,-0.2,-0.4357,588840.49,2691571.03,0.2854,1.35,9.6108,1.5752,3.4794,2521984.5601,2062894.4429,1171836.1832,115254694.3966,94274276.0405
600036.SH,20220413,45.7,46.1,45.31,45.75,45.7,0.05,0.1094,448222.52,2054724.468,0.2173,0.97,9.6213,1.5769,3.4832,2521984.5601,2062894.4429,1171836.1832,115380793.6246,94377420.7627
600036.SH,20220414,46.01,46.43,45.75,45.76,45.75,0.01,0.0219,326613.29,1503135.689,0.1583,0.72,9.6234,1.5772,3.4839,2521984.5601,2062894.4429,1171836.1832,115406013.4702,94398049.7071
600036.SH,20220415,45.7,47.0,45.49,46.83,45.76,1.07,2.3383,423159.03,1962144.157,0.2051,0.95,9.8484,1.6141,3.5654,2521984.5601,2062894.4429,1171836.1832,118104536.9495,96605346.761
600036.SH,20220418,45.96,45.96,42.78,43.39,46.83,-3.44,-7.3457,2366775.06,10320718.085,1.1473,5.19,9.125,1.4955,3.3035,2521984.5601,2062894.4429,1171836.1832,109428910.0627,89508989.8774
600036.SH,20220419,42.0,42.75,41.4,42.1,43.39,-1.29,-2.973,2504770.22,10505571.111,1.2142,3.02,8.8537,1.4511,3.2053,2521984.5601,2062894.4429,1171836.1832,106175549.9802,86847856.0461
600036.SH,20220420,41.8,41.98,40.9,41.1,42.1,-1.0,-2.3753,1318268.51,5440590.528,0.639,1.09,8.6434,1.4166,3.1291,2521984.5601,2062894.4429,1171836.1832,103653565.4201,84784961.6032
600036.SH,20220421,40.7,42.1,40.6,41.28,41.1,0.18,0.438,1143500.98,4747988.004,0.5543,0.82,8.6813,1.4228,3.1428,2521984.5601,2062894.4429,1171836.1832,104107522.6409,85156282.6029
600036.SH,20220422,40.66,42.97,40.65,42.5,41.28,1.22,2.9554,1195339.84,5041291.328,0.5794,0.77,8.9378,1.4649,3.2357,2521984.5601,2062894.4429,1171836.1832,107184343.8043,87673013.8233
600036.SH,20220425,40.38,40.95,38.72,38.83,42.5,-3.67,-8.6353,2368745.15,9367538.01,1.1483,1.39,8.166,1.2777,2.9563,2521984.5601,2062894.4429,1171836.1832,97928660.4687,80102191.2178
600036.SH,20220426,38.86,39.16,37.6,38.41,38.83,-0.42,-1.0816,1454718.77,5605383.081,0.7052,0.85,8.0777,1.2639,2.9243,2521984.5601,2062894.4429,1171836.1832,96869426.9534,79235775.5518
600036.SH,20220427,37.83,38.63,37.61,38.04,38.41,-0.37,-0.9633,1546207.95,5867256.791,0.7495,1.03,7.9999,1.2517,2.8962,2521984.5601,2062894.4429,1171836.1832,95936292.6662,78472504.6079
600036.SH,20220428,38.06,40.08,37.95,39.62,38.04,1.58,4.1535,1564523.1,6124749.761,0.7584,1.01,8.3322,1.3037,3.0165,2521984.5601,2062894.4429,1171836.1832,99921028.2712,81731877.8277
600036.SH,20220429,39.1,40.21,38.72,39.93,39.62,0.31,0.7824,1236928.61,4884561.443,0.5996,0.76,8.3974,1.3139,3.0401,2521984.5601,2062894.4429,1171836.1832,100702843.4848,82371375.105
600036.SH,20220505,39.66,40.18,39.02,39.26,39.93,-0.67,-1.6779,944251.32,3712525.676,0.4577,0.58,8.2565,1.2918,2.989,2521984.5601,2062894.4429,1171836.1832,99013113.8295,80989235.8283
600036.SH,20220506,38.7,38.75,37.9,37.91,39.26,-1.35,-3.4386,889455.45,3392746.139,0.4312,0.66,7.9726,1.2474,2.8863,2521984.5601,2062894.4429,1171836.1832,95608434.6734,78204328.3303
600036.SH,20220509,37.8,37.82,36.15,36.47,37.91,-1.44,-3.7985,1252405.92,4603133.911,0.6071,1.01,7.6697,1.2,2.7766,2521984.5601,2062894.4429,1171836.1832,91976776.9068,75233760.3326
600036.SH,20220510,35.98,37.16,35.26,36.98,36.47,0.51,1.3984,1217637.35,4424738.771,0.5903,1.03,7.777,1.2168,2.8155,2521984.5601,2062894.4429,1171836.1832,93262989.0325,76285836.4984
600036.SH,20220511,36.83,37.56,36.6,37.21,36.98,0.23,0.622,872398.56,3245600.405,0.4229,0.79,7.8253,1.2244,2.833,2521984.5601,2062894.4429,1171836.1832,93843045.4813,76760302.2203
600036.SH,20220512,36.8,37.06,36.43,36.61,37.21,-0.6,-1.6125,630023.11,2309969.909,0.3054,0.61,7.6992,1.2046,2.7873,2521984.5601,2062894.4429,1171836.1832,92329854.7453,75522565.5546
600036.SH,20220513,36.98,37.6,36.9,37.15,36.61,0.54,1.475,701300.77,2610117.535,0.34,0.72,7.8127,1.2224,2.8284,2521984.5601,2062894.4429,1171836.1832,93691726.4077,76636528.5537
600036.SH,20220516,37.13,37.13,36.44,36.89,37.15,-0.26,-0.6999,644742.36,2373534.396,0.3125,0.69,7.758,1.2139,2.8086,2521984.5601,2062894.4429,1171836.1832,93036010.4221,76100175.9986
600036.SH,20220517,37.36,38.63,37.36,38.6,36.89,1.71,4.6354,1183954.43,4517008.501,0.5739,1.46,8.1177,1.2701,2.9388,2521984.5601,2062894.4429,1171836.1832,97348604.0199,79627725.4959
600036.SH,20220518,39.0,39.08,37.9,38.5,38.6,-0.1,-0.2591,887755.39,3406772.014,0.4303,1.1,8.0966,1.2668,2.9312,2521984.5601,2062894.4429,1171836.1832,97096405.5639,79421436.0517
600036.SH,20220519,37.89,38.25,37.52,38.03,38.5,-0.47,-1.2208,542010.95,2054604.084,0.2627,0.67,7.9978,1.2514,2.8954,2521984.5601,2062894.4429,1171836.1832,95911072.8206,78451875.6635
600036.SH,20220520,38.75,40.18,38.75,39.96,38.03,1.93,5.0749,1338872.44,5296502.627,0.649,1.69,8.4037,1.3149,3.0423,2521984.5601,2062894.4429,1171836.1832,100778503.0216,82433261.9383
600036.SH,20220523,39.97,40.05,39.45,39.49,39.96,-0.47,-1.1762,618088.29,2449773.575,0.2996,0.67,8.3048,1.2994,3.0066,2521984.5601,2062894.4429,1171836.1832,99593170.2783,81463701.5501
600036.SH,20220524,39.6,39.83,38.84,38.9,39.49,-0.59,-1.494,687429.72,2695176.6,0.3332,0.75,8.1808,1.28,2.9616,2521984.5601,2062894.4429,1171836.1832,98105199.3879,80246593.8288
600036.SH,20220525,38.98,39.1,38.64,38.78,38.9,-0.12,-0.3085,489025.4,1897867.054,0.2371,0.6,8.1555,1.276,2.9525,2521984.5601,2062894.4429,1171836.1832,97802561.2407,79999046.4957
600036.SH,20220526,39.0,39.0,38.08,38.43,38.78,-0.35,-0.9025,615429.63,2361966.487,0.2983,0.84,8.0819,1.2645,2.9259,2521984.5601,2062894.4429,1171836.1832,96919866.6446,79277033.4406
600036.SH,20220527,38.9,39.41,38.73,39.12,38.43,0.69,1.7955,608395.89,2382330.33,0.2949,0.81,8.227,1.2872,2.9784,2521984.5601,2062894.4429,1171836.1832,98660035.9911,80700430.6062
600036.SH,20220530,39.5,39.5,38.79,39.07,39.12,-0.05,-0.1278,471536.67,1841958.552,0.2286,0.78,8.2165,1.2856,2.9746,2521984.5601,2062894.4429,1171836.1832,98533936.7631,80597285.8841
600036.SH,20220531,39.05,39.75,38.8,39.69,39.07,0.62,1.5869,645403.94,2550654.577,0.3129,1.12,8.3469,1.306,3.0218,2521984.5601,2062894.4429,1171836.1832,100097567.1904,81876280.4387
600036.SH,20220601,39.7,39.7,39.27,39.69,39.69,0.0,0.0,433834.08,1714345.935,0.2103,0.77,8.3469,1.306,3.0218,2521984.5601,2062894.4429,1171836.1832,100097567.1904,81876280.4387
600036.SH,20220602,39.3,39.43,38.74,38.92,39.69,-0.77,-1.94,547281.21,2129924.528,0.2653,0.99,8.185,1.2807,2.9632,2521984.5601,2062894.4429,1171836.1832,98155639.0791,80287851.7177
600036.SH,20220606,38.85,39.03,38.1,38.97,38.92,0.05,0.1285,698702.87,2692557.419,0.3387,1.29,8.1955,1.2823,2.967,2521984.5601,2062894.4429,1171836.1832,98281738.3071,80390996.4398
600036.SH,20220607,38.96,39.5,38.67,39.35,38.97,0.38,0.9751,622726.29,2441620.703,0.3019,1.11,8.2754,1.2948,2.9959,2521984.5601,2062894.4429,1171836.1832,99240092.4399,81174896.3281
600036.SH,20220608,39.36,39.6,39.02,39.53,39.35,0.18,0.4574,596930.86,2345955.707,0.2894,1.01,8.3132,1.3007,3.0096,2521984.5601,2062894.4429,1171836.1832,99694049.6608,81546217.3278
600036.SH,20220609,39.5,40.6,39.41,40.29,39.53,0.76,1.9226,908607.22,3656593.721,0.4405,1.57,8.4731,1.3257,3.0675,2521984.5601,2062894.4429,1171836.1832,101610757.9264,83114017.1044
600036.SH,20220610,39.91,40.16,39.5,40.12,40.29,-0.17,-0.4219,795393.75,3166842.6,0.3856,1.18,8.4373,1.3201,3.0545,2521984.5601,2062894.4429,1171836.1832,101182020.5512,82763325.0491
600036.SH,20220613,39.56,39.56,38.34,38.57,40.12,-1.55,-3.8634,971312.16,3770847.475,0.4708,1.34,8.1114,1.2691,2.9365,2521984.5601,2062894.4429,1171836.1832,97272944.4831,79565838.6627
600036.SH,20220614,38.2,39.3,38.11,39.24,38.57,0.67,1.7371,598362.44,2314895.047,0.2901,0.77,8.2523,1.2912,2.9875,2521984.5601,2062894.4429,1171836.1832,98962674.1383,80947977.9394
600036.SH,20220615,39.19,41.1,39.19,40.48,39.24,1.24,3.16,1394894.78,5639026.274,0.6762,1.8,8.513,1.332,3.0819,2521984.5601,2062894.4429,1171836.1832,102089934.9928,83505967.0486
600036.SH,20220616,40.88,40.98,39.96,39.96,40.48,-0.52,-1.2846,636883.39,2567652.086,0.3087,0.68,8.4037,1.3149,3.0423,2521984.5601,2062894.4429,1171836.1832,100778503.0216,82433261.9383
600036.SH,20220617,39.84,40.17,39.27,39.85,39.96,-0.11,-0.2753,550730.77,2188790.58,0.267,0.63,8.3805,1.3113,3.034,2521984.5601,2062894.4429,1171836.1832,100501084.72,82206343.5496
600036.SH,20220620,39.89,40.1,39.4,39.7,39.85,-0.15,-0.3764,614206.16,2440349.614,0.2977,0.74,8.349,1.3063,3.0225,2521984.5601,2062894.4429,1171836.1832,100122787.036,81896909.3831
600036.SH,20220621,39.74,40.65,39.45,40.33,39.7,0.63,1.5869,583913.88,2351462.261,0.2831,0.77,8.4815,1.327,3.0705,2521984.5601,2062894.4429,1171836.1832,101711637.3088,83196532.8822
600036.SH,20220622,40.4,40.47,39.3,39.31,40.33,-1.02,-2.5291,730711.87,2896990.424,0.3542,0.97,8.267,1.2935,2.9929,2521984.5601,2062894.4429,1171836.1832,99139213.0575,81092380.5504
600036.SH,20220623,39.32,40.21,39.32,40.14,39.31,0.83,2.1114,616029.83,2459925.121,0.2986,0.99,8.4415,1.3208,3.056,2521984.5601,2062894.4429,1171836.1832,101232460.2424,82804582.938
600036.SH,20220624,40.27,40.59,39.66,40.2,40.14,0.06,0.1495,639950.33,2559336.619,0.3102,1.03,8.4541,1.3228,3.0606,2521984.5601,2062894.4429,1171836.1832,101383779.316,82928356.6046
600036.SH,20220627,40.33,41.36,40.15,41.25,40.2,1.05,2.6119,893408.11,3664489.439,0.4331,1.4,8.675,1.3573,3.1406,2521984.5601,2062894.4429,1171836.1832,104031863.1041,85094395.7696
600036.SH,20220628,41.1,41.42,40.9,41.28,41.25,0.03,0.0727,499163.67,2054696.486,0.242,0.72,8.6813,1.3583,3.1428,2521984.5601,2062894.4429,1171836.1832,104107522.6409,85156282.6029
600036.SH,20220629,41.27,41.71,40.99,41.01,41.28,-0.27,-0.6541,622804.11,2571017.815,0.3019,0.92,8.6245,1.3494,3.1223,2521984.5601,2062894.4429,1171836.1832,103426586.8097,84599301.1033
600036.SH,20220630,41.04,42.7,40.96,42.2,41.01,1.19,2.9017,832628.23,3502837.233,0.4036,1.27,8.8747,1.3886,3.2129,2521984.5601,2062894.4429,1171836.1832,106427748.4362,87054145.4904
600036.SH,20220701,42.38,42.38,41.21,41.38,42.2,-0.82,-1.9431,695748.15,2888674.475,0.3373,1.0,8.7023,1.3616,3.1505,2521984.5601,2062894.4429,1171836.1832,104359721.0969,85362572.0472
600036.SH,20220704,41.28,41.37,40.8,41.05,41.38,-0.33,-0.7975,486917.85,2000021.774,0.236,0.69,8.6329,1.3507,3.1253,2521984.5601,2062894.4429,1171836.1832,103527466.1921,84681816.881
600036.SH,20220705,41.46,41.67,40.76,40.98,41.05,-0.07,-0.1705,534538.41,2198036.073,0.2591,0.85,8.6182,1.3484,3.12,2521984.5601,2062894.4429,1171836.1832,103350927.2729,84537414.27
600036.SH,20220706,40.96,41.09,39.6,39.8,40.98,-1.18,-2.8795,885266.38,3542584.702,0.4291,1.4,8.37,1.3096,3.0302,2521984.5601,2062894.4429,1171836.1832,100374985.492,82103198.8274
600036.SH,20220707,39.8,40.17,39.55,39.75,39.8,-0.05,-0.1256,508129.21,2024650.566,0.2463,0.74,8.3595,1.308,3.0264,2521984.5601,2062894.4429,1171836.1832,100248886.264,82000054.1053
600036.SH,20220708,40.2,40.22,39.63,39.81,39.75,0.06,0.1509,480361.45,1912947.04,0.2329,0.77,8.3721,1.3099,3.0309,2521984.5601,2062894.4429,1171836.1832,100400205.3376,82123827.7718
600036.SH,20220711,39.58,39.69,39.2,39.44,39.81,-0.37,-0.9294,403754.87,1589869.33,0.1957,0.7,8.2943,1.2978,3.0028,2521984.5601,2062894.4429,1171836.1832,99467071.0503,81360556.828
600036.SH,20220712,39.36,39.8,39.03,39.3,39.44,-0.14,-0.355,580629.88,2285703.404,0.2815,1.03,8.2649,1.2932,2.9921,2521984.5601,2062894.4429,1171836.1832,99113993.2119,81071751.606
600036.SH,20220713,39.07,39.25,37.69,37.9,39.3,-1.4,-3.5623,1410830.81,5383917.613,0.6839,2.47,7.9704,1.2471,2.8855,2521984.5601,2062894.4429,1171836.1832,95583214.8278,78183699.3859
600036.SH,20220714,37.17,37.19,35.5,36.48,37.9,-1.42,-3.7467,2325233.74,8431357.29,1.1272,3.44,7.6718,1.2004,2.7774,2521984.5601,2062894.4429,1171836.1832,92001996.7524,75254389.277
600036.SH,20220715,35.1,35.96,34.86,34.87,34.96,-0.09,-0.2574,1382451.73,4872775.479,0.6702,1.33,7.3332,1.2079,2.6548,2521984.5601,2062894.4429,1171836.1832,87941601.6107,71933129.2239
600036.SH,20220718,35.15,35.84,35.01,35.63,34.87,0.76,2.1795,903080.21,3202227.202,0.4378,0.74,7.4931,1.2342,2.7127,2521984.5601,2062894.4429,1171836.1832,89858309.8764,73500929.0005
600036.SH,20220719,35.5,35.85,35.2,35.71,35.63,0.08,0.2245,537813.84,1910448.534,0.2607,0.41,7.5099,1.237,2.7188,2521984.5601,2062894.4429,1171836.1832,90060068.6412,73665960.556
600036.SH,20220720,35.94,36.12,35.71,35.85,35.71,0.14,0.392,469688.71,1685116.916,0.2277,0.36,7.5393,1.2418,2.7294,2521984.5601,2062894.4429,1171836.1832,90413146.4796,73954765.778
600036.SH,20220721,35.54,35.83,35.37,35.46,35.85,-0.39,-1.0879,466240.82,1656137.612,0.226,0.41,7.4573,1.2283,2.6997,2521984.5601,2062894.4429,1171836.1832,89429572.5011,73150236.9452
600036.SH,20220722,35.55,36.05,35.25,35.59,35.46,0.13,0.3666,510332.74,1817477.34,0.2474,0.68,7.4847,1.2328,2.7096,2521984.5601,2062894.4429,1171836.1832,89757430.494,73418413.2228
600036.SH,20220725,35.38,35.98,35.22,35.85,35.59,0.26,0.7305,404648.61,1447583.0,0.1962,0.7,7.5393,1.2418,2.7294,2521984.5601,2062894.4429,1171836.1832,90413146.4796,73954765.778
600036.SH,20220726,35.85,36.35,35.79,36.33,35.85,0.48,1.3389,456285.22,1651632.36,0.2212,0.96,7.6403,1.2585,2.766,2521984.5601,2062894.4429,1171836.1832,91623699.0684,74944955.1106
600036.SH,20220727,36.23,36.35,35.91,36.05,36.33,-0.28,-0.7707,442471.35,1597140.637,0.2145,0.96,7.5814,1.2488,2.7447,2521984.5601,2062894.4429,1171836.1832,90917543.3916,74367344.6665
600036.SH,20220728,36.1,36.35,35.75,35.78,36.05,-0.27,-0.749,570667.6,2054633.516,0.2766,1.25,7.5246,1.2394,2.7241,2521984.5601,2062894.4429,1171836.1832,90236607.5604,73810363.167
600036.SH,20220729,35.83,36.18,35.01,35.07,35.78,-0.71,-1.9843,649706.31,2299974.527,0.3149,1.36,7.3753,1.2148,2.67,2521984.5601,2062894.4429,1171836.1832,88445998.5227,72345708.1125
600036.SH,20220801,34.99,35.01,34.45,34.52,35.07,-0.55,-1.5683,705882.73,2445426.274,0.3422,1.4,7.2596,1.1958,2.6282,2521984.5601,2062894.4429,1171836.1832,87058907.0147,71211116.1689
600036.SH,20220802,34.2,34.21,33.33,33.91,34.52,-0.61,-1.7671,811607.51,2741206.158,0.3934,1.44,7.1313,1.1746,2.5817,2521984.5601,2062894.4429,1171836.1832,85520496.433,69952750.5587
600036.SH,20220803,33.9,34.49,32.95,33.06,33.91,-0.85,-2.5066,1003206.25,3341394.264,0.4863,1.58,6.9526,1.1452,2.517,2521984.5601,2062894.4429,1171836.1832,83376809.5569,68199290.2823
600036.SH,20220804,33.33,33.7,33.23,33.66,33.06,0.6,1.8149,593072.71,1986094.524,0.2875,0.79,7.0788,1.166,2.5627,2521984.5601,2062894.4429,1171836.1832,84890000.293,69437026.948
600036.SH,20220805,33.81,34.34,33.62,34.3,33.66,0.64,1.9014,488719.48,1660667.569,0.2369,0.65,7.2134,1.1881,2.6114,2521984.5601,2062894.4429,1171836.1832,86504070.4114,70757279.3915
600036.SH,20220808,34.19,34.49,33.62,33.91,34.3,-0.39,-1.137,572111.97,1942979.975,0.2773,0.79,7.1313,1.1746,2.5817,2521984.5601,2062894.4429,1171836.1832,85520496.433,69952750.5587
600036.SH,20220809,33.95,33.95,33.4,33.6,33.91,-0.31,-0.9142,498671.19,1675279.85,0.2417,0.72,7.0661,1.1639,2.5581,2521984.5601,2062894.4429,1171836.1832,84738681.2194,69313253.2814
600036.SH,20220810,33.56,33.7,33.03,33.15,33.6,-0.45,-1.3393,529604.8,1758806.053,0.2567,0.84,6.9715,1.1483,2.5239,2521984.5601,2062894.4429,1171836.1832,83603788.1673,68384950.7821
600036.SH,20220811,33.46,34.4,33.18,34.36,33.15,1.21,3.6501,826688.09,2799671.312,0.4007,1.54,7.226,1.1902,2.616,2521984.5601,2062894.4429,1171836.1832,86655389.485,70881053.058
600036.SH,20220812,34.16,34.44,34.03,34.37,34.36,0.01,0.0291,402000.5,1377797.391,0.1949,0.69,7.2281,1.1906,2.6167,2521984.5601,2062894.4429,1171836.1832,86680609.3306,70901682.0025
600036.SH,20220815,34.1,34.33,33.53,33.73,34.37,-0.64,-1.8621,459180.83,1554089.642,0.2226,0.81,7.0935,1.1684,2.568,2521984.5601,2062894.4429,1171836.1832,85066539.2122,69581429.559
600036.SH,20220816,33.86,34.37,33.75,33.91,33.73,0.18,0.5336,479154.54,1629408.747,0.2323,0.88,7.1313,1.1746,2.5817,2521984.5601,2062894.4429,1171836.1832,85520496.433,69952750.5587
600036.SH,20220817,34.0,34.33,33.54,34.24,33.91,0.33,0.9732,453954.76,1545822.426,0.2201,0.84,7.2007,1.1861,2.6069,2521984.5601,2062894.4429,1171836.1832,86352751.3378,70633505.7249
600036.SH,20220818,34.13,34.17,33.44,33.72,34.24,-0.52,-1.5187,507344.43,1709182.803,0.2459,0.97,7.0914,1.168,2.5673,2521984.5601,2062894.4429,1171836.1832,85041319.3666,69560800.6146
600036.SH,20220819,33.48,34.15,33.46,33.85,33.72,0.13,0.3855,428449.67,1455096.383,0.2077,0.93,7.1187,1.1725,2.5772,2521984.5601,2062894.4429,1171836.1832,85369177.3594,69828976.8922
600036.SH,20220822,33.54,34.12,33.5,33.62,33.85,-0.23,-0.6795,525634.82,1773361.292,0.2548,1.13,7.0704,1.1142,2.5596,2521984.5601,2062894.4429,1171836.1832,84789120.9106,69354511.1703
600036.SH,20220823,33.59,33.6,33.02,33.1,33.62,-0.52,-1.5467,539657.2,1791825.378,0.2616,1.13,6.961,1.097,2.5201,2521984.5601,2062894.4429,1171836.1832,83477688.9393,68281806.06
600036.SH,20220824,33.14,33.44,32.8,32.84,33.1,-0.26,-0.7855,589658.52,1950217.427,0.2858,1.2,6.9063,1.0883,2.5003,2521984.5601,2062894.4429,1171836.1832,82821972.9537,67745453.5048
600036.SH,20220825,32.9,33.77,32.59,33.69,32.84,0.85,2.5883,650738.75,2161568.446,0.3154,1.26,7.0851,1.1165,2.565,2521984.5601,2062894.4429,1171836.1832,84965659.8298,69498913.7813
600036.SH,20220826,33.7,34.04,33.33,33.7,33.69,0.01,0.0297,549683.1,1852196.046,0.2665,1.01,7.0872,1.1168,2.5657,2521984.5601,2062894.4429,1171836.1832,84990879.6754,69519542.7257
600036.SH,20220829,33.31,33.82,33.11,33.28,33.7,-0.42,-1.2463,389013.92,1293596.316,0.1886,0.68,6.9989,1.1029,2.5338,2521984.5601,2062894.4429,1171836.1832,83931646.1601,68653127.0597
600036.SH,20220830,33.11,33.87,33.08,33.79,33.28,0.51,1.5325,590877.36,1983189.091,0.2864,1.09,7.1061,1.1198,2.5726,2521984.5601,2062894.4429,1171836.1832,85217858.2858,69705203.2256
600036.SH,20220831,33.54,35.24,33.47,35.05,33.79,1.26,3.7289,1665451.05,5773783.194,0.8073,3.01,7.3711,1.1616,2.6685,2521984.5601,2062894.4429,1171836.1832,88395558.8315,72304450.2236
600036.SH,20220901,34.86,35.04,34.49,34.5,35.05,-0.55,-1.5692,607421.08,2109230.456,0.2945,0.79,7.2554,1.1434,2.6266,2521984.5601,2062894.4429,1171836.1832,87008467.3235,71169858.2801
600036.SH,20220902,34.6,34.9,34.12,34.32,34.5,-0.18,-0.5217,476634.98,1638046.863,0.2311,0.63,7.2176,1.1374,2.6129,2521984.5601,2062894.4429,1171836.1832,86554510.1026,70798537.2803
600036.SH,20220905,34.25,34.39,33.56,34.23,34.32,-0.09,-0.2622,467372.06,1585571.171,0.2266,0.63,7.1986,1.1344,2.6061,2521984.5601,2062894.4429,1171836.1832,86327531.4922,70612876.7805
600036.SH,20220906,34.32,34.75,33.5,33.62,34.23,-0.61,-1.7821,877561.01,2969378.343,0.4254,1.15,7.0704,1.1142,2.5596,2521984.5601,2062894.4429,1171836.1832,84789120.9106,69354511.1703
600036.SH,20220907,33.35,33.48,33.06,33.38,33.62,-0.24,-0.7139,625220.16,2077538.98,0.3031,0.76,7.0199,1.1062,2.5414,2521984.5601,2062894.4429,1171836.1832,84183844.6161,68859416.504
600036.SH,20220908,33.37,33.53,33.25,33.3,33.38,-0.08,-0.2397,416672.22,1390770.603,0.202,0.68,7.0031,1.1036,2.5353,2521984.5601,2062894.4429,1171836.1832,83982085.8513,68694384.9486
600036.SH,20220909,33.45,34.76,33.38,34.5,33.3,1.2,3.6036,1351666.15,4636864.234,0.6552,2.36,7.2554,1.1434,2.6266,2521984.5601,2062894.4429,1171836.1832,87008467.3235,71169858.2801
600036.SH,20220913,34.45,35.65,34.29,35.35,34.5,0.85,2.4638,1438610.57,5071277.448,0.6974,1.92,7.4342,1.1715,2.6914,2521984.5601,2062894.4429,1171836.1832,89152154.1995,72923318.5565
600036.SH,20220914,34.9,35.3,34.71,34.86,35.35,-0.49,-1.3861,560786.36,1960637.593,0.2718,0.6,7.3311,1.1553,2.6541,2521984.5601,2062894.4429,1171836.1832,87916381.7651,71912500.2795
600036.SH,20220915,35.15,36.06,35.15,36.01,34.86,1.15,3.2989,1340950.49,4805992.201,0.65,1.53,7.573,1.1934,2.7416,2521984.5601,2062894.4429,1171836.1832,90816664.0092,74284828.8888
600036.SH,20220916,35.69,36.0,34.92,34.95,36.01,-1.06,-2.9436,865161.34,3050978.941,0.4194,0.85,7.3501,1.1583,2.6609,2521984.5601,2062894.4429,1171836.1832,88143360.3755,72098160.7794
600036.SH,20220919,34.89,35.32,34.75,35.09,34.95,0.14,0.4006,449981.29,1578116.277,0.2181,0.4,7.3795,1.1629,2.6716,2521984.5601,2062894.4429,1171836.1832,88496438.2139,72386966.0014
600036.SH,20220920,35.1,35.19,34.35,34.54,35.09,-0.55,-1.5674,504345.51,1745868.528,0.2445,0.54,7.2638,1.1447,2.6297,2521984.5601,2062894.4429,1171836.1832,87109346.7059,71252374.0578
600036.SH,20220921,34.45,34.88,33.86,34.41,34.54,-0.13,-0.3764,530389.25,1821095.332,0.2571,0.71,7.2365,1.1404,2.6198,2521984.5601,2062894.4429,1171836.1832,86781488.713,70984197.7802
600036.SH,20220922,34.0,34.25,33.91,34.17,34.41,-0.24,-0.6975,385145.51,1310807.203,0.1867,0.52,7.186,1.1324,2.6015,2521984.5601,2062894.4429,1171836.1832,86176212.4186,70489103.1139
600036.SH,20220923,34.0,34.66,34.0,34.36,34.17,0.19,0.556,366437.17,1258753.251,0.1776,0.67,7.226,1.1387,2.616,2521984.5601,2062894.4429,1171836.1832,86655389.485,70881053.058
600036.SH,20220926,34.02,34.52,33.84,33.95,34.36,-0.41,-1.1932,525491.4,1789545.993,0.2547,1.17,7.1398,1.1251,2.5848,2521984.5601,2062894.4429,1171836.1832,85621375.8154,70035266.3365
600036.SH,20220927,33.89,34.05,33.44,33.9,33.95,-0.05,-0.1473,475413.62,1604082.625,0.2305,1.03,7.1292,1.1235,2.581,2521984.5601,2062894.4429,1171836.1832,85495276.5874,69932121.6143
600036.SH,20220928,33.79,34.0,33.42,33.67,33.9,-0.23,-0.6785,487298.6,1642543.374,0.2362,1.07,7.0809,1.1159,2.5635,2521984.5601,2062894.4429,1171836.1832,84915220.1386,69457655.8924
600036.SH,20220929,33.99,34.32,33.0,33.15,33.67,-0.52,-1.5444,617859.02,2073148.613,0.2995,1.38,6.9715,1.0986,2.5239,2521984.5601,2062894.4429,1171836.1832,83603788.1673,68384950.7821
600036.SH,20220930,33.26,33.95,33.12,33.65,33.15,0.5,1.5083,539717.07,1816711.65,0.2616,1.09,7.0767,1.1152,2.5619,2521984.5601,2062894.4429,1171836.1832,84864780.4474,69416398.0036
600036.SH,20221010,32.99,33.09,31.25,31.8,33.65,-1.85,-5.4978,1277991.32,4068516.527,0.6195,2.42,6.6876,1.0539,2.4211,2521984.5601,2062894.4429,1171836.1832,80199109.0112,65600043.2842
600036.SH,20221011,31.79,32.07,31.31,31.4,31.8,-0.4,-1.2579,618664.47,1953843.165,0.2999,0.91,6.6035,1.0406,2.3906,2521984.5601,2062894.4429,1171836.1832,79190315.1871,64774885.5071
600036.SH,20221012,31.25,31.3,30.05,30.95,31.4,-0.45,-1.4331,1173699.75,3590021.718,0.569,1.66,6.5088,1.0257,2.3564,2521984.5601,2062894.4429,1171836.1832,78055422.1351,63846583.0078
600036.SH,20221013,30.47,30.56,29.7,29.89,30.95,-1.06,-3.4249,1350380.91,4045377.68,0.6546,1.6,6.2859,0.9906,2.2757,2521984.5601,2062894.4429,1171836.1832,75382118.5014,61659914.8983
600036.SH,20221014,30.3,31.22,30.1,31.08,29.89,1.19,3.9813,1269196.92,3911873.392,0.6153,1.28,6.5362,1.03,2.3663,2521984.5601,2062894.4429,1171836.1832,78383280.1279,64114759.2853
600036.SH,20221017,30.7,31.18,30.54,31.02,31.08,-0.06,-0.1931,646309.61,1997396.404,0.3133,0.57,6.5236,1.028,2.3617,2521984.5601,2062894.4429,1171836.1832,78231961.0543,63990985.6188
600036.SH,20221018,31.3,31.38,30.7,30.8,31.02,-0.22,-0.7092,562813.82,1739815.953,0.2728,0.56,6.4773,1.0207,2.3449,2521984.5601,2062894.4429,1171836.1832,77677124.4511,63537148.8413
600036.SH,20221019,30.72,31.07,30.21,30.26,30.8,-0.54,-1.7532,528275.18,1614469.066,0.2561,0.53,6.3637,1.0028,2.3038,2521984.5601,2062894.4429,1171836.1832,76315252.7886,62423185.8422
600036.SH,20221020,30.0,30.45,29.88,30.07,30.26,-0.19,-0.6279,551154.04,1657020.702,0.2672,0.63,6.3238,0.9965,2.2894,2521984.5601,2062894.4429,1171836.1832,75836075.7222,62031235.898
600036.SH,20221021,30.15,30.27,29.5,29.58,30.07,-0.49,-1.6295,728710.94,2171956.543,0.3532,1.02,6.2207,0.9803,2.2521,2521984.5601,2062894.4429,1171836.1832,74600303.2878,61020417.621
600036.SH,20221024,29.39,29.49,28.0,28.02,29.58,-1.56,-5.2738,1451458.35,4134436.262,0.7036,2.41,5.8927,0.9286,2.1333,2521984.5601,2062894.4429,1171836.1832,70666007.374,57802302.2901
600036.SH,20221025,28.02,28.47,27.81,28.19,28.02,0.17,0.6067,860282.49,2418347.973,0.417,1.13,5.9284,0.9342,2.1462,2521984.5601,2062894.4429,1171836.1832,71094744.7492,58152994.3454
600036.SH,20221026,27.98,28.32,27.76,27.93,28.19,-0.26,-0.9223,754021.89,2113201.163,0.3655,0.92,5.8737,0.9256,2.1264,2521984.5601,2062894.4429,1171836.1832,70439028.7636,57616641.7902
600036.SH,20221027,28.2,28.44,27.9,27.94,27.93,0.01,0.0358,762865.64,2145320.724,0.3698,0.88,5.8758,0.926,2.1272,2521984.5601,2062894.4429,1171836.1832,70464248.6092,57637270.7346
600036.SH,20221028,27.6,28.0,26.99,27.18,27.94,-0.76,-2.7201,949464.22,2601030.856,0.4603,1.04,5.716,0.9008,2.0693,2521984.5601,2062894.4429,1171836.1832,68547540.3435,56069470.958
600036.SH,20221031,26.9,27.13,26.3,26.82,27.18,-0.36,-1.3245,953032.53,2553633.471,0.462,1.0,5.6403,0.8464,2.0419,2521984.5601,2062894.4429,1171836.1832,67639625.9019,55326828.9586
600036.SH,20221101,27.1,28.25,27.01,28.19,26.82,1.37,5.1081,1059019.01,2937217.653,0.5134,1.24,5.9284,0.8896,2.1462,2521984.5601,2062894.4429,1171836.1832,71094744.7492,58152994.3454
600036.SH,20221102,28.16,28.7,27.85,28.42,28.19,0.23,0.8159,728361.02,2060238.785,0.3531,0.81,5.9768,0.8969,2.1637,2521984.5601,2062894.4429,1171836.1832,71674801.198,58627460.0672
600036.SH,20221103,28.35,28.38,27.88,28.05,28.42,-0.37,-1.3019,501722.13,1410971.285,0.2432,0.56,5.899,0.8852,2.1356,2521984.5601,2062894.4429,1171836.1832,70741666.9108,57864189.1233
600036.SH,20221104,28.05,29.25,27.99,29.08,28.05,1.03,3.672,926829.57,2676989.831,0.4493,1.11,6.1156,0.9177,2.214,2521984.5601,2062894.4429,1171836.1832,73339311.0077,59988970.3995
600036.SH,20221107,28.8,29.43,28.62,29.16,29.08,0.08,0.2751,545380.19,1585520.854,0.2644,0.65,6.1324,0.9203,2.2201,2521984.5601,2062894.4429,1171836.1832,73541069.7725,60154001.955
600036.SH,20221108,29.2,29.38,28.94,29.15,29.16,-0.01,-0.0343,439781.88,1281125.722,0.2132,0.58,6.1303,0.9199,2.2193,2521984.5601,2062894.4429,1171836.1832,73515849.9269,60133373.0105
600036.SH,20221109,29.15,29.55,29.0,29.18,29.15,0.03,0.1029,463059.56,1353976.618,0.2245,0.74,6.1366,0.9209,2.2216,2521984.5601,2062894.4429,1171836.1832,73591509.4637,60195259.8438
600036.SH,20221110,29.0,29.3,28.77,29.19,29.18,0.01,0.0343,400045.62,1163044.393,0.1939,0.7,6.1387,0.9212,2.2224,2521984.5601,2062894.4429,1171836.1832,73616729.3093,60215888.7883
600036.SH,20221111,30.1,31.8,29.71,31.24,29.19,2.05,7.023,1688716.88,5192860.256,0.8186,3.04,6.5698,0.9859,2.3784,2521984.5601,2062894.4429,1171836.1832,78786797.6575,64444822.3962
600036.SH,20221114,32.5,33.69,32.33,33.14,31.24,1.9,6.0819,2049685.36,6818027.855,0.9936,2.9,6.9694,1.0459,2.5231,2521984.5601,2062894.4429,1171836.1832,83578568.3217,68364321.8377
600036.SH,20221115,33.15,33.83,32.75,33.28,33.14,0.14,0.4225,913305.06,3043238.573,0.4427,0.91,6.9989,1.0503,2.5338,2521984.5601,2062894.4429,1171836.1832,83931646.1601,68653127.0597
600036.SH,20221116,33.26,33.48,32.86,33.38,33.28,0.1,0.3005,614594.43,2043574.641,0.2979,0.56,7.0199,1.0534,2.5414,2521984.5601,2062894.4429,1171836.1832,84183844.6161,68859416.504
600036.SH,20221117,33.3,33.3,32.0,32.31,33.38,-1.07,-3.2055,1037151.91,3358356.944,0.5028,0.92,6.7949,1.0197,2.4599,2521984.5601,2062894.4429,1171836.1832,81485321.1368,66652119.4501
600036.SH,20221118,32.29,32.68,31.83,32.07,32.31,-0.24,-0.7428,562731.94,1805184.083,0.2728,0.45,6.7444,1.0121,2.4416,2521984.5601,2062894.4429,1171836.1832,80880044.8424,66157024.7838
600036.SH,20221121,31.6,31.97,31.05,31.87,32.07,-0.2,-0.6236,479104.04,1512009.17,0.2322,0.46,6.7023,1.0058,2.4264,2521984.5601,2062894.4429,1171836.1832,80375647.9304,65744445.8952
600036.SH,20221122,32.07,32.88,31.8,32.45,31.87,0.58,1.8199,654166.5,2120960.84,0.3171,0.91,6.8243,1.0241,2.4706,2521984.5601,2062894.4429,1171836.1832,81838398.9752,66940924.6721
600036.SH,20221123,32.33,32.95,32.15,32.22,32.45,-0.23,-0.7088,577644.27,1878620.068,0.28,0.86,6.7759,1.0168,2.4531,2521984.5601,2062894.4429,1171836.1832,81258342.5264,66466458.9502
600036.SH,20221124,32.6,32.87,32.08,32.22,32.22,0.0,0.0,406301.0,1314257.028,0.197,0.61,6.7759,1.0168,2.4531,2521984.5601,2062894.4429,1171836.1832,81258342.5264,66466458.9502
600036.SH,20221125,32.21,33.22,32.18,33.02,32.22,0.8,2.4829,830121.55,2729700.885,0.4024,1.55,6.9442,1.0421,2.514,2521984.5601,2062894.4429,1171836.1832,83275930.1745,68116774.5046
600036.SH,20221128,32.1,32.11,31.45,31.96,33.02,-1.06,-3.2102,809376.86,2566010.758,0.3924,1.37,6.7213,1.0086,2.4333,2521984.5601,2062894.4429,1171836.1832,80602626.5408,65930106.3951
600036.SH,20221129,32.79,34.91,32.75,34.86,31.96,2.9,9.0738,1753186.95,5977811.958,0.8499,2.67,7.3311,1.1001,2.6541,2521984.5601,2062894.4429,1171836.1832,87916381.7651,71912500.2795
600036.SH,20221130,34.33,35.44,34.2,34.96,34.86,0.1,0.2869,873324.61,3048012.198,0.4233,1.0,7.3522,1.1033,2.6617,2521984.5601,2062894.4429,1171836.1832,88168580.2211,72118789.7238
600036.SH,20221201,35.9,36.5,34.85,35.0,34.96,0.04,0.1144,831397.23,2948536.902,0.403,0.89,7.3606,1.1046,2.6647,2521984.5601,2062894.4429,1171836.1832,88269459.6035,72201305.5015
600036.SH,20221202,35.0,35.0,34.16,34.39,35.0,-0.61,-1.7429,598462.4,2055897.652,0.2901,0.59,7.2323,1.0853,2.6183,2521984.5601,2062894.4429,1171836.1832,86731049.0218,70942939.8913
600036.SH,20221205,34.97,36.1,34.61,36.1,34.39,1.71,4.9724,1050604.39,3735713.567,0.5093,1.08,7.5919,1.1393,2.7485,2521984.5601,2062894.4429,1171836.1832,91043642.6196,74470489.3887
600036.SH,20221206,35.91,35.98,35.42,35.85,36.1,-0.25,-0.6925,651103.53,2322429.385,0.3156,0.64,7.5393,1.1314,2.7294,2521984.5601,2062894.4429,1171836.1832,90413146.4796,73954765.778
600036.SH,20221207,35.8,35.95,35.3,35.32,35.85,-0.53,-1.4784,564606.28,2005014.219,0.2737,0.7,7.4279,1.1147,2.6891,2521984.5601,2062894.4429,1171836.1832,89076494.6627,72861431.7232
600036.SH,20221208,35.25,35.77,35.16,35.45,35.32,0.13,0.3681,443551.51,1574334.29,0.215,0.6,7.4552,1.1188,2.699,2521984.5601,2062894.4429,1171836.1832,89404352.6555,73129608.0008
600036.SH,20221209,35.8,36.93,35.63,36.75,35.45,1.3,3.6671,958162.91,3491269.582,0.4645,1.45,7.7286,1.1598,2.7979,2521984.5601,2062894.4429,1171836.1832,92682932.5837,75811370.7766
600036.SH,20221212,36.41,36.6,35.68,35.79,36.75,-0.96,-2.6122,606262.4,2186064.378,0.2939,0.83,7.5267,1.1295,2.7249,2521984.5601,2062894.4429,1171836.1832,90261827.406,73830992.1114
600036.SH,20221213,35.73,36.26,35.61,36.14,35.79,0.35,0.9779,382903.98,1379130.447,0.1856,0.59,7.6003,1.1405,2.7515,2521984.5601,2062894.4429,1171836.1832,91144522.002,74553005.1664
600036.SH,20221214,36.14,37.04,36.02,36.91,36.14,0.77,2.1306,644361.67,2361876.16,0.3124,1.09,7.7622,1.1648,2.8101,2521984.5601,2062894.4429,1171836.1832,93086450.1133,76141433.8874
600036.SH,20221215,36.62,36.96,36.22,36.33,36.91,-0.58,-1.5714,403403.41,1470344.983,0.1956,0.66,7.6403,1.1465,2.766,2521984.5601,2062894.4429,1171836.1832,91623699.0684,74944955.1106
600036.SH,20221216,36.3,37.2,36.3,37.09,36.33,0.76,2.0919,607820.01,2242781.163,0.2946,1.01,7.8001,1.1705,2.8238,2521984.5601,2062894.4429,1171836.1832,93540407.3341,76512754.8872
600036.SH,20221219,37.1,37.34,36.25,36.5,37.09,-0.59,-1.5907,547842.53,2014825.882,0.2656,1.04,7.676,1.1519,2.7789,2521984.5601,2062894.4429,1171836.1832,92052436.4437,75295647.1659
600036.SH,20221220,36.24,36.55,35.3,35.72,36.5,-0.78,-2.137,702911.16,2518741.582,0.3407,1.36,7.512,1.1273,2.7195,2521984.5601,2062894.4429,1171836.1832,90085288.4868,73686589.5004
600036.SH,20221221,35.99,36.23,35.71,35.95,35.72,0.23,0.6439,330497.76,1188825.669,0.1602,0.57,7.5604,1.1345,2.737,2521984.5601,2062894.4429,1171836.1832,90665344.9356,74161055.2223
600036.SH,20221222,36.53,36.85,36.25,36.5,35.95,0.55,1.5299,359714.83,1312827.354,0.1744,0.69,7.676,1.1519,2.7789,2521984.5601,2062894.4429,1171836.1832,92052436.4437,75295647.1659
600036.SH,20221223,36.29,36.8,36.15,36.37,36.5,-0.13,-0.3562,330583.6,1204442.484,0.1603,0.65,7.6487,1.1478,2.769,2521984.5601,2062894.4429,1171836.1832,91724578.4508,75027470.8883
600036.SH,20221226,36.35,36.8,35.89,35.95,36.37,-0.42,-1.1548,360473.52,1309281.788,0.1747,0.79,7.5604,1.1345,2.737,2521984.5601,2062894.4429,1171836.1832,90665344.9356,74161055.2223
600036.SH,20221227,36.45,36.98,36.33,36.67,35.95,0.72,2.0028,367907.47,1350814.519,0.1783,0.88,7.7118,1.1573,2.7919,2521984.5601,2062894.4429,1171836.1832,92481173.8189,75646339.2211
600036.SH,20221228,36.67,37.52,36.58,37.33,36.67,0.66,1.7998,528859.97,1970716.248,0.2564,1.51,7.8506,1.1781,2.8421,2521984.5601,2062894.4429,1171836.1832,94145683.6285,77007849.5535
600036.SH,20221229,36.9,37.32,36.65,37.23,37.33,-0.1,-0.2679,513629.13,1902491.092,0.249,1.32,7.8295,1.1749,2.8345,2521984.5601,2062894.4429,1171836.1832,93893485.1725,76801560.1092
600036.SH,20221230,37.34,37.63,37.19,37.26,37.23,0.03,0.0806,523228.05,1959907.428,0.2536,1.24,7.8359,1.1759,2.8368,2521984.5601,2062894.4429,1171836.1832,93969144.7093,76863446.9425
600036.SH,20230103,37.08,37.78,36.53,37.58,37.26,0.32,0.8588,606266.16,2255334.391,0.2939,1.32,7.9032,1.186,2.8611,2521984.5601,2062894.4429,1171836.1832,94776179.7686,77523573.1642
600036.SH,20230104,37.78,38.83,37.53,38.65,37.58,1.07,2.8473,836454.11,3207024.324,0.4055,1.65,8.1282,1.2198,2.9426,2521984.5601,2062894.4429,1171836.1832,97474703.2479,79730870.2181
600036.SH,20230105,38.99,39.27,38.4,38.5,38.65,-0.15,-0.3881,619085.19,2398823.818,0.3001,1.03,8.0966,1.215,2.9312,2521984.5601,2062894.4429,1171836.1832,97096405.5639,79421436.0517
600036.SH,20230106,38.66,38.93,37.89,38.38,38.5,-0.12,-0.3117,590006.99,2255711.424,0.286,0.95,8.0714,1.2112,2.922,2521984.5601,2062894.4429,1171836.1832,96793767.4166,79173888.7185
600036.SH,20230109,38.41,39.1,38.41,38.8,38.38,0.42,1.0943,499148.86,1937276.819,0.242,0.79,8.1597,1.2245,2.954,2521984.5601,2062894.4429,1171836.1832,97853000.9319,80040304.3845
600036.SH,20230110,38.78,38.8,38.16,38.25,38.8,-0.55,-1.4175,541971.59,2078031.131,0.2627,0.86,8.0441,1.2071,2.9122,2521984.5601,2062894.4429,1171836.1832,96465909.4238,78905712.4409
600036.SH,20230111,38.38,39.18,38.14,38.92,38.25,0.67,1.7516,541706.98,2107076.772,0.2626,0.88,8.185,1.2283,2.9632,2521984.5601,2062894.4429,1171836.1832,98155639.0791,80287851.7177
600036.SH,20230112,39.11,39.15,38.73,39.05,38.92,0.13,0.334,304348.71,1185494.431,0.1475,0.55,8.2123,1.2324,2.9731,2521984.5601,2062894.4429,1171836.1832,98483497.0719,80556027.9952
600036.SH,20230113,39.07,39.66,38.97,39.66,39.05,0.61,1.5621,463767.08,1825772.733,0.2248,0.94,8.3406,1.2516,3.0195,2521984.5601,2062894.4429,1171836.1832,100021907.6536,81814393.6054
600036.SH,20230116,40.0,41.14,39.8,40.47,39.66,0.81,2.0424,880468.55,3569434.0,0.4268,1.87,8.5109,1.2367,3.0812,2521984.5601,2062894.4429,1171836.1832,102064715.1472,83485338.1042
600036.SH,20230117,40.45,40.94,40.28,40.68,40.47,0.21,0.5189,432047.05,1752751.493,0.2094,0.79,8.5551,1.2431,3.0972,2521984.5601,2062894.4429,1171836.1832,102594331.9049,83918545.9372
600036.SH,20230118,40.65,40.95,40.23,40.38,40.68,-0.3,-0.7375,294674.72,1191075.289,0.1428,0.56,8.492,1.234,3.0743,2521984.5601,2062894.4429,1171836.1832,101837736.5368,83299677.6043
600036.SH,20230119,40.2,40.8,39.92,40.65,40.38,0.27,0.6686,472490.21,1910434.244,0.229,0.99,8.5488,1.2422,3.0949,2521984.5601,2062894.4429,1171836.1832,102518672.3681,83856659.1039
600036.SH,20230120,40.98,41.1,40.68,41.05,40.65,0.4,0.984,413402.73,1692997.05,0.2004,0.81,8.6329,1.2544,3.1253,2521984.5601,2062894.4429,1171836.1832,103527466.1921,84681816.881
600036.SH,20230130,42.55,42.63,41.85,42.03,41.05,0.98,2.3873,1007007.4,4255796.7,0.4882,2.02,8.839,1.2844,3.1999,2521984.5601,2062894.4429,1171836.1832,105999011.061,86703453.4351
600036.SH,20230131,42.35,42.35,41.21,41.21,42.03,-0.82,-1.951,642311.85,2677248.182,0.3114,1.23,8.6665,1.2593,3.1375,2521984.5601,2062894.4429,1171836.1832,103930983.7217,85011879.9919
600036.SH,20230201,41.64,41.69,39.95,40.54,41.21,-0.67,-1.6258,916791.3,3709963.959,0.4444,1.62,8.5256,1.2389,3.0865,2521984.5601,2062894.4429,1171836.1832,102241254.0665,83629740.7152
600036.SH,20230202,40.7,40.75,39.55,40.03,40.54,-0.51,-1.258,727232.93,2898996.931,0.3525,1.05,8.4184,1.2233,3.0477,2521984.5601,2062894.4429,1171836.1832,100955041.9408,82577664.5493
600036.SH,20230203,39.79,39.79,39.01,39.3,40.03,-0.73,-1.8236,638163.64,2506324.574,0.3094,0.86,8.2649,1.201,2.9921,2521984.5601,2062894.4429,1171836.1832,99113993.2119,81071751.606
600036.SH,20230206,38.72,38.74,37.88,38.35,39.3,-0.95,-2.4173,731000.66,2790029.317,0.3544,0.93,8.0651,1.1719,2.9198,2521984.5601,2062894.4429,1171836.1832,96718107.8798,79112001.8852
600036.SH,20230207,38.5,38.94,38.16,38.41,38.35,0.06,0.1565,426570.86,1643882.586,0.2068,0.58,8.0777,1.1738,2.9243,2521984.5601,2062894.4429,1171836.1832,96869426.9534,79235775.5518
600036.SH,20230208,38.5,38.92,38.36,38.49,38.41,0.08,0.2083,317065.28,1222704.068,0.1537,0.46,8.0945,1.1762,2.9304,2521984.5601,2062894.4429,1171836.1832,97071185.7182,79400807.1072
600036.SH,20230209,38.42,38.89,38.32,38.49,38.49,0.0,0.0,498174.81,1920854.681,0.2415,0.88,8.0945,1.1762,2.9304,2521984.5601,2062894.4429,1171836.1832,97071185.7182,79400807.1072
600036.SH,20230210,38.3,38.39,37.9,38.16,38.49,-0.33,-0.8574,411026.39,1567982.948,0.1992,0.79,8.0251,1.1661,2.9053,2521984.5601,2062894.4429,1171836.1832,96238930.8134,78720051.9411
600036.SH,20230213,37.9,37.98,37.07,37.72,38.16,-0.44,-1.153,825181.34,3095654.45,0.4,1.73,7.9326,1.1527,2.8718,2521984.5601,2062894.4429,1171836.1832,95129257.607,77812378.3862
600036.SH,20230214,37.78,38.06,37.51,38.0,37.72,0.28,0.7423,486076.63,1836814.072,0.2356,0.98,7.9915,1.1612,2.8931,2521984.5601,2062894.4429,1171836.1832,95835413.2838,78389988.8302
600036.SH,20230215,38.0,38.09,37.0,37.17,38.0,-0.83,-2.1842,771047.78,2872782.991,0.3738,1.52,7.8169,1.1359,2.8299,2521984.5601,2062894.4429,1171836.1832,93742166.0989,76677786.4426
600036.SH,20230216,37.2,37.85,37.02,37.27,37.17,0.1,0.269,654152.31,2453427.441,0.3171,1.09,7.838,1.1389,2.8375,2521984.5601,2062894.4429,1171836.1832,93994364.5549,76884075.8869
600036.SH,20230217,37.15,37.38,36.68,36.71,37.27,-0.56,-1.5025,575812.8,2130963.531,0.2791,0.91,7.7202,1.1218,2.7949,2521984.5601,2062894.4429,1171836.1832,92582053.2013,75728854.9989
600036.SH,20230220,36.82,38.51,36.82,38.49,36.71,1.78,4.8488,1080228.3,4089276.99,0.5236,1.63,8.0945,1.1762,2.9304,2521984.5601,2062894.4429,1171836.1832,97071185.7182,79400807.1072
600036.SH,20230221,38.43,38.82,38.13,38.69,38.49,0.2,0.5196,530465.4,2043801.362,0.2571,0.74,8.1366,1.1823,2.9457,2521984.5601,2062894.4429,1171836.1832,97575582.6303,79813385.9958
600036.SH,20230222,38.46,38.6,38.14,38.16,38.69,-0.53,-1.3699,383091.39,1467027.311,0.1857,0.53,8.0251,1.1661,2.9053,2521984.5601,2062894.4429,1171836.1832,96238930.8134,78720051.9411
600036.SH,20230223,38.16,38.77,38.16,38.27,38.16,0.11,0.2883,370638.24,1423074.975,0.1797,0.57,8.0483,1.1695,2.9137,2521984.5601,2062894.4429,1171836.1832,96516349.115,78946970.3298
600036.SH,20230224,38.17,38.25,37.4,37.46,38.27,-0.81,-2.1165,533690.15,2011474.6,0.2587,0.91,7.8779,1.1447,2.852,2521984.5601,2062894.4429,1171836.1832,94473541.6213,77276025.831
600036.SH,20230227,37.27,37.58,37.09,37.16,37.46,-0.3,-0.8009,449333.67,1674343.23,0.2178,0.78,7.8148,1.1356,2.8292,2521984.5601,2062894.4429,1171836.1832,93716946.2533,76657157.4982
600036.SH,20230228,37.17,37.48,36.85,37.31,37.16,0.15,0.4037,378225.52,1405386.5,0.1833,0.83,7.8464,1.1402,2.8406,2521984.5601,2062894.4429,1171836.1832,94095243.9373,76966591.6646
600036.SH,20230301,37.25,38.34,37.2,38.25,37.31,0.94,2.5194,571194.01,2169732.585,0.2769,1.35,8.0441,1.1689,2.9122,2521984.5601,2062894.4429,1171836.1832,96465909.4238,78905712.4409
600036.SH,20230302,38.04,38.5,37.77,38.25,38.25,0.0,0.0,349070.09,1332878.911,0.1692,0.76,8.0441,1.1689,2.9122,2521984.5601,2062894.4429,1171836.1832,96465909.4238,78905712.4409
600036.SH,20230303,38.5,38.77,37.9,38.25,38.25,0.0,0.0,357113.9,1365470.222,0.1731,0.78,8.0441,1.1689,2.9122,2521984.5601,2062894.4429,1171836.1832,96465909.4238,78905712.4409
600036.SH,20230306,38.02,38.23,36.91,37.0,38.25,-1.25,-3.268,810519.39,3015166.37,0.3929,1.93,7.7812,1.1307,2.817,2521984.5601,2062894.4429,1171836.1832,93313428.7237,76327094.3873
600036.SH,20230307,36.89,37.48,36.41,36.56,37.0,-0.44,-1.1892,737411.49,2722185.234,0.3575,1.5,7.6886,1.1172,2.7835,2521984.5601,2062894.4429,1171836.1832,92203755.5173,75419420.8324
600036.SH,20230308,36.25,36.32,35.8,36.0,36.56,-0.56,-1.5317,616583.57,2216886.862,0.2989,1.09,7.5709,1.1001,2.7408,2521984.5601,2062894.4429,1171836.1832,90791444.1636,74264199.9444
600036.SH,20230309,36.0,36.08,35.5,35.58,36.0,-0.42,-1.1667,539996.02,1928666.141,0.2618,0.94,7.4825,1.0873,2.7089,2521984.5601,2062894.4429,1171836.1832,89732210.6484,73397784.2784
600036.SH,20230310,35.05,35.66,34.95,35.03,35.58,-0.55,-1.5458,558453.66,1963698.972,0.2707,0.91,7.3669,1.0705,2.667,2521984.5601,2062894.4429,1171836.1832,88345119.1403,72263192.3348
600036.SH,20230313,34.92,35.38,34.71,35.05,35.03,0.02,0.0571,584204.63,2046110.685,0.2832,0.9,7.3711,1.0711,2.6685,2521984.5601,2062894.4429,1171836.1832,88395558.8315,72304450.2236
600036.SH,20230314,34.68,34.93,34.34,34.58,35.05,-0.47,-1.3409,626667.5,2168927.834,0.3038,1.03,7.2722,1.0567,2.6327,2521984.5601,2062894.4429,1171836.1832,87210226.0883,71334889.8355
600036.SH,20230315,35.15,35.71,34.88,34.88,34.58,0.3,0.8676,676383.78,2380639.264,0.3279,1.16,7.3353,1.0659,2.6556,2521984.5601,2062894.4429,1171836.1832,87966821.4563,71953758.1684
600036.SH,20230316,34.5,35.15,34.21,34.65,34.88,-0.23,-0.6594,403894.89,1401995.822,0.1958,0.68,7.287,1.0589,2.6381,2521984.5601,2062894.4429,1171836.1832,87386765.0075,71479292.4465
600036.SH,20230317,35.02,35.37,34.02,34.36,34.65,-0.29,-0.8369,832715.78,2893458.533,0.4037,1.46,7.226,1.05,2.616,2521984.5601,2062894.4429,1171836.1832,86655389.485,70881053.058
600036.SH,20230320,34.44,34.91,34.02,34.12,34.36,-0.24,-0.6985,520725.15,1790157.157,0.2524,0.83,7.1755,1.0427,2.5977,2521984.5601,2062894.4429,1171836.1832,86050113.1906,70385958.3917
600036.SH,20230321,34.21,34.5,34.01,34.23,34.12,0.11,0.3224,367475.39,1256872.36,0.1781,0.6,7.1986,1.046,2.6061,2521984.5601,2062894.4429,1171836.1832,86327531.4922,70612876.7805
600036.SH,20230322,34.52,34.73,34.28,34.54,34.23,0.31,0.9056,459867.4,1587045.184,0.2229,0.82,7.2638,1.0555,2.6297,2521984.5601,2062894.4429,1171836.1832,87109346.7059,71252374.0578
600036.SH,20230323,34.4,35.34,34.32,35.2,34.54,0.66,1.9108,542146.33,1890730.123,0.2628,1.05,7.4026,1.0757,2.6799,2521984.5601,2062894.4429,1171836.1832,88773856.5155,72613884.3901
600036.SH,20230324,34.98,34.98,34.23,34.43,35.2,-0.77,-2.1875,678718.39,2342134.999,0.329,1.25,7.2407,1.0521,2.6213,2521984.5601,2062894.4429,1171836.1832,86831928.4042,71025455.669
600036.SH,20230327,34.6,34.6,34.05,34.21,34.43,-0.22,-0.639,449836.1,1538661.024,0.2181,0.88,6.2514,1.0457,2.5024,2521984.5601,2062894.4429,1171836.1832,86277091.801,70571618.8916
600036.SH,20230328,34.41,34.72,34.18,34.4,34.21,0.19,0.5554,533234.36,1834470.874,0.2585,1.07,6.2861,1.0515,2.5163,2521984.5601,2062894.4429,1171836.1832,86756268.8674,70963568.8358
600036.SH,20230329,34.61,34.7,34.1,34.12,34.4,-0.28,-0.814,418630.12,1433206.733,0.2029,0.79,6.235,1.043,2.4958,2521984.5601,2062894.4429,1171836.1832,86050113.1906,70385958.3917
600036.SH,20230330,34.15,34.39,33.71,34.35,34.12,0.23,0.6741,562289.7,1915822.304,0.2726,1.07,6.277,1.05,2.5126,2521984.5601,2062894.4429,1171836.1832,86630169.6394,70860424.1136
600036.SH,20230331,34.36,34.82,34.14,34.27,34.35,-0.08,-0.2329,577794.28,1993103.479,0.2801,1.09,6.2624,1.0475,2.5067,2521984.5601,2062894.4429,1171836.1832,86428410.8746,70695392.5582
600036.SH,20230403,34.31,34.45,33.98,34.37,34.27,0.1,0.2918,504675.01,1727952.628,0.2446,0.99,6.2807,1.0506,2.5141,2521984.5601,2062894.4429,1171836.1832,86680609.3306,70901682.0025
600036.SH,20230404,34.38,34.42,34.06,34.28,34.37,-0.09,-0.2619,487820.66,1668757.196,0.2365,0.94,6.2642,1.0479,2.5075,2521984.5601,2062894.4429,1171836.1832,86453630.7202,70716021.5026
600036.SH,20230406,34.17,34.17,33.73,33.8,34.28,-0.48,-1.4002,486795.67,1650684.312,0.236,0.95,6.1765,1.0332,2.4724,2521984.5601,2062894.4429,1171836.1832,85243078.1314,69725832.17
600036.SH,20230407,33.85,34.26,33.75,34.14,33.8,0.34,1.0059,394141.2,1343439.511,0.1911,0.75,6.2386,1.0436,2.4972,2521984.5601,2062894.4429,1171836.1832,86100552.8818,70427216.2806
600036.SH,20230410,34.15,34.3,33.97,34.24,34.14,0.1,0.2929,330159.49,1128256.665,0.16,0.67,6.2569,1.0466,2.5046,2521984.5601,2062894.4429,1171836.1832,86352751.3378,70633505.7249
600036.SH,20230411,34.24,34.34,33.63,33.73,34.24,-0.51,-1.4895,733991.53,2485887.912,0.3558,1.67,6.1637,1.031,2.4672,2521984.5601,2062894.4429,1171836.1832,85066539.2122,69581429.559
600036.SH,20230412,33.89,33.95,33.66,33.74,33.73,0.01,0.0296,416127.69,1403968.679,0.2017,0.86,6.1655,1.0313,2.468,2521984.5601,2062894.4429,1171836.1832,85091759.0578,69602058.5034
600036.SH,20230413,33.65,34.24,33.25,34.01,33.74,0.27,0.8002,634304.56,2142100.175,0.3075,1.34,6.2149,1.0396,2.4877,2521984.5601,2062894.4429,1171836.1832,85772694.889,70159040.003
600036.SH,20230414,34.2,34.79,34.02,34.39,34.01,0.38,1.1173,693923.38,2387857.214,0.3364,1.38,6.2843,1.0512,2.5155,2521984.5601,2062894.4429,1171836.1832,86731049.0218,70942939.8913
600036.SH,20230417,34.32,35.2,34.1,35.2,34.39,0.81,2.3553,893730.12,3107511.587,0.4332,1.59,6.4323,1.076,2.5748,2521984.5601,2062894.4429,1171836.1832,88773856.5155,72613884.3901
600036.SH,20230418,35.21,36.35,35.12,35.68,35.2,0.48,1.3636,942714.63,3375509.116,0.457,1.4,6.52,1.0906,2.6099,2521984.5601,2062894.4429,1171836.1832,89984409.1044,73604073.7227
600036.SH,20230419,35.84,35.84,35.3,35.5,35.68,-0.18,-0.5045,510886.48,1815680.622,0.2477,0.71,6.4871,1.0851,2.5967,2521984.5601,2062894.4429,1171836.1832,89530451.8836,73232752.723
600036.SH,20230420,35.6,35.74,34.86,34.99,35.5,-0.51,-1.4366,680915.3,2393722.845,0.3301,0.93,6.394,1.0696,2.5594,2521984.5601,2062894.4429,1171836.1832,88244239.7579,72180676.5571
600036.SH,20230421,34.99,35.18,34.43,34.5,34.99,-0.49,-1.4004,531591.46,1849378.443,0.2577,0.71,6.3044,1.0546,2.5236,2521984.5601,2062894.4429,1171836.1832,87008467.3235,71169858.2801
600036.SH,20230424,34.52,34.69,33.51,33.6,34.5,-0.9,-2.6087,729873.68,2474101.753,0.3538,1.03,6.14,1.0271,2.4577,2521984.5601,2062894.4429,1171836.1832,84738681.2194,69313253.2814
600036.SH,20230425,33.61,34.14,33.51,34.03,33.6,0.43,1.2798,512212.8,1731551.113,0.2483,0.75,6.2185,1.0402,2.4892,2521984.5601,2062894.4429,1171836.1832,85823134.5802,70200297.8919
600036.SH,20230426,33.8,33.96,33.35,33.82,34.03,-0.21,-0.6171,496500.7,1673601.45,0.2407,0.84,6.1802,1.0338,2.4738,2521984.5601,2062894.4429,1171836.1832,85293517.8226,69767090.0589
600036.SH,20230427,32.97,32.99,32.14,32.63,33.82,-1.19,-3.5186,1559279.39,5072330.698,0.7559,2.64,5.9627,0.9562,2.3868,2521984.5601,2062894.4429,1171836.1832,82292356.1961,67312245.6718
600036.SH,20230428,32.46,33.75,32.41,33.6,32.63,0.97,2.9727,940213.08,3136764.115,0.4558,1.23,6.14,0.9846,2.4577,2521984.5601,2062894.4429,1171836.1832,84738681.2194,69313253.2814
600036.SH,20230504,33.29,34.4,32.83,34.13,33.6,0.53,1.5774,725433.03,2457318.979,0.3517,0.86,6.2368,1.0001,2.4965,2521984.5601,2062894.4429,1171836.1832,86075333.0362,70406587.3362
600036.SH,20230505,34.18,35.06,34.15,34.69,34.13,0.56,1.6408,800889.73,2785096.474,0.3882,0.95,6.3391,1.0165,2.5375,2521984.5601,2062894.4429,1171836.1832,87487644.3899,71561808.2242
600036.SH,20230508,34.86,35.95,34.64,35.6,34.69,0.91,2.6232,1064265.8,3773892.3,0.5159,1.18,6.5054,1.0432,2.604,2521984.5601,2062894.4429,1171836.1832,89782650.3396,73439042.1672
600036.SH,20230509,35.68,36.1,34.96,34.99,35.6,-0.61,-1.7135,985529.78,3503564.878,0.4777,0.97,6.394,1.0253,2.5594,2521984.5601,2062894.4429,1171836.1832,88244239.7579,72180676.5571
600036.SH,20230510,34.9,35.12,34.29,34.4,34.99,-0.59,-1.6862,638373.87,2203715.637,0.3095,0.71,6.2861,1.008,2.5163,2521984.5601,2062894.4429,1171836.1832,86756268.8674,70963568.8358
600036.SH,20230511,34.6,35.33,34.4,34.45,34.4,0.05,0.1453,445802.84,1547837.683,0.2161,0.53,6.2953,1.0095,2.5199,2521984.5601,2062894.4429,1171836.1832,86882368.0954,71066713.5579
600036.SH,20230512,34.47,34.55,34.0,34.04,34.45,-0.41,-1.1901,459365.69,1569062.497,0.2227,0.58,6.2204,0.9975,2.4899,2521984.5601,2062894.4429,1171836.1832,85848354.4258,70220926.8363
600036.SH,20230515,34.09,34.85,33.71,34.7,34.04,0.66,1.9389,528094.53,1811811.263,0.256,0.73,6.341,1.0168,2.5382,2521984.5601,2062894.4429,1171836.1832,87512864.2355,71582437.1686
600036.SH,20230516,34.95,35.2,34.57,34.82,34.7,0.12,0.3458,385248.04,1341479.236,0.1868,0.63,6.3629,1.0203,2.547,2521984.5601,2062894.4429,1171836.1832,87815502.3827,71829984.5018
600036.SH,20230517,34.81,35.13,34.43,34.5,34.82,-0.32,-0.919,396376.35,1380094.248,0.1921,0.81,6.3044,1.011,2.5236,2521984.5601,2062894.4429,1171836.1832,87008467.3235,71169858.2801
600036.SH,20230518,34.73,34.84,34.21,34.45,34.5,-0.05,-0.1449,329012.3,1137523.121,0.1595,0.74,6.2953,1.0095,2.5199,2521984.5601,2062894.4429,1171836.1832,86882368.0954,71066713.5579
600036.SH,20230519,34.35,34.45,33.94,33.95,34.45,-0.5,-1.4514,392989.8,1339332.375,0.1905,0.94,6.2039,0.9949,2.4833,2521984.5601,2062894.4429,1171836.1832,85621375.8154,70035266.3365
600036.SH,20230522,33.98,34.34,33.98,34.2,33.95,0.25,0.7364,296934.41,1014463.033,0.1439,0.73,6.2496,1.0022,2.5016,2521984.5601,2062894.4429,1171836.1832,86251871.9554,70550989.9472
600036.SH,20230523,34.21,34.38,33.6,33.6,34.2,-0.6,-1.7544,346921.26,1177389.441,0.1682,0.96,6.14,0.9846,2.4577,2521984.5601,2062894.4429,1171836.1832,84738681.2194,69313253.2814
600036.SH,20230524,33.59,33.59,32.93,32.93,33.6,-0.67,-1.994,463998.73,1541649.339,0.2249,1.32,6.0175,0.965,2.4087,2521984.5601,2062894.4429,1171836.1832,83048951.5641,67931114.0047
600036.SH,20230525,32.76,32.76,32.16,32.42,32.93,-0.51,-1.5487,706051.03,2286618.239,0.3423,1.93,5.9243,0.95,2.3714,2521984.5601,2062894.4429,1171836.1832,81762739.4384,66879037.8388
600036.SH,20230526,32.44,32.86,32.22,32.74,32.42,0.32,0.987,294623.74,958855.792,0.1428,0.67,5.9828,0.9594,2.3948,2521984.5601,2062894.4429,1171836.1832,82569774.4977,67539164.0605
600036.SH,20230529,32.95,32.95,32.44,32.69,32.74,-0.05,-0.1527,387300.9,1263259.965,0.1877,0.92,5.9737,0.9579,2.3912,2521984.5601,2062894.4429,1171836.1832,82443675.2697,67436019.3384
600036.SH,20230530,32.69,32.9,32.36,32.64,32.69,-0.05,-0.153,340071.78,1108840.1,0.1649,0.77,5.9645,0.9565,2.3875,2521984.5601,2062894.4429,1171836.1832,82317576.0417,67332874.6163
600036.SH,20230531,32.6,32.8,32.24,32.3,32.64,-0.34,-1.0417,525413.98,1704091.986,0.2547,1.2,5.9024,0.9465,2.3626,2521984.5601,2062894.4429,1171836.1832,81460101.2912,66631490.5057
600036.SH,20230601,32.31,32.5,32.02,32.06,32.3,-0.24,-0.743,472398.81,1521250.952,0.229,1.05,5.8585,0.9395,2.3451,2521984.5601,2062894.4429,1171836.1832,80854824.9968,66136395.8394
600036.SH,20230602,32.22,33.1,32.2,33.07,32.06,1.01,3.1503,558856.07,1829053.08,0.2709,1.38,6.0431,0.9691,2.419,2521984.5601,2062894.4429,1171836.1832,83402029.4025,68219919.2267
600036.SH,20230605,33.07,33.27,32.84,33.04,33.07,-0.03,-0.0907,312730.34,1033695.634,0.1516,0.68,6.0376,0.9682,2.4168,2521984.5601,2062894.4429,1171836.1832,83326369.8657,68158032.3934
600036.SH,20230606,33.04,33.8,32.98,33.07,33.04,0.03,0.0908,386633.75,1288946.278,0.1874,0.87,6.0431,0.9691,2.419,2521984.5601,2062894.4429,1171836.1832,83402029.4025,68219919.2267
600036.SH,20230607,33.25,33.61,33.16,33.3,33.07,0.23,0.6955,338906.35,1132209.544,0.1643,0.75,6.0851,0.9758,2.4358,2521984.5601,2062894.4429,1171836.1832,83982085.8513,68694384.9486
600036.SH,20230608,33.32,34.22,33.22,34.08,33.3,0.78,2.3423,549615.01,1859578.016,0.2664,1.33,6.2277,0.9987,2.4929,2521984.5601,2062894.4429,1171836.1832,85949233.8082,70303442.614
600036.SH,20230609,34.05,34.25,33.74,33.74,34.08,-0.34,-0.9977,415108.72,1408235.126,0.2012,0.97,6.1655,0.9887,2.468,2521984.5601,2062894.4429,1171836.1832,85091759.0578,69602058.5034
600036.SH,20230612,33.73,33.92,33.38,33.73,33.74,-0.01,-0.0296,406773.76,1370601.854,0.1972,1.02,6.1637,0.9884,2.4672,2521984.5601,2062894.4429,1171836.1832,85066539.2122,69581429.559
600036.SH,20230613,33.56,33.94,33.5,33.73,33.73,0.0,0.0,231245.56,779060.071,0.1121,0.55,6.1637,0.9884,2.4672,2521984.5601,2062894.4429,1171836.1832,85066539.2122,69581429.559
600036.SH,20230614,33.93,34.04,33.39,33.39,33.73,-0.34,-1.008,382633.1,1289658.685,0.1855,0.99,6.1016,0.9784,2.4424,2521984.5601,2062894.4429,1171836.1832,84209064.4617,68880045.4484
600036.SH,20230615,33.5,33.79,33.31,33.72,33.39,0.33,0.9883,369537.06,1239411.035,0.1791,0.93,6.1619,0.9881,2.4665,2521984.5601,2062894.4429,1171836.1832,85041319.3666,69560800.6146
600036.SH,20230616,33.86,34.04,33.75,33.93,33.72,0.21,0.6228,426806.37,1448460.382,0.2069,1.18,6.2003,0.9943,2.4819,2521984.5601,2062894.4429,1171836.1832,85570936.1242,69994008.4476
600036.SH,20230619,33.91,33.91,33.56,33.58,33.93,-0.35,-1.0315,278960.62,939883.957,0.1352,0.77,6.1363,0.984,2.4563,2521984.5601,2062894.4429,1171836.1832,84688241.5282,69271995.3926
600036.SH,20230620,33.5,33.56,33.1,33.19,33.58,-0.39,-1.1614,307648.75,1024392.135,0.1491,0.91,6.065,0.9726,2.4277,2521984.5601,2062894.4429,1171836.1832,83704667.5497,68467466.5599
600036.SH,20230621,33.06,33.64,33.0,33.17,33.19,-0.02,-0.0603,427865.99,1426164.911,0.2074,1.21,6.0614,0.972,2.4263,2521984.5601,2062894.4429,1171836.1832,83654227.8585,68426208.671
600036.SH,20230626,32.93,33.1,32.42,32.61,33.17,-0.56,-1.6883,432103.0,1410658.235,0.2095,1.19,5.959,0.9556,2.3853,2521984.5601,2062894.4429,1171836.1832,82241916.5049,67270987.783
600036.SH,20230627,32.63,33.01,32.44,32.82,32.61,0.21,0.644,345715.27,1132557.913,0.1676,0.92,5.9974,0.9617,2.4007,2521984.5601,2062894.4429,1171836.1832,82771533.2625,67704195.616
600036.SH,20230628,32.81,33.18,32.72,33.05,32.82,0.23,0.7008,333818.01,1100128.735,0.1618,0.93,6.0394,0.9685,2.4175,2521984.5601,2062894.4429,1171836.1832,83351589.7113,68178661.3378
600036.SH,20230629,33.05,33.18,32.67,32.68,33.05,-0.37,-1.1195,258548.31,848217.753,0.1253,0.7,5.9718,0.9576,2.3904,2521984.5601,2062894.4429,1171836.1832,82418455.4241,67415390.394
600036.SH,20230630,32.73,33.0,32.64,32.76,32.68,0.08,0.2448,293613.27,964762.581,0.1423,0.82,5.9865,0.96,2.3963,2521984.5601,2062894.4429,1171836.1832,82620214.1889,67580421.9494
600036.SH,20230703,32.9,33.76,32.8,33.72,32.76,0.96,2.9304,453667.67,1515242.663,0.2199,1.36,6.1619,0.9881,2.4665,2521984.5601,2062894.4429,1171836.1832,85041319.3666,69560800.6146
600036.SH,20230704,33.6,33.6,33.36,33.51,33.72,-0.21,-0.6228,224086.56,749827.211,0.1086,0.66,6.1235,0.982,2.4512,2521984.5601,2062894.4429,1171836.1832,84511702.609,69127592.7816
600036.SH,20230705,33.5,33.5,32.84,33.03,33.51,-0.48,-1.4324,413071.58,1365494.25,0.2002,1.32,6.0358,0.9679,2.416,2521984.5601,2062894.4429,1171836.1832,83301150.0201,68137403.449
600036.SH,20230706,33.03,33.12,32.51,32.58,33.03,-0.45,-1.3624,407842.46,1334753.417,0.1977,1.24,5.9536,0.9547,2.3831,2521984.5601,2062894.4429,1171836.1832,82166256.9681,67209100.9497
600036.SH,20230707,32.5,32.58,32.29,32.31,32.58,-0.27,-0.8287,472794.4,1530388.129,0.2292,1.32,5.9042,0.9468,2.3634,2521984.5601,2062894.4429,1171836.1832,81485321.1368,66652119.4501
600036.SH,20230710,32.52,32.69,32.33,32.45,32.31,0.14,0.4333,272076.77,883689.382,0.1319,0.69,5.9298,0.9509,2.3736,2521984.5601,2062894.4429,1171836.1832,81838398.9752,66940924.6721
600036.SH,20230711,32.73,32.8,32.47,32.71,32.45,0.26,0.8012,329166.54,1074347.765,0.1596,0.92,5.9773,0.9585,2.3926,2521984.5601,2062894.4429,1171836.1832,82494114.9609,67477277.2273
600036.SH,20230712,32.72,33.44,32.72,33.2,32.71,0.49,1.498,632049.33,2098753.494,0.3064,1.67,6.0669,0.9729,2.4285,2521984.5601,2062894.4429,1171836.1832,83729887.3953,68488095.5043
600036.SH,20230713,31.99,32.0,31.45,31.85,31.46,0.39,1.2397,563850.28,1791570.807,0.2733,1.33,5.8202,0.9834,2.3297,2521984.5601,2062894.4429,1171836.1832,80325208.2392,65703188.0064
600036.SH,20230714,31.94,32.19,31.78,31.93,31.85,0.08,0.2512,347520.56,1111472.582,0.1685,0.77,5.8348,0.9859,2.3356,2521984.5601,2062894.4429,1171836.1832,80526967.004,65868219.5618
600036.SH,20230717,31.77,31.78,31.43,31.65,31.93,-0.28,-0.8769,262002.79,827190.406,0.127,0.61,5.7836,0.9772,2.3151,2521984.5601,2062894.4429,1171836.1832,79820811.3272,65290609.1178
600036.SH,20230718,31.65,31.77,31.39,31.46,31.65,-0.19,-0.6003,316389.46,996591.508,0.1534,0.74,5.7489,0.9714,2.3012,2521984.5601,2062894.4429,1171836.1832,79341634.2607,64898659.1736
600036.SH,20230719,31.29,31.64,31.26,31.58,31.46,0.12,0.3814,240295.64,755090.293,0.1165,0.57,5.7708,0.9751,2.31,2521984.5601,2062894.4429,1171836.1832,79644272.408,65146206.5068
600036.SH,20230720,31.77,32.1,31.6,31.69,31.58,0.11,0.3483,272394.43,867690.876,0.132,0.79,5.7909,0.9785,2.318,2521984.5601,2062894.4429,1171836.1832,79921690.7096,65373124.8955
600036.SH,20230721,31.8,31.98,31.61,31.8,31.69,0.11,0.3471,315669.0,1004431.833,0.153,1.1,5.811,0.9819,2.3261,2521984.5601,2062894.4429,1171836.1832,80199109.0112,65600043.2842
600036.SH,20230724,31.46,31.73,31.4,31.45,31.8,-0.35,-1.1006,239122.03,753332.483,0.1159,0.85,5.7471,0.9711,2.3005,2521984.5601,2062894.4429,1171836.1832,79316414.4151,64878030.2292
600036.SH,20230725,32.0,33.35,32.0,33.27,31.45,1.82,5.787,1261620.96,4159900.848,0.6116,4.56,6.0796,1.0272,2.4336,2521984.5601,2062894.4429,1171836.1832,83906426.3145,68632498.1153
600036.SH,20230726,33.27,33.73,33.07,33.35,33.27,0.08,0.2405,501751.4,1673625.171,0.2432,1.08,6.0943,1.0297,2.4395,2521984.5601,2062894.4429,1171836.1832,84108185.0793,68797529.6707
600036.SH,20230727,33.5,33.82,33.2,33.66,33.35,0.31,0.9295,548488.96,1845231.37,0.2659,1.06,6.1509,1.0393,2.4621,2521984.5601,2062894.4429,1171836.1832,84890000.293,69437026.948
600036.SH,20230728,33.49,35.29,33.41,35.1,33.66,1.44,4.2781,1256287.59,4358344.107,0.609,2.19,6.4141,1.0837,2.5675,2521984.5601,2062894.4429,1171836.1832,88521658.0595,72407594.9458
600036.SH,20230731,35.52,36.04,35.01,35.56,35.1,0.46,1.3105,1162756.05,4127807.307,0.5637,1.53,6.4981,1.098,2.6011,2521984.5601,2062894.4429,1171836.1832,89681770.9572,73356526.3895
600036.SH,20230801,35.53,35.58,34.77,34.99,35.56,-0.57,-1.6029,660095.85,2316910.863,0.32,0.7,6.394,1.0804,2.5594,2521984.5601,2062894.4429,1171836.1832,88244239.7579,72180676.5571
600036.SH,20230802,34.16,34.82,33.77,34.03,34.99,-0.96,-2.7436,915357.61,3124298.66,0.4437,1.11,6.2185,1.0507,2.4892,2521984.5601,2062894.4429,1171836.1832,85823134.5802,70200297.8919
600036.SH,20230803,34.02,34.78,33.87,34.68,34.03,0.65,1.9101,509293.81,1750414.829,0.2469,0.56,6.3373,1.0708,2.5367,2521984.5601,2062894.4429,1171836.1832,87462424.5443,71541179.2798
600036.SH,20230804,35.08,35.5,34.72,34.88,34.68,0.2,0.5767,812642.48,2854335.236,0.3939,0.9,6.3739,1.077,2.5514,2521984.5601,2062894.4429,1171836.1832,87966821.4563,71953758.1684
600036.SH,20230807,34.75,34.78,34.28,34.5,34.88,-0.38,-1.0894,344671.92,1187405.635,0.1671,0.42,6.3044,1.0652,2.5236,2521984.5601,2062894.4429,1171836.1832,87008467.3235,71169858.2801
600036.SH,20230808,34.33,34.65,33.81,34.15,34.5,-0.35,-1.0145,502282.55,1715919.7,0.2435,0.77,6.2405,1.0544,2.498,2521984.5601,2062894.4429,1171836.1832,86125772.7274,70447845.225
600036.SH,20230809,34.02,34.31,33.95,34.02,34.15,-0.13,-0.3807,386832.5,1318960.193,0.1875,0.63,6.2167,1.0504,2.4885,2521984.5601,2062894.4429,1171836.1832,85797914.7346,70179668.9475
600036.SH,20230810,33.9,34.25,33.8,34.14,34.02,0.12,0.3527,287724.69,978706.457,0.1395,0.56,6.2386,1.0541,2.4972,2521984.5601,2062894.4429,1171836.1832,86100552.8818,70427216.2806
600036.SH,20230811,34.16,34.47,33.15,33.15,34.14,-0.99,-2.8998,606240.04,2032299.867,0.2939,1.3,6.0577,1.0235,2.4248,2521984.5601,2062894.4429,1171836.1832,83603788.1673,68384950.7821
600036.SH,20230814,32.8,32.83,32.25,32.46,33.15,-0.69,-2.0814,667072.91,2167337.311,0.3234,1.57,5.9316,1.0022,2.3744,2521984.5601,2062894.4429,1171836.1832,81863618.8208,66961553.6165
600036.SH,20230815,32.46,32.64,32.15,32.36,32.46,-0.1,-0.3081,582959.14,1887265.044,0.2826,1.19,5.9134,0.9991,2.367,2521984.5601,2062894.4429,1171836.1832,81611420.3648,66755264.1722
600036.SH,20230816,32.15,32.25,31.88,31.97,32.36,-0.39,-1.2052,580151.81,1857011.416,0.2812,1.15,5.8421,0.9871,2.3385,2521984.5601,2062894.4429,1171836.1832,80627846.3864,65950735.3395
600036.SH,20230817,31.78,31.87,31.49,31.79,31.97,-0.18,-0.563,646075.69,2043578.651,0.3132,1.19,5.8092,0.9816,2.3253,2521984.5601,2062894.4429,1171836.1832,80173889.1656,65579414.3398
600036.SH,20230818,31.75,32.63,31.75,31.88,31.79,0.09,0.2831,674594.67,2169641.216,0.327,1.09,5.8256,0.9843,2.3319,2521984.5601,2062894.4429,1171836.1832,80400867.776,65765074.8397
600036.SH,20230821,31.81,31.84,31.13,31.13,31.88,-0.75,-2.3526,809575.31,2537398.399,0.3924,1.28,5.6886,0.9612,2.2771,2521984.5601,2062894.4429,1171836.1832,78509379.3559,64217904.0075
600036.SH,20230822,31.21,31.47,31.0,31.32,31.13,0.19,0.6103,601070.44,1877097.295,0.2914,0.91,5.7233,0.967,2.291,2521984.5601,2062894.4429,1171836.1832,78988556.4223,64609853.9516
600036.SH,20230823,31.2,31.44,30.85,30.85,31.32,-0.47,-1.5006,560743.58,1743312.676,0.2718,0.85,5.6374,0.9525,2.2566,2521984.5601,2062894.4429,1171836.1832,77803223.6791,63640293.5635
600036.SH,20230824,31.0,31.15,30.8,31.06,30.85,0.21,0.6807,412256.14,1277299.345,0.1998,0.63,5.6758,0.959,2.2719,2521984.5601,2062894.4429,1171836.1832,78332840.4367,64073501.3965
600036.SH,20230825,31.0,31.85,30.9,31.56,31.06,0.5,1.6098,647471.34,2028793.535,0.3139,1.06,5.7672,0.9744,2.3085,2521984.5601,2062894.4429,1171836.1832,79593832.7168,65104948.6179
600036.SH,20230828,33.3,33.93,32.03,32.26,31.56,0.7,2.218,1405093.67,4608776.006,0.6811,2.32,5.8951,0.9497,2.3597,2521984.5601,2062894.4429,1171836.1832,81359221.9088,66548974.728
600036.SH,20230829,32.26,32.44,31.77,32.04,32.26,-0.22,-0.682,721169.98,2310485.794,0.3496,0.99,5.8549,0.9432,2.3436,2521984.5601,2062894.4429,1297690.4181,80804385.3056,66095137.9505
600036.SH,20230830,32.19,32.19,31.55,31.66,32.04,-0.38,-1.186,639801.58,2031430.069,0.3101,0.85,5.7854,0.932,2.3158,2521984.5601,2062894.4429,1297690.4181,79846031.1728,65311238.0622
600036.SH,20230831,31.8,32.08,31.49,31.55,31.66,-0.11,-0.3474,503220.17,1595044.491,0.2439,0.66,5.7653,0.9288,2.3078,2521984.5601,2062894.4429,1297690.4181,79568612.8712,65084319.6735
600036.SH,20230901,31.95,32.63,31.88,32.27,31.55,0.72,2.2821,697526.19,2250478.414,0.3381,0.89,5.8969,0.95,2.3605,2521984.5601,2062894.4429,1297690.4181,81384441.7544,66569603.6724
600036.SH,20230904,32.58,33.61,32.47,33.53,32.27,1.26,3.9046,1104299.32,3671655.441,0.5353,1.39,6.1272,0.9871,2.4526,2521984.5601,2062894.4429,1297690.4181,84562142.3002,69168850.6704
600036.SH,20230905,33.3,33.44,32.97,33.11,33.53,-0.42,-1.2526,447322.61,1483496.734,0.2168,0.61,6.0504,0.9747,2.4219,2521984.5601,2062894.4429,1297690.4181,83502908.7849,68302435.0044
600036.SH,20230906,33.1,33.46,32.77,33.36,33.11,0.25,0.7551,546740.47,1812037.299,0.265,0.81,6.0961,0.9821,2.4402,2521984.5601,2062894.4429,1297690.4181,84133404.9249,68818158.6151
600036.SH,20230907,33.31,33.31,33.01,33.14,33.36,-0.22,-0.6595,358701.98,1188879.205,0.1739,0.54,6.0559,0.9756,2.4241,2521984.5601,2062894.4429,1297690.4181,83578568.3217,68364321.8377
600036.SH,20230908,33.0,33.26,32.95,33.17,33.14,0.03,0.0905,298500.98,989879.153,0.1447,0.47,6.0614,0.9765,2.4263,2521984.5601,2062894.4429,1297690.4181,83654227.8585,68426208.671
600036.SH,20230911,33.13,33.29,32.91,32.91,33.17,-0.26,-0.7838,632873.69,2091952.941,0.3068,1.15,6.0139,0.9688,2.4073,2521984.5601,2062894.4429,1297690.4181,82998511.8729,67889856.1158
600036.SH,20230912,32.9,33.05,32.82,32.88,32.91,-0.03,-0.0912,277590.78,914017.922,0.1346,0.61,6.0084,0.968,2.4051,2521984.5601,2062894.4429,1297690.4181,82922852.3361,67827969.2826
600036.SH,20230913,32.95,33.08,32.66,32.75,32.88,-0.13,-0.3954,298915.34,980129.608,0.1449,0.71,5.9846,0.9641,2.3956,2521984.5601,2062894.4429,1297690.4181,82594994.3433,67559793.005
600036.SH,20230914,32.95,33.19,32.85,33.07,32.75,0.32,0.9771,437343.9,1443840.329,0.212,1.17,6.0431,0.9735,2.419,2521984.5601,2062894.4429,1297690.4181,83402029.4025,68219919.2267
600036.SH,20230915,33.3,33.42,32.8,32.96,33.07,-0.11,-0.3326,439602.15,1453249.853,0.2131,1.13,6.023,0.9703,2.4109,2521984.5601,2062894.4429,1297690.4181,83124611.1009,67993000.838
600036.SH,20230918,32.87,33.05,32.7,33.02,32.96,0.06,0.182,360401.92,1186454.306,0.1747,0.86,6.034,0.9721,2.4153,2521984.5601,2062894.4429,1297690.4181,83275930.1745,68116774.5046
600036.SH,20230919,33.0,33.0,32.72,32.96,33.02,-0.06,-0.1817,384652.7,1263587.161,0.1865,1.06,6.023,0.9703,2.4109,2521984.5601,2062894.4429,1297690.4181,83124611.1009,67993000.838
600036.SH,20230920,32.86,32.86,32.63,32.73,32.96,-0.23,-0.6978,309317.58,1012842.173,0.1499,0.81,5.981,0.9635,2.3941,2521984.5601,2062894.4429,1297690.4181,82544554.6521,67518535.1161
600036.SH,20230921,32.75,32.81,32.37,32.37,32.73,-0.36,-1.0999,390318.54,1270724.458,0.1892,1.01,5.9152,0.9529,2.3678,2521984.5601,2062894.4429,1297690.4181,81636640.2104,66775893.1167
600036.SH,20230922,32.59,33.37,32.32,33.34,32.37,0.97,2.9966,712833.16,2349131.841,0.3455,1.89,6.0924,0.9815,2.4387,2521984.5601,2062894.4429,1297690.4181,84082965.2337,68776900.7263
600036.SH,20230925,33.28,33.28,32.9,33.0,33.34,-0.34,-1.0198,456515.41,1506238.619,0.2213,1.06,6.0303,0.9715,2.4139,2521984.5601,2062894.4429,1297690.4181,83225490.4833,68075516.6157
600036.SH,20230926,32.93,33.08,32.75,32.8,33.0,-0.2,-0.6061,322023.56,1058673.65,0.1561,0.71,5.9938,0.9656,2.3992,2521984.5601,2062894.4429,1297690.4181,82721093.5713,67662937.7271
600036.SH,20230927,32.9,33.09,32.75,32.82,32.8,0.02,0.061,352466.79,1159673.83,0.1709,0.8,5.9974,0.9662,2.4007,2521984.5601,2062894.4429,1297690.4181,82771533.2625,67704195.616
600036.SH,20230928,33.02,33.14,32.75,32.97,32.82,0.15,0.457,388564.69,1280959.169,0.1884,0.87,6.0248,0.9706,2.4117,2521984.5601,2062894.4429,1297690.4181,83149830.9465,68013629.7824
600036.SH,20231009,32.7,32.7,32.38,32.58,32.97,-0.39,-1.1829,361342.67,1176010.754,0.1752,0.81,5.9536,0.9591,2.3831,2521984.5601,2062894.4429,1297690.4181,82166256.9681,67209100.9497
600036.SH,20231010,33.12,33.13,32.59,32.59,32.58,0.01,0.0307,342636.98,1123856.356,0.1661,0.91,5.9554,0.9594,2.3839,2521984.5601,2062894.4429,1297690.4181,82191476.8137,67229729.8941
600036.SH,20231011,32.84,32.85,32.4,32.45,32.59,-0.14,-0.4296,376091.24,1226529.938,0.1823,1.06,5.9298,0.9553,2.3736,2521984.5601,2062894.4429,1297690.4181,81838398.9752,66940924.6721
600036.SH,20231012,32.99,33.33,32.78,33.07,32.45,0.62,1.9106,617459.63,2041713.576,0.2993,1.7,6.0431,0.9735,2.419,2521984.5601,2062894.4429,1297690.4181,83402029.4025,68219919.2267
600036.SH,20231013,32.78,32.88,32.51,32.61,33.07,-0.46,-1.391,410371.87,1341527.525,0.1989,0.98,5.959,0.96,2.3853,2521984.5601,2062894.4429,1297690.4181,82241916.5049,67270987.783
600036.SH,20231016,32.58,32.66,32.24,32.31,32.61,-0.3,-0.92,286774.14,928068.013,0.139,0.68,5.9042,0.9512,2.3634,2521984.5601,2062894.4429,1297690.4181,81485321.1368,66652119.4501
600036.SH,20231017,32.39,32.6,32.22,32.52,32.31,0.21,0.65,286229.14,928757.316,0.1388,0.7,5.9426,0.9574,2.3787,2521984.5601,2062894.4429,1171836.1832,82014937.8945,67085327.2831
600036.SH,20231018,32.49,32.64,32.41,32.49,32.52,-0.03,-0.0923,249316.67,810933.178,0.1209,0.63,5.9371,0.9565,2.3765,2521984.5601,2062894.4429,1171836.1832,81939278.3576,67023440.4498
600036.SH,20231019,32.4,32.4,31.52,31.57,32.49,-0.92,-2.8316,604293.38,1922080.369,0.2929,1.63,5.769,0.9294,2.3093,2521984.5601,2062894.4429,1171836.1832,79619052.5624,65125577.5624
600036.SH,20231020,31.49,31.81,31.4,31.65,31.57,0.08,0.2534,372589.37,1178535.483,0.1806,1.01,5.7836,0.9317,2.3151,2521984.5601,2062894.4429,1171836.1832,79820811.3272,65290609.1178
600036.SH,20231023,31.59,31.65,31.0,31.23,31.65,-0.42,-1.327,393801.84,1232365.016,0.1909,1.09,5.7069,0.9194,2.2844,2521984.5601,2062894.4429,1171836.1832,78761577.8119,64424193.4518
600036.SH,20231024,31.38,31.41,31.04,31.3,31.23,0.07,0.2241,365526.63,1142319.006,0.1772,0.96,5.7197,0.9214,2.2895,2521984.5601,2062894.4429,1171836.1832,78938116.7311,64568596.0628
600036.SH,20231025,31.6,31.75,31.2,31.42,31.3,0.12,0.3834,375693.32,1179249.724,0.1821,0.95,5.7416,0.925,2.2983,2521984.5601,2062894.4429,1171836.1832,79240754.8783,64816143.3959
600036.SH,20231026,31.36,31.75,31.26,31.5,31.42,0.08,0.2546,287029.85,904374.422,0.1391,0.68,5.7562,0.9273,2.3041,2521984.5601,2062894.4429,1171836.1832,79442513.6432,64981174.9514
600036.SH,20231027,31.45,31.65,31.15,31.53,31.5,0.03,0.0952,391452.76,1231933.968,0.1898,1.09,5.7617,0.9282,2.3063,2521984.5601,2062894.4429,1171836.1832,79518173.18,65043061.7846
600036.SH,20231030,31.01,31.13,30.55,30.9,31.53,-0.63,-1.9981,838500.56,2582604.676,0.4065,2.31,5.6466,0.8739,2.2602,2521984.5601,2062894.4429,1171836.1832,77929322.9071,63743438.2856
600036.SH,20231031,30.74,30.99,30.61,30.76,30.9,-0.14,-0.4531,528015.99,1624462.29,0.256,1.17,5.621,0.8699,2.25,2521984.5601,2062894.4429,1171836.1832,77576245.0687,63454633.0636
600036.SH,20231101,30.8,30.88,30.43,30.45,30.76,-0.31,-1.0078,529897.07,1617976.148,0.2569,1.09,5.5643,0.8611,2.2273,2521984.5601,2062894.4429,1171836.1832,76794429.855,62815135.7863
600036.SH,20231102,30.6,30.81,30.51,30.68,30.45,0.23,0.7553,364667.71,1118895.486,0.1768,0.71,5.6064,0.8676,2.2442,2521984.5601,2062894.4429,1171836.1832,77374486.3039,63289601.5082
600036.SH,20231103,30.68,31.04,30.6,30.99,30.68,0.31,1.0104,439568.79,1357177.293,0.2131,0.83,5.663,0.8764,2.2668,2521984.5601,2062894.4429,1171836.1832,78156301.5175,63929098.7855
600036.SH,20231106,31.15,31.35,30.96,31.14,30.99,0.15,0.484,519823.85,1617714.882,0.252,0.96,5.6904,0.8806,2.2778,2521984.5601,2062894.4429,1058737.0295,78534599.2015,64238532.9519
600036.SH,20231107,31.14,31.14,30.65,30.8,31.14,-0.34,-1.0918,516240.67,1589834.114,0.2503,1.08,5.6283,0.871,2.2529,2521984.5601,2062894.4429,1058737.0295,77677124.4511,63537148.8413
600036.SH,20231108,30.74,30.78,30.5,30.6,30.8,-0.2,-0.6494,445182.98,1363161.957,0.2158,0.94,5.5917,0.8654,2.2383,2521984.5601,2062894.4429,1058737.0295,77172727.5391,63124569.9527
600036.SH,20231109,30.55,30.78,30.52,30.66,30.6,0.06,0.1961,327649.58,1003833.045,0.1588,0.72,5.6027,0.8671,2.2427,2521984.5601,2062894.4429,1058737.0295,77324046.6127,63248343.6193
600036.SH,20231110,30.5,30.56,30.1,30.16,30.66,-0.5,-1.6308,516964.62,1561581.974,0.2506,1.15,5.5113,0.8529,2.2061,2521984.5601,2062894.4429,1058737.0295,76063054.3326,62216896.3979
600036.SH,20231113,30.17,30.27,29.61,29.82,30.16,-0.34,-1.1273,634242.73,1891693.842,0.3075,1.36,5.4492,0.8433,2.1812,2521984.5601,2062894.4429,1058737.0295,75205579.5822,61515512.2873
600036.SH,20231114,29.87,30.2,29.86,30.2,29.82,0.38,1.2743,448342.67,1347710.79,0.2173,0.92,5.5186,0.8541,2.209,2521984.5601,2062894.4429,1058737.0295,76163933.715,62299412.1756
600036.SH,20231115,30.45,30.77,30.39,30.64,30.2,0.44,1.457,601939.6,1842095.992,0.2918,1.27,5.599,0.8665,2.2412,2521984.5601,2062894.4429,1058737.0295,77273606.9215,63207085.7305
600036.SH,20231116,30.67,30.77,30.37,30.54,30.64,-0.1,-0.3264,315719.93,965161.754,0.153,0.62,5.5808,0.8637,2.2339,2521984.5601,2062894.4429,1058737.0295,77021408.4655,63000796.2862
600036.SH,20231117,30.46,30.52,30.1,30.33,30.54,-0.21,-0.6876,432452.82,1308022.703,0.2096,0.86,5.5424,0.8577,2.2185,2521984.5601,2062894.4429,1058737.0295,76491791.7078,62567588.4532
600036.SH,20231120,30.34,30.59,30.14,30.58,30.33,0.25,0.8243,369227.08,1123420.442,0.179,0.76,5.5881,0.8648,2.2368,2521984.5601,2062894.4429,1058737.0295,77122287.8479,63083312.0639
600036.SH,20231121,30.75,30.87,30.37,30.43,30.58,-0.15,-0.4905,488544.7,1497630.759,0.2368,1.13,5.5607,0.8606,2.2259,2521984.5601,2062894.4429,1058737.0295,76743990.1638,62773877.8974
600036.SH,20231122,30.3,30.41,30.15,30.16,30.43,-0.27,-0.8873,273705.42,828342.908,0.1327,0.62,5.5113,0.8529,2.2061,2521984.5601,2062894.4429,1058737.0295,76063054.3326,62216896.3979
600036.SH,20231123,30.02,30.21,29.95,30.14,30.16,-0.02,-0.0663,299793.83,900540.283,0.1453,0.8,5.5077,0.8524,2.2047,2521984.5601,2062894.4429,1058737.0295,76012614.6414,62175638.509
600036.SH,20231124,30.06,30.1,29.93,30.0,30.14,-0.14,-0.4645,291162.76,873539.196,0.1411,0.78,5.4821,0.8484,2.1944,2521984.5601,2062894.4429,1058737.0295,75659536.803,61886833.287
600036.SH,20231127,30.0,30.03,29.29,29.4,30.0,-0.6,-2.0,581019.58,1714186.982,0.2817,1.69,5.3725,0.8314,2.1505,2521984.5601,2062894.4429,1058737.0295,74146346.0669,60649096.6213
600036.SH,20231128,29.41,29.49,29.04,29.16,29.4,-0.24,-0.8163,475165.11,1389229.278,0.2303,1.23,5.3286,0.8246,2.133,2521984.5601,2062894.4429,1058737.0295,73541069.7725,60154001.955
600036.SH,20231129,29.2,29.24,28.68,28.8,29.16,-0.36,-1.2346,620637.52,1789462.813,0.3009,1.62,5.2628,0.8145,2.1066,2521984.5601,2062894.4429,1058737.0295,72633155.3309,59411359.9555
600036.SH,20231130,28.8,28.98,28.6,28.79,28.8,-0.01,-0.0347,551560.06,1585194.742,0.2674,1.22,5.261,0.8142,2.1059,2521984.5601,2062894.4429,1058737.0295,72607935.4853,59390731.0111
600036.SH,20231201,28.72,28.74,28.07,28.26,28.79,-0.53,-1.8409,882736.44,2496795.77,0.4279,1.75,5.1641,0.7992,2.0671,2521984.5601,2062894.4429,1058737.0295,71271283.6684,58297396.9564
600036.SH,20231204,28.27,28.46,28.02,28.08,28.26,-0.18,-0.6369,557878.3,1569603.288,0.2704,0.9,5.1312,0.7941,2.054,2521984.5601,2062894.4429,1058737.0295,70817326.4476,57926075.9566
600036.SH,20231205,28.06,28.07,27.5,27.51,28.08,-0.57,-2.0299,618901.67,1717656.519,0.3,1.0,5.0271,0.778,2.0123,2521984.5601,2062894.4429,1058737.0295,69379795.2484,56750226.1242
600036.SH,20231206,27.56,27.96,27.45,27.76,27.51,0.25,0.9088,611259.26,1697947.805,0.2963,0.95,5.0728,0.7851,2.0306,2521984.5601,2062894.4429,1058737.0295,70010291.3884,57265949.7349
600036.SH,20231207,27.77,27.94,27.29,27.81,27.76,0.05,0.1801,594966.98,1643064.047,0.2884,0.92,5.0819,0.7865,2.0342,2521984.5601,2062894.4429,1058737.0295,70136390.6164,57369094.457
600036.SH,20231208,27.7,27.95,27.5,27.5,27.81,-0.31,-1.1147,533497.65,1479206.064,0.2586,0.82,5.0253,0.7777,2.0115,2521984.5601,2062894.4429,1058737.0295,69354575.4028,56729597.1798
600036.SH,20231211,27.25,27.85,26.9,27.76,27.5,0.26,0.9455,758085.97,2067921.108,0.3675,1.3,5.0728,0.7851,2.0306,2521984.5601,2062894.4429,1058737.0295,70010291.3884,57265949.7349
600036.SH,20231212,27.7,28.07,27.61,28.05,27.76,0.29,1.0447,504201.11,1409339.298,0.2444,0.81,5.1258,0.7933,2.0518,2521984.5601,2062894.4429,1058737.0295,70741666.9108,57864189.1233
600036.SH,20231213,27.92,27.92,27.2,27.22,28.05,-0.83,-2.959,671239.32,1844591.027,0.3254,1.12,4.9741,0.7698,1.9911,2521984.5601,2062894.4429,1058737.0295,68648419.7259,56151986.7357
600036.SH,20231214,27.44,27.64,27.03,27.03,27.22,-0.19,-0.698,445268.08,1214879.008,0.2158,0.73,4.9394,0.7644,1.9772,2521984.5601,2062894.4429,1058737.0295,68169242.6595,55760036.7916
600036.SH,20231215,27.47,28.05,27.2,27.23,27.03,0.2,0.7399,980686.59,2697705.037,0.4754,1.68,4.9759,0.7701,1.9918,2521984.5601,2062894.4429,1058737.0295,68673639.5715,56172615.6802
600036.SH,20231218,27.0,27.38,26.9,27.28,27.23,0.05,0.1836,477164.25,1299068.335,0.2313,0.71,4.9851,0.7715,1.9955,2521984.5601,2062894.4429,1058737.0295,68799738.7995,56275760.4023
600036.SH,20231219,27.2,27.35,27.02,27.29,27.28,0.01,0.0367,376573.73,1024185.206,0.1825,0.61,4.9869,0.7718,1.9962,2521984.5601,2062894.4429,1058737.0295,68824958.6451,56296389.3467
600036.SH,20231220,27.31,27.41,27.06,27.06,27.29,-0.23,-0.8428,531128.08,1446520.286,0.2575,0.9,4.9449,0.7653,1.9794,2521984.5601,2062894.4429,1058737.0295,68244902.1963,55821923.6249
600036.SH,20231221,26.98,27.75,26.92,27.71,27.06,0.65,2.4021,759104.81,2082187.758,0.368,1.35,5.0636,0.7836,2.0269,2521984.5601,2062894.4429,1058737.0295,69884192.1604,57162805.0128
600036.SH,20231222,27.78,27.85,27.41,27.61,27.71,-0.1,-0.3609,623643.72,1721377.205,0.3023,1.0,5.0454,0.7808,2.0196,2521984.5601,2062894.4429,1058737.0295,69631993.7044,56956515.5685
600036.SH,20231225,27.6,27.72,27.42,27.53,27.61,-0.08,-0.2898,419033.86,1154001.375,0.2031,0.76,5.0307,0.7786,2.0137,2521984.5601,2062894.4429,1058737.0295,69430234.9396,56791484.013
600036.SH,20231226,27.49,27.49,27.16,27.27,27.53,-0.26,-0.9444,365257.08,997177.589,0.1771,0.67,4.9832,0.7712,1.9947,2521984.5601,2062894.4429,1058737.0295,68774518.9539,56255131.4579
600036.SH,20231227,27.33,27.37,27.05,27.3,27.27,0.03,0.11,410636.87,1117439.216,0.1991,0.76,4.9887,0.772,1.9969,2521984.5601,2062894.4429,1058737.0295,68850178.4907,56317018.2912
600036.SH,20231228,27.25,28.13,27.25,27.99,27.3,0.69,2.5275,1061062.85,2953200.858,0.5144,2.06,5.1148,0.7916,2.0474,2521984.5601,2062894.4429,1058737.0295,70590347.8372,57740415.4568
600036.SH,20231229,27.9,28.05,27.77,27.82,27.99,-0.17,-0.6074,655773.45,1827818.811,0.3179,1.14,5.0837,0.7868,2.0349,2521984.5601,2062894.4429,1058737.0295,70161610.462,57389723.4015
600036.SH,20240102,27.95,27.96,27.56,27.58,27.82,-0.24,-0.8627,542194.8,1500865.548,0.2628,0.93,5.0399,0.78,2.0174,2521984.5601,2062894.4429,1058737.0295,69556334.1676,56894628.7352
600036.SH,20240103,27.58,27.84,27.52,27.77,27.58,0.19,0.6889,433955.88,1200383.624,0.2104,0.71,5.0746,0.7853,2.0313,2521984.5601,2062894.4429,1058737.0295,70035511.234,57286578.6793
600036.SH,20240104,27.76,27.83,27.36,27.81,27.77,0.04,0.144,637102.49,1759101.593,0.3088,1.03,5.0819,0.7865,2.0342,2521984.5601,2062894.4429,1058737.0295,70136390.6164,57369094.457
600036.SH,20240105,27.75,28.78,27.62,28.29,27.81,0.48,1.726,1190633.15,3376466.447,0.5772,1.79,5.1696,0.8,2.0693,2521984.5601,2062894.4429,1058737.0295,71346943.2052,58359283.7896
600036.SH,20240108,28.17,28.59,27.95,28.13,28.29,-0.16,-0.5656,816820.7,2305065.736,0.396,1.18,5.1404,0.7955,2.0576,2521984.5601,2062894.4429,1058737.0295,70943425.6756,58029220.6788
600036.SH,20240109,28.12,28.28,27.9,28.17,28.13,0.04,0.1422,558663.06,1569684.23,0.2708,0.77,5.1477,0.7966,2.0606,2521984.5601,2062894.4429,1058737.0295,71044305.058,58111736.4565
600036.SH,20240110,28.02,28.35,28.02,28.05,28.17,-0.12,-0.426,453640.48,1277638.873,0.2199,0.62,5.1258,0.7933,2.0518,2521984.5601,2062894.4429,1058737.0295,70741666.9108,57864189.1233
600036.SH,20240111,28.0,28.57,27.85,28.38,28.05,0.33,1.1765,735318.26,2082611.272,0.3564,1.01,5.1861,0.8026,2.0759,2521984.5601,2062894.4429,1058737.0295,71573921.8156,58544944.2895
600036.SH,20240112,28.26,28.78,28.26,28.54,28.38,0.16,0.5638,577832.01,1652242.626,0.2801,0.77,5.2153,0.8071,2.0876,2521984.5601,2062894.4429,1058737.0295,71977439.3453,58875007.4004
600036.SH,20240115,28.5,28.94,28.37,28.77,28.54,0.23,0.8059,482452.29,1383953.76,0.2339,0.77,5.2573,0.8136,2.1044,2521984.5601,2062894.4429,1058737.0295,72557495.7941,59349473.1222
600036.SH,20240116,28.63,29.13,28.6,29.13,28.77,0.36,1.2513,853440.24,2469511.282,0.4137,1.52,5.3231,0.8238,2.1308,2521984.5601,2062894.4429,1058737.0295,73465410.2357,60092115.1217
600036.SH,20240117,29.12,29.58,29.03,29.19,29.13,0.06,0.206,1308601.46,3843478.823,0.6344,2.11,5.3341,0.8255,2.1352,2521984.5601,2062894.4429,1058737.0295,73616729.3093,60215888.7883
600036.SH,20240118,28.94,29.68,28.6,29.58,29.19,0.39,1.3361,1295126.45,3762050.846,0.6278,1.64,5.4053,0.8365,2.1637,2521984.5601,2062894.4429,1058737.0295,74600303.2878,61020417.621
600036.SH,20240119,29.37,29.9,29.14,29.73,29.58,0.15,0.5071,968616.23,2865398.412,0.4695,1.07,5.4328,0.8408,2.1747,2521984.5601,2062894.4429,1058737.0295,74978600.9718,61329851.7874
600036.SH,20240122,29.76,30.5,29.7,30.25,29.73,0.52,1.7491,1549702.67,4691297.1,0.7512,1.58,5.5278,0.7981,2.2127,2521984.5601,2062894.4429,1058737.0295,76290032.943,62402556.8977
600036.SH,20240123,30.01,30.35,29.8,29.99,30.25,-0.26,-0.8595,886055.52,2661547.376,0.4295,0.74,5.4803,0.7912,2.1937,2521984.5601,2062894.4429,1058737.0295,75634316.9574,61866204.3426
600036.SH,20240124,30.15,30.29,29.38,30.09,29.99,0.1,0.3334,974892.39,2904947.629,0.4726,0.81,5.4985,0.7939,2.201,2521984.5601,2062894.4429,1058737.0295,75886515.4134,62072493.7869
600036.SH,20240125,30.31,31.0,30.18,30.9,30.09,0.81,2.6919,1234509.22,3791899.866,0.5984,1.09,5.6466,0.8152,2.2602,2521984.5601,2062894.4429,1058737.0295,77929322.9071,63743438.2856
600036.SH,20240126,30.92,31.35,30.66,31.12,30.9,0.22,0.712,1009915.78,3132788.305,0.4896,0.9,5.6868,0.821,2.2763,2521984.5601,2062894.4429,1058737.0295,78484159.5103,64197275.063
600036.SH,20240129,31.2,31.6,31.17,31.35,31.12,0.23,0.7391,838824.33,2632393.04,0.4066,0.74,5.7288,0.8271,2.2932,2521984.5601,2062894.4429,1058737.0295,79064215.9591,64671740.7849
600036.SH,20240130,31.2,31.5,30.78,31.0,31.35,-0.35,-1.1164,743999.13,2316762.5,0.3607,0.75,5.6648,0.8179,2.2676,2521984.5601,2062894.4429,1058737.0295,78181521.3631,63949727.7299
600036.SH,20240131,30.92,31.19,30.59,30.71,31.0,-0.29,-0.9355,808949.28,2494516.011,0.3921,0.84,5.6118,0.8102,2.2463,2521984.5601,2062894.4429,1058737.0295,77450145.8407,63351488.3415
600036.SH,20240201,30.67,30.84,30.2,30.42,30.71,-0.29,-0.9443,859700.09,2621519.218,0.4167,0.93,5.5588,0.8026,2.2251,2521984.5601,2062894.4429,1058737.0295,76718770.3182,62753248.953
600036.SH,20240202,30.45,30.66,29.64,30.23,30.42,-0.19,-0.6246,987291.65,2986530.108,0.4786,1.16,5.5241,0.7976,2.2112,2521984.5601,2062894.4429,1058737.0295,76239593.2518,62361299.0089
600036.SH,20240205,30.23,30.95,30.06,30.71,30.23,0.48,1.5878,1063978.81,3246673.368,0.5158,1.26,5.6118,0.8102,2.2463,2521984.5601,2062894.4429,1058737.0295,77450145.8407,63351488.3415
600036.SH,20240206,30.71,31.35,30.6,31.33,30.71,0.62,2.0189,1062158.43,3296036.54,0.5149,1.19,5.7251,0.8266,2.2917,2521984.5601,2062894.4429,1058737.0295,79013776.2679,64630482.8961
600036.SH,20240207,31.42,31.48,30.81,31.31,31.33,-0.02,-0.0638,1110510.58,3458135.329,0.5383,1.16,5.7215,0.826,2.2902,2521984.5601,2062894.4429,1058737.0295,78963336.5767,64589225.0072
600036.SH,20240208,31.31,31.45,31.02,31.4,31.31,0.09,0.2874,873004.36,2728137.528,0.4232,0.86,5.7379,0.8284,2.2968,2521984.5601,2062894.4429,1058737.0295,79190315.1871,64774885.5071
600036.SH,20240219,31.99,31.99,31.41,31.62,31.4,0.22,0.7006,875490.1,2770406.837,0.4244,0.86,5.7781,0.8342,2.3129,2521984.5601,2062894.4429,1058737.0295,79745151.7904,65228722.2845
600036.SH,20240220,31.62,31.62,31.29,31.4,31.62,-0.22,-0.6958,606404.69,1907541.533,0.294,0.61,5.7379,0.8284,2.2968,2521984.5601,2062894.4429,1058737.0295,79190315.1871,64774885.5071
600036.SH,20240221,31.4,33.39,31.35,33.0,31.4,1.6,5.0955,1528656.12,5003152.628,0.741,1.69,6.0303,0.8706,2.4139,2521984.5601,2062894.4429,1058737.0295,83225490.4833,68075516.6157
600036.SH,20240222,32.81,32.95,32.39,32.8,33.0,-0.2,-0.6061,752760.38,2461009.465,0.3649,0.75,5.9938,0.8654,2.3992,2521984.5601,2062894.4429,1058737.0295,82721093.5713,67662937.7271
600036.SH,20240223,32.81,33.4,32.62,32.95,32.8,0.15,0.4573,639848.72,2118316.307,0.3102,0.69,6.0212,0.8693,2.4102,2521984.5601,2062894.4429,1058737.0295,83099391.2553,67972371.8936
600036.SH,20240226,32.86,33.06,32.08,32.25,32.95,-0.7,-2.1244,666390.18,2163023.087,0.323,0.76,5.8933,0.8508,2.359,2521984.5601,2062894.4429,1058737.0295,81334002.0632,66528345.7835
600036.SH,20240227,32.24,32.4,31.99,32.18,32.25,-0.07,-0.2171,543491.54,1746108.592,0.2635,0.65,5.8805,0.849,2.3539,2521984.5601,2062894.4429,1058737.0295,81157463.144,66383943.1725
600036.SH,20240228,32.29,32.29,31.6,32.02,32.18,-0.16,-0.4972,683707.52,2186677.932,0.3314,0.83,5.8512,0.8448,2.3422,2521984.5601,2062894.4429,1058737.0295,80753945.6144,66053880.0617
600036.SH,20240229,31.89,32.2,31.85,32.04,32.02,0.02,0.0625,498928.29,1595634.178,0.2419,0.76,5.8549,0.8453,2.3436,2521984.5601,2062894.4429,1058737.0295,80804385.3056,66095137.9505
600036.SH,20240301,31.92,32.08,31.75,31.94,32.04,-0.1,-0.3121,427173.92,1361853.701,0.2071,0.7,5.8366,0.8427,2.3363,2521984.5601,2062894.4429,1058737.0295,80552186.8496,65888848.5062
600036.SH,20240304,31.76,31.87,31.47,31.52,31.94,-0.42,-1.315,591350.15,1868022.544,0.2867,1.05,5.7599,0.8316,2.3056,2521984.5601,2062894.4429,1058737.0295,79492953.3344,65022432.8402
600036.SH,20240305,31.42,32.21,31.31,32.18,31.52,0.66,2.0939,894028.67,2850224.114,0.4334,1.63,5.8805,0.849,2.3539,2521984.5601,2062894.4429,1058737.0295,81157463.144,66383943.1725
600036.SH,20240306,32.14,32.26,31.87,31.87,32.18,-0.31,-0.9633,516101.77,1655425.115,0.2502,0.83,5.8238,0.8408,2.3312,2521984.5601,2062894.4429,1058737.0295,80375647.9304,65744445.8952
600036.SH,20240307,31.87,32.13,31.78,32.0,31.87,0.13,0.4079,519491.97,1659111.449,0.2518,0.89,5.8476,0.8443,2.3407,2521984.5601,2062894.4429,1058737.0295,80703505.9232,66012622.1728
600036.SH,20240308,31.89,32.01,31.55,31.67,32.0,-0.33,-1.0313,441071.17,1399732.269,0.2138,0.75,5.7873,0.8355,2.3166,2521984.5601,2062894.4429,1058737.0295,79871251.0184,65331867.0066
600036.SH,20240311,31.55,31.75,31.2,31.48,31.67,-0.19,-0.5999,738537.94,2318402.185,0.358,1.25,5.7525,0.8305,2.3027,2521984.5601,2062894.4429,1058737.0295,79392073.9519,64939917.0625
600036.SH,20240312,31.42,32.15,31.28,31.95,31.48,0.47,1.493,769253.75,2447163.517,0.3729,1.24,5.8384,0.8429,2.337,2521984.5601,2062894.4429,1058737.0295,80577406.6952,65909477.4507
600036.SH,20240313,31.96,31.99,31.43,31.52,31.95,-0.43,-1.3459,469387.14,1482651.384,0.2275,0.79,5.7599,0.8316,2.3056,2521984.5601,2062894.4429,1058737.0295,79492953.3344,65022432.8402
600036.SH,20240314,31.46,31.72,31.16,31.25,31.52,-0.27,-0.8566,508174.98,1595073.269,0.2463,0.86,5.7105,0.8245,2.2858,2521984.5601,2062894.4429,1058737.0295,78812017.5031,64465451.3406
600036.SH,20240315,31.24,31.42,31.0,31.18,31.25,-0.07,-0.224,520780.63,1621589.213,0.2525,0.89,5.6977,0.8226,2.2807,2521984.5601,2062894.4429,1058737.0295,78635478.5839,64321048.7296
600036.SH,20240318,31.15,31.34,31.0,31.13,31.18,-0.05,-0.1604,461897.7,1436837.36,0.2239,0.77,5.6886,0.8213,2.2771,2521984.5601,2062894.4429,1058737.0295,78509379.3559,64217904.0075
600036.SH,20240319,31.1,31.11,30.73,30.8,31.13,-0.33,-1.0601,547025.3,1688506.946,0.2652,1.0,5.6283,0.8126,2.2529,2521984.5601,2062894.4429,1058737.0295,77677124.4511,63537148.8413
600036.SH,20240320,30.8,31.2,30.66,31.18,30.8,0.38,1.2338,498272.25,1544956.631,0.2415,0.99,5.6977,0.8226,2.2807,2521984.5601,2062894.4429,1058737.0295,78635478.5839,64321048.7296
600036.SH,20240321,31.17,31.76,31.05,31.55,31.18,0.37,1.1867,646761.08,2040298.376,0.3135,1.28,5.7653,0.8324,2.3078,2521984.5601,2062894.4429,1058737.0295,79568612.8712,65084319.6735
600036.SH,20240322,31.53,31.55,30.9,31.2,31.55,-0.35,-1.1094,552878.52,1722145.156,0.268,1.03,5.7014,0.8231,2.2822,2521984.5601,2062894.4429,1058737.0295,78685918.2751,64362306.6185
600036.SH,20240325,31.11,31.51,30.92,31.35,31.2,0.15,0.4808,483759.02,1514858.505,0.2345,0.89,5.7288,0.8271,2.2932,2521984.5601,2062894.4429,1058737.0295,79064215.9591,64671740.7849
600036.SH,20240326,31.8,32.66,31.73,32.4,31.35,1.05,3.3493,1244307.91,4014510.51,0.6032,2.28,5.5738,0.8825,2.4095,2521984.5601,2062894.4429,1058737.0295,81712299.7472,66837779.95
600036.SH,20240327,32.29,32.65,32.21,32.3,32.4,-0.1,-0.3086,782084.88,2539984.05,0.3791,1.14,5.5565,0.8798,2.4021,2521984.5601,2062894.4429,1058737.0295,81460101.2912,66631490.5057
600036.SH,20240328,32.34,32.5,32.07,32.18,32.3,-0.12,-0.3715,694744.92,2242513.222,0.3368,0.94,5.5359,0.8765,2.3932,2521984.5601,2062894.4429,1058737.0295,81157463.144,66383943.1725
600036.SH,20240329,32.1,32.64,32.07,32.2,32.18,0.02,0.0622,514001.31,1663236.764,0.2492,0.68,5.5393,0.877,2.3946,2521984.5601,2062894.4429,1058737.0295,81207902.8352,66425201.0614
600036.SH,20240401,32.18,32.85,32.18,32.64,32.2,0.44,1.3665,570152.32,1861582.316,0.2764,0.77,5.615,0.889,2.4274,2521984.5601,2062894.4429,1058737.0295,82317576.0417,67332874.6163
600036.SH,20240402,32.7,32.92,32.44,32.55,32.64,-0.09,-0.2757,536618.99,1753251.097,0.2601,0.71,5.5996,0.8866,2.4207,2521984.5601,2062894.4429,1058737.0295,82090597.4313,67147214.1164
600036.SH,20240403,32.54,32.63,32.23,32.23,32.55,-0.32,-0.9831,498081.63,1612691.616,0.2414,0.8,5.5445,0.8779,2.3969,2521984.5601,2062894.4429,1058737.0295,81283562.372,66487087.8947
600036.SH,20240408,32.24,32.56,32.03,32.4,32.23,0.17,0.5275,477291.23,1544564.957,0.2314,0.85,5.5738,0.8825,2.4095,2521984.5601,2062894.4429,1058737.0295,81712299.7472,66837779.95
600036.SH,20240409,32.5,32.63,32.31,32.31,32.4,-0.09,-0.2778,384772.07,1248965.235,0.1865,0.74,5.5583,0.88,2.4028,2521984.5601,2062894.4429,1058737.0295,81485321.1368,66652119.4501
600036.SH,20240410,32.19,32.68,32.19,32.49,32.31,0.18,0.5571,504013.72,1638691.786,0.2443,1.02,5.5892,0.8849,2.4162,2521984.5601,2062894.4429,1058737.0295,81939278.3576,67023440.4498
600036.SH,20240411,32.31,32.42,32.13,32.3,32.49,-0.19,-0.5848,443747.73,1432073.801,0.2151,0.92,5.5565,0.8798,2.4021,2521984.5601,2062894.4429,1058737.0295,81460101.2912,66631490.5057
600036.SH,20240412,32.28,32.47,32.06,32.12,32.3,-0.18,-0.5573,478204.14,1540845.216,0.2318,1.04,5.5256,0.8749,2.3887,2521984.5601,2062894.4429,1058737.0295,81006144.0704,66260169.5059
600036.SH,20240415,32.1,33.0,32.09,32.83,32.12,0.71,2.2105,764644.73,2503221.029,0.3707,1.67,5.6477,0.8942,2.4415,2521984.5601,2062894.4429,1058737.0295,82796753.1081,67724824.5604
600036.SH,20240416,32.71,32.97,32.45,32.75,32.83,-0.08,-0.2437,741556.1,2429469.045,0.3595,1.44,5.634,0.892,2.4355,2521984.5601,2062894.4429,1058737.0295,82594994.3433,67559793.005
600036.SH,20240417,32.69,33.49,32.47,33.3,32.75,0.55,1.6794,948211.96,3131202.074,0.4597,1.62,5.7286,0.907,2.4764,2521984.5601,2062894.4429,1058737.0295,83982085.8513,68694384.9486
600036.SH,20240418,33.26,34.1,33.19,33.65,33.3,0.35,1.0511,1006574.01,3393695.785,0.4879,1.49,5.7888,0.9165,2.5025,2521984.5601,2062894.4429,1058737.0295,84864780.4474,69416398.0036
600036.SH,20240419,33.56,33.84,33.42,33.62,33.65,-0.03,-0.0892,540383.5,1818443.521,0.262,0.69,5.7836,0.9157,2.5002,2521984.5601,2062894.4429,1058737.0295,84789120.9106,69354511.1703
600036.SH,20240422,33.78,34.19,33.05,33.34,33.62,-0.28,-0.8328,607535.07,2034006.573,0.2945,0.76,5.7355,0.9081,2.4794,2521984.5601,2062894.4429,1058737.0295,84082965.2337,68776900.7263
600036.SH,20240423,33.3,33.82,33.23,33.38,33.34,0.04,0.12,512452.44,1717681.682,0.2484,0.67,5.7423,0.9092,2.4824,2521984.5601,2062894.4429,1058737.0295,84183844.6161,68859416.504
600036.SH,20240424,33.38,33.55,33.1,33.46,33.38,0.08,0.2397,443383.53,1480785.929,0.2149,0.61,5.7561,0.9114,2.4883,2521984.5601,2062894.4429,1058737.0295,84385603.3809,69024448.0594
600036.SH,20240425,33.44,34.4,33.38,34.4,33.46,0.94,2.8093,919481.8,3136628.386,0.4457,1.48,5.9178,0.937,2.5583,2521984.5601,2062894.4429,1058737.0295,86756268.8674,70963568.8358
600036.SH,20240426,34.4,34.87,34.22,34.48,34.4,0.08,0.2326,954898.83,3292052.902,0.4629,1.58,5.9316,0.9391,2.5642,2521984.5601,2062894.4429,1058737.0295,86958027.6322,71128600.3912
600036.SH,20240429,34.4,35.16,34.2,34.88,34.48,0.4,1.1601,818064.12,2854804.596,0.3966,1.19,6.0004,0.95,2.594,2521984.5601,2062894.4429,1058737.0295,87966821.4563,71953758.1684
600036.SH,20240430,34.4,34.58,34.05,34.31,34.88,-0.57,-1.6342,868041.8,2982962.844,0.4208,1.19,5.9023,0.8934,2.5516,2521984.5601,2062894.4429,1058737.0295,86529290.257,70777908.3359
600036.SH,20240506,35.1,35.36,34.72,34.88,34.31,0.57,1.6613,1000704.94,3501168.456,0.4851,1.25,6.0004,0.9083,2.594,2521984.5601,2062894.4429,1058737.0295,87966821.4563,71953758.1684
600036.SH,20240507,34.88,34.95,34.63,34.87,34.88,-0.01,-0.0287,473848.57,1649813.221,0.2297,0.52,5.9987,0.908,2.5932,2521984.5601,2062894.4429,1058737.0295,87941601.6107,71933129.2239
600036.SH,20240508,34.82,34.96,34.55,34.57,34.87,-0.3,-0.8603,412861.58,1434042.865,0.2001,0.5,5.9471,0.9002,2.5709,2521984.5601,2062894.4429,1058737.0295,87185006.2427,71314260.8911
600036.SH,20240509,34.6,34.93,34.6,34.84,34.57,0.27,0.781,512391.31,1782846.432,0.2484,0.72,5.9935,0.9072,2.591,2521984.5601,2062894.4429,1058737.0295,87865942.0739,71871242.3906
600036.SH,20240510,34.84,35.85,34.8,35.62,34.84,0.78,2.2388,940365.7,3331360.84,0.4558,1.44,6.1277,0.9275,2.649,2521984.5601,2062894.4429,1058737.0295,89833090.0308,73480300.0561
600036.SH,20240513,35.44,36.07,35.33,35.91,35.62,0.29,0.8141,747800.26,2674602.938,0.3625,1.12,6.1776,0.9351,2.6705,2521984.5601,2062894.4429,1058737.0295,90564465.5532,74078539.4445
600036.SH,20240514,35.89,36.13,35.2,35.34,35.91,-0.57,-1.5873,687778.84,2440460.309,0.3334,1.11,6.0795,0.9202,2.6282,2521984.5601,2062894.4429,1058737.0295,89126934.3539,72902689.6121
600036.SH,20240515,35.33,35.44,34.69,35.05,35.34,-0.29,-0.8206,674944.06,2361226.415,0.3272,1.02,6.0296,0.9127,2.6066,2521984.5601,2062894.4429,1058737.0295,88395558.8315,72304450.2236
600036.SH,20240516,35.08,36.45,35.0,36.25,35.05,1.2,3.4237,1291475.53,4659047.071,0.6261,1.81,6.2361,0.9439,2.6958,2521984.5601,2062894.4429,1058737.0295,91421940.3036,74779923.5551
600036.SH,20240517,36.3,36.9,36.06,36.85,36.25,0.6,1.6552,916879.44,3342837.158,0.4445,1.06,6.3393,0.9596,2.7405,2521984.5601,2062894.4429,1058737.0295,92935131.0397,76017660.2209
600036.SH,20240520,36.85,37.0,36.09,36.38,36.85,-0.47,-1.2754,914250.0,3337501.051,0.4432,1.06,6.2584,0.9473,2.7055,2521984.5601,2062894.4429,1058737.0295,91749798.2964,75048099.8327
600036.SH,20240521,36.36,36.52,36.13,36.24,36.38,-0.14,-0.3848,445999.44,1620630.88,0.2162,0.5,6.2343,0.9437,2.6951,2521984.5601,2062894.4429,1058737.0295,91396720.458,74759294.6107
600036.SH,20240522,36.22,36.38,35.76,36.06,36.24,-0.18,-0.4967,664477.39,2398900.244,0.3221,0.78,6.2034,0.939,2.6817,2521984.5601,2062894.4429,1058737.0295,90942763.2372,74387973.611
600036.SH,20240523,35.9,36.01,35.32,35.5,36.06,-0.56,-1.553,924584.95,3284073.837,0.4482,1.09,6.107,0.9244,2.6401,2521984.5601,2062894.4429,1058737.0295,89530451.8836,73232752.723
600036.SH,20240524,35.3,35.48,34.66,34.74,35.5,-0.76,-2.1408,870440.0,3051224.758,0.422,1.13,5.9763,0.9046,2.5835,2521984.5601,2062894.4429,1058737.0295,87613743.6179,71664952.9463
600036.SH,20240527,34.85,35.21,34.75,35.14,34.74,0.4,1.1514,570938.14,1997775.669,0.2768,0.75,6.0451,0.915,2.6133,2521984.5601,2062894.4429,1058737.0295,88622537.4419,72490110.7235
600036.SH,20240528,35.1,35.33,34.72,34.83,35.14,-0.31,-0.8822,476190.58,1660811.058,0.2308,0.68,5.9918,0.907,2.5902,2521984.5601,2062894.4429,1058737.0295,87840722.2283,71850613.4462
600036.SH,20240529,34.75,35.06,34.46,34.57,34.83,-0.26,-0.7465,491041.18,1703567.318,0.238,0.7,5.9471,0.9002,2.5709,2521984.5601,2062894.4429,1058737.0295,87185006.2427,71314260.8911
600036.SH,20240530,34.45,34.9,34.18,34.34,34.57,-0.23,-0.6653,559244.84,1928489.154,0.2711,0.84,5.9075,0.8942,2.5538,2521984.5601,2062894.4429,1058737.0295,86604949.7938,70839795.1692
600036.SH,20240531,34.53,34.6,34.28,34.28,34.34,-0.06,-0.1747,508932.48,1752657.846,0.2467,0.86,5.8972,0.8926,2.5493,2521984.5601,2062894.4429,1058737.0295,86453630.7202,70716021.5026
600036.SH,20240603,34.22,34.38,33.92,34.15,34.28,-0.13,-0.3792,608111.35,2071791.245,0.2948,1.17,5.8748,0.8893,2.5397,2521984.5601,2062894.4429,1058737.0295,86125772.7274,70447845.225
600036.SH,20240604,34.15,34.68,34.1,34.54,34.15,0.39,1.142,533788.42,1840296.169,0.2588,1.01,5.9419,0.8994,2.5687,2521984.5601,2062894.4429,1058737.0295,87109346.7059,71252374.0578
600036.SH,20240605,34.68,34.7,33.89,33.99,34.54,-0.55,-1.5924,691041.22,2359792.656,0.335,1.28,5.8473,0.8851,2.5278,2521984.5601,2062894.4429,1058737.0295,85722255.1978,70117782.1142
600036.SH,20240606,34.09,34.2,33.78,34.0,33.99,0.01,0.0294,677240.66,2302856.624,0.3283,1.17,5.849,0.8853,2.5285,2521984.5601,2062894.4429,1058737.0295,85747475.0434,70138411.0586
600036.SH,20240607,34.05,34.25,33.65,33.99,34.0,-0.01,-0.0294,678265.59,2298090.33,0.3288,1.12,5.8473,0.8851,2.5278,2521984.5601,2062894.4429,1058737.0295,85722255.1978,70117782.1142
600036.SH,20240611,33.78,33.97,33.12,33.36,33.99,-0.63,-1.8535,690448.31,2309722.313,0.3347,1.08,5.7389,0.8687,2.4809,2521984.5601,2062894.4429,1058737.0295,84133404.9249,68818158.6151
600036.SH,20240612,33.35,33.36,32.95,33.09,33.36,-0.27,-0.8094,511380.59,1693037.688,0.2479,0.78,5.6925,0.8617,2.4608,2521984.5601,2062894.4429,1058737.0295,83452469.0937,68261177.1156
600036.SH,20240613,33.2,33.22,32.72,32.82,33.09,-0.27,-0.816,550184.21,1808251.998,0.2667,0.85,5.646,0.8546,2.4408,2521984.5601,2062894.4429,1058737.0295,82771533.2625,67704195.616
600036.SH,20240614,32.82,34.02,32.82,33.81,32.82,0.99,3.0165,991674.29,3324856.785,0.4807,1.6,5.8163,0.8804,2.5144,2521984.5601,2062894.4429,1058737.0295,85268297.977,69746461.1144
600036.SH,20240617,33.6,33.8,33.39,33.73,33.81,-0.08,-0.2366,457682.48,1539063.152,0.2219,0.67,5.8025,0.8783,2.5084,2521984.5601,2062894.4429,1058737.0295,85066539.2122,69581429.559
600036.SH,20240618,33.86,34.3,33.62,33.71,33.73,-0.02,-0.0593,453675.39,1538144.777,0.2199,0.71,5.7991,0.8778,2.5069,2521984.5601,2062894.4429,1058737.0295,85016099.521,69540171.6702
600036.SH,20240619,33.71,34.4,33.66,34.15,33.71,0.44,1.3053,585937.22,1997678.159,0.284,0.99,5.8748,0.8893,2.5397,2521984.5601,2062894.4429,1058737.0295,86125772.7274,70447845.225
600036.SH,20240620,34.16,34.23,33.9,34.01,34.15,-0.14,-0.41,392466.67,1336247.232,0.1903,0.65,5.8507,0.8856,2.5293,2521984.5601,2062894.4429,1058737.0295,85772694.889,70159040.003
600036.SH,20240621,33.88,34.08,33.49,33.7,34.01,-0.31,-0.9115,523962.8,1765822.362,0.254,0.91,5.7974,0.8775,2.5062,2521984.5601,2062894.4429,1058737.0295,84990879.6754,69519542.7257
600036.SH,20240624,33.79,34.22,33.49,34.07,33.7,0.37,1.0979,692589.54,2350203.464,0.3357,1.43,5.861,0.8872,2.5337,2521984.5601,2062894.4429,1058737.0295,85924013.9626,70282813.6696
600036.SH,20240625,34.07,34.47,33.97,34.3,34.07,0.23,0.6751,638160.2,2187945.494,0.3094,1.2,5.9006,0.8932,2.5508,2521984.5601,2062894.4429,1058737.0295,86504070.4114,70757279.3915
600036.SH,20240626,34.18,34.36,33.95,34.06,34.3,-0.24,-0.6997,452638.01,1545807.548,0.2194,0.8,5.8593,0.8869,2.533,2521984.5601,2062894.4429,1058737.0295,85898794.117,70262184.7252
600036.SH,20240627,33.96,34.34,33.83,34.26,34.06,0.2,0.5872,555172.6,1894891.373,0.2691,1.03,5.8937,0.8921,2.5478,2521984.5601,2062894.4429,1058737.0295,86403191.029,70674763.6138
600036.SH,20240628,34.2,34.48,34.04,34.19,34.26,-0.07,-0.2043,525749.4,1799951.939,0.2549,0.92,5.8817,0.8903,2.5426,2521984.5601,2062894.4429,1058737.0295,86226652.1098,70530361.0028
600036.SH,20240701,34.19,34.4,33.95,34.36,34.19,0.17,0.4972,472238.65,1616131.283,0.2289,0.82,5.9109,0.8947,2.5553,2521984.5601,2062894.4429,1058737.0295,86655389.485,70881053.058
600036.SH,20240702,34.38,35.25,34.36,35.08,34.36,0.72,2.0955,868770.71,3041833.255,0.4211,1.64,6.0348,0.9135,2.6088,2521984.5601,2062894.4429,1058737.0295,88471218.3683,72366337.0569
600036.SH,20240703,35.01,35.09,34.31,34.46,35.08,-0.62,-1.7674,691372.7,2388331.234,0.3351,1.2,5.9281,0.8973,2.5627,2521984.5601,2062894.4429,1058737.0295,86907587.941,71087342.5023
600036.SH,20240704,34.54,35.04,34.48,34.71,34.46,0.25,0.7255,696918.92,2424281.266,0.3378,1.12,5.9711,0.9038,2.5813,2521984.5601,2062894.4429,1058737.0295,87538084.0811,71603066.1131
600036.SH,20240705,34.71,34.83,33.66,33.88,34.71,-0.83,-2.3912,967782.76,3295568.199,0.4691,1.49,5.8284,0.8822,2.5196,2521984.5601,2062894.4429,1058737.0295,85444836.8962,69890863.7255
600036.SH,20240708,33.85,34.23,33.71,33.99,33.88,0.11,0.3247,545730.02,1855611.836,0.2645,0.74,5.8473,0.8851,2.5278,2521984.5601,2062894.4429,1058737.0295,85722255.1978,70117782.1142
600036.SH,20240709,33.99,34.55,33.72,34.47,33.99,0.48,1.4122,621037.01,2124005.154,0.3011,0.82,5.9299,0.8976,2.5635,2521984.5601,2062894.4429,1058737.0295,86932807.7866,71107971.4468
600036.SH,20240710,34.47,35.0,34.45,34.68,34.47,0.21,0.6092,726314.24,2524474.646,0.3521,1.03,5.966,0.9031,2.5791,2521984.5601,2062894.4429,1058737.0295,87462424.5443,71541179.2798
600036.SH,20240711,33.08,33.13,32.79,32.9,32.71,0.19,0.5809,732388.96,2411951.386,0.355,1.03,5.6598,0.9031,2.4467,2521984.5601,2062894.4429,1058737.0295,82973292.0273,67869227.1714
600036.SH,20240712,33.01,34.08,33.01,34.0,32.9,1.1,3.3435,944904.25,3199683.547,0.458,1.31,5.849,0.9333,2.5285,2521984.5601,2062894.4429,1058737.0295,85747475.0434,70138411.0586
600036.SH,20240715,34.0,34.05,33.72,33.78,34.0,-0.22,-0.6471,474603.66,1605883.747,0.2301,0.66,5.8112,0.9272,2.5121,2521984.5601,2062894.4429,1058737.0295,85192638.4402,69684574.2812
600036.SH,20240716,33.76,33.89,33.46,33.79,33.78,0.01,0.0296,455792.55,1535668.998,0.2209,0.65,5.8129,0.9275,2.5129,2521984.5601,2062894.4429,1058737.0295,85217858.2858,69705203.2256
600036.SH,20240717,33.7,34.19,33.65,34.07,33.79,0.28,0.8286,577954.22,1964635.267,0.2802,0.87,5.861,0.9352,2.5337,2521984.5601,2062894.4429,1058737.0295,85924013.9626,70282813.6696
600036.SH,20240718,34.07,34.25,33.76,34.09,34.07,0.02,0.0587,598627.17,2036474.28,0.2902,0.94,5.8645,0.9357,2.5352,2521984.5601,2062894.4429,1058737.0295,85974453.6538,70324071.5585
600036.SH,20240719,34.0,34.3,33.59,34.25,34.09,0.16,0.4693,810072.18,2749172.01,0.3927,1.33,5.892,0.9401,2.5471,2521984.5601,2062894.4429,1058737.0295,86377971.1834,70654134.6693
600036.SH,20240722,34.17,34.17,33.09,33.34,34.25,-0.91,-2.6569,808205.77,2694241.975,0.3918,1.39,5.7355,0.9152,2.4794,2521984.5601,2062894.4429,1058737.0295,84082965.2337,68776900.7263
600036.SH,20240723,33.34,33.71,33.23,33.34,33.34,0.0,0.0,538754.68,1803269.6,0.2612,0.83,5.7355,0.9152,2.4794,2521984.5601,2062894.4429,1058737.0295,84082965.2337,68776900.7263
600036.SH,20240724,33.45,33.58,33.03,33.18,33.34,-0.16,-0.4799,482452.94,1604648.703,0.2339,0.72,5.7079,0.9108,2.4675,2521984.5601,2062894.4429,1058737.0295,83679447.7041,68446837.6154
600036.SH,20240725,33.22,33.32,32.37,32.83,33.18,-0.35,-1.0549,762078.54,2496804.673,0.3694,1.18,5.6477,0.9012,2.4415,2521984.5601,2062894.4429,1058737.0295,82796753.1081,67724824.5604
600036.SH,20240726,32.8,33.04,32.11,32.37,32.83,-0.46,-1.4012,601461.67,1952156.132,0.2916,0.88,5.5686,0.8885,2.4073,2521984.5601,2062894.4429,1058737.0295,81636640.2104,66775893.1167
600036.SH,20240729,32.38,32.65,32.2,32.45,32.37,0.08,0.2471,413475.33,1343740.115,0.2004,0.65,5.5824,0.8907,2.4132,2521984.5601,2062894.4429,1058737.0295,81838398.9752,66940924.6721
600036.SH,20240730,32.4,32.59,32.15,32.42,32.45,-0.03,-0.0924,390781.61,1264925.929,0.1894,0.7,5.5772,0.8899,2.411,2521984.5601,2062894.4429,1058737.0295,81762739.4384,66879037.8388
600036.SH,20240731,32.42,33.0,32.25,32.73,32.42,0.31,0.9562,595369.65,1948675.368,0.2886,1.12,5.6305,0.8984,2.4341,2521984.5601,2062894.4429,1058737.0295,82544554.6521,67518535.1161
600036.SH,20240801,32.73,32.85,32.27,32.71,32.73,-0.02,-0.0611,409138.81,1332771.463,0.1983,0.74,5.6271,0.8979,2.4326,2521984.5601,2062894.4429,1058737.0295,82494114.9609,67477277.2273
600036.SH,20240802,32.42,32.6,32.23,32.28,32.71,-0.43,-1.3146,386130.24,1250037.017,0.1872,0.8,5.5531,0.8861,2.4006,2521984.5601,2062894.4429,1058737.0295,81409661.6,66590232.6168
600036.SH,20240805,32.2,32.52,32.05,32.1,32.28,-0.18,-0.5576,584419.84,1884940.815,0.2833,1.33,5.5221,0.8811,2.3872,2521984.5601,2062894.4429,1058737.0295,80955704.3792,66218911.6171
600036.SH,20240806,32.36,32.39,31.51,31.7,32.1,-0.4,-1.2461,514388.64,1637765.272,0.2494,1.09,5.4533,0.8701,2.3575,2521984.5601,2062894.4429,1058737.0295,79946910.5552,65393753.8399
600036.SH,20240807,31.73,31.9,31.55,31.58,31.7,-0.12,-0.3785,390731.73,1238023.516,0.1894,0.78,5.4327,0.8668,2.3485,2521984.5601,2062894.4429,1058737.0295,79644272.408,65146206.5068
600036.SH,20240808,31.61,31.98,31.38,31.93,31.58,0.35,1.1083,394599.78,1252394.782,0.1913,0.86,5.4929,0.8765,2.3746,2521984.5601,2062894.4429,1058737.0295,80526967.004,65868219.5618
600036.SH,20240809,31.97,32.58,31.81,32.33,31.93,0.4,1.2527,482748.47,1561254.687,0.234,1.06,5.5617,0.8874,2.4043,2521984.5601,2062894.4429,1058737.0295,81535760.828,66693377.339
600036.SH,20240812,32.3,32.34,31.93,32.12,32.33,-0.21,-0.6496,318943.21,1023447.632,0.1546,0.67,5.5256,0.8817,2.3887,2521984.5601,2062894.4429,1058737.0295,81006144.0704,66260169.5059
600036.SH,20240813,32.1,32.23,31.76,31.94,32.12,-0.18,-0.5604,282377.69,902009.896,0.1369,0.67,5.4946,0.8767,2.3753,2521984.5601,2062894.4429,1058737.0295,80552186.8496,65888848.5062
600036.SH,20240814,31.9,32.14,31.81,31.86,31.94,-0.08,-0.2505,282446.1,901196.911,0.1369,0.76,5.4809,0.8745,2.3694,2521984.5601,2062894.4429,1058737.0295,80350428.0848,65723816.9508
600036.SH,20240815,31.85,32.92,31.65,32.76,31.86,0.9,2.8249,739789.83,2409557.383,0.3586,2.1,5.6357,0.8992,2.4363,2521984.5601,2062894.4429,1058737.0295,82620214.1889,67580421.9494
600036.SH,20240816,32.75,33.25,32.72,33.15,32.76,0.39,1.1905,418503.02,1383877.362,0.2029,0.99,5.7028,0.9099,2.4653,2521984.5601,2062894.4429,1058737.0295,83603788.1673,68384950.7821
600036.SH,20240819,33.25,33.5,33.03,33.42,33.15,0.27,0.8145,422843.42,1409948.503,0.205,1.04,5.7492,0.9173,2.4854,2521984.5601,2062894.4429,1058737.0295,84284723.9985,68941932.2817
600036.SH,20240820,33.45,33.6,33.16,33.48,33.42,0.06,0.1795,423728.73,1415473.211,0.2054,0.99,5.7595,0.919,2.4898,2521984.5601,2062894.4429,1058737.0295,84436043.0721,69065705.9483
600036.SH,20240821,33.3,33.43,32.82,33.24,33.48,-0.24,-0.7168,378101.05,1254587.421,0.1833,0.83,5.7183,0.9124,2.472,2521984.5601,2062894.4429,1058737.0295,83830766.7777,68570611.282
600036.SH,20240822,33.28,33.55,33.18,33.3,33.24,0.06,0.1805,382863.99,1276718.683,0.1856,0.8,5.7286,0.9141,2.4764,2521984.5601,2062894.4429,1058737.0295,83982085.8513,68694384.9486
600036.SH,20240823,33.27,33.85,33.07,33.7,33.3,0.4,1.2012,465587.26,1561509.818,0.2257,1.15,5.7974,0.925,2.5062,2521984.5601,2062894.4429,1058737.0295,84990879.6754,69519542.7257
600036.SH,20240826,33.7,33.84,33.47,33.77,33.7,0.07,0.2077,351174.6,1182990.04,0.1702,0.85,5.8094,0.927,2.5114,2521984.5601,2062894.4429,1058737.0295,85167418.5946,69663945.3367
600036.SH,20240827,33.77,33.94,33.53,33.7,33.77,-0.07,-0.2073,387208.57,1308314.397,0.1877,0.97,5.7974,0.925,2.5062,2521984.5601,2062894.4429,1058737.0295,84990879.6754,69519542.7257
600036.SH,20240828,33.83,33.98,33.44,33.68,33.7,-0.02,-0.0593,415232.08,1398682.394,0.2013,1.06,5.7939,0.9245,2.5047,2521984.5601,2062894.4429,1058737.0295,84940439.9842,69478284.8369
600036.SH,20240829,33.59,33.77,32.9,32.93,33.68,-0.75,-2.2268,516387.82,1712021.359,0.2503,1.29,5.6649,0.9039,2.4489,2521984.5601,2062894.4429,1058737.0295,83048951.5641,67931114.0047
600036.SH,20240830,32.8,33.11,32.12,32.15,32.93,-0.78,-2.3687,1112229.83,3618077.5,0.5392,2.6,5.5307,0.9187,2.3909,2521984.5601,2062894.4429,1058737.0295,81081803.6072,66322056.3392
600036.SH,20240902,32.0,32.38,31.84,31.93,32.15,-0.22,-0.6843,558020.65,1787602.792,0.2705,1.0,5.4929,0.9124,2.3746,2521984.5601,2062894.4429,1058737.0295,80526967.004,65868219.5618
600036.SH,20240903,32.01,32.08,31.4,31.62,31.93,-0.31,-0.9709,505751.88,1596269.78,0.2452,0.85,5.4396,0.8763,2.3515,2521984.5601,2062894.4429,1058737.0295,79745151.7904,65228722.2845
600036.SH,20240904,31.53,31.93,31.35,31.36,31.62,-0.26,-0.8223,380525.9,1198859.446,0.1845,0.61,5.3948,0.824,2.3322,2521984.5601,2062894.4429,1058737.0295,79089435.8047,64692369.7293
600036.SH,20240905,31.36,31.44,30.9,31.2,31.36,-0.16,-0.5102,542063.45,1687017.96,0.2628,0.88,5.3673,0.8198,2.3203,2521984.5601,2062894.4429,1058737.0295,78685918.2751,64362306.6185
600036.SH,20240906,31.25,31.74,31.2,31.25,31.2,0.05,0.1603,383182.14,1206615.762,0.1857,0.62,5.3759,0.8212,2.324,2521984.5601,2062894.4429,1058737.0295,78812017.5031,64465451.3406
600036.SH,20240909,30.98,30.99,30.04,30.24,31.25,-1.01,-3.232,871073.47,2641195.521,0.4223,1.84,5.2022,0.7946,2.2489,2521984.5601,2062894.4429,1058737.0295,76264813.0974,62381927.9533
600036.SH,20240910,30.25,30.43,29.94,30.19,30.24,-0.05,-0.1653,476023.57,1435849.555,0.2308,0.89,5.1936,0.7933,2.2452,2521984.5601,2062894.4429,1058737.0295,76138713.8694,62278783.2312
600036.SH,20240911,30.14,30.2,29.93,30.08,30.19,-0.11,-0.3644,415793.76,1249059.023,0.2016,0.78,5.1746,0.7904,2.237,2521984.5601,2062894.4429,1058737.0295,75861295.5678,62051864.8424
600036.SH,20240912,30.1,30.5,29.94,30.23,30.08,0.15,0.4987,410266.97,1242374.645,0.1989,0.76,5.2004,0.7944,2.2481,2521984.5601,2062894.4429,1058737.0295,76239593.2518,62361299.0089
600036.SH,20240913,30.28,30.9,30.0,30.6,30.23,0.37,1.2239,495974.43,1520857.906,0.2404,0.97,5.2641,0.8041,2.2757,2521984.5601,2062894.4429,1058737.0295,77172727.5391,63124569.9527
600036.SH,20240918,30.61,31.2,30.61,31.11,30.6,0.51,1.6667,418540.27,1295345.114,0.2029,0.78,5.3518,0.8175,2.3136,2521984.5601,2062894.4429,1058737.0295,78458939.6647,64176646.1186
600036.SH,20240919,31.2,31.23,30.63,30.82,31.11,-0.29,-0.9322,451191.26,1393040.942,0.2187,1.02,5.3019,0.8099,2.292,2521984.5601,2062894.4429,1058737.0295,77727564.1423,63578406.7302
600036.SH,20240920,30.82,31.11,30.66,30.94,30.82,0.12,0.3894,487417.55,1505998.312,0.2363,1.11,5.3226,0.813,2.3009,2521984.5601,2062894.4429,1058737.0295,78030202.2895,63825954.0633
600036.SH,20240923,30.85,31.49,30.84,31.39,30.94,0.45,1.4544,344608.72,1076332.365,0.1671,0.76,5.4,0.8248,2.3344,2521984.5601,2062894.4429,1058737.0295,79165095.3415,64754256.5626
600036.SH,20240924,31.68,33.14,31.67,33.13,31.39,1.74,5.5432,1361218.0,4427310.186,0.6599,3.1,5.6993,0.8706,2.4638,2521984.5601,2062894.4429,1058737.0295,83553348.4761,68343692.8933
600036.SH,20240925,33.85,34.49,33.7,34.15,33.13,1.02,3.0788,1856242.79,6327661.421,0.8998,3.03,5.8748,0.8974,2.5397,2521984.5601,2062894.4429,1058737.0295,86125772.7274,70447845.225
600036.SH,20240926,34.16,35.38,33.91,35.38,34.15,1.23,3.6018,1745329.99,6068657.572,0.8461,1.94,6.0864,0.9297,2.6311,2521984.5601,2062894.4429,1058737.0295,89227813.7363,72985205.3898
600036.SH,20240927,36.11,36.5,34.91,35.63,35.38,0.25,0.7066,745457.82,2653812.67,0.3614,0.64,6.1294,0.9363,2.6497,2521984.5601,2062894.4429,1058737.0295,89858309.8764,73500929.0005
600036.SH,20240930,36.35,38.0,35.92,37.61,35.63,1.98,5.5571,2561012.6,9443438.268,1.2415,2.12,6.47,0.9883,2.797,2521984.5601,2062894.4429,1058737.0295,94851839.3054,77585459.9975
600036.SH,20241008,41.37,41.37,38.82,40.0,37.61,2.39,6.3547,2973038.68,11999361.938,1.4412,1.8,6.8812,1.0511,2.9747,2521984.5601,2062894.4429,1058737.0295,100879382.404,82515777.716
600036.SH,20241009,39.7,39.72,37.01,37.01,40.0,-2.99,-7.475,1855932.1,7113813.985,0.8997,0.94,6.3668,0.9725,2.7524,2521984.5601,2062894.4429,1058737.0295,93338648.5693,76347723.3317
600036.SH,20241010,37.4,39.5,37.4,38.73,37.01,1.72,4.6474,1433298.41,5528664.144,0.6948,0.73,6.6627,1.0177,2.8803,2521984.5601,2062894.4429,1058737.0295,97676462.0127,79895901.7735
600036.SH,20241011,38.73,39.22,38.03,38.43,38.73,-0.3,-0.7746,903475.8,3498241.86,0.438,0.47,6.6111,1.0098,2.858,2521984.5601,2062894.4429,1058737.0295,96919866.6446,79277033.4406
600036.SH,20241014,39.01,39.8,38.69,39.33,38.43,0.9,2.3419,1292938.39,5076841.42,0.6268,0.66,6.7659,1.0335,2.9249,2521984.5601,2062894.4429,1058737.0295,99189652.7487,81133638.4393
600036.SH,20241015,39.17,39.99,38.5,38.5,39.33,-0.83,-2.1103,955976.53,3755705.942,0.4634,0.57,6.6231,1.0117,2.8632,2521984.5601,2062894.4429,1058737.0295,97096405.5639,79421436.0517
600036.SH,20241016,38.15,39.5,38.13,39.5,38.5,1.0,2.5974,1012548.15,3963555.265,0.4908,0.79,6.7952,1.0379,2.9375,2521984.5601,2062894.4429,1058737.0295,99618390.124,81484330.4946
600036.SH,20241017,39.53,39.79,38.49,38.49,39.5,-1.01,-2.557,848922.28,3315820.471,0.4115,0.76,6.6214,1.0114,2.8624,2521984.5601,2062894.4429,1058737.0295,97071185.7182,79400807.1072
600036.SH,20241018,38.51,39.43,38.21,39.05,38.49,0.56,1.4549,928194.33,3603949.498,0.4499,0.93,6.7177,1.0261,2.9041,2521984.5601,2062894.4429,1058737.0295,98483497.0719,80556027.9952
600036.SH,20241021,39.15,39.15,38.5,38.85,39.05,-0.2,-0.5122,717539.46,2780905.731,0.3478,0.71,6.6833,1.0209,2.8892,2521984.5601,2062894.4429,1058737.0295,97979100.1599,80143449.1067
600036.SH,20241022,38.84,39.6,38.75,39.17,38.85,0.32,0.8237,600526.1,2352800.199,0.2911,0.67,6.7384,1.0293,2.913,2521984.5601,2062894.4429,1058737.0295,98786135.2191,80803575.3284
600036.SH,20241023,39.06,39.94,39.02,39.66,39.17,0.49,1.251,627099.68,2482861.345,0.304,0.76,6.8227,1.0421,2.9494,2521984.5601,2062894.4429,1058737.0295,100021907.6536,81814393.6054
600036.SH,20241024,39.55,39.68,39.14,39.31,39.66,-0.35,-0.8825,336312.2,1323826.643,0.163,0.45,6.7625,1.033,2.9234,2521984.5601,2062894.4429,1058737.0295,99139213.0575,81092380.5504
600036.SH,20241025,39.25,39.49,39.06,39.1,39.31,-0.21,-0.5342,447931.19,1756222.719,0.2171,0.7,6.7263,1.0274,2.9078,2521984.5601,2062894.4429,1058737.0295,98609596.2999,80659172.7174
600036.SH,20241028,39.01,39.1,38.28,38.52,39.1,-0.58,-1.4834,664640.94,2559210.507,0.3222,1.22,6.6266,1.0122,2.8646,2521984.5601,2062894.4429,1058737.0295,97146845.2551,79462693.9405
600036.SH,20241029,38.6,39.1,38.41,38.6,38.52,0.08,0.2077,514681.61,1990283.154,0.2495,0.96,6.6403,1.0143,2.8706,2521984.5601,2062894.4429,1058737.0295,97348604.0199,79627725.4959
600036.SH,20241030,38.51,38.9,37.61,37.88,38.6,-0.72,-1.8653,703408.28,2680423.056,0.341,1.36,6.5165,0.9533,2.8171,2521984.5601,2062894.4429,1058737.0295,95532775.1366,78142441.4971
600036.SH,20241031,37.8,37.99,36.91,37.36,37.88,-0.52,-1.3728,850392.51,3173924.099,0.4122,1.59,6.427,0.9403,2.7784,2521984.5601,2062894.4429,1058737.0295,94221343.1653,77069736.3867
600036.SH,20241101,37.44,38.3,37.38,38.01,37.36,0.65,1.7398,703102.11,2671523.515,0.3408,1.11,6.5388,0.9566,2.8267,2521984.5601,2062894.4429,1058737.0295,95860633.1294,78410617.7746
600036.SH,20241104,38.1,38.75,37.41,38.75,38.01,0.74,1.9469,646612.09,2466019.719,0.3134,0.94,6.6661,0.9752,2.8818,2521984.5601,2062894.4429,1058737.0295,97726901.7039,79937159.6624
600036.SH,20241105,38.43,39.1,38.4,39.08,38.75,0.33,0.8516,628744.76,2445317.943,0.3048,0.92,6.7229,0.9835,2.9063,2521984.5601,2062894.4429,1058737.0295,98559156.6087,80617914.8285
600036.SH,20241106,39.0,39.08,38.15,38.56,39.08,-0.52,-1.3306,648336.29,2501077.845,0.3143,0.92,6.6335,0.9705,2.8676,2521984.5601,2062894.4429,1058737.0295,97247724.6375,79545209.7182
600036.SH,20241107,38.42,39.58,38.38,39.57,38.56,1.01,2.6193,743472.18,2904874.006,0.3604,1.07,6.8072,0.9959,2.9427,2521984.5601,2062894.4429,1058737.0295,99794929.0432,81628733.1056
600036.SH,20241108,39.68,39.85,38.75,38.8,39.57,-0.77,-1.9459,745368.46,2920926.027,0.3613,1.11,6.6747,0.9765,2.8855,2521984.5601,2062894.4429,1058737.0295,97853000.9319,80040304.3845
600036.SH,20241111,38.3,38.7,37.89,38.33,38.8,-0.47,-1.2113,703145.55,2682610.299,0.3409,1.03,6.5939,0.9647,2.8505,2521984.5601,2062894.4429,1058737.0295,96667668.1886,79070743.9964
600036.SH,20241112,38.19,38.84,37.51,37.59,38.33,-0.74,-1.9306,893289.28,3399364.219,0.433,1.29,6.4666,0.946,2.7955,2521984.5601,2062894.4429,1058737.0295,94801399.6142,77544202.1086
600036.SH,20241113,37.59,37.98,37.51,37.82,37.59,0.23,0.6119,485304.4,1833809.094,0.2353,0.65,6.5061,0.9518,2.8126,2521984.5601,2062894.4429,1058737.0295,95381456.063,78018667.8305
600036.SH,20241114,37.66,38.48,37.53,38.06,37.82,0.24,0.6346,676440.3,2585688.546,0.3279,0.95,6.5474,0.9579,2.8304,2521984.5601,2062894.4429,1058737.0295,95986732.3574,78513762.4968
600036.SH,20241115,38.08,38.57,37.81,37.82,38.06,-0.24,-0.6306,699276.88,2671344.642,0.339,1.0,6.5061,0.9518,2.8126,2521984.5601,2062894.4429,1058737.0295,95381456.063,78018667.8305
600036.SH,20241118,38.05,38.66,37.8,37.9,37.82,0.08,0.2115,763448.07,2918992.44,0.3701,1.1,6.5199,0.9538,2.8185,2521984.5601,2062894.4429,1058737.0295,95583214.8278,78183699.3859
600036.SH,20241119,37.91,38.18,37.45,37.72,37.9,-0.18,-0.4749,521248.55,1967719.175,0.2527,0.74,6.4889,0.9493,2.8052,2521984.5601,2062894.4429,1058737.0295,95129257.607,77812378.3862
600036.SH,20241120,37.8,37.85,37.4,37.48,37.72,-0.24,-0.6363,451291.26,1693331.536,0.2188,0.72,6.4477,0.9433,2.7873,2521984.5601,2062894.4429,1058737.0295,94523981.3125,77317283.7199
600036.SH,20241121,37.48,37.66,37.27,37.43,37.48,-0.05,-0.1334,350336.14,1309684.433,0.1698,0.56,6.4391,0.942,2.7836,2521984.5601,2062894.4429,1058737.0295,94397882.0845,77214138.9977
600036.SH,20241122,37.43,37.55,36.36,36.45,37.43,-0.98,-2.6182,690490.9,2544524.441,0.3347,1.24,6.2705,0.9174,2.7107,2521984.5601,2062894.4429,1058737.0295,91926337.2156,75192502.4437
600036.SH,20241125,36.7,36.86,36.12,36.22,36.45,-0.23,-0.631,534094.73,1945383.41,0.2589,0.96,6.2309,0.9116,2.6936,2521984.5601,2062894.4429,1058737.0295,91346280.7668,74718036.7218
600036.SH,20241126,36.03,36.58,35.84,36.39,36.22,0.17,0.4694,459421.21,1666651.768,0.2227,0.9,6.2601,0.9158,2.7062,2521984.5601,2062894.4429,1058737.0295,91775018.142,75068728.7771
600036.SH,20241127,36.39,36.68,36.11,36.6,36.39,0.21,0.5771,392076.88,1429782.933,0.1901,0.79,6.2963,0.9211,2.7219,2521984.5601,2062894.4429,1058737.0295,92304634.8997,75501936.6101
600036.SH,20241128,36.6,36.85,36.18,36.47,36.6,-0.13,-0.3552,451939.1,1647865.702,0.2191,0.93,6.2739,0.9179,2.7122,2521984.5601,2062894.4429,1058737.0295,91976776.9068,75233760.3326
600036.SH,20241129,36.59,37.0,36.31,36.34,36.47,-0.13,-0.3565,664379.99,2437776.752,0.3221,1.31,6.2515,0.9146,2.7025,2521984.5601,2062894.4429,1058737.0295,91648918.914,74965584.055
600036.SH,20241202,36.45,36.68,36.2,36.51,36.34,0.17,0.4678,424652.09,1548959.36,0.2059,0.85,6.2808,0.9189,2.7152,2521984.5601,2062894.4429,1058737.0295,92077656.2893,75316276.1103
600036.SH,20241203,36.65,37.22,36.38,37.12,36.51,0.61,1.6708,721986.09,2658919.819,0.35,1.51,6.3857,0.9342,2.7605,2521984.5601,2062894.4429,1058737.0295,93616066.8709,76574641.7204
600036.SH,20241204,37.09,37.09,36.53,36.81,37.12,-0.31,-0.8351,620511.24,2285383.469,0.3008,1.17,6.3324,0.9264,2.7375,2521984.5601,2062894.4429,1058737.0295,92834251.6573,75935144.4431
600036.SH,20241205,36.66,37.36,36.61,36.91,36.81,0.1,0.2717,568949.34,2108115.265,0.2758,0.99,6.3496,0.9289,2.7449,2521984.5601,2062894.4429,1058737.0295,93086450.1133,76141433.8874
600036.SH,20241206,37.01,37.82,37.01,37.7,36.91,0.79,2.1403,877235.87,3296793.042,0.4252,1.46,6.4855,0.9488,2.8037,2521984.5601,2062894.4429,1058737.0295,95078817.9158,77771120.4973
600036.SH,20241209,37.59,37.99,37.35,37.7,37.7,0.0,0.0,492995.35,1859542.283,0.239,0.77,6.4855,0.9488,2.8037,2521984.5601,2062894.4429,1058737.0295,95078817.9158,77771120.4973
600036.SH,20241210,38.8,38.99,38.4,38.6,37.7,0.9,2.3873,1038953.19,4022695.501,0.5036,1.58,6.6403,0.9715,2.8706,2521984.5601,2062894.4429,1058737.0295,97348604.0199,79627725.4959
600036.SH,20241211,38.54,38.79,38.23,38.3,38.6,-0.3,-0.7772,517709.36,1988895.959,0.251,0.72,6.5887,0.9639,2.8483,2521984.5601,2062894.4429,1058737.0295,96592008.6518,79008857.1631
600036.SH,20241212,38.29,38.83,38.21,38.8,38.3,0.5,1.3055,586888.76,2267252.621,0.2845,0.84,6.6747,0.9765,2.8855,2521984.5601,2062894.4429,1058737.0295,97853000.9319,80040304.3845
600036.SH,20241213,38.45,38.6,37.28,37.3,38.8,-1.5,-3.866,1117982.8,4213094.969,0.5419,1.59,6.4167,0.9387,2.7739,2521984.5601,2062894.4429,1058737.0295,94070024.0917,76945962.7202
600036.SH,20241216,37.35,37.78,37.32,37.74,37.3,0.44,1.1796,640315.89,2409086.954,0.3104,0.85,6.4924,0.9498,2.8066,2521984.5601,2062894.4429,1058737.0295,95179697.2982,77853636.275
600036.SH,20241217,37.54,38.16,37.54,37.85,37.74,0.11,0.2915,603104.08,2287237.539,0.2924,0.77,6.5113,0.9526,2.8148,2521984.5601,2062894.4429,1058737.0295,95457115.5998,78080554.6638
600036.SH,20241218,38.02,38.66,37.86,38.52,37.85,0.67,1.7701,805855.36,3101731.956,0.3906,1.16,6.6266,0.9695,2.8646,2521984.5601,2062894.4429,1058737.0295,97146845.2551,79462693.9405
600036.SH,20241219,38.38,38.53,38.0,38.02,38.52,-0.5,-1.298,611195.82,2336249.857,0.2963,0.81,6.5406,0.9569,2.8275,2521984.5601,2062894.4429,1058737.0295,95885852.975,78431246.7191
600036.SH,20241220,38.05,38.28,37.86,37.91,38.02,-0.11,-0.2893,542150.38,2060744.582,0.2628,0.72,6.5216,0.9541,2.8193,2521984.5601,2062894.4429,1058737.0295,95608434.6734,78204328.3303
600036.SH,20241223,37.99,38.7,37.98,38.35,37.91,0.44,1.1606,902691.56,3473126.152,0.4376,1.41,6.5973,0.9652,2.852,2521984.5601,2062894.4429,1058737.0295,96718107.8798,79112001.8852
600036.SH,20241224,38.35,39.29,38.32,39.22,38.35,0.87,2.2686,993428.46,3875223.368,0.4816,1.43,6.747,0.9871,2.9167,2521984.5601,2062894.4429,1058737.0295,98912234.4471,80906720.0505
600036.SH,20241225,39.23,39.56,38.99,39.4,39.22,0.18,0.4589,755913.07,2972981.821,0.3664,0.98,6.778,0.9916,2.9301,2521984.5601,2062894.4429,1058737.0295,99366191.6679,81278041.0503
600036.SH,20241226,39.4,39.54,39.01,39.48,39.4,0.08,0.203,539251.94,2125139.425,0.2614,0.71,6.7917,0.9936,2.936,2521984.5601,2062894.4429,1058737.0295,99567950.4327,81443072.6057
600036.SH,20241227,39.48,39.64,38.78,39.34,39.48,-0.14,-0.3546,700319.55,2742768.758,0.3395,0.94,6.7676,0.9901,2.9256,2521984.5601,2062894.4429,1058737.0295,99214872.5943,81154267.3837
600036.SH,20241230,39.34,39.8,39.25,39.62,39.34,0.28,0.7117,678845.33,2690314.729,0.3291,0.87,6.8158,0.9971,2.9465,2521984.5601,2062894.4429,1058737.0295,99921028.2712,81731877.8277
600036.SH,20241231,39.56,39.9,39.3,39.3,39.62,-0.32,-0.8077,643716.99,2549055.494,0.312,0.88,6.7608,0.9891,2.9227,2521984.5601,2062894.4429,1058737.0295,99113993.2119,81071751.606
600036.SH,20250102,39.35,39.5,38.34,38.51,39.3,-0.79,-2.0102,642000.7,2493694.677,0.3112,0.97,6.6248,0.9692,2.8639,2521984.5601,2062894.4429,1058737.0295,97121625.4095,79442064.9961
600036.SH,20250103,38.6,39.04,38.54,38.66,38.51,0.15,0.3895,682583.06,2646967.329,0.3309,1.07,6.6507,0.973,2.8751,2521984.5601,2062894.4429,1058737.0295,97499923.0935,79751499.1625
600036.SH,20250106,38.9,39.1,38.13,39.05,38.66,0.39,1.0088,617158.63,2394244.404,0.2992,0.92,6.7177,0.9828,2.9041,2521984.5601,2062894.4429,1058737.0295,98483497.0719,80556027.9952
600036.SH,20250107,38.97,39.15,38.61,38.9,39.05,-0.15,-0.3841,492752.05,1917344.814,0.2389,0.75,6.6919,0.979,2.8929,2521984.5601,2062894.4429,1058737.0295,98105199.3879,80246593.8288
600036.SH,20250108,38.83,39.55,38.82,39.28,38.9,0.38,0.9769,751481.02,2952943.868,0.3643,1.22,6.7573,0.9886,2.9212,2521984.5601,2062894.4429,1058737.0295,99063553.5207,81030493.7171
600036.SH,20250109,39.4,39.43,38.83,39.0,39.28,-0.28,-0.7128,447083.35,1748399.288,0.2167,0.7,6.7091,0.9815,2.9003,2521984.5601,2062894.4429,1058737.0295,98357397.8439,80452883.2731
600036.SH,20250110,39.34,39.45,38.81,38.98,39.0,-0.02,-0.0513,481424.8,1881660.497,0.2334,0.8,6.7057,0.981,2.8989,2521984.5601,2062894.4429,1058737.0295,98306958.1527,80411625.3842
600036.SH,20250113,38.93,39.15,38.54,39.07,38.98,0.09,0.2309,606322.74,2360608.444,0.2939,1.09,6.7212,0.9833,2.9056,2521984.5601,2062894.4429,1058737.0295,98533936.7631,80597285.8841
600036.SH,20250114,39.09,39.97,38.9,39.85,39.07,0.78,1.9964,708011.88,2802857.578,0.3432,1.27,6.8554,1.0029,2.9636,2521984.5601,2062894.4429,1058737.0295,100501084.72,82206343.5496
600036.SH,20250115,39.99,41.0,39.89,40.64,39.85,0.79,1.9824,796700.88,3234242.853,0.3862,1.33,6.9913,0.9529,3.0223,2521984.5601,2062894.4429,1058737.0295,102493452.5225,83836030.1595
600036.SH,20250116,40.65,41.15,40.53,40.99,40.64,0.35,0.8612,592593.86,2423118.469,0.2873,0.97,7.0515,0.9611,3.0483,2521984.5601,2062894.4429,1058737.0295,103376147.1185,84558043.2145
600036.SH,20250117,40.96,41.16,40.13,40.71,40.99,-0.28,-0.6831,475900.5,1936832.044,0.2307,0.75,7.0033,0.9546,3.0275,2521984.5601,2062894.4429,1058737.0295,102669991.4417,83980432.7705
600036.SH,20250120,40.98,41.07,40.11,40.12,40.71,-0.59,-1.4493,542574.82,2195966.48,0.263,0.85,6.9018,0.9407,2.9836,2521984.5601,2062894.4429,1058737.0295,101182020.5512,82763325.0491
600036.SH,20250121,40.32,40.51,40.01,40.14,40.12,0.02,0.0499,400685.06,1613495.367,0.1942,0.64,6.9053,0.9412,2.9851,2521984.5601,2062894.4429,1058737.0295,101232460.2424,82804582.938
600036.SH,20250122,40.14,40.16,39.32,39.45,40.14,-0.69,-1.719,588912.22,2327377.021,0.2855,1.05,6.7866,0.925,2.9338,2521984.5601,2062894.4429,1058737.0295,99492290.8959,81381185.7724
600036.SH,20250123,39.67,40.23,39.52,39.83,39.45,0.38,0.9632,606618.1,2417576.583,0.2941,1.17,6.8519,0.9339,2.9621,2521984.5601,2062894.4429,1058737.0295,100450645.0288,82165085.6607
600036.SH,20250124,39.66,40.55,39.46,40.26,39.83,0.43,1.0796,574652.34,2312073.726,0.2786,1.1,6.9259,0.944,2.994,2521984.5601,2062894.4429,1058737.0295,101535098.3896,83052130.2712
600036.SH,20250127,40.58,40.97,40.55,40.65,40.26,0.39,0.9687,526060.47,2144848.681,0.255,0.97,6.993,0.9532,3.0231,2521984.5601,2062894.4429,1058737.0295,102518672.3681,83856659.1039
600036.SH,20250205,40.85,40.9,39.9,40.0,40.65,-0.65,-1.599,504788.89,2030411.802,0.2447,0.94,6.8812,0.9379,2.9747,2521984.5601,2062894.4429,1058737.0295,100879382.404,82515777.716
600036.SH,20250206,40.0,40.38,39.73,40.2,40.0,0.2,0.5,466088.42,1866867.478,0.2259,0.83,6.9156,0.9426,2.9896,2521984.5601,2062894.4429,1058737.0295,101383779.316,82928356.6046
600036.SH,20250207,40.1,40.4,39.96,40.2,40.2,0.0,0.0,521066.18,2092855.37,0.2526,0.97,6.9156,0.9426,2.9896,2521984.5601,2062894.4429,1058737.0295,101383779.316,82928356.6046
600036.SH,20250210,40.2,40.92,39.96,40.6,40.2,0.4,0.995,581805.95,2357786.974,0.282,1.12,6.9844,0.952,3.0193,2521984.5601,2062894.4429,1058737.0295,102392573.1401,83753514.3817
600036.SH,20250211,40.75,41.04,40.64,40.98,40.6,0.38,0.936,457771.19,1872296.623,0.2219,0.88,7.0498,0.9609,3.0476,2521984.5601,2062894.4429,1058737.0295,103350927.2729,84537414.27
600036.SH,20250212,40.96,41.66,40.56,41.62,40.98,0.64,1.5617,603591.49,2484722.115,0.2926,1.19,7.1599,0.9759,3.0952,2521984.5601,2062894.4429,1058737.0295,104964997.3914,85857666.7135
600036.SH,20250213,41.65,41.95,41.34,41.71,41.62,0.09,0.2162,462206.98,1927409.816,0.2241,0.88,7.1753,0.978,3.1019,2521984.5601,2062894.4429,1058737.0295,105191976.0018,86043327.2134
600036.SH,20250214,41.69,42.03,41.52,42.03,41.71,0.32,0.7672,498736.9,2086301.72,0.2418,0.95,7.2304,0.9855,3.1257,2521984.5601,2062894.4429,1058737.0295,105999011.061,86703453.4351
600036.SH,20250217,41.99,41.99,41.36,41.72,42.03,-0.31,-0.7376,536125.61,2228540.282,0.2599,1.03,7.1771,0.9782,3.1026,2521984.5601,2062894.4429,1058737.0295,105217195.8474,86063956.1578
600036.SH,20250218,41.51,42.48,41.51,42.05,41.72,0.33,0.791,546665.39,2301403.254,0.265,1.07,7.2338,0.986,3.1272,2521984.5601,2062894.4429,1058737.0295,106049450.7522,86744711.3239
600036.SH,20250219,42.0,42.15,41.76,41.98,42.05,-0.07,-0.1665,374702.23,1572476.676,0.1816,0.71,7.2218,0.9843,3.122,2521984.5601,2062894.4429,1058737.0295,105872911.833,86600308.7129
600036.SH,20250220,42.0,42.09,41.68,41.85,41.98,-0.13,-0.3097,407675.08,1705724.684,0.1976,0.84,7.1994,0.9813,3.1123,2521984.5601,2062894.4429,1058737.0295,105545053.8402,86332132.4354
600036.SH,20250221,41.96,41.99,41.22,41.4,41.85,-0.45,-1.0753,595255.79,2467492.898,0.2886,1.26,7.122,0.9707,3.0788,2521984.5601,2062894.4429,1058737.0295,104410160.7881,85403829.9361
600036.SH,20250224,41.39,41.75,41.1,41.27,41.4,-0.13,-0.314,571107.09,2361716.151,0.2768,1.16,7.0997,0.9677,3.0692,2521984.5601,2062894.4429,1058737.0295,104082302.7953,85135653.6585
600036.SH,20250225,41.15,41.44,40.91,41.03,41.27,-0.24,-0.5815,507321.2,2088784.244,0.2459,1.02,7.0584,0.9621,3.0513,2521984.5601,2062894.4429,1058737.0295,103477026.5009,84640558.9922
600036.SH,20250226,41.13,41.7,41.05,41.48,41.03,0.45,1.0968,476446.61,1974231.834,0.231,0.97,7.1358,0.9726,3.0848,2521984.5601,2062894.4429,1058737.0295,104611919.5529,85568861.4915
600036.SH,20250227,41.6,42.4,41.28,42.38,41.48,0.9,2.1697,622596.57,2611617.503,0.3018,1.22,7.2906,0.9937,3.1517,2521984.5601,2062894.4429,1058737.0295,106881705.657,87425466.4901
600036.SH,20250228,42.38,42.66,42.05,42.05,42.38,-0.33,-0.7787,705423.65,2985755.469,0.342,1.27,7.2338,0.986,3.1272,2521984.5601,2062894.4429,1058737.0295,106049450.7522,86744711.3239
600036.SH,20250303,42.12,42.62,41.95,42.05,42.05,0.0,0.0,470149.02,1983165.73,0.2279,0.82,7.2338,0.986,3.1272,2521984.5601,2062894.4429,1058737.0295,106049450.7522,86744711.3239
600036.SH,20250304,41.91,42.1,41.77,41.8,42.05,-0.25,-0.5945,317245.42,1329037.847,0.1538,0.57,7.1908,0.9801,3.1086,2521984.5601,2062894.4429,1058737.0295,105418954.6122,86228987.7132
600036.SH,20250305,41.96,42.91,41.75,42.89,41.8,1.09,2.6077,632037.43,2689749.944,0.3064,1.22,7.3783,1.0057,3.1896,2521984.5601,2062894.4429,1058737.0295,108167917.7827,88477542.656
600036.SH,20250306,42.89,43.1,42.45,42.96,42.89,0.07,0.1632,572053.04,2450800.591,0.2773,1.04,7.3904,1.0073,3.1948,2521984.5601,2062894.4429,1222783.368,108344456.7019,88621945.267
600036.SH,20250307,42.9,43.8,42.85,43.57,42.96,0.61,1.4199,605413.19,2626484.644,0.2935,1.12,7.4953,1.0216,3.2402,2521984.5601,2062894.4429,1222783.368,109882867.2836,89880310.8772
600036.SH,20250310,43.49,43.58,42.82,43.07,43.57,-0.5,-1.1476,508749.71,2191791.878,0.2466,0.98,7.4093,1.0099,3.203,2521984.5601,2062894.4429,1222783.368,108621875.0035,88848863.6557
600036.SH,20250311,42.77,43.64,42.71,43.51,43.07,0.44,1.0216,565741.09,2447134.269,0.2742,1.07,7.485,1.0202,3.2357,2521984.5601,2062894.4429,1222783.368,109731548.21,89756537.2106
600036.SH,20250312,43.5,43.86,43.25,43.54,43.51,0.03,0.0689,418258.36,1822497.448,0.2028,0.73,7.4902,1.0209,3.238,2521984.5601,2062894.4429,1222783.368,109807207.7468,89818424.0439
600036.SH,20250313,43.6,44.38,43.5,43.84,43.54,0.3,0.689,585539.28,2575079.64,0.2838,1.1,7.5418,1.028,3.2603,2521984.5601,2062894.4429,1222783.368,110563803.1148,90437292.3767
600036.SH,20250314,44.0,45.47,43.94,45.16,43.84,1.32,3.0109,911275.35,4095818.343,0.4417,1.7,7.7688,1.0589,3.3585,2521984.5601,2062894.4429,1222783.368,113892822.7341,93160313.0414
600036.SH,20250317,45.32,45.5,44.98,45.04,45.16,-0.12,-0.2657,654209.73,2957486.225,0.3171,1.09,7.7482,1.0561,3.3495,2521984.5601,2062894.4429,1222783.368,113590184.5869,92912765.7082
600036.SH,20250318,45.29,45.38,44.82,45.14,45.04,0.1,0.222,428220.01,1933102.848,0.2076,0.68,7.7654,1.0584,3.357,2521984.5601,2062894.4429,1222783.368,113842383.0429,93119055.1525
600036.SH,20250319,45.28,46.1,45.1,46.02,45.14,0.88,1.9495,670705.94,3061182.015,0.3251,1.12,7.9168,1.0791,3.4224,2521984.5601,2062894.4429,1222783.368,116061729.4558,94934402.2623
600036.SH,20250320,45.92,45.92,44.78,45.24,46.02,-0.78,-1.6949,678656.03,3067327.047,0.329,1.04,7.7826,1.0608,3.3644,2521984.5601,2062894.4429,1222783.368,114094581.4989,93325344.5968
600036.SH,20250321,45.12,45.34,44.52,44.7,45.24,-0.54,-1.1936,675411.7,3030118.215,0.3274,1.01,7.6897,1.0481,3.3242,2521984.5601,2062894.4429,1222783.368,112732709.8365,92211381.5976
600036.SH,20250324,44.55,45.19,44.55,45.05,44.7,0.35,0.783,449576.19,2018232.266,0.2179,0.72,7.7499,1.0563,3.3503,2521984.5601,2062894.4429,1222783.368,113615404.4325,92933394.6526
600036.SH,20250325,45.0,45.5,44.95,45.09,45.05,0.04,0.0888,356871.55,1610425.397,0.173,0.61,7.7568,1.0573,3.3532,2521984.5601,2062894.4429,1222783.368,113716283.8149,93015910.4304
600036.SH,20250326,44.5,44.59,42.61,42.66,45.09,-2.43,-5.3892,1578326.32,6817699.594,0.7651,2.79,7.2503,1.029,3.1879,2521984.5601,2062894.4429,1222783.368,107587861.3339,88003076.9341
600036.SH,20250327,42.75,43.74,42.74,43.26,42.66,0.6,1.4065,827950.81,3583722.318,0.4014,1.11,7.3523,1.0435,3.2327,2521984.5601,2062894.4429,1222783.368,109101052.0699,89240813.5999
600036.SH,20250328,43.3,43.45,43.06,43.22,43.26,-0.04,-0.0925,386184.09,1671063.294,0.1872,0.5,7.3455,1.0425,3.2297,2521984.5601,2062894.4429,1222783.368,109000172.6875,89158297.8221
600036.SH,20250331,43.21,43.78,42.61,43.29,43.22,0.07,0.162,539568.88,2334387.177,0.2616,0.75,7.3574,1.0442,3.235,2521984.5601,2062894.4429,1222783.368,109176711.6067,89302700.4331
600036.SH,20250401,43.28,43.29,42.75,42.87,43.29,-0.42,-0.9702,389360.35,1671945.743,0.1887,0.53,7.286,1.0341,3.2036,2521984.5601,2062894.4429,1222783.368,108117478.0915,88436284.7671
600036.SH,20250402,42.87,43.15,42.68,42.73,42.87,-0.14,-0.3266,331201.89,1420244.308,0.1606,0.44,7.2622,1.0307,3.1931,2521984.5601,2062894.4429,1222783.368,107764400.2531,88147479.5451
600036.SH,20250403,42.02,42.85,42.02,42.65,42.73,-0.08,-0.1872,464165.5,1977833.089,0.225,0.94,7.2486,1.0287,3.1872,2521984.5601,2062894.4429,1222783.368,107562641.4883,87982447.9897
600036.SH,20250407,40.94,42.0,39.39,40.83,42.65,-1.82,-4.2673,1815632.92,7360169.684,0.8801,4.3,6.9393,0.9848,3.0511,2521984.5601,2062894.4429,1222783.368,102972629.5889,84227980.1036
600036.SH,20250408,40.78,41.2,40.44,41.15,40.83,0.32,0.7837,1610477.36,6562173.34,0.7807,2.27,6.9937,0.9926,3.0751,2521984.5601,2062894.4429,1222783.368,103779664.6481,84888106.3253
600036.SH,20250409,40.6,41.02,40.3,40.46,41.15,-0.69,-1.6768,973969.35,3956703.949,0.4721,1.06,6.8764,0.9759,3.0235,2521984.5601,2062894.4429,1222783.368,102039495.3016,83464709.1597
600036.SH,20250410,40.99,41.45,40.55,41.1,40.46,0.64,1.5818,743788.75,3057795.208,0.3606,0.72,6.9852,0.9914,3.0713,2521984.5601,2062894.4429,1222783.368,103653565.4201,84784961.6032
600036.SH,20250411,41.11,41.69,40.81,41.51,41.1,0.41,0.9976,583056.91,2404586.566,0.2826,0.52,7.0548,1.0013,3.102,2521984.5601,2062894.4429,1222783.368,104687579.0898,85630748.3248
600036.SH,20250414,41.68,41.91,41.41,41.48,41.51,-0.03,-0.0723,482159.84,2006762.053,0.2337,0.42,7.0497,1.0005,3.0997,2521984.5601,2062894.4429,1222783.368,104611919.5529,85568861.4915
600036.SH,20250415,41.49,42.29,41.45,42.1,41.48,0.62,1.4947,614563.86,2578602.435,0.2979,0.7,7.1551,1.0155,3.1461,2521984.5601,2062894.4429,1222783.368,106175549.9802,86847856.0461
600036.SH,20250416,41.98,42.58,41.82,42.25,42.1,0.15,0.3563,576293.58,2425842.589,0.2794,0.85,7.1806,1.0191,3.1573,2521984.5601,2062894.4429,1222783.368,106553847.6642,87157290.2125
600036.SH,20250417,42.12,42.36,41.85,42.12,42.25,-0.13,-0.3077,405792.88,1711632.454,0.1967,0.68,7.1585,1.016,3.1475,2521984.5601,2062894.4429,1222783.368,106225989.6714,86889113.9349
600036.SH,20250418,42.13,42.79,42.05,42.75,42.12,0.63,1.4957,435001.28,1849158.562,0.2109,0.82,7.2656,1.0312,3.1946,2521984.5601,2062894.4429,1222783.368,107814839.9443,88188737.434
600036.SH,20250421,42.66,43.08,42.28,42.28,42.75,-0.47,-1.0994,416465.85,1774479.138,0.2019,0.83,7.1857,1.0198,3.1595,2521984.5601,2062894.4429,1222783.368,106629507.201,87219177.0458
600036.SH,20250422,42.31,42.54,42.01,42.01,42.28,-0.27,-0.6386,433788.13,1831804.304,0.2103,0.89,7.1398,1.0133,3.1393,2521984.5601,2062894.4429,1222783.368,105948571.3698,86662195.5462
600036.SH,20250423,42.3,42.3,41.77,41.99,42.01,-0.02,-0.0476,467743.59,1965588.261,0.2267,1.03,7.1364,1.0128,3.1378,2521984.5601,2062894.4429,1222783.368,105898131.6786,86620937.6574
600036.SH,20250424,42.0,42.38,41.95,42.21,41.99,0.22,0.5239,413651.85,1747384.624,0.2005,0.96,7.1738,1.0181,3.1543,2521984.5601,2062894.4429,1222783.368,106452968.2818,87074774.4348
600036.SH,20250425,42.29,42.55,42.04,42.08,42.21,-0.13,-0.308,424349.93,1792844.933,0.2057,0.98,7.1517,1.015,3.1446,2521984.5601,2062894.4429,1222783.368,106125110.289,86806598.1572
600036.SH,20250428,42.15,42.56,42.03,42.35,42.08,0.27,0.6416,386973.17,1639160.75,0.1876,0.9,7.1976,1.0215,3.1647,2521984.5601,2062894.4429,1222783.368,106806046.1202,87363579.6568
600036.SH,20250429,42.35,42.65,42.0,42.0,42.35,-0.35,-0.8264,457698.53,1933096.299,0.2219,1.08,7.1381,1.0131,3.1386,2521984.5601,2062894.4429,1222783.368,105923351.5242,86641566.6018
600036.SH,20250430,41.64,41.64,40.51,40.74,42.0,-1.26,-3.0,1172682.1,4782474.914,0.5685,2.73,6.924,0.9641,3.0444,2521984.5601,2062894.4429,1222783.368,102745650.9785,84042319.6037
600036.SH,20250506,40.9,41.41,40.51,41.37,40.74,0.63,1.5464,666409.99,2734586.584,0.323,1.17,7.0311,0.979,3.0915,2521984.5601,2062894.4429,1058737.0295,104334501.2513,85341943.1028
600036.SH,20250507,41.79,42.23,41.31,42.02,41.37,0.65,1.5712,712913.88,2985699.306,0.3456,1.15,7.1415,0.9943,3.1401,2521984.5601,2062894.4429,1058737.0295,105973791.2154,86682824.4907
600036.SH,20250508,42.01,43.42,42.0,42.8,42.02,0.78,1.8563,833809.64,3581050.505,0.4042,1.23,7.2741,1.0128,3.1984,2521984.5601,2062894.4429,1058737.0295,107940939.1723,88291882.1561
600036.SH,20250509,42.8,43.6,42.8,43.48,42.8,0.68,1.5888,668154.72,2897563.045,0.3239,0.87,7.3897,1.0289,3.2492,2521984.5601,2062894.4429,1058737.0295,109655888.6731,89694650.3773
600036.SH,20250512,43.45,44.4,43.11,43.8,43.48,0.32,0.736,848974.09,3724155.034,0.4115,1.05,7.444,1.0365,3.2731,2521984.5601,2062894.4429,1058737.0295,110462923.7324,90354776.599
600036.SH,20250513,44.09,44.65,43.85,44.56,43.8,0.76,1.7352,699124.17,3099990.42,0.3389,0.94,7.5732,1.0545,3.3299,2521984.5601,2062894.4429,1058737.0295,112379631.9981,91922576.3756
600036.SH,20250514,44.55,45.3,44.32,44.81,44.56,0.25,0.561,712790.18,3194543.663,0.3455,0.95,7.6157,1.0604,3.3486,2521984.5601,2062894.4429,1058737.0295,113010128.1381,92438299.9863
600036.SH,20250515,44.83,45.38,44.65,44.92,44.81,0.11,0.2455,684600.48,3080577.618,0.3319,0.91,7.6344,1.063,3.3568,2521984.5601,2062894.4429,1058737.0295,113287546.4397,92665218.3751
600036.SH,20250516,44.75,44.98,44.03,44.27,44.92,-0.65,-1.447,619655.35,2743750.956,0.3004,0.86,7.5239,1.0476,3.3082,2521984.5601,2062894.4429,1058737.0295,111648256.4756,91324336.9872
600036.SH,20250519,44.2,44.46,43.75,43.84,44.27,-0.43,-0.9713,502817.01,2213557.25,0.2437,0.71,7.4508,1.0374,3.2761,2521984.5601,2062894.4429,1058737.0295,110563803.1148,90437292.3767
600036.SH,20250520,44.03,44.61,43.87,43.9,43.84,0.06,0.1369,500534.83,2210731.576,0.2426,0.78,7.461,1.0388,3.2806,2521984.5601,2062894.4429,1058737.0295,110715122.1884,90561066.0433
600036.SH,20250521,43.95,44.37,43.84,43.9,43.9,0.0,0.0,499200.35,2199193.618,0.242,0.83,7.461,1.0388,3.2806,2521984.5601,2062894.4429,1058737.0295,110715122.1884,90561066.0433
600036.SH,20250522,43.9,44.56,43.75,44.51,43.9,0.61,1.3895,565655.62,2503244.591,0.2742,1.01,7.5647,1.0533,3.3261,2521984.5601,2062894.4429,1058737.0295,112253532.7701,91819431.6535
600036.SH,20250523,44.51,44.68,43.9,44.05,44.51,-0.46,-1.0335,541460.09,2395482.582,0.2625,1.01,7.4865,1.0424,3.2918,2521984.5601,2062894.4429,1058737.0295,111093419.8724,90870500.2097
600036.SH,20250526,43.89,44.17,43.63,43.8,44.05,-0.25,-0.5675,456099.75,2000068.964,0.2211,0.87,7.444,1.0365,3.2731,2521984.5601,2062894.4429,1058737.0295,110462923.7324,90354776.599
600036.SH,20250527,43.8,44.15,43.67,43.74,43.8,-0.06,-0.137,363750.01,1594752.084,0.1763,0.71,7.4338,1.0351,3.2686,2521984.5601,2062894.4429,1058737.0295,110311604.6588,90231002.9324
600036.SH,20250528,43.78,44.05,43.6,43.68,43.74,-0.06,-0.1372,300355.24,1313730.557,0.1456,0.62,7.4237,1.0336,3.2641,2521984.5601,2062894.4429,1058737.0295,110160285.5852,90107229.2659
600036.SH,20250529,43.7,43.95,43.45,43.47,43.68,-0.21,-0.4808,492989.7,2152530.686,0.239,1.11,7.388,1.0287,3.2484,2521984.5601,2062894.4429,1058737.0295,109630668.8275,89674021.4329
600036.SH,20250530,43.55,43.88,43.35,43.43,43.47,-0.04,-0.092,571391.44,2491890.458,0.277,1.33,7.3812,1.0277,3.2454,2521984.5601,2062894.4429,1058737.0295,109529789.4451,89591505.6551
600036.SH,20250603,43.5,44.43,43.5,43.97,43.43,0.54,1.2434,503685.13,2216746.052,0.2442,1.15,7.4729,1.0405,3.2858,2521984.5601,2062894.4429,1058737.0295,110891661.1076,90705468.6543
600036.SH,20250604,44.05,44.27,43.9,44.06,43.97,0.09,0.2047,373416.67,1644649.609,0.181,0.84,7.4882,1.0426,3.2925,2521984.5601,2062894.4429,1058737.0295,111118639.718,90891129.1542
600036.SH,20250605,44.06,44.42,44.0,44.37,44.06,0.31,0.7036,421316.8,1865235.666,0.2042,0.94,7.5409,1.05,3.3157,2521984.5601,2062894.4429,1058737.0295,111900454.9316,91530626.4315
600036.SH,20250606,44.45,44.71,44.3,44.47,44.37,0.1,0.2254,373498.95,1660462.752,0.1811,0.79,7.5579,1.0523,3.3232,2521984.5601,2062894.4429,1058737.0295,112152653.3876,91736915.8758
600036.SH,20250609,44.6,44.68,44.21,44.6,44.47,0.13,0.2923,474774.46,2111750.061,0.2301,1.06,7.58,1.0554,3.3329,2521984.5601,2062894.4429,1058737.0295,112480511.3805,92005092.1533
600036.SH,20250610,44.57,45.05,44.45,44.67,44.6,0.07,0.157,528348.92,2364300.624,0.2561,1.23,7.5919,1.0571,3.3381,2521984.5601,2062894.4429,1058737.0295,112657050.2997,92149494.7643
600036.SH,20250611,44.72,45.68,44.72,45.31,44.67,0.64,1.4327,776761.08,3518360.401,0.3765,1.79,7.7007,1.0722,3.3859,2521984.5601,2062894.4429,1058737.0295,114271120.4181,93469747.2078
600036.SH,20250612,45.4,45.65,45.1,45.23,45.31,-0.08,-0.1766,452390.7,2050510.492,0.2193,0.88,7.6871,1.0703,3.38,2521984.5601,2062894.4429,1058737.0295,114069361.6533,93304715.6524
600036.SH,20250613,45.24,45.35,44.95,45.18,45.23,-0.05,-0.1105,474080.56,2141145.231,0.2298,0.91,7.6786,1.0691,3.3762,2521984.5601,2062894.4429,1058737.0295,113943262.4253,93201570.9302
600036.SH,20250616,45.08,45.81,44.95,45.78,45.18,0.6,1.328,414474.35,1885267.746,0.2009,0.77,7.7806,1.0833,3.4211,2521984.5601,2062894.4429,1058737.0295,115456453.1614,94439307.596
600036.SH,20250617,45.88,46.05,45.71,45.98,45.78,0.2,0.4369,474209.01,2177741.322,0.2299,0.9,7.8145,1.0881,3.436,2521984.5601,2062894.4429,1058737.0295,115960850.0734,94851886.4845
600036.SH,20250618,45.92,46.07,45.65,45.85,45.98,-0.13,-0.2827,426428.59,1957406.403,0.2067,0.82,7.7925,1.085,3.4263,2521984.5601,2062894.4429,1058737.0295,115632992.0806,94583710.207
600036.SH,20250619,45.84,46.06,45.37,45.63,45.85,-0.22,-0.4798,513454.3,2342843.184,0.2489,1.15,7.7551,1.0798,3.4098,2521984.5601,2062894.4429,1058737.0295,115078155.4774,94129873.4295
600036.SH,20250620,45.73,46.18,45.55,45.99,45.63,0.36,0.789,448156.52,2059058.897,0.2172,0.97,7.8162,1.0883,3.4367,2521984.5601,2062894.4429,1058737.0295,115986069.919,94872515.429
600036.SH,20250623,45.9,46.34,45.43,46.25,45.99,0.26,0.5653,538931.48,2475802.504,0.2613,1.18,7.8604,1.0944,3.4562,2521984.5601,2062894.4429,1058737.0295,116641785.9046,95408867.9841
600036.SH,20250624,46.31,47.0,46.18,46.75,46.25,0.5,1.0811,655814.61,3058493.531,0.3179,1.37,7.9454,1.1063,3.4935,2521984.5601,2062894.4429,1058737.0295,117902778.1847,96440315.2056
600036.SH,20250625,46.75,47.5,46.59,47.5,46.75,0.75,1.6043,607679.87,2862914.073,0.2946,1.18,8.0729,1.124,3.5496,2521984.5601,2062894.4429,1058737.0295,119794266.6048,97987486.0378
600036.SH,20250626,47.49,47.88,47.05,47.88,47.5,0.38,0.8,590200.64,2807185.76,0.2861,1.07,8.1375,1.133,3.578,2521984.5601,2062894.4429,1058737.0295,120752620.7376,98771385.9261
600036.SH,20250627,47.85,47.87,46.04,46.22,47.88,-1.66,-3.467,954143.2,4461309.935,0.4625,1.68,7.8553,1.0937,3.4539,2521984.5601,2062894.4429,1058737.0295,116566126.3678,95346981.1508
600036.SH,20250630,46.13,46.29,45.77,45.95,46.22,-0.27,-0.5842,624613.63,2870068.037,0.3028,0.93,7.8094,1.0873,3.4338,2521984.5601,2062894.4429,1058737.0295,115885190.5366,94789999.6513
600036.SH,20250701,45.96,46.67,45.92,46.45,45.95,0.5,1.0881,450613.09,2089060.872,0.2184,0.66,7.8944,1.0992,3.4711,2521984.5601,2062894.4429,1058737.0295,117146182.8166,95821446.8727
600036.SH,20250702,46.7,47.16,46.45,46.9,46.45,0.45,0.9688,518563.18,2429269.829,0.2514,0.8,7.9709,1.1098,3.5047,2521984.5601,2062894.4429,1058737.0295,118281075.8687,96749749.372
600036.SH,20250703,46.9,46.95,46.34,46.61,46.9,-0.29,-0.6183,556225.76,2595710.465,0.2696,0.89,7.9216,1.103,3.4831,2521984.5601,2062894.4429,1058737.0295,117549700.3463,96151509.9836
600036.SH,20250704,46.6,47.5,46.4,47.07,46.61,0.46,0.9869,678948.32,3190053.518,0.3291,1.09,7.9998,1.1139,3.5175,2521984.5601,2062894.4429,1058737.0295,118709813.2439,97100441.4273
600036.SH,20250707,47.07,47.3,46.7,47.2,47.07,0.13,0.2762,567427.42,2672021.321,0.2751,1.0,8.0219,1.1169,3.5272,2521984.5601,2062894.4429,1058737.0295,119037671.2367,97368617.7049
600036.SH,20250708,47.28,47.67,47.1,47.62,47.2,0.42,0.8898,637421.01,3025850.416,0.309,1.15,8.0933,1.1269,3.5586,2521984.5601,2062894.4429,1058737.0295,120096904.752,98235033.3709
600036.SH,20250709,47.5,47.77,47.13,47.13,47.62,-0.49,-1.029,614566.35,2912999.773,0.2979,1.04,8.01,1.1153,3.5219,2521984.5601,2062894.4429,1058737.0295,118861132.3175,97224215.0939
600036.SH,20250710,47.1,48.55,47.1,48.24,47.13,1.11,2.3552,1219784.04,5860161.557,0.5913,2.0,8.1986,1.1415,3.6049,2521984.5601,2062894.4429,1058737.0295,121660535.1792,99514027.9255
600036.SH,20250711,46.28,46.5,45.62,45.64,46.24,-0.6,-1.2976,1184442.84,5446393.735,0.5742,1.59,7.7568,1.1337,3.4106,2521984.5601,2062894.4429,1058737.0295,115103375.323,94150502.374
600036.SH,20250714,45.65,46.09,45.44,45.57,45.64,-0.07,-0.1534,648484.37,2969040.141,0.3144,0.77,7.7449,1.1319,3.4054,2521984.5601,2062894.4429,1058737.0295,114926836.4038,94006099.763
600036.SH,20250715,45.77,45.92,44.8,45.22,45.57,-0.35,-0.768,666206.26,3018332.344,0.3229,0.77,7.6854,1.1232,3.3792,2521984.5601,2062894.4429,1058737.0295,114044141.8077,93284086.7079
600036.SH,20250716,45.26,45.54,44.88,45.11,45.22,-0.11,-0.2433,468186.39,2112241.748,0.227,0.54,7.6667,1.1205,3.371,2521984.5601,2062894.4429,1058737.0295,113766723.5061,93057168.3192
600036.SH,20250717,45.1,45.33,44.91,45.0,45.11,-0.11,-0.2438,416895.06,1877218.807,0.2021,0.5,7.648,1.1178,3.3628,2521984.5601,2062894.4429,1058737.0295,113489305.2045,92830249.9305
600036.SH,20250718,45.05,45.16,44.74,45.05,45.0,0.05,0.1111,543430.57,2445283.609,0.2634,0.8,7.6565,1.119,3.3665,2521984.5601,2062894.4429,1058737.0295,113615404.4325,92933394.6526
600036.SH,20250721,45.05,45.23,44.83,44.85,45.05,-0.2,-0.444,566412.01,2546034.189,0.2746,1.03,7.6225,1.114,3.3516,2521984.5601,2062894.4429,1058737.0295,113111007.5205,92520815.7641
600036.SH,20250722,44.85,44.98,44.21,44.94,44.85,0.09,0.2007,922319.06,4111116.85,0.4471,1.73,7.6378,1.1163,3.3583,2521984.5601,2062894.4429,1058737.0295,113337986.1309,92706476.2639
600036.SH,20250723,44.97,45.7,44.96,45.12,44.94,0.18,0.4005,853249.05,3864679.805,0.4136,1.46,7.6684,1.1207,3.3717,2521984.5601,2062894.4429,1058737.0295,113791943.3517,93077797.2636
600036.SH,20250724,45.21,45.36,44.8,44.88,45.12,-0.24,-0.5319,826620.13,3724435.789,0.4007,1.25,7.6276,1.1148,3.3538,2521984.5601,2062894.4429,1058737.0295,113186667.0573,92582702.5974
600036.SH,20250725,44.84,45.17,44.75,44.83,44.88,-0.05,-0.1114,696264.23,3129427.563,0.3375,0.94,7.6191,1.1135,3.3501,2521984.5601,2062894.4429,1058737.0295,113060567.8293,92479557.8752
600036.SH,20250728,44.8,45.16,44.41,44.44,44.83,-0.39,-0.87,635127.2,2838575.467,0.3079,0.82,7.5528,1.1039,3.3209,2521984.5601,2062894.4429,1058737.0295,112076993.8508,91675029.0425
600036.SH,20250729,44.44,44.8,44.14,44.14,44.44,-0.3,-0.6751,785812.82,3487013.44,0.3809,1.0,7.5018,1.0964,3.2985,2521984.5601,2062894.4429,1058737.0295,111320398.4828,91056160.7096
600036.SH,20250730,44.17,44.75,43.93,44.42,44.14,0.28,0.6343,725460.85,3222441.776,0.3517,0.96,7.5494,1.1034,3.3194,2521984.5601,2062894.4429,1058737.0295,112026554.1596,91633771.1536
600036.SH,20250731,44.4,44.56,43.85,44.48,44.42,0.06,0.1351,733195.17,3247588.211,0.3554,1.0,7.5596,1.1049,3.3239,2521984.5601,2062894.4429,1058737.0295,112177873.2332,91757544.8202
600036.SH,20250801,44.5,44.97,44.35,44.42,44.48,-0.06,-0.1349,594620.94,2651723.323,0.2882,0.83,7.5494,1.1034,3.3194,2521984.5601,2062894.4429,1058737.0295,112026554.1596,91633771.1536
600036.SH,20250804,44.31,44.97,44.31,44.9,44.42,0.48,1.0806,498008.32,2231447.773,0.2414,0.72,7.631,1.1153,3.3553,2521984.5601,2062894.4429,1058737.0295,113237106.7485,92623960.4862
600036.SH,20250805,44.78,45.4,44.64,45.25,44.9,0.35,0.7795,555258.3,2502003.95,0.2692,0.83,7.6905,1.124,3.3814,2521984.5601,2062894.4429,1058737.0295,114119801.3445,93345973.5412
600036.SH,20250806,45.29,45.73,45.11,45.12,45.25,-0.13,-0.2873,430296.4,1951697.829,0.2086,0.69,7.6684,1.1207,3.3717,2521984.5601,2062894.4429,1058737.0295,113791943.3517,93077797.2636
600036.SH,20250807,45.12,45.6,44.96,45.15,45.12,0.03,0.0665,440643.25,1995029.89,0.2136,0.78,7.6735,1.1215,3.374,2521984.5601,2062894.4429,1058737.0295,113867602.8885,93139684.0969
600036.SH,20250808,45.2,45.28,44.53,44.53,45.15,-0.62,-1.3732,456421.53,2044145.472,0.2213,0.91,7.5681,1.1061,3.3276,2521984.5601,2062894.4429,1058737.0295,112303972.4613,91860689.5423
600036.SH,20250811,44.53,44.63,44.1,44.1,44.53,-0.43,-0.9656,536723.71,2375089.438,0.2602,1.13,7.495,1.0954,3.2955,2521984.5601,2062894.4429,1058737.0295,111219519.1004,90973644.9319
600036.SH,20250812,44.13,44.48,44.0,44.0,44.1,-0.1,-0.2268,562252.43,2482688.843,0.2726,1.16,7.478,1.0929,3.288,2521984.5601,2062894.4429,1058737.0295,110967320.6444,90767355.4876
600036.SH,20250813,44.14,44.25,43.49,43.54,44.0,-0.46,-1.0455,876737.36,3837405.883,0.425,1.81,7.3999,1.0815,3.2537,2521984.5601,2062894.4429,1058737.0295,109807207.7468,89818424.0439
600036.SH,20250814,43.55,43.94,43.5,43.78,43.54,0.24,0.5512,676351.68,2959763.586,0.3279,1.18,7.4406,1.0875,3.2716,2521984.5601,2062894.4429,1058737.0295,110412484.0412,90313518.7102
600036.SH,20250815,43.66,43.74,43.3,43.3,43.78,-0.48,-1.0964,932956.84,4051326.297,0.4523,1.5,7.3591,1.0755,3.2357,2521984.5601,2062894.4429,1058737.0295,109201931.4523,89323329.3776
600036.SH,20250818,43.1,43.67,42.89,43.51,43.3,0.21,0.485,926397.38,4005818.986,0.4491,1.29,7.3948,1.0808,3.2514,2521984.5601,2062894.4429,1058737.0295,109731548.21,89756537.2106
600036.SH,20250819,43.45,43.7,43.29,43.4,43.51,-0.11,-0.2528,574118.52,2493609.522,0.2783,0.72,7.3761,1.078,3.2432,2521984.5601,2062894.4429,1058737.0295,109454129.9083,89529618.8219
600036.SH,20250820,43.3,43.63,43.15,43.45,43.4,0.05,0.1152,547240.13,2374776.328,0.2653,0.69,7.3846,1.0793,3.2469,2521984.5601,2062894.4429,1058737.0295,109580229.1363,89632763.544
600036.SH,20250821,43.5,43.59,43.23,43.47,43.45,0.02,0.046,578540.02,2512170.016,0.2805,0.79,7.388,1.0798,3.2484,2521984.5601,2062894.4429,1058737.0295,109630668.8275,89674021.4329
600036.SH,20250822,43.47,43.48,43.04,43.26,43.47,-0.21,-0.4831,794496.25,3432029.283,0.3851,1.12,7.3523,1.0745,3.2327,2521984.5601,2062894.4429,1058737.0295,109101052.0699,89240813.5999
600036.SH,20250825,43.32,43.87,43.11,43.87,43.26,0.61,1.4101,907389.9,3956212.555,0.4399,1.33,7.4559,1.0897,3.2783,2521984.5601,2062894.4429,1058737.0295,110639462.6516,90499179.21
600036.SH,20250826,43.89,44.02,43.42,43.52,43.87,-0.35,-0.7978,755722.31,3296532.147,0.3663,1.11,7.3965,1.081,3.2522,2521984.5601,2062894.4429,1058737.0295,109756768.0556,89777166.155
600036.SH,20250827,43.5,43.66,43.0,43.0,43.52,-0.52,-1.1949,758140.78,3280973.424,0.3675,1.06,7.3081,1.0681,3.2133,2521984.5601,2062894.4429,1058737.0295,108445336.0843,88704461.0447
600036.SH,20250828,43.02,43.3,42.6,42.98,43.0,-0.02,-0.0465,822425.57,3530397.264,0.3987,1.08,7.3047,1.0676,3.2118,2521984.5601,2062894.4429,1058737.0295,108394896.3931,88663203.1558
600036.SH,20250829,42.98,43.99,42.89,42.89,42.98,-0.09,-0.2094,1360878.99,5896873.9,0.6597,1.69,7.2894,1.0654,3.2051,2521984.5601,2062894.4429,1058737.0295,108167917.7827,88477542.656
600036.SH,20250901,42.62,42.64,41.88,41.98,42.89,-0.91,-2.1217,1276333.29,5381676.513,0.6187,1.39,7.1347,1.0428,3.1371,2521984.5601,2062894.4429,1222783.368,105872911.833,86600308.7129
600036.SH,20250902,41.86,43.5,41.86,43.44,41.98,1.46,3.4778,1452141.14,6232062.12,0.7039,1.46,7.3829,1.0833,3.2462,2521984.5601,2062894.4429,1222783.368,109555009.2907,89612134.5996
600036.SH,20250903,43.44,43.57,42.7,42.9,43.44,-0.54,-1.2431,818405.6,3528703.354,0.3967,0.72,7.2911,1.0698,3.2058,2521984.5601,2062894.4429,1222783.368,108193137.6283,88498171.6004
600036.SH,20250904,42.81,43.32,42.14,43.05,42.9,0.15,0.3497,935363.28,3997574.925,0.4534,0.82,7.3166,1.0735,3.217,2521984.5601,2062894.4429,1222783.368,108571435.3123,88807605.7668
600036.SH,20250905,43.0,43.02,42.53,42.76,43.05,-0.29,-0.6736,572328.38,2449941.047,0.2774,0.49,7.2673,1.0663,3.1954,2521984.5601,2062894.4429,1222783.368,107840059.7899,88209366.3784
600036.SH,20250908,42.7,43.1,42.37,42.43,42.76,-0.33,-0.7717,851681.62,3635065.671,0.4129,0.84,7.2112,1.0581,3.1707,2521984.5601,2062894.4429,1222783.368,107007804.885,87528611.2122
600036.SH,20250909,42.42,42.88,42.4,42.83,42.43,0.4,0.9427,589526.53,2515896.773,0.2858,0.64,7.2792,1.068,3.2006,2521984.5601,2062894.4429,1222783.368,108016598.7091,88353768.9894
600036.SH,20250910,42.8,43.15,42.56,43.0,42.83,0.17,0.3969,471386.94,2022413.171,0.2285,0.63,7.3081,1.0723,3.2133,2521984.5601,2062894.4429,1222783.368,108445336.0843,88704461.0447
600036.SH,20250911,43.13,43.33,42.78,43.3,43.0,0.3,0.6977,650730.72,2804175.734,0.3154,0.95,7.3591,1.0798,3.2357,2521984.5601,2062894.4429,1222783.368,109201931.4523,89323329.3776
600036.SH,20250912,43.38,43.47,42.42,42.54,43.3,-0.76,-1.7552,823140.03,3521647.843,0.399,1.31,7.2299,1.0608,3.1789,2521984.5601,2062894.4429,1222783.368,107285223.1867,87755529.601
600036.SH,20250915,42.48,42.79,42.11,42.22,42.54,-0.32,-0.7522,699491.06,2964121.228,0.3391,1.03,7.1755,1.0528,3.155,2521984.5601,2062894.4429,1222783.368,106478188.1274,87095403.3792
600036.SH,20250916,42.32,42.43,41.66,41.75,42.22,-0.47,-1.1132,859050.78,3600259.578,0.4164,1.33,7.0956,1.0411,3.1199,2521984.5601,2062894.4429,1222783.368,105292855.3842,86125842.9911
600036.SH,20250917,41.76,42.19,41.7,41.76,41.75,0.01,0.024,572362.58,2392440.771,0.2775,0.82,7.0973,1.0414,3.1206,2521984.5601,2062894.4429,1222783.368,105318075.2298,86146471.9355
600036.SH,20250918,41.78,41.84,40.8,40.83,41.76,-0.93,-2.227,1003522.4,4131887.418,0.4865,1.39,6.9393,1.0182,3.0511,2521984.5601,2062894.4429,1222783.368,102972629.5889,84227980.1036
600036.SH,20250919,40.8,41.53,40.55,41.0,40.83,0.17,0.4164,836563.07,3440376.826,0.4055,1.06,6.9682,1.0224,3.0639,2521984.5601,2062894.4429,1222783.368,103401366.9641,84578672.1589
600036.SH,20250922,41.15,41.37,40.8,40.92,41.0,-0.08,-0.1951,656110.3,2688228.051,0.3181,0.83,6.9546,1.0204,3.0579,2521984.5601,2062894.4429,1222783.368,103199608.1993,84413640.6035
600036.SH,20250923,40.98,41.75,40.63,41.55,40.92,0.63,1.5396,938850.81,3891395.841,0.4551,1.2,7.0616,1.0361,3.105,2521984.5601,2062894.4429,1222783.368,104788458.4722,85713264.1025
600036.SH,20250924,41.5,41.89,41.29,41.32,41.55,-0.23,-0.5535,643899.51,2672303.416,0.3121,0.8,7.0226,1.0304,3.0878,2521984.5601,2062894.4429,1222783.368,104208402.0233,85238798.3806
600036.SH,20250925,41.32,41.36,40.81,40.82,41.32,-0.5,-1.2101,666948.87,2730478.547,0.3233,0.82,6.9376,1.0179,3.0504,2521984.5601,2062894.4429,1222783.368,102947409.7433,84207351.1592
600036.SH,20250926,40.81,41.0,40.3,40.8,40.82,-0.02,-0.049,682766.67,2773964.882,0.331,0.91,6.9342,1.0174,3.0489,2521984.5601,2062894.4429,1222783.368,102896970.0521,84166093.2703
600036.SH,20250929,40.77,41.29,40.36,40.68,40.8,-0.12,-0.2941,835550.55,3407163.055,0.405,1.16,6.9138,1.0144,3.0399,2521984.5601,2062894.4429,1222783.368,102594331.9049,83918545.9372
600036.SH,20250930,40.65,40.79,40.41,40.41,40.68,-0.27,-0.6637,700025.2,2836889.513,0.3393,0.93,6.8679,1.0077,3.0198,2521984.5601,2062894.4429,1222783.368,101913396.0736,83361564.4376
600036.SH,20251009,40.21,40.44,39.82,40.33,40.41,-0.08,-0.198,972319.53,3900217.891,0.4713,1.38,6.8543,1.0057,3.0138,2521984.5601,2062894.4429,1222783.368,101711637.3088,83196532.8822
600036.SH,20251010,40.3,40.65,40.13,40.18,40.33,-0.15,-0.3719,955049.79,3852817.637,0.463,1.24,6.8288,1.002,3.0026,2521984.5601,2062894.4429,1222783.368,101333339.6248,82887098.7157
600036.SH,20251013,39.76,40.3,39.7,40.11,40.18,-0.07,-0.1742,1065936.17,4266014.498,0.5167,1.29,6.8169,1.0002,2.9973,2521984.5601,2062894.4429,1222783.368,101156800.7056,82742696.1047
600036.SH,20251014,40.09,41.49,39.83,41.26,40.11,1.15,2.8671,1733826.68,7102543.598,0.8405,1.91,7.0124,1.0289,3.0833,2521984.5601,2062894.4429,1222783.368,104057082.9497,85115024.7141
600036.SH,20251015,41.25,41.57,41.01,41.5,41.26,0.24,0.5817,1062767.02,4392820.738,0.5152,0.98,7.0531,1.0349,3.1012,2521984.5601,2062894.4429,1222783.368,104662359.2442,85610119.3804
600036.SH,20251016,41.5,41.99,41.13,41.93,41.5,0.43,1.0361,1062487.76,4427156.848,0.515,0.92,7.1262,1.0456,3.1334,2521984.5601,2062894.4429,1222783.368,105746812.605,86497163.9908
600036.SH,20251017,41.88,42.22,41.38,41.59,41.93,-0.34,-0.8109,829827.05,3470670.301,0.4023,0.71,7.0684,1.0371,3.1079,2521984.5601,2062894.4429,1222783.368,104889337.8546,85795779.8802
600036.SH,20251020,41.61,41.79,41.1,41.42,41.59,-0.17,-0.4088,649477.29,2694843.445,0.3148,0.56,7.0396,1.0329,3.0952,2521984.5601,2062894.4429,1222783.368,104460600.4793,85445087.8249
600036.SH,20251021,41.49,42.1,41.49,41.98,41.42,0.56,1.352,759931.24,3184239.228,0.3684,0.71,7.1347,1.0469,3.1371,2521984.5601,2062894.4429,1222783.368,105872911.833,86600308.7129
600036.SH,20251022,41.98,42.2,41.73,41.95,41.98,-0.03,-0.0715,551333.64,2311324.892,0.2673,0.63,7.1296,1.0461,3.1348,2521984.5601,2062894.4429,1222783.368,105797252.2962,86538421.8797
600036.SH,20251023,41.95,42.49,41.78,42.24,41.95,0.29,0.6913,713173.73,3004975.799,0.3457,0.93,7.1789,1.0533,3.1565,2521984.5601,2062894.4429,1222783.368,106528627.8186,87136661.2681
600036.SH,20251024,42.35,42.45,41.85,41.95,42.24,-0.29,-0.6866,698831.94,2938870.335,0.3388,1.0,7.1296,1.0461,3.1348,2521984.5601,2062894.4429,1222783.368,105797252.2962,86538421.8797
600036.SH,20251027,41.9,41.97,41.42,41.59,41.95,-0.36,-0.8582,988948.62,4120096.208,0.4794,1.47,7.0684,1.0371,3.1079,2521984.5601,2062894.4429,1222783.368,104889337.8546,85795779.8802
600036.SH,20251028,41.62,41.72,41.23,41.6,41.59,0.01,0.024,705950.74,2928533.807,0.3422,0.95,7.0701,1.0374,3.1087,2521984.5601,2062894.4429,1222783.368,104914557.7002,85816408.8246
600036.SH,20251029,41.53,41.53,40.69,40.77,41.6,-0.83,-1.9952,910987.6,3735043.026,0.4416,1.25,6.9291,1.0167,3.0467,2521984.5601,2062894.4429,1222783.368,102821310.5153,84104206.437
600036.SH,20251030,40.8,41.36,40.73,41.2,40.77,0.43,1.0547,1131538.44,4648170.384,0.5485,1.41,7.0022,0.9534,3.0788,2521984.5601,2062894.4429,1171836.1832,103905763.8761,84991251.0475
600036.SH,20251031,41.26,41.3,40.84,40.89,41.2,-0.31,-0.7524,702607.0,2881797.758,0.3406,0.79,6.9495,0.9462,3.0556,2521984.5601,2062894.4429,1171836.1832,103123948.6625,84351753.7702
600036.SH,20251103,41.14,41.97,41.06,41.79,40.89,0.9,2.201,921980.68,3837027.068,0.4469,1.04,7.1024,0.9671,3.1229,2521984.5601,2062894.4429,1171836.1832,105393734.7666,86208358.7688
600036.SH,20251104,41.84,43.11,41.81,43.01,41.79,1.22,2.9194,1340035.92,5731414.416,0.6496,1.53,7.3098,0.9953,3.2141,2521984.5601,2062894.4429,1171836.1832,108470555.9299,88725089.9891
600036.SH,20251105,43.1,43.47,42.75,42.8,43.01,-0.21,-0.4883,731713.77,3142006.312,0.3547,0.73,7.2741,0.9904,3.1984,2521984.5601,2062894.4429,1171836.1832,107940939.1723,88291882.1561
600036.SH,20251106,42.65,42.89,42.31,42.34,42.8,-0.46,-1.0748,871972.74,3704094.152,0.4227,0.9,7.1959,0.9798,3.164,2521984.5601,2062894.4429,1171836.1832,106780826.2746,87342950.7124
600036.SH,20251107,42.4,42.72,42.28,42.51,42.34,0.17,0.4015,593191.18,2521251.002,0.2876,0.65,7.2248,0.9837,3.1767,2521984.5601,2062894.4429,1171836.1832,107209563.6499,87693642.7677
600036.SH,20251110,42.45,42.88,42.28,42.72,42.51,0.21,0.494,532368.73,2272065.471,0.2581,0.6,7.2605,0.9886,3.1924,2521984.5601,2062894.4429,1171836.1832,107739180.4075,88126850.6007
600036.SH,20251111,42.69,43.04,42.52,42.96,42.72,0.24,0.5618,544670.66,2335614.86,0.264,0.67,7.3013,0.9941,3.2103,2521984.5601,2062894.4429,1171836.1832,108344456.7019,88621945.267
600036.SH,20251112,43.12,43.36,42.93,42.93,42.96,-0.03,-0.0698,587928.78,2538488.042,0.285,0.9,7.2962,0.9934,3.2081,2521984.5601,2062894.4429,1171836.1832,108268797.1651,88560058.4337
600036.SH,20251113,42.97,43.3,42.74,43.21,42.93,0.28,0.6522,587980.06,2531083.386,0.285,0.94,7.3438,0.9999,3.229,2521984.5601,2062894.4429,1171836.1832,108974952.8419,89137668.8777
600036.SH,20251114,43.24,43.59,43.18,43.25,43.21,0.04,0.0926,518209.55,2251121.743,0.2512,0.91,7.3506,1.0009,3.232,2521984.5601,2062894.4429,1171836.1832,109075832.2243,89220184.6554
600036.SH,20251117,43.1,43.2,42.5,42.65,43.25,-0.6,-1.3873,610674.46,2605355.053,0.296,1.1,7.2486,0.987,3.1872,2521984.5601,2062894.4429,1171836.1832,107562641.4883,87982447.9897
600036.SH,20251118,42.56,42.91,42.44,42.88,42.65,0.23,0.5393,517439.27,2210394.705,0.2508,0.91,7.2877,0.9923,3.2043,2521984.5601,2062894.4429,1171836.1832,108142697.9371,88456913.7116
600036.SH,20251119,42.88,43.5,42.8,43.22,42.88,0.34,0.7929,511696.39,2211527.918,0.248,0.91,7.3455,1.0002,3.2297,2521984.5601,2062894.4429,1171836.1832,109000172.6875,89158297.8221
600036.SH,20251120,43.22,43.79,43.05,43.23,43.22,0.01,0.0231,585851.52,2545450.519,0.284,1.07,7.3472,1.0004,3.2305,2521984.5601,2062894.4429,1171836.1832,109025392.5331,89178926.7666
600036.SH,20251121,43.24,43.55,42.76,43.0,43.23,-0.23,-0.532,791264.05,3414438.913,0.3836,1.44,7.3081,0.9951,3.2133,2521984.5601,2062894.4429,1171836.1832,108445336.0843,88704461.0447
600036.SH,20251124,43.1,43.21,42.51,42.63,43.0,-0.37,-0.8605,678548.82,2903502.508,0.3289,1.12,7.2452,0.9865,3.1857,2521984.5601,2062894.4429,1171836.1832,107512201.7971,87941190.1008
600036.SH,20251125,42.66,43.3,42.44,43.25,42.63,0.62,1.4544,666409.49,2860710.968,0.323,1.08,7.3506,1.0009,3.232,2521984.5601,2062894.4429,1171836.1832,109075832.2243,89220184.6554
600036.SH,20251126,43.34,43.63,42.97,43.25,43.25,0.0,0.0,451072.06,1950643.252,0.2187,0.7,7.3506,1.0009,3.232,2521984.5601,2062894.4429,1171836.1832,109075832.2243,89220184.6554
600036.SH,20251127,43.18,43.39,42.6,43.19,43.25,-0.06,-0.1387,621434.34,2671439.102,0.3012,0.98,7.3404,0.9995,3.2275,2521984.5601,2062894.4429,1171836.1832,108924513.1507,89096410.9889
600036.SH,20251128,43.1,43.12,42.82,42.95,43.19,-0.24,-0.5557,494657.89,2126261.782,0.2398,0.77,7.2996,0.9939,3.2096,2521984.5601,2062894.4429,1171836.1832,108319236.8563,88601316.3226
600036.SH,20251201,43.08,43.47,42.93,43.44,42.95,0.49,1.1409,567919.42,2454940.643,0.2753,0.98,7.3829,1.0053,3.2462,2521984.5601,2062894.4429,1171836.1832,109555009.2907,89612134.5996
600036.SH,20251202,43.44,43.65,43.22,43.38,43.44,-0.06,-0.1381,406734.97,1765681.348,0.1972,0.73,7.3727,1.0039,3.2417,2521984.5601,2062894.4429,1171836.1832,109403690.2171,89488360.933
600036.SH,20251203,43.27,43.58,43.0,43.01,43.38,-0.37,-0.8529,468959.72,2029264.531,0.2273,0.92,7.3098,0.9953,3.2141,2521984.5601,2062894.4429,1171836.1832,108470555.9299,88725089.9891
600036.SH,20251204,43.05,43.42,43.01,43.22,43.01,0.21,0.4883,361207.46,1560898.874,0.1751,0.71,7.3455,1.0002,3.2297,2521984.5601,2062894.4429,1171836.1832,109000172.6875,89158297.8221
600036.SH,20251205,43.25,43.55,42.91,43.45,43.22,0.23,0.5322,548906.22,2372985.275,0.2661,1.19,7.3846,1.0055,3.2469,2521984.5601,2062894.4429,1171836.1832,109580229.1363,89632763.544
600036.SH,20251208,43.44,43.64,43.07,43.18,43.45,-0.27,-0.6214,580038.81,2512101.223,0.2812,1.23,7.3387,0.9992,3.2268,2521984.5601,2062894.4429,1171836.1832,108899293.3051,89075782.0444
600036.SH,20251209,43.18,43.3,42.83,43.04,43.18,-0.14,-0.3242,465938.7,2007147.248,0.2259,0.98,7.3149,0.996,3.2163,2521984.5601,2062894.4429,1171836.1832,108546215.4667,88786976.8224
600036.SH,20251210,43.08,43.08,41.55,41.7,43.04,-1.34,-3.1134,1083156.86,4546989.729,0.5251,2.23,7.0871,0.965,3.1162,2521984.5601,2062894.4429,1171836.1832,105166756.1562,86022698.2689
600036.SH,20251211,41.86,42.05,41.41,41.68,41.7,-0.02,-0.048,846231.07,3525927.169,0.4102,1.39,7.0837,0.9645,3.1147,2521984.5601,2062894.4429,1171836.1832,105116316.465,85981440.3801
600036.SH,20251212,41.75,41.83,41.48,41.74,41.68,0.06,0.144,717625.47,2991877.687,0.3479,1.02,7.0939,0.9659,3.1192,2521984.5601,2062894.4429,1171836.1832,105267635.5386,86105214.0466
600036.SH,20251215,41.74,42.28,41.63,41.8,41.74,0.06,0.1437,562665.57,2361986.962,0.2728,0.76,7.1041,0.9673,3.1236,2521984.5601,2062894.4429,1171836.1832,105418954.6122,86228987.7132
600036.SH,20251216,41.78,42.13,41.43,41.7,41.8,-0.1,-0.2392,566176.35,2359934.98,0.2745,0.77,7.0871,0.965,3.1162,2521984.5601,2062894.4429,1171836.1832,105166756.1562,86022698.2689
600036.SH,20251217,41.6,41.85,41.23,41.52,41.7,-0.18,-0.4317,631267.44,2619154.132,0.306,0.84,7.0565,0.9608,3.1027,2521984.5601,2062894.4429,1171836.1832,104712798.9354,85651377.2692
600036.SH,20251218,41.54,42.42,41.4,42.37,41.52,0.85,2.0472,768119.31,3224732.02,0.3724,1.16,7.201,0.9805,3.1662,2521984.5601,2062894.4429,1171836.1832,106856485.8114,87404837.5457
600036.SH,20251219,42.37,42.48,41.91,41.99,42.37,-0.38,-0.8969,573823.41,2421818.093,0.2782,0.88,7.1364,0.9717,3.1378,2521984.5601,2062894.4429,1171836.1832,105898131.6786,86620937.6574
600036.SH,20251222,42.08,42.13,41.71,41.77,41.99,-0.22,-0.5239,524739.89,2197149.656,0.2544,0.85,7.099,0.9666,3.1214,2521984.5601,2062894.4429,1171836.1832,105343295.0754,86167100.8799
600036.SH,20251223,41.74,42.04,41.66,41.91,41.77,0.14,0.3352,606510.14,2539576.613,0.294,0.99,7.1228,0.9698,3.1319,2521984.5601,2062894.4429,1171836.1832,105696372.9138,86455906.1019
600036.SH,20251224,41.93,41.99,41.55,41.83,41.91,-0.08,-0.1909,536305.2,2241620.145,0.26,0.86,7.1092,0.968,3.1259,2521984.5601,2062894.4429,1171836.1832,105494614.149,86290874.5465
600036.SH,20251225,41.93,42.08,41.7,41.78,41.83,-0.05,-0.1195,499213.51,2090265.137,0.242,0.83,7.1007,0.9668,3.1221,2521984.5601,2062894.4429,1171836.1832,105368514.921,86187729.8244
600036.SH,20251226,41.79,41.88,41.62,41.7,41.78,-0.08,-0.1915,508809.59,2123779.708,0.2466,0.93,7.0871,0.965,3.1162,2521984.5601,2062894.4429,1171836.1832,105166756.1562,86022698.2689
600036.SH,20251229,41.66,41.93,41.42,41.87,41.7,0.17,0.4077,682551.05,2848984.782,0.3309,1.28,7.116,0.9689,3.1289,2521984.5601,2062894.4429,1171836.1832,105595493.5314,86373390.3242
600036.SH,20251230,41.9,42.48,41.78,42.28,41.87,0.41,0.9792,834782.93,3522122.452,0.4047,1.47,7.1857,0.9784,3.1595,2521984.5601,2062894.4429,1171836.1832,106629507.201,87219177.0458
600036.SH,20251231,42.24,42.33,41.92,42.1,42.28,-0.18,-0.4257,554142.39,2335536.695,0.2686,0.9,7.1551,0.9742,3.1461,2521984.5601,2062894.4429,1171836.1832,106175549.9802,86847856.0461
