ts_code,trade_date,open,high,low,close,pre_close,change,pct_chg,vol,amount,turnover_rate,volume_ratio,pe,pb,ps,total_share,float_share,free_share,total_mv,circ_mv
601166.SH,20180601,15.9,15.95,15.84,15.86,15.93,-0.07,-0.44,355732.37,564926.631,0.1867,0.72,5.7601,0.8035,2.3538,2077419.0751,1905233.6751,1452562.6945,32947866.5311,30217006.0871
601166.SH,20180604,15.93,16.05,15.88,16.01,15.86,0.15,0.95,386007.65,616773.721,0.2026,0.77,5.8146,0.8111,2.3761,2077419.0751,1905233.6751,1452562.6945,33259479.3924,30502791.1384
601166.SH,20180605,16.02,16.02,15.9,15.99,16.01,-0.02,-0.12,396036.84,631772.826,0.2079,0.79,5.8073,0.8101,2.3731,2077419.0751,1905233.6751,1452562.6945,33217931.0108,30464686.4648
601166.SH,20180606,15.99,15.99,15.9,15.91,15.99,-0.08,-0.5,360853.77,575067.424,0.1894,0.79,5.7783,0.806,2.3613,2077419.0751,1905233.6751,1452562.6945,33051737.4848,30312267.7708
601166.SH,20180607,15.96,16.09,15.93,15.98,15.91,0.07,0.44,465562.29,745724.441,0.2444,1.1,5.8037,0.8095,2.3716,2077419.0751,1905233.6751,1452562.6945,33197156.8201,30445634.1281
601166.SH,20180608,16.02,16.04,15.73,15.8,15.98,-0.18,-1.13,653508.63,1036409.569,0.343,1.66,5.7383,0.8004,2.3449,2077419.0751,1905233.6751,1452562.6945,32823221.3866,30102692.0666
601166.SH,20180611,15.78,15.91,15.7,15.9,15.8,0.1,0.63,374023.41,591594.691,0.1963,0.83,5.7746,0.8055,2.3598,2077419.0751,1905233.6751,1452562.6945,33030963.2941,30293215.4341
601166.SH,20180612,15.9,15.94,15.83,15.88,15.9,-0.02,-0.13,405619.18,644738.2,0.2129,0.9,5.7674,0.8045,2.3568,2077419.0751,1905233.6751,1452562.6945,32989414.9126,30255110.7606
601166.SH,20180613,15.88,15.99,15.86,15.91,15.88,0.03,0.19,443638.4,706863.075,0.2329,0.98,5.7783,0.806,2.3613,2077419.0751,1905233.6751,1452562.6945,33051737.4848,30312267.7708
601166.SH,20180614,15.88,15.99,15.85,15.91,15.91,0.0,0.0,465442.75,741350.257,0.2443,0.99,5.7783,0.806,2.3613,2077419.0751,1905233.6751,1452562.6945,33051737.4848,30312267.7708
601166.SH,20180615,15.36,15.46,15.28,15.42,15.26,0.16,1.05,683865.26,1051707.744,0.3589,1.46,5.6003,0.8078,2.2885,2077419.0751,1905233.6751,1452562.6945,32033802.138,29378703.27
601166.SH,20180619,15.3,15.55,15.23,15.47,15.42,0.05,0.32,1800913.78,2775345.479,0.9452,3.8,5.6185,0.8104,2.296,2077419.0751,1905233.6751,1452562.6945,32137673.0918,29473964.9538
601166.SH,20180620,15.37,15.42,15.25,15.27,15.47,-0.2,-1.29,479441.72,734336.844,0.2516,0.63,5.5458,0.7999,2.2663,2077419.0751,1905233.6751,1452562.6945,31722189.2768,29092918.2188
601166.SH,20180621,15.31,15.39,15.2,15.23,15.27,-0.04,-0.26,396295.1,605687.606,0.208,0.51,5.5313,0.7978,2.2603,2077419.0751,1905233.6751,1452562.6945,31639092.5138,29016708.8718
601166.SH,20180622,15.18,15.21,15.04,15.15,15.23,-0.08,-0.53,368055.26,556178.053,0.1932,0.48,5.5023,0.7936,2.2485,2077419.0751,1905233.6751,1452562.6945,31472898.9878,28864290.1778
601166.SH,20180625,15.21,15.26,14.82,14.85,15.15,-0.3,-1.98,496750.04,746810.982,0.2607,0.67,5.3933,0.7779,2.2039,2077419.0751,1905233.6751,1452562.6945,30849673.2652,28292720.0752
601166.SH,20180626,14.82,14.82,14.38,14.56,14.85,-0.29,-1.95,600884.42,874552.08,0.3154,0.85,5.288,0.7627,2.1609,2077419.0751,1905233.6751,1452562.6945,30247221.7335,27740202.3095
601166.SH,20180627,14.47,14.58,14.17,14.32,14.56,-0.24,-1.65,580328.13,832384.606,0.3046,1.24,5.2008,0.7502,2.1253,2077419.0751,1905233.6751,1452562.6945,29748641.1554,27282946.2274
601166.SH,20180628,14.2,14.4,14.15,14.23,14.32,-0.09,-0.63,418126.12,595774.796,0.2195,0.86,5.1681,0.7454,2.1119,2077419.0751,1905233.6751,1452562.6945,29561673.4387,27111475.1967
601166.SH,20180629,14.28,14.42,14.21,14.4,14.23,0.17,1.19,395196.94,565816.979,0.2074,0.8,5.2299,0.7543,2.1372,2077419.0751,1905233.6751,1452562.6945,29914834.6814,27435364.9214
601166.SH,20180702,14.38,14.38,13.76,13.82,14.4,-0.58,-4.03,673627.04,945480.678,0.3536,1.35,5.0192,0.724,2.0511,2077419.0751,1905233.6751,1452562.6945,28709931.6179,26330329.3899
601166.SH,20180703,13.86,13.98,13.73,13.93,13.82,0.11,0.8,634142.54,878567.927,0.3328,1.19,5.0592,0.7297,2.0674,2077419.0751,1905233.6751,1452562.6945,28938447.7161,26539905.0941
601166.SH,20180704,13.88,14.0,13.81,13.86,13.93,-0.07,-0.5,340314.06,472657.273,0.1786,0.63,5.0337,0.7261,2.057,2077419.0751,1905233.6751,1452562.6945,28793028.3809,26406538.7369
601166.SH,20180705,13.81,14.07,13.78,14.05,13.86,0.19,1.37,626753.47,873045.393,0.329,1.27,5.1028,0.736,2.0852,2077419.0751,1905233.6751,1452562.6945,29187738.0052,26768533.1352
601166.SH,20180706,13.99,14.2,13.87,14.09,14.05,0.04,0.28,359557.0,505094.719,0.1887,0.67,5.1173,0.7381,2.0911,2077419.0751,1905233.6751,1452562.6945,29270834.7682,26844742.4822
601166.SH,20180709,14.1,14.48,14.09,14.46,14.09,0.37,2.63,449194.67,644769.425,0.2358,0.85,5.2517,0.7575,2.1461,2077419.0751,1905233.6751,1452562.6945,30039479.8259,27549678.9419
601166.SH,20180710,14.47,14.47,14.26,14.37,14.46,-0.09,-0.62,260179.06,373500.468,0.1366,0.54,5.219,0.7528,2.1327,2077419.0751,1905233.6751,1452562.6945,29852512.1092,27378207.9112
601166.SH,20180711,14.1,14.2,14.02,14.1,14.37,-0.27,-1.88,330797.87,466547.971,0.1736,0.81,5.1209,0.7386,2.0926,2077419.0751,1905233.6751,1452562.6945,29291608.9589,26863794.8189
601166.SH,20180712,14.14,14.48,14.12,14.39,14.1,0.29,2.06,480720.16,691079.729,0.2523,1.19,5.2262,0.7538,2.1357,2077419.0751,1905233.6751,1452562.6945,29894060.4907,27416312.5847
601166.SH,20180713,14.43,14.43,14.34,14.37,14.39,-0.02,-0.14,247114.01,355465.565,0.1297,0.66,5.219,0.7528,2.1327,2077419.0751,1905233.6751,1452562.6945,29852512.1092,27378207.9112
601166.SH,20180716,14.37,14.4,14.12,14.23,14.37,-0.14,-0.97,318786.38,453146.838,0.1673,0.9,5.1681,0.7454,2.1119,2077419.0751,1905233.6751,1452562.6945,29561673.4387,27111475.1967
601166.SH,20180717,14.21,14.23,14.08,14.16,14.23,-0.07,-0.49,203534.36,288169.787,0.1068,0.62,5.1427,0.7418,2.1015,2077419.0751,1905233.6751,1452562.6945,29416254.1034,26978108.8394
601166.SH,20180718,14.23,14.37,14.07,14.13,14.16,-0.03,-0.21,257323.12,366136.455,0.1351,0.81,5.1318,0.7402,2.0971,2077419.0751,1905233.6751,1452562.6945,29353931.5312,26920951.8292
601166.SH,20180719,14.21,14.29,14.13,14.17,14.13,0.04,0.28,240818.01,341775.567,0.1264,0.8,5.1463,0.7423,2.103,2077419.0751,1905233.6751,1452562.6945,29437028.2942,26997161.1762
601166.SH,20180720,14.16,14.83,14.11,14.65,14.17,0.48,3.3874,831175.78,1208466.601,0.4363,3.28,5.3207,0.7674,2.1743,2077419.0751,1905233.6751,1452562.6945,30434189.4502,27911673.3402
601166.SH,20180723,14.62,15.25,14.58,15.14,14.65,0.49,3.3447,1143379.32,1709592.047,0.6001,3.09,5.4986,0.7931,2.247,2077419.0751,1905233.6751,1452562.6945,31452124.797,28845237.841
601166.SH,20180724,15.25,15.65,15.24,15.3,15.14,0.16,1.0568,1016318.75,1566715.325,0.5334,1.9,5.5567,0.8015,2.2707,2077419.0751,1905233.6751,1452562.6945,31784511.849,29150075.229
601166.SH,20180725,15.41,15.42,15.12,15.3,15.3,0.0,0.0,416464.86,635301.647,0.2186,0.6,5.5567,0.8015,2.2707,2077419.0751,1905233.6751,1452562.6945,31784511.849,29150075.229
601166.SH,20180726,15.33,15.48,15.19,15.23,15.3,-0.07,-0.4575,428281.62,655648.628,0.2248,0.59,5.5313,0.7978,2.2603,2077419.0751,1905233.6751,1452562.6945,31639092.5138,29016708.8718
601166.SH,20180727,15.22,15.29,15.08,15.18,15.23,-0.05,-0.3283,291637.92,443069.939,0.1531,0.38,5.5132,0.7952,2.2529,2077419.0751,1905233.6751,1452562.6945,31535221.56,28921447.188
601166.SH,20180730,15.16,15.58,15.16,15.45,15.18,0.27,1.7787,482620.2,742487.762,0.2533,0.73,5.6112,0.8093,2.293,2077419.0751,1905233.6751,1452562.6945,32096124.7103,29435860.2803
601166.SH,20180731,15.42,15.56,15.27,15.45,15.45,0.0,0.0,401146.08,618109.782,0.2105,0.76,5.6112,0.8093,2.293,2077419.0751,1905233.6751,1452562.6945,32096124.7103,29435860.2803
601166.SH,20180801,15.59,15.7,15.21,15.22,15.45,-0.23,-1.4887,576972.39,894498.182,0.3028,1.43,5.5277,0.7973,2.2589,2077419.0751,1905233.6751,1452562.6945,31618318.323,28997656.535
601166.SH,20180802,15.18,15.33,14.76,14.91,15.22,-0.31,-2.0368,547111.58,820109.13,0.2872,1.25,5.4151,0.7811,2.2128,2077419.0751,1905233.6751,1452562.6945,30974318.4097,28407034.0957
601166.SH,20180803,14.91,15.14,14.9,14.95,14.91,0.04,0.2683,342747.93,515424.703,0.1799,0.75,5.4296,0.7832,2.2188,2077419.0751,1905233.6751,1452562.6945,31057415.1727,28483243.4427
601166.SH,20180806,15.02,15.32,14.94,15.01,14.95,0.06,0.4013,458532.01,693536.564,0.2407,0.98,5.4514,0.7863,2.2277,2077419.0751,1905233.6751,1452562.6945,31182060.3173,28597557.4633
601166.SH,20180807,15.13,15.33,15.01,15.32,15.01,0.31,2.0653,432994.56,658506.674,0.2273,0.93,5.564,0.8025,2.2737,2077419.0751,1905233.6751,1452562.6945,31826060.2305,29188179.9025
601166.SH,20180808,15.32,15.37,15.08,15.12,15.32,-0.2,-1.3055,321069.45,489238.319,0.1685,0.68,5.4914,0.7921,2.244,2077419.0751,1905233.6751,1452562.6945,31410576.4155,28807133.1675
601166.SH,20180809,15.07,15.48,15.04,15.43,15.12,0.31,2.0503,502705.81,773104.521,0.2639,1.2,5.6039,0.8083,2.29,2077419.0751,1905233.6751,1452562.6945,32054576.3288,29397755.6068
601166.SH,20180810,15.43,15.52,15.29,15.4,15.43,-0.03,-0.1944,274248.21,422365.547,0.1439,0.67,5.5931,0.8067,2.2856,2077419.0751,1905233.6751,1452562.6945,31992253.7565,29340598.5965
601166.SH,20180813,15.3,15.3,14.99,15.16,15.4,-0.24,-1.5584,510795.0,770781.123,0.2681,1.28,5.5059,0.7942,2.2499,2077419.0751,1905233.6751,1452562.6945,31493673.1785,28883342.5145
601166.SH,20180814,15.15,15.16,14.98,15.09,15.16,-0.07,-0.4617,305306.65,459659.865,0.1602,0.75,5.4805,0.7905,2.2396,2077419.0751,1905233.6751,1452562.6945,31348253.8433,28749976.1573
601166.SH,20180815,15.1,15.11,14.81,14.83,15.09,-0.26,-1.723,327565.99,489478.782,0.1719,0.86,5.386,0.7769,2.201,2077419.0751,1905233.6751,1452562.6945,30808124.8837,28254615.4017
601166.SH,20180816,14.61,14.97,14.6,14.84,14.83,0.01,0.0674,344080.57,509288.696,0.1806,0.9,5.3897,0.7774,2.2025,2077419.0751,1905233.6751,1452562.6945,30828899.0745,28273667.7385
601166.SH,20180817,14.98,14.98,14.61,14.68,14.84,-0.16,-1.0782,274108.15,405719.639,0.1439,0.78,5.3316,0.769,2.1787,2077419.0751,1905233.6751,1452562.6945,30496512.0225,27968830.3505
601166.SH,20180820,14.84,14.96,14.7,14.94,14.68,0.26,1.7711,411161.75,611111.354,0.2158,1.17,5.426,0.7826,2.2173,2077419.0751,1905233.6751,1452562.6945,31036640.982,28464191.106
601166.SH,20180821,14.95,15.2,14.91,15.16,14.94,0.22,1.4726,387121.4,585331.462,0.2032,1.16,5.5059,0.7942,2.2499,2077419.0751,1905233.6751,1452562.6945,31493673.1785,28883342.5145
601166.SH,20180822,15.15,15.16,15.03,15.11,15.16,-0.05,-0.3298,178469.9,269089.628,0.0937,0.51,5.4877,0.7915,2.2425,2077419.0751,1905233.6751,1452562.6945,31389802.2248,28788080.8308
601166.SH,20180823,15.11,15.24,15.0,15.12,15.11,0.01,0.0662,263329.31,397819.111,0.1382,0.83,5.4914,0.7921,2.244,2077419.0751,1905233.6751,1452562.6945,31410576.4155,28807133.1675
601166.SH,20180824,15.06,15.58,15.01,15.4,15.12,0.28,1.8519,625556.46,960313.931,0.3283,2.07,5.5931,0.8067,2.2856,2077419.0751,1905233.6751,1452562.6945,31992253.7565,29340598.5965
601166.SH,20180827,15.41,15.52,15.27,15.49,15.4,0.09,0.5844,686992.58,1059588.923,0.3606,1.84,5.6257,0.8114,2.2989,2077419.0751,1905233.6751,1452562.6945,32179221.4733,29512069.6273
601166.SH,20180828,15.46,15.57,15.4,15.45,15.49,-0.04,-0.2582,293625.7,454398.859,0.1541,0.69,5.6112,0.8093,2.293,2077419.0751,1905233.6751,1452562.6945,32096124.7103,29435860.2803
601166.SH,20180829,15.32,15.34,15.14,15.16,15.45,-0.29,-1.877,584809.78,888877.92,0.3069,1.43,5.5059,0.7695,2.2499,2077419.0751,1905233.6751,1452562.6945,31493673.1785,28883342.5145
601166.SH,20180830,15.18,15.29,15.06,15.06,15.16,-0.1,-0.6596,374224.58,566168.904,0.1964,0.76,5.4696,0.7644,2.2351,2077419.0751,1905233.6751,1452562.6945,31285931.271,28692819.147
601166.SH,20180831,15.07,15.25,15.04,15.08,15.06,0.02,0.1328,504369.78,763027.401,0.2647,0.98,5.4768,0.7654,2.2381,2077419.0751,1905233.6751,1452562.6945,31327479.6525,28730923.8205
601166.SH,20180903,15.08,15.17,15.04,15.08,15.08,0.0,0.0,308591.5,465984.826,0.162,0.63,5.4768,0.7654,2.2381,2077419.0751,1905233.6751,1452562.6945,31327479.6525,28730923.8205
601166.SH,20180904,15.11,15.34,15.05,15.24,15.08,0.16,1.061,376508.23,572640.099,0.1976,0.91,5.5349,0.7735,2.2618,2077419.0751,1905233.6751,1452562.6945,31659866.7045,29035761.2085
601166.SH,20180905,15.19,15.26,14.95,14.95,15.24,-0.29,-1.9029,423310.94,639026.089,0.2222,0.99,5.4296,0.7588,2.2188,2077419.0751,1905233.6751,1452562.6945,31057415.1727,28483243.4427
601166.SH,20180906,14.96,15.02,14.8,14.82,14.95,-0.13,-0.8696,358037.43,533500.358,0.1879,0.9,5.3824,0.7522,2.1995,2077419.0751,1905233.6751,1452562.6945,30787350.693,28235563.065
601166.SH,20180907,14.85,14.97,14.74,14.82,14.82,0.0,0.0,268949.91,399424.361,0.1412,0.68,5.3824,0.7522,2.1995,2077419.0751,1905233.6751,1452562.6945,30787350.693,28235563.065
601166.SH,20180910,14.85,14.87,14.72,14.73,14.82,-0.09,-0.6073,236078.96,348840.187,0.1239,0.68,5.3497,0.7476,2.1861,2077419.0751,1905233.6751,1452562.6945,30600382.9762,28064092.0342
601166.SH,20180911,14.73,14.83,14.62,14.65,14.73,-0.08,-0.5431,320047.32,471328.778,0.168,0.96,5.3207,0.7436,2.1743,2077419.0751,1905233.6751,1452562.6945,30434189.4502,27911673.3402
601166.SH,20180912,14.6,14.84,14.5,14.71,14.65,0.06,0.4096,289165.1,423863.689,0.1518,0.9,5.3425,0.7466,2.1832,2077419.0751,1905233.6751,1452562.6945,30558834.5947,28025987.3607
601166.SH,20180913,14.87,14.93,14.74,14.9,14.71,0.19,1.2916,338228.01,501688.314,0.1775,1.15,5.4115,0.7563,2.2114,2077419.0751,1905233.6751,1452562.6945,30953544.219,28387981.759
601166.SH,20180914,14.95,14.98,14.83,14.87,14.9,-0.03,-0.2013,219556.76,327304.387,0.1152,0.76,5.4006,0.7548,2.2069,2077419.0751,1905233.6751,1452562.6945,30891221.6467,28330824.7487
601166.SH,20180917,14.85,14.85,14.71,14.77,14.87,-0.1,-0.6725,171601.77,253422.553,0.0901,0.61,5.3642,0.7497,2.1921,2077419.0751,1905233.6751,1452562.6945,30683479.7392,28140301.3812
601166.SH,20180918,14.75,14.98,14.72,14.98,14.77,0.21,1.4218,286474.61,426002.369,0.1504,1.07,5.4405,0.7603,2.2232,2077419.0751,1905233.6751,1452562.6945,31119737.745,28540400.453
601166.SH,20180919,14.96,15.14,14.93,15.06,14.98,0.08,0.534,406804.98,612791.728,0.2135,1.56,5.4696,0.7644,2.2351,2077419.0751,1905233.6751,1452562.6945,31285931.271,28692819.147
601166.SH,20180920,15.1,15.22,15.1,15.18,15.06,0.12,0.7968,355046.89,538024.255,0.1864,1.25,5.5132,0.7705,2.2529,2077419.0751,1905233.6751,1452562.6945,31535221.56,28921447.188
601166.SH,20180921,15.2,15.7,15.13,15.69,15.18,0.51,3.3597,884882.94,1369938.224,0.4644,3.07,5.6984,0.7964,2.3286,2077419.0751,1905233.6751,1452562.6945,32594705.2883,29893116.3623
601166.SH,20180925,15.53,15.62,15.47,15.51,15.69,-0.18,-1.1472,433712.34,673549.429,0.2276,1.03,5.633,0.7872,2.3019,2077419.0751,1905233.6751,1452562.6945,32220769.8548,29550174.3008
601166.SH,20180926,15.55,15.87,15.54,15.7,15.51,0.19,1.225,763981.92,1202655.598,0.401,1.61,5.702,0.7969,2.3301,2077419.0751,1905233.6751,1452562.6945,32615479.4791,29912168.6991
601166.SH,20180927,15.76,15.79,15.55,15.64,15.7,-0.06,-0.3822,494810.12,774725.873,0.2597,0.87,5.6802,0.7938,2.3212,2077419.0751,1905233.6751,1452562.6945,32490834.3346,29797854.6786
601166.SH,20180928,15.69,16.1,15.65,15.95,15.64,0.31,1.9821,774792.33,1233836.246,0.4067,1.32,5.7928,0.8096,2.3672,2077419.0751,1905233.6751,1452562.6945,33134834.2478,30388477.1178
601166.SH,20181008,15.66,15.71,15.26,15.32,15.95,-0.63,-3.9498,759805.91,1176933.571,0.3988,1.13,5.564,0.7776,2.2737,2077419.0751,1905233.6751,1452562.6945,31826060.2305,29188179.9025
601166.SH,20181009,15.31,15.63,15.29,15.51,15.32,0.19,1.2402,582231.6,901323.362,0.3056,0.9,5.633,0.7872,2.3019,2077419.0751,1905233.6751,1452562.6945,32220769.8548,29550174.3008
601166.SH,20181010,15.56,15.82,15.5,15.6,15.51,0.09,0.5803,439529.24,686935.497,0.2307,0.65,5.6657,0.7918,2.3153,2077419.0751,1905233.6751,1452562.6945,32407737.5716,29721645.3316
601166.SH,20181011,15.12,15.35,14.85,15.02,15.6,-0.58,-3.7179,689584.18,1044889.516,0.3619,1.13,5.455,0.7624,2.2292,2077419.0751,1905233.6751,1452562.6945,31202834.508,28616609.8
601166.SH,20181012,15.1,15.4,15.0,15.33,15.02,0.31,2.0639,533108.84,810473.82,0.2798,0.82,5.5676,0.7781,2.2752,2077419.0751,1905233.6751,1452562.6945,31846834.4213,29207232.2393
601166.SH,20181015,15.34,15.4,15.07,15.12,15.33,-0.21,-1.3699,373148.73,567305.36,0.1959,0.62,5.4914,0.7674,2.244,2077419.0751,1905233.6751,1452562.6945,31410576.4155,28807133.1675
601166.SH,20181016,15.13,15.41,15.1,15.15,15.12,0.03,0.1984,464562.66,708301.274,0.2438,0.89,5.5023,0.769,2.2485,2077419.0751,1905233.6751,1452562.6945,31472898.9878,28864290.1778
601166.SH,20181017,15.3,15.35,14.97,15.2,15.15,0.05,0.33,512310.82,779889.921,0.2689,1.02,5.5204,0.7715,2.2559,2077419.0751,1905233.6751,1452562.6945,31576769.9415,28959551.8615
601166.SH,20181018,15.21,15.27,14.98,14.99,15.2,-0.21,-1.3816,441673.66,667753.828,0.2318,0.86,5.4441,0.7608,2.2247,2077419.0751,1905233.6751,1452562.6945,31140511.9357,28559452.7897
601166.SH,20181019,14.98,15.56,14.9,15.47,14.99,0.48,3.2021,748217.2,1141309.008,0.3927,1.61,5.6185,0.7852,2.296,2077419.0751,1905233.6751,1452562.6945,32137673.0918,29473964.9538
601166.SH,20181022,15.59,15.98,15.57,15.81,15.47,0.34,2.1978,872666.61,1380622.153,0.458,1.72,5.742,0.8025,2.3464,2077419.0751,1905233.6751,1452562.6945,32843995.5773,30121744.4033
601166.SH,20181023,15.82,15.91,15.47,15.53,15.81,-0.28,-1.771,589240.27,924910.361,0.3093,0.97,5.6403,0.7883,2.3049,2077419.0751,1905233.6751,1452562.6945,32262318.2363,29588278.9743
601166.SH,20181024,15.55,16.13,15.53,15.82,15.53,0.29,1.8674,822274.24,1305295.37,0.4316,1.3,5.7456,0.803,2.3479,2077419.0751,1905233.6751,1452562.6945,32864769.7681,30140796.7401
601166.SH,20181025,15.53,16.0,15.48,15.97,15.82,0.15,0.9482,630723.9,993545.508,0.331,0.91,5.8001,0.8106,2.3702,2077419.0751,1905233.6751,1452562.6945,33176382.6293,30426581.7913
601166.SH,20181026,16.0,16.1,15.77,15.94,15.97,-0.03,-0.1879,520877.29,827948.665,0.2734,0.71,5.7892,0.8091,2.3657,2077419.0751,1905233.6751,1452562.6945,33114060.0571,30369424.7811
601166.SH,20181029,16.08,16.2,15.64,15.78,15.94,-0.16,-1.0038,744257.3,1183376.504,0.3906,1.08,5.7311,0.765,2.342,2077419.0751,1905233.6751,1452562.6945,32781673.0051,30064587.3931
601166.SH,20181030,15.93,16.15,15.71,16.02,15.78,0.24,1.5209,741819.1,1188417.371,0.3894,1.12,5.8182,0.7766,2.3776,2077419.0751,1905233.6751,1452562.6945,33280253.5831,30521843.4751
601166.SH,20181031,16.13,16.19,15.99,16.12,16.02,0.1,0.6242,517843.17,833415.096,0.2718,0.75,5.8545,0.7815,2.3924,2077419.0751,1905233.6751,1452562.6945,33487995.4906,30712366.8426
601166.SH,20181101,16.15,16.19,15.88,15.93,16.12,-0.19,-1.1787,613668.28,984353.913,0.3221,0.97,5.7855,0.7723,2.3642,2077419.0751,1905233.6751,1452562.6945,33093285.8663,30350372.4443
601166.SH,20181102,16.18,16.44,16.01,16.38,15.93,0.45,2.8249,1132696.92,1840510.896,0.5945,1.8,5.949,0.7941,2.431,2077419.0751,1905233.6751,1452562.6945,34028124.4501,31207727.5981
601166.SH,20181105,16.22,16.34,16.16,16.22,16.38,-0.16,-0.9768,412203.67,668895.025,0.2164,0.55,5.8909,0.7863,2.4073,2077419.0751,1905233.6751,1452562.6945,33695737.3981,30902890.2101
601166.SH,20181106,16.21,16.21,15.96,16.06,16.22,-0.16,-0.9864,389395.84,625316.645,0.2044,0.57,5.8328,0.7786,2.3835,2077419.0751,1905233.6751,1452562.6945,33363350.3461,30598052.8221
601166.SH,20181107,16.09,16.33,16.06,16.1,16.06,0.04,0.2491,424225.8,685911.238,0.2227,0.69,5.8473,0.7805,2.3895,2077419.0751,1905233.6751,1452562.6945,33446447.1091,30674262.1691
601166.SH,20181108,16.27,16.28,16.12,16.21,16.1,0.11,0.6832,287674.01,466070.744,0.151,0.48,5.8872,0.7858,2.4058,2077419.0751,1905233.6751,1452562.6945,33674963.2074,30883837.8734
601166.SH,20181109,16.09,16.09,15.58,15.68,16.21,-0.53,-3.2696,850849.04,1341271.455,0.4466,1.61,5.6947,0.7602,2.3271,2077419.0751,1905233.6751,1452562.6945,32573931.0976,29874064.0256
601166.SH,20181112,15.65,15.81,15.61,15.72,15.68,0.04,0.2551,500742.32,786615.146,0.2628,1.06,5.7093,0.7621,2.3331,2077419.0751,1905233.6751,1452562.6945,32657027.8606,29950273.3726
601166.SH,20181113,15.59,15.88,15.55,15.85,15.72,0.13,0.827,422173.88,664229.021,0.2216,0.86,5.7565,0.7684,2.3524,2077419.0751,1905233.6751,1452562.6945,32927092.3403,30197953.7503
601166.SH,20181114,15.83,15.94,15.7,15.73,15.85,-0.12,-0.7571,429550.13,680250.036,0.2255,0.86,5.7129,0.7626,2.3345,2077419.0751,1905233.6751,1452562.6945,32677802.0513,29969325.7093
601166.SH,20181115,15.68,15.9,15.68,15.89,15.73,0.16,1.0172,285765.97,451725.307,0.15,0.57,5.771,0.7703,2.3583,2077419.0751,1905233.6751,1452562.6945,33010189.1033,30274163.0973
601166.SH,20181116,15.9,15.95,15.77,15.82,15.89,-0.07,-0.4405,407777.52,647174.096,0.214,0.82,5.7456,0.7669,2.3479,2077419.0751,1905233.6751,1452562.6945,32864769.7681,30140796.7401
601166.SH,20181119,15.9,16.06,15.84,16.03,15.82,0.21,1.3274,477218.71,763033.022,0.2505,1.17,5.8219,0.7771,2.3791,2077419.0751,1905233.6751,1452562.6945,33301027.7739,30540895.8119
601166.SH,20181120,15.9,16.07,15.85,15.88,16.03,-0.15,-0.9357,378957.73,603983.049,0.1989,0.94,5.7674,0.7698,2.3568,2077419.0751,1905233.6751,1452562.6945,32989414.9126,30255110.7606
601166.SH,20181121,15.81,16.02,15.8,15.92,15.88,0.04,0.2519,320537.71,510494.996,0.1682,0.81,5.7819,0.7718,2.3627,2077419.0751,1905233.6751,1452562.6945,33072511.6756,30331320.1076
601166.SH,20181122,15.92,15.94,15.82,15.86,15.92,-0.06,-0.3769,208857.03,331447.134,0.1096,0.56,5.7601,0.7689,2.3538,2077419.0751,1905233.6751,1452562.6945,32947866.5311,30217006.0871
601166.SH,20181123,15.81,15.97,15.6,15.64,15.86,-0.22,-1.3871,346221.66,546060.991,0.1817,0.97,5.6802,0.7582,2.3212,2077419.0751,1905233.6751,1452562.6945,32490834.3346,29797854.6786
601166.SH,20181126,15.74,15.83,15.65,15.73,15.64,0.09,0.5754,226771.55,356938.085,0.119,0.65,5.7129,0.7626,2.3345,2077419.0751,1905233.6751,1452562.6945,32677802.0513,29969325.7093
601166.SH,20181127,15.74,15.78,15.55,15.62,15.73,-0.11,-0.6993,234087.34,366611.095,0.1229,0.79,5.673,0.7572,2.3182,2077419.0751,1905233.6751,1452562.6945,32449285.9531,29759750.0051
601166.SH,20181128,15.61,15.85,15.58,15.77,15.62,0.15,0.9603,238034.9,374744.168,0.1249,0.89,5.7274,0.7645,2.3405,2077419.0751,1905233.6751,1452562.6945,32760898.8143,30045535.0563
601166.SH,20181129,15.88,15.89,15.66,15.66,15.77,-0.11,-0.6975,279769.04,441956.177,0.1468,1.12,5.6875,0.7592,2.3242,2077419.0751,1905233.6751,1452562.6945,32532382.7161,29835959.3521
601166.SH,20181130,15.74,15.94,15.68,15.94,15.66,0.28,1.788,513326.5,814380.104,0.2694,1.94,5.7892,0.7728,2.3657,2077419.0751,1905233.6751,1452562.6945,33114060.0571,30369424.7811
601166.SH,20181203,16.33,16.33,16.1,16.18,15.94,0.24,1.5056,627607.96,1016668.036,0.3294,2.1,5.8763,0.7844,2.4013,2077419.0751,1905233.6751,1452562.6945,33612640.6351,30826680.8631
601166.SH,20181204,16.32,16.32,16.13,16.24,16.18,0.06,0.3708,419787.68,681682.299,0.2203,1.11,5.8981,0.7873,2.4102,2077419.0751,1905233.6751,1452562.6945,33737285.7796,30940994.8836
601166.SH,20181205,16.18,16.23,16.08,16.13,16.24,-0.11,-0.6773,324679.23,524766.074,0.1704,0.78,5.8582,0.782,2.3939,2077419.0751,1905233.6751,1452562.6945,33508769.6814,30731419.1794
601166.SH,20181206,16.01,16.1,15.91,16.03,16.13,-0.1,-0.62,437013.83,699250.877,0.2294,1.01,5.8219,0.7771,2.3791,2077419.0751,1905233.6751,1452562.6945,33301027.7739,30540895.8119
601166.SH,20181207,16.09,16.14,16.01,16.03,16.03,0.0,0.0,237837.31,382674.276,0.1248,0.51,5.8219,0.7771,2.3791,2077419.0751,1905233.6751,1452562.6945,33301027.7739,30540895.8119
601166.SH,20181210,15.91,16.02,15.82,15.88,16.03,-0.15,-0.9357,246036.74,391307.379,0.1291,0.6,5.7674,0.7698,2.3568,2077419.0751,1905233.6751,1452562.6945,32989414.9126,30255110.7606
601166.SH,20181211,15.93,15.97,15.78,15.84,15.88,-0.04,-0.2519,237278.66,376340.797,0.1245,0.71,5.7529,0.7679,2.3509,2077419.0751,1905233.6751,1452562.6945,32906318.1496,30178901.4136
601166.SH,20181212,15.93,15.93,15.76,15.9,15.84,0.06,0.3788,269459.06,427076.717,0.1414,0.91,5.7746,0.7708,2.3598,2077419.0751,1905233.6751,1452562.6945,33030963.2941,30293215.4341
601166.SH,20181213,15.9,16.07,15.83,15.93,15.9,0.03,0.1887,382177.87,610530.965,0.2006,1.34,5.7855,0.7723,2.3642,2077419.0751,1905233.6751,1452562.6945,33093285.8663,30350372.4443
601166.SH,20181214,15.86,15.93,15.78,15.79,15.93,-0.14,-0.8788,298079.26,471803.364,0.1565,1.09,5.7347,0.7655,2.3435,2077419.0751,1905233.6751,1452562.6945,32802447.1958,30083639.7298
601166.SH,20181217,15.82,15.92,15.75,15.86,15.79,0.07,0.4433,340969.78,540194.817,0.179,1.19,5.7601,0.7689,2.3538,2077419.0751,1905233.6751,1452562.6945,32947866.5311,30217006.0871
601166.SH,20181218,15.8,15.91,15.65,15.66,15.86,-0.2,-1.261,337555.54,532617.647,0.1772,1.1,5.6875,0.7592,2.3242,2077419.0751,1905233.6751,1452562.6945,32532382.7161,29835959.3521
601166.SH,20181219,15.75,15.76,15.46,15.46,15.66,-0.2,-1.2771,310517.81,484697.597,0.163,0.95,5.6148,0.7495,2.2945,2077419.0751,1905233.6751,1452562.6945,32116898.901,29454912.617
601166.SH,20181220,15.47,15.55,15.12,15.2,15.46,-0.26,-1.6818,520433.54,792460.947,0.2732,1.56,5.5204,0.7369,2.2559,2077419.0751,1905233.6751,1452562.6945,31576769.9415,28959551.8615
601166.SH,20181221,15.14,15.15,14.89,15.03,15.2,-0.17,-1.1184,411021.95,615690.212,0.2157,1.14,5.4587,0.7286,2.2307,2077419.0751,1905233.6751,1452562.6945,31223608.6988,28635662.1368
601166.SH,20181224,14.97,15.0,14.84,14.89,15.03,-0.14,-0.9315,344393.25,513168.954,0.1808,0.9,5.4078,0.7219,2.2099,2077419.0751,1905233.6751,1452562.6945,30932770.0282,28368929.4222
601166.SH,20181225,14.71,14.92,14.6,14.83,14.89,-0.06,-0.403,445112.05,655472.771,0.2336,1.16,5.386,0.7189,2.201,2077419.0751,1905233.6751,1452562.6945,30808124.8837,28254615.4017
601166.SH,20181226,14.87,14.94,14.74,14.78,14.83,-0.05,-0.3372,322822.89,478821.115,0.1694,0.79,5.3679,0.7165,2.1936,2077419.0751,1905233.6751,1452562.6945,30704253.93,28159353.718
601166.SH,20181227,14.98,15.0,14.83,14.87,14.78,0.09,0.6089,377170.6,562357.538,0.198,0.92,5.4006,0.7209,2.2069,2077419.0751,1905233.6751,1452562.6945,30891221.6467,28330824.7487
601166.SH,20181228,14.92,15.13,14.86,14.94,14.87,0.07,0.4707,409767.03,614628.552,0.2151,1.08,5.426,0.7243,2.2173,2077419.0751,1905233.6751,1452562.6945,31036640.982,28464191.106
601166.SH,20190102,14.95,14.95,14.66,14.74,14.94,-0.2,-1.3387,330085.68,486534.782,0.1733,0.87,5.3533,0.7146,2.1876,2077419.0751,1905233.6751,1452562.6945,30621157.167,28083144.371
601166.SH,20190103,14.74,14.92,14.74,14.85,14.74,0.11,0.7463,267756.7,397285.908,0.1405,0.71,5.3933,0.7199,2.2039,2077419.0751,1905233.6751,1452562.6945,30849673.2652,28292720.0752
601166.SH,20190104,14.79,15.24,14.77,15.2,14.85,0.35,2.3569,468630.17,706235.001,0.246,1.37,5.5204,0.7369,2.2559,2077419.0751,1905233.6751,1452562.6945,31576769.9415,28959551.8615
601166.SH,20190107,15.3,15.33,15.14,15.17,15.2,-0.03,-0.1974,362072.23,550924.466,0.19,0.98,5.5095,0.7354,2.2514,2077419.0751,1905233.6751,1452562.6945,31514447.3693,28902394.8513
601166.SH,20190108,15.22,15.23,15.13,15.23,15.17,0.06,0.3955,227190.91,344919.496,0.1192,0.62,5.5313,0.7383,2.2603,2077419.0751,1905233.6751,1452562.6945,31639092.5138,29016708.8718
601166.SH,20190109,15.29,15.58,15.25,15.36,15.23,0.13,0.8536,442573.68,684908.288,0.2323,1.34,5.5785,0.7446,2.2796,2077419.0751,1905233.6751,1452562.6945,31909156.9935,29264389.2495
601166.SH,20190110,15.3,15.41,15.23,15.33,15.36,-0.03,-0.1953,238194.07,364895.157,0.125,0.67,5.5676,0.7432,2.2752,2077419.0751,1905233.6751,1452562.6945,31846834.4213,29207232.2393
601166.SH,20190111,15.4,15.56,15.36,15.4,15.33,0.07,0.4566,272992.2,421432.993,0.1433,0.79,5.5931,0.7466,2.2856,2077419.0751,1905233.6751,1452562.6945,31992253.7565,29340598.5965
601166.SH,20190114,15.32,15.43,15.21,15.23,15.4,-0.17,-1.1039,238060.41,363784.31,0.125,0.77,5.5313,0.7383,2.2603,2077419.0751,1905233.6751,1452562.6945,31639092.5138,29016708.8718
601166.SH,20190115,15.31,15.49,15.25,15.43,15.23,0.2,1.3132,303737.46,467646.007,0.1594,1.07,5.6039,0.748,2.29,2077419.0751,1905233.6751,1452562.6945,32054576.3288,29397755.6068
601166.SH,20190116,15.45,15.48,15.38,15.47,15.43,0.04,0.2592,209404.13,323256.366,0.1099,0.7,5.6185,0.75,2.296,2077419.0751,1905233.6751,1452562.6945,32137673.0918,29473964.9538
601166.SH,20190117,15.55,15.56,15.31,15.35,15.47,-0.12,-0.7757,278863.04,430640.965,0.1464,1.1,5.5749,0.7442,2.2781,2077419.0751,1905233.6751,1452562.6945,31888382.8028,29245336.9128
601166.SH,20190118,15.45,15.68,15.44,15.68,15.35,0.33,2.1498,464707.52,725240.437,0.2439,1.78,5.6947,0.7398,2.3271,2077419.0751,1905233.6751,1452562.6945,32573931.0976,29874064.0256
601166.SH,20190121,15.68,15.83,15.63,15.68,15.68,0.0,0.0,397764.57,624427.753,0.2088,1.33,5.6947,0.7398,2.3271,2077419.0751,1905233.6751,1452562.6945,32573931.0976,29874064.0256
601166.SH,20190122,15.67,15.72,15.51,15.55,15.68,-0.13,-0.8291,227852.84,355414.074,0.1196,0.69,5.6475,0.7337,2.3078,2077419.0751,1905233.6751,1452562.6945,32303866.6178,29626383.6478
601166.SH,20190123,15.55,15.63,15.48,15.5,15.55,-0.05,-0.3215,181391.37,281912.376,0.0952,0.57,5.6294,0.7314,2.3004,2077419.0751,1905233.6751,1452562.6945,32199995.6641,29531121.9641
601166.SH,20190124,15.56,15.73,15.53,15.66,15.5,0.16,1.0323,284020.18,444271.057,0.1491,0.92,5.6875,0.7389,2.3242,2077419.0751,1905233.6751,1452562.6945,32532382.7161,29835959.3521
601166.SH,20190125,15.76,16.06,15.76,15.99,15.66,0.33,2.1073,630654.42,1007835.764,0.331,2.03,5.8073,0.7545,2.3731,2077419.0751,1905233.6751,1452562.6945,33217931.0108,30464686.4648
601166.SH,20190128,16.09,16.25,15.91,15.99,15.99,0.0,0.0,449401.44,723646.326,0.2359,1.31,5.8073,0.7545,2.3731,2077419.0751,1905233.6751,1452562.6945,33217931.0108,30464686.4648
601166.SH,20190129,16.01,16.2,15.93,16.13,15.99,0.14,0.8755,417685.05,671325.789,0.2192,1.18,5.8582,0.7611,2.3939,2077419.0751,1905233.6751,1452562.6945,33508769.6814,30731419.1794
601166.SH,20190130,16.16,16.26,16.06,16.09,16.13,-0.04,-0.248,459654.02,743543.569,0.2413,1.17,5.8436,0.7592,2.388,2077419.0751,1905233.6751,1452562.6945,33425672.9184,30655209.8324
601166.SH,20190131,16.21,16.45,16.18,16.4,16.09,0.31,1.9267,685955.99,1121557.195,0.36,1.53,5.9562,0.7738,2.434,2077419.0751,1905233.6751,1452562.6945,34069672.8316,31245832.2716
601166.SH,20190201,16.52,16.56,16.3,16.39,16.4,-0.01,-0.061,430380.2,704910.518,0.2259,0.81,5.9526,0.7733,2.4325,2077419.0751,1905233.6751,1452562.6945,34048898.6409,31226779.9349
601166.SH,20190211,16.3,16.41,16.19,16.36,16.39,-0.03,-0.183,452452.07,737479.672,0.2375,0.93,5.9417,0.7719,2.428,2077419.0751,1905233.6751,1452562.6945,33986576.0686,31169622.9246
601166.SH,20190212,16.41,16.44,16.25,16.33,16.36,-0.03,-0.1834,339475.43,554265.004,0.1782,0.69,5.9308,0.7705,2.4236,2077419.0751,1905233.6751,1452562.6945,33924253.4964,31112465.9144
601166.SH,20190213,16.35,16.7,16.25,16.59,16.33,0.26,1.5922,733925.89,1206862.174,0.3852,1.55,6.0252,0.7828,2.4622,2077419.0751,1905233.6751,1452562.6945,34464382.4559,31607826.6699
601166.SH,20190214,16.55,16.65,16.52,16.53,16.59,-0.06,-0.3617,370503.28,613819.061,0.1945,0.7,6.0035,0.78,2.4533,2077419.0751,1905233.6751,1452562.6945,34339737.3114,31493512.6494
601166.SH,20190215,16.48,16.53,16.07,16.11,16.53,-0.42,-2.5408,545569.86,887753.44,0.2864,1.17,5.8509,0.7601,2.3909,2077419.0751,1905233.6751,1452562.6945,33467221.2999,30693314.5059
601166.SH,20190218,16.26,16.49,16.21,16.45,16.11,0.34,2.1105,536433.01,879665.193,0.2816,1.1,5.9744,0.7762,2.4414,2077419.0751,1905233.6751,1452562.6945,34173543.7854,31341093.9554
601166.SH,20190219,16.52,16.8,16.44,16.55,16.45,0.1,0.6079,659604.16,1094902.854,0.3462,1.31,6.0107,0.7809,2.4562,2077419.0751,1905233.6751,1452562.6945,34381285.6929,31531617.3229
601166.SH,20190220,16.69,16.73,16.44,16.53,16.55,-0.02,-0.1208,369300.56,612986.985,0.1938,0.65,6.0035,0.78,2.4533,2077419.0751,1905233.6751,1452562.6945,34339737.3114,31493512.6494
601166.SH,20190221,16.58,16.62,16.35,16.4,16.53,-0.13,-0.7864,483511.61,797483.48,0.2538,0.97,5.9562,0.7738,2.434,2077419.0751,1905233.6751,1452562.6945,34069672.8316,31245832.2716
601166.SH,20190222,16.35,16.62,16.2,16.61,16.4,0.21,1.2805,585709.74,960163.588,0.3074,1.13,6.0325,0.7837,2.4651,2077419.0751,1905233.6751,1452562.6945,34505930.8374,31645931.3434
601166.SH,20190225,16.73,17.77,16.72,17.69,16.61,1.08,6.5021,1775100.91,3048434.001,0.9317,3.37,6.4247,0.8347,2.6254,2077419.0751,1905233.6751,1452562.6945,36749543.4385,33703583.7125
601166.SH,20190226,17.69,17.88,17.3,17.37,17.69,-0.32,-1.8089,1312197.62,2312155.755,0.6887,1.69,6.3085,0.8196,2.5779,2077419.0751,1905233.6751,1452562.6945,36084769.3345,33093908.9365
601166.SH,20190227,17.57,18.03,17.5,17.73,17.37,0.36,2.0725,1303076.75,2312987.428,0.6839,1.44,6.4393,0.8366,2.6314,2077419.0751,1905233.6751,1452562.6945,36832640.2015,33779793.0595
601166.SH,20190228,17.7,18.09,17.6,17.86,17.73,0.13,0.7332,1053846.66,1886816.726,0.5531,0.97,6.4865,0.8427,2.6507,2077419.0751,1905233.6751,1452562.6945,37102704.6813,34027473.4373
601166.SH,20190301,17.99,19.3,17.86,19.3,17.86,1.44,8.0627,2474293.8,4580457.233,1.2987,2.05,7.0095,0.9107,2.8644,2077419.0751,1905233.6751,1452562.6945,40094188.1494,36771009.9294
601166.SH,20190304,19.39,19.93,19.12,19.3,19.3,0.0,0.0,2633736.04,5137692.74,1.3824,1.66,7.0095,0.9107,2.8644,2077419.0751,1905233.6751,1452562.6945,40094188.1494,36771009.9294
601166.SH,20190305,19.2,19.35,18.97,19.08,19.3,-0.22,-1.1399,1289839.87,2465109.295,0.677,0.73,6.9296,0.9003,2.8317,2077419.0751,1905233.6751,1452562.6945,39637155.9529,36351858.5209
601166.SH,20190306,19.04,19.43,18.9,19.28,19.08,0.2,1.0482,1209347.99,2317484.979,0.6348,0.69,7.0022,0.9097,2.8614,2077419.0751,1905233.6751,1452562.6945,40052639.7679,36732905.2559
601166.SH,20190307,19.14,19.18,18.64,18.74,19.28,-0.54,-2.8008,1433217.57,2701887.75,0.7523,0.83,6.8061,0.8842,2.7813,2077419.0751,1905233.6751,1452562.6945,38930833.4674,35704079.0714
601166.SH,20190308,18.48,18.48,17.83,17.9,18.74,-0.84,-4.4824,1782067.69,3232296.593,0.9354,0.99,6.501,0.8446,2.6566,2077419.0751,1905233.6751,1452562.6945,37185801.4443,34103682.7843
601166.SH,20190311,17.9,18.06,17.79,17.92,17.9,0.02,0.1117,968630.91,1735107.642,0.5084,0.58,6.5083,0.8455,2.6596,2077419.0751,1905233.6751,1452562.6945,37227349.8258,34141787.4578
601166.SH,20190312,18.17,18.37,17.83,17.97,17.92,0.05,0.279,989354.77,1793883.885,0.5193,0.74,6.5264,0.8479,2.667,2077419.0751,1905233.6751,1452562.6945,37331220.7795,34237049.1415
601166.SH,20190313,17.95,18.46,17.8,18.17,17.97,0.2,1.113,1081626.45,1960784.133,0.5677,0.85,6.5991,0.8573,2.6967,2077419.0751,1905233.6751,1452562.6945,37746704.5946,34618095.8766
601166.SH,20190314,18.05,18.53,18.02,18.19,18.17,0.02,0.1101,890671.97,1629169.921,0.4675,0.71,6.6063,0.8583,2.6996,2077419.0751,1905233.6751,1452562.6945,37788252.9761,34656200.5501
601166.SH,20190315,18.22,18.53,18.1,18.44,18.19,0.25,1.3744,823992.49,1512678.465,0.4325,0.72,6.6971,0.8701,2.7367,2077419.0751,1905233.6751,1452562.6945,38307607.7448,35132508.9688
601166.SH,20190318,18.42,18.65,18.22,18.65,18.44,0.21,1.1388,972033.84,1792760.265,0.5102,1.02,6.7734,0.88,2.7679,2077419.0751,1905233.6751,1452562.6945,38743865.7506,35532608.0406
601166.SH,20190319,18.69,18.9,18.51,18.61,18.65,-0.04,-0.2145,823506.92,1540176.156,0.4322,0.87,6.7589,0.8781,2.762,2077419.0751,1905233.6751,1452562.6945,38660768.9876,35456398.6936
601166.SH,20190320,18.54,18.76,18.3,18.55,18.61,-0.06,-0.3224,695781.29,1288324.462,0.3652,0.76,6.7371,0.8753,2.7531,2077419.0751,1905233.6751,1452562.6945,38536123.8431,35342084.6731
601166.SH,20190321,18.55,18.55,18.26,18.29,18.55,-0.26,-1.4016,794581.37,1462535.316,0.4171,0.94,6.6427,0.863,2.7145,2077419.0751,1905233.6751,1452562.6945,37995994.8836,34846723.9176
601166.SH,20190322,18.34,18.36,17.91,18.1,18.29,-0.19,-1.0388,762916.29,1381433.181,0.4004,0.93,6.5737,0.854,2.6863,2077419.0751,1905233.6751,1452562.6945,37601285.2593,34484729.5193
601166.SH,20190325,17.81,17.89,17.5,17.51,18.1,-0.59,-3.2597,923434.42,1635161.35,0.4847,1.14,6.3594,0.8262,2.5987,2077419.0751,1905233.6751,1452562.6945,36375608.005,33360641.651
601166.SH,20190326,17.65,17.65,17.39,17.53,17.51,0.02,0.1142,592412.41,1037262.59,0.3109,0.74,6.3666,0.8271,2.6017,2077419.0751,1905233.6751,1452562.6945,36417156.3865,33398746.3245
601166.SH,20190327,17.58,17.78,17.58,17.63,17.53,0.1,0.5705,672962.92,1190061.841,0.3532,0.89,6.403,0.8319,2.6165,2077419.0751,1905233.6751,1452562.6945,36624898.294,33589269.692
601166.SH,20190328,17.53,17.58,17.32,17.53,17.63,-0.1,-0.5672,540089.61,942815.313,0.2835,0.72,6.3666,0.8271,2.6017,2077419.0751,1905233.6751,1452562.6945,36417156.3865,33398746.3245
601166.SH,20190329,17.52,18.2,17.5,18.17,17.53,0.64,3.6509,1310551.51,2349504.996,0.6879,1.88,6.5991,0.8573,2.6967,2077419.0751,1905233.6751,1452562.6945,37746704.5946,34618095.8766
601166.SH,20190401,18.36,18.74,18.36,18.65,18.17,0.48,2.6417,1646414.83,3063146.774,0.8642,2.04,6.7734,0.88,2.7679,2077419.0751,1905233.6751,1452562.6945,38743865.7506,35532608.0406
601166.SH,20190402,18.74,19.0,18.74,18.81,18.65,0.16,0.8579,1070642.29,2019656.604,0.5619,1.12,6.8315,0.8875,2.7917,2077419.0751,1905233.6751,1452562.6945,39076252.8026,35837445.4286
601166.SH,20190403,18.64,19.0,18.59,18.98,18.81,0.17,0.9038,952192.48,1793701.367,0.4998,0.91,6.8933,0.8956,2.8169,2077419.0751,1905233.6751,1452562.6945,39429414.0454,36161335.1534
601166.SH,20190404,19.08,19.47,19.08,19.28,18.98,0.3,1.5806,1089487.46,2100714.384,0.5718,0.99,7.0022,0.9097,2.8614,2077419.0751,1905233.6751,1452562.6945,40052639.7679,36732905.2559
601166.SH,20190408,19.39,20.08,19.39,19.46,19.28,0.18,0.9336,1689733.73,3342027.236,0.8869,1.39,7.0676,0.9182,2.8881,2077419.0751,1905233.6751,1452562.6945,40426575.2014,37075847.3174
601166.SH,20190409,19.42,19.67,19.01,19.1,19.46,-0.36,-1.8499,998272.69,1923929.95,0.524,0.77,6.9368,0.9012,2.8347,2077419.0751,1905233.6751,1452562.6945,39678704.3344,36389963.1944
601166.SH,20190410,19.1,19.37,18.83,19.18,19.1,0.08,0.4188,1021719.29,1947695.109,0.5363,0.88,6.9659,0.905,2.8466,2077419.0751,1905233.6751,1452562.6945,39844897.8604,36542381.8884
601166.SH,20190411,19.2,19.41,18.72,18.91,19.18,-0.27,-1.4077,804890.1,1532203.472,0.4225,0.7,6.8678,0.8923,2.8065,2077419.0751,1905233.6751,1452562.6945,39283994.7101,36027968.7961
601166.SH,20190412,18.92,19.02,18.8,18.98,18.91,0.07,0.3702,420260.42,794407.871,0.2206,0.37,6.8933,0.8956,2.8169,2077419.0751,1905233.6751,1452562.6945,39429414.0454,36161335.1534
601166.SH,20190415,19.57,19.95,19.05,19.16,18.98,0.18,0.9484,1838232.39,3613086.27,0.9648,1.86,6.9586,0.904,2.8436,2077419.0751,1905233.6751,1452562.6945,39803349.4789,36504277.2149
601166.SH,20190416,19.16,20.66,19.12,20.6,19.16,1.44,7.5157,3144398.86,6303797.715,1.6504,3.09,7.4816,0.972,3.0573,2077419.0751,1905233.6751,1452562.6945,42794832.9471,39247813.7071
601166.SH,20190417,20.4,20.61,20.1,20.33,20.6,-0.27,-1.3107,1540952.3,3136685.915,0.8088,1.07,7.3836,0.9593,3.0172,2077419.0751,1905233.6751,1452562.6945,42233929.7968,38733400.6148
601166.SH,20190418,20.27,20.36,20.0,20.13,20.33,-0.2,-0.9838,711889.12,1432193.704,0.3736,0.46,7.3109,0.9498,2.9876,2077419.0751,1905233.6751,1452562.6945,41818445.9818,38352353.8798
601166.SH,20190419,20.26,20.49,19.9,20.3,20.13,0.17,0.8445,1029624.99,2080087.005,0.5404,0.67,7.3727,0.9578,3.0128,2077419.0751,1905233.6751,1452562.6945,42171607.2245,38676243.6045
601166.SH,20190422,20.18,20.28,19.29,19.37,20.3,-0.93,-4.5813,1588552.09,3131988.328,0.8338,0.96,7.0349,0.914,2.8748,2077419.0751,1905233.6751,1452562.6945,40239607.4847,36904376.2867
601166.SH,20190423,19.36,19.64,19.32,19.41,19.37,0.04,0.2065,818598.19,1593414.571,0.4297,0.51,7.0494,0.9158,2.8807,2077419.0751,1905233.6751,1452562.6945,40322704.2477,36980585.6337
601166.SH,20190424,19.53,19.72,19.12,19.4,19.41,-0.01,-0.0515,908990.02,1769139.608,0.4771,0.8,7.0458,0.9154,2.8792,2077419.0751,1905233.6751,1452562.6945,40301930.0569,36961533.2969
601166.SH,20190425,19.38,19.59,19.18,19.25,19.4,-0.15,-0.7732,727356.67,1408763.586,0.3818,0.72,6.9913,0.9083,2.857,2077419.0751,1905233.6751,1452562.6945,39990317.1957,36675748.2457
601166.SH,20190426,19.17,19.27,18.95,18.95,19.25,-0.3,-1.5584,798572.38,1523951.993,0.4191,0.79,6.8824,0.8941,2.8124,2077419.0751,1905233.6751,1452562.6945,39367091.4731,36104178.1431
601166.SH,20190429,19.07,19.62,19.03,19.44,18.95,0.49,2.5858,864135.56,1673586.931,0.4536,0.89,7.0603,0.9173,2.8852,2077419.0751,1905233.6751,1452562.6945,40385026.8199,37037742.6439
601166.SH,20190430,19.79,20.17,19.72,19.92,19.44,0.48,2.4691,1511500.34,3009846.411,0.7933,1.84,6.8265,0.9069,2.6144,2077419.0751,1905233.6751,1452562.6945,41382187.976,37952254.808
601166.SH,20190506,19.3,19.44,18.76,19.34,19.92,-0.58,-2.9116,1910472.54,3655107.79,1.0027,1.99,6.6277,0.8805,2.5383,2077419.0751,1905233.6751,1452562.6945,40177284.9124,36847219.2764
601166.SH,20190507,19.3,19.4,18.97,19.13,19.34,-0.21,-1.0858,946475.93,1813702.263,0.4968,0.81,6.5558,0.8709,2.5107,2077419.0751,1905233.6751,1452562.6945,39741026.9067,36447120.2047
601166.SH,20190508,18.88,19.04,18.57,18.63,19.13,-0.5,-2.6137,926700.02,1747886.68,0.4864,0.77,6.3844,0.8482,2.4451,2077419.0751,1905233.6751,1452562.6945,38702317.3691,35494503.3671
601166.SH,20190509,18.56,18.62,17.98,18.02,18.63,-0.61,-3.2743,1311638.21,2386304.378,0.6884,1.06,6.1754,0.8204,2.365,2077419.0751,1905233.6751,1452562.6945,37435091.7333,34332310.8253
601166.SH,20190510,18.3,18.61,17.81,18.48,18.02,0.46,2.5527,994519.92,1823349.724,0.522,0.75,6.333,0.8413,2.4254,2077419.0751,1905233.6751,1496713.0945,38390704.5078,35208718.3158
601166.SH,20190513,18.18,18.32,18.06,18.16,18.48,-0.32,-1.7316,614530.21,1117710.497,0.3225,0.5,6.2233,0.8268,2.3834,2077419.0751,1905233.6751,1496713.0945,37725930.4038,34599043.5398
601166.SH,20190514,18.01,18.48,18.0,18.16,18.16,0.0,0.0,791389.79,1445545.842,0.4154,0.83,6.2233,0.8268,2.3834,2077419.0751,1905233.6751,1496713.0945,37725930.4038,34599043.5398
601166.SH,20190515,18.3,18.73,18.18,18.56,18.16,0.4,2.2026,669123.18,1235108.1,0.3512,0.72,6.3604,0.845,2.4359,2077419.0751,1905233.6751,1496713.0945,38556898.0339,35361137.0099
601166.SH,20190516,18.5,18.63,18.38,18.55,18.56,-0.01,-0.0539,490394.16,907739.41,0.2574,0.56,6.357,0.8445,2.4346,2077419.0751,1905233.6751,1496713.0945,38536123.8431,35342084.6731
601166.SH,20190517,18.64,18.64,18.2,18.29,18.55,-0.26,-1.4016,518966.29,953599.801,0.2724,0.73,6.2679,0.8327,2.4004,2077419.0751,1905233.6751,1496713.0945,37995994.8836,34846723.9176
601166.SH,20190520,18.27,18.45,18.06,18.21,18.29,-0.08,-0.4374,488550.04,889671.315,0.2564,0.79,6.2405,0.829,2.3899,2077419.0751,1905233.6751,1496713.0945,37829801.3576,34694305.2236
601166.SH,20190521,18.23,18.65,18.23,18.34,18.21,0.13,0.7139,672386.03,1238527.504,0.3529,1.14,6.285,0.835,2.407,2077419.0751,1905233.6751,1496713.0945,38099865.8373,34941985.6013
601166.SH,20190522,18.22,18.34,18.11,18.2,18.34,-0.14,-0.7634,535335.05,973912.976,0.281,0.94,6.2371,0.8286,2.3886,2077419.0751,1905233.6751,1496713.0945,37809027.1668,34675252.8868
601166.SH,20190523,18.12,18.17,17.92,18.05,18.2,-0.15,-0.8242,463452.05,836601.278,0.2433,0.86,6.1857,0.8217,2.369,2077419.0751,1905233.6751,1496713.0945,37497414.3056,34389467.8356
601166.SH,20190524,18.17,18.32,18.11,18.24,18.05,0.19,1.0526,387560.85,706886.71,0.2034,0.72,6.2508,0.8304,2.3939,2077419.0751,1905233.6751,1496713.0945,37892123.9298,34751462.2338
601166.SH,20190527,18.02,18.38,17.58,18.11,18.24,-0.13,-0.7127,1017585.56,1820706.26,0.5341,2.0,6.2062,0.8245,2.3768,2077419.0751,1905233.6751,1496713.0945,37622059.4501,34503781.8561
601166.SH,20190528,18.05,18.23,17.83,18.05,18.11,-0.06,-0.3313,973224.59,1756055.352,0.5108,1.58,6.1857,0.8217,2.369,2077419.0751,1905233.6751,1496713.0945,37497414.3056,34389467.8356
601166.SH,20190529,17.9,17.96,17.68,17.68,18.05,-0.37,-2.0499,1138116.22,2021352.93,0.5974,1.69,6.0589,0.8049,2.3204,2077419.0751,1905233.6751,1496713.0945,36728769.2478,33684531.3758
601166.SH,20190530,17.68,17.73,17.48,17.6,17.68,-0.08,-0.4525,825562.12,1451079.701,0.4333,1.04,6.0314,0.8013,2.3099,2077419.0751,1905233.6751,1496713.0945,36562575.7218,33532112.6818
601166.SH,20190531,17.68,17.85,17.56,17.57,17.6,-0.03,-0.1705,742899.87,1315143.861,0.3899,0.86,6.0212,0.7999,2.306,2077419.0751,1905233.6751,1496713.0945,36500253.1495,33474955.6715
601166.SH,20190603,17.55,17.78,17.5,17.65,17.57,0.08,0.4553,683812.41,1203999.799,0.3589,0.73,6.0486,0.8035,2.3165,2077419.0751,1905233.6751,1496713.0945,36666446.6755,33627374.3655
601166.SH,20190604,17.7,17.71,17.61,17.67,17.65,0.02,0.1133,526858.79,930429.846,0.2765,0.6,6.0554,0.8044,2.3191,2077419.0751,1905233.6751,1496713.0945,36707995.057,33665479.039
601166.SH,20190605,17.84,18.03,17.78,17.81,17.67,0.14,0.7923,563996.44,1008779.738,0.296,0.72,6.1034,0.8108,2.3375,2077419.0751,1905233.6751,1496713.0945,36998833.7275,33932211.7535
601166.SH,20190606,17.89,17.98,17.81,17.86,17.81,0.05,0.2807,526889.93,943641.509,0.2765,0.79,6.1205,0.8131,2.344,2077419.0751,1905233.6751,1496713.0945,37102704.6813,34027473.4373
601166.SH,20190610,17.98,18.37,17.94,18.18,17.86,0.32,1.7917,700851.71,1274558.664,0.3679,1.15,6.2302,0.8277,2.386,2077419.0751,1905233.6751,1496713.0945,37767478.7853,34637148.2133
601166.SH,20190611,18.3,18.47,18.23,18.42,18.18,0.24,1.3201,824324.97,1513666.347,0.4327,1.37,6.3124,0.8386,2.4175,2077419.0751,1905233.6751,1496713.0945,38266059.3633,35094404.2953
601166.SH,20190612,18.39,18.42,18.26,18.35,18.42,-0.07,-0.38,557521.03,1022676.236,0.2926,0.89,6.2885,0.8354,2.4083,2077419.0751,1905233.6751,1496713.0945,38120640.0281,34961037.9381
601166.SH,20190613,18.37,18.43,18.25,18.35,18.35,0.0,0.0,517617.38,949688.682,0.2717,0.82,6.2885,0.8354,2.4083,2077419.0751,1905233.6751,1496713.0945,38120640.0281,34961037.9381
601166.SH,20190614,18.43,18.49,18.26,18.35,18.35,0.0,0.0,721777.93,1327341.489,0.3788,1.15,6.2885,0.8354,2.4083,2077419.0751,1905233.6751,1496713.0945,38120640.0281,34961037.9381
601166.SH,20190617,18.35,18.64,18.31,18.44,18.35,0.09,0.4905,684361.16,1265229.674,0.3592,1.03,6.3193,0.8395,2.4201,2077419.0751,1905233.6751,1496713.0945,38307607.7448,35132508.9688
601166.SH,20190618,18.55,18.56,18.42,18.49,18.44,0.05,0.2711,524485.84,969892.985,0.2753,0.79,6.3364,0.8418,2.4267,2077419.0751,1905233.6751,1496713.0945,38411478.6986,35227770.6526
601166.SH,20190619,18.26,18.36,18.1,18.11,17.8,0.31,1.7416,978298.37,1782274.863,0.5135,1.63,6.2062,0.8512,2.3768,2077419.0751,1905233.6751,1496713.0945,37622059.4501,34503781.8561
601166.SH,20190620,18.15,18.95,18.1,18.78,18.11,0.67,3.6996,1290429.06,2397084.62,0.6773,1.88,6.4358,0.8827,2.4648,2077419.0751,1905233.6751,1496713.0945,39013930.2304,35780288.4184
601166.SH,20190621,18.79,18.94,18.52,18.55,18.78,-0.23,-1.2247,928941.08,1737524.379,0.4876,1.11,6.357,0.8719,2.4346,2077419.0751,1905233.6751,1496713.0945,38536123.8431,35342084.6731
601166.SH,20190624,18.61,18.7,18.42,18.53,18.55,-0.02,-0.1078,589823.38,1093400.124,0.3096,0.67,6.3501,0.871,2.4319,2077419.0751,1905233.6751,1496713.0945,38494575.4616,35303979.9996
601166.SH,20190625,18.59,18.6,18.0,18.12,18.53,-0.41,-2.2126,1011365.75,1838594.961,0.5308,1.17,6.2096,0.8517,2.3781,2077419.0751,1905233.6751,1496713.0945,37642833.6408,34522834.1928
601166.SH,20190626,18.17,18.19,18.08,18.12,18.12,0.0,0.0,390455.55,708119.224,0.2049,0.41,6.2096,0.8517,2.3781,2077419.0751,1905233.6751,1496713.0945,37642833.6408,34522834.1928
601166.SH,20190627,18.19,18.44,18.17,18.34,18.12,0.22,1.2141,613542.57,1124727.917,0.322,0.73,6.285,0.862,2.407,2077419.0751,1905233.6751,1496713.0945,38099865.8373,34941985.6013
601166.SH,20190628,18.38,18.4,18.08,18.29,18.34,-0.05,-0.2726,517370.71,941148.427,0.2716,0.73,6.2679,0.8597,2.4004,2077419.0751,1905233.6751,1496713.0945,37995994.8836,34846723.9176
601166.SH,20190701,18.63,18.8,18.51,18.59,18.29,0.3,1.6402,933293.68,1741231.763,0.4899,1.49,6.3707,0.8738,2.4398,2077419.0751,1905233.6751,1496713.0945,38619220.6061,35418294.0201
601166.SH,20190702,18.6,18.6,18.31,18.45,18.59,-0.14,-0.7531,872087.38,1607182.063,0.4577,1.26,6.3227,0.8672,2.4214,2077419.0751,1905233.6751,1496713.0945,38328381.9356,35151561.3056
601166.SH,20190703,18.44,18.44,18.24,18.33,18.45,-0.12,-0.6504,558526.98,1023230.308,0.2932,0.84,6.2816,0.8616,2.4057,2077419.0751,1905233.6751,1496713.0945,38079091.6466,34922933.2646
601166.SH,20190704,18.36,18.46,18.21,18.29,18.33,-0.04,-0.2182,558382.52,1024863.86,0.2931,0.8,6.2679,0.8597,2.4004,2077419.0751,1905233.6751,1496713.0945,37995994.8836,34846723.9176
601166.SH,20190705,18.32,18.33,18.18,18.27,18.29,-0.02,-0.1093,438985.0,801026.137,0.2304,0.64,6.261,0.8587,2.3978,2077419.0751,1905233.6751,1496713.0945,37954446.5021,34808619.2441
601166.SH,20190708,18.15,18.17,17.79,17.79,18.27,-0.48,-2.6273,721689.72,1291178.782,0.3788,1.07,6.0965,0.8362,2.3348,2077419.0751,1905233.6751,1496713.0945,36957285.346,33894107.08
601166.SH,20190709,17.8,17.89,17.77,17.82,17.79,0.03,0.1686,411196.53,732944.095,0.2158,0.65,6.1068,0.8376,2.3388,2077419.0751,1905233.6751,1496713.0945,37019607.9183,33951264.0903
601166.SH,20190710,17.93,17.95,17.64,17.72,17.82,-0.1,-0.5612,401143.84,713336.444,0.2105,0.75,6.0726,0.8329,2.3256,2077419.0751,1905233.6751,1496713.0945,36811866.0108,33760740.7228
601166.SH,20190711,17.85,17.98,17.74,17.79,17.72,0.07,0.395,474682.22,847493.061,0.2491,0.94,6.0965,0.8362,2.3348,2077419.0751,1905233.6751,1496713.0945,36957285.346,33894107.08
601166.SH,20190712,17.84,18.24,17.81,18.18,17.79,0.39,2.1922,749873.37,1356065.513,0.3936,1.53,6.2302,0.8545,2.386,2077419.0751,1905233.6751,1496713.0945,37767478.7853,34637148.2133
601166.SH,20190715,18.09,18.4,17.91,18.29,18.18,0.11,0.6051,744493.01,1350475.72,0.3908,1.35,6.2679,0.8597,2.4004,2077419.0751,1905233.6751,1496713.0945,37995994.8836,34846723.9176
601166.SH,20190716,18.28,18.38,18.14,18.17,18.29,-0.12,-0.6561,447699.29,815972.806,0.235,0.8,6.2268,0.854,2.3847,2077419.0751,1905233.6751,1496713.0945,37746704.5946,34618095.8766
601166.SH,20190717,18.05,18.21,18.02,18.06,18.17,-0.11,-0.6054,412483.41,746612.275,0.2165,0.73,6.1891,0.8489,2.3703,2077419.0751,1905233.6751,1496713.0945,37518188.4963,34408520.1723
601166.SH,20190718,18.13,18.16,17.98,18.09,18.06,0.03,0.1661,449049.04,811736.558,0.2357,0.79,6.1994,0.8503,2.3742,2077419.0751,1905233.6751,1496713.0945,37580511.0686,34465677.1826
601166.SH,20190719,18.19,18.45,18.16,18.41,18.09,0.32,1.7689,766035.63,1404572.651,0.4021,1.37,6.309,0.8653,2.4162,2077419.0751,1905233.6751,1496713.0945,38245285.1726,35075351.9586
601166.SH,20190722,18.42,18.54,18.3,18.37,18.41,-0.04,-0.2173,664547.99,1226028.445,0.3488,1.18,6.2953,0.8634,2.4109,2077419.0751,1905233.6751,1496713.0945,38162188.4096,34999142.6116
601166.SH,20190723,18.49,18.55,18.38,18.51,18.37,0.14,0.7621,589601.0,1089422.607,0.3095,1.08,6.3433,0.87,2.4293,2077419.0751,1905233.6751,1496713.0945,38453027.0801,35265875.3261
601166.SH,20190724,18.6,18.85,18.58,18.73,18.51,0.22,1.1885,934290.3,1752156.579,0.4904,1.62,6.4187,0.8804,2.4582,2077419.0751,1905233.6751,1496713.0945,38910059.2766,35685026.7346
601166.SH,20190725,18.75,19.33,18.75,19.32,18.73,0.59,3.15,1358360.93,2596953.263,0.713,2.0,6.6209,0.9081,2.5356,2077419.0751,1905233.6751,1496713.0945,40135736.5309,36809114.6029
601166.SH,20190726,19.21,19.31,19.18,19.22,19.32,-0.1,-0.5176,763064.61,1468330.402,0.4005,0.88,6.5866,0.9034,2.5225,2077419.0751,1905233.6751,1496713.0945,39927994.6234,36618591.2354
601166.SH,20190729,19.22,19.31,19.08,19.19,19.22,-0.03,-0.1561,540222.75,1036418.699,0.2835,0.63,6.5763,0.902,2.5186,2077419.0751,1905233.6751,1496713.0945,39865672.0512,36561434.2252
601166.SH,20190730,19.22,19.72,19.18,19.5,19.19,0.31,1.6154,869751.82,1697301.49,0.4565,1.04,6.6826,0.9166,2.5593,2077419.0751,1905233.6751,1496713.0945,40509671.9645,37152056.6645
601166.SH,20190731,19.42,19.45,19.0,19.13,19.5,-0.37,-1.8974,948118.22,1818165.543,0.4976,1.06,6.5558,0.8992,2.5107,2077419.0751,1905233.6751,1496713.0945,39741026.9067,36447120.2047
601166.SH,20190801,19.07,19.14,18.82,18.86,19.13,-0.27,-1.4114,729681.01,1382416.443,0.383,0.81,6.4632,0.8865,2.4753,2077419.0751,1905233.6751,1496713.0945,39180123.7564,35932707.1124
601166.SH,20190802,18.58,18.9,18.55,18.79,18.86,-0.07,-0.3712,852132.57,1594866.11,0.4473,1.11,6.4392,0.8832,2.4661,2077419.0751,1905233.6751,1496713.0945,39034704.4211,35799340.7551
601166.SH,20190805,18.67,18.68,18.3,18.36,18.79,-0.43,-2.2885,875814.95,1620008.246,0.4597,1.11,6.2919,0.863,2.4096,2077419.0751,1905233.6751,1496713.0945,38141414.2188,34980090.2748
601166.SH,20190806,18.05,18.4,18.0,18.2,18.36,-0.16,-0.8715,774687.07,1408085.207,0.4066,0.91,6.2371,0.8554,2.3886,2077419.0751,1905233.6751,1496713.0945,37809027.1668,34675252.8868
601166.SH,20190807,18.3,18.47,18.19,18.29,18.2,0.09,0.4945,641270.82,1174277.511,0.3366,0.77,6.2679,0.8597,2.4004,2077419.0751,1905233.6751,1496713.0945,37995994.8836,34846723.9176
601166.SH,20190808,18.48,18.78,18.4,18.7,18.29,0.41,2.2417,758413.21,1410721.655,0.3981,0.98,6.4084,0.879,2.4543,2077419.0751,1905233.6751,1496713.0945,38847736.7044,35627869.7244
601166.SH,20190809,18.71,18.86,18.53,18.6,18.7,-0.1,-0.5348,652590.85,1220578.451,0.3425,0.84,6.3741,0.8742,2.4411,2077419.0751,1905233.6751,1496713.0945,38639994.7969,35437346.3569
601166.SH,20190812,18.57,18.85,18.54,18.83,18.6,0.23,1.2366,629942.47,1180673.958,0.3306,0.85,6.453,0.8851,2.4713,2077419.0751,1905233.6751,1496713.0945,39117801.1841,35875550.1021
601166.SH,20190813,18.7,18.77,18.25,18.38,18.83,-0.45,-2.3898,724076.8,1336778.645,0.38,1.05,6.2987,0.8639,2.4123,2077419.0751,1905233.6751,1496713.0945,38182962.6003,35018194.9483
601166.SH,20190814,18.61,18.65,18.04,18.09,18.38,-0.29,-1.5778,1583946.89,2881873.699,0.8314,2.33,6.1994,0.8503,2.3742,2077419.0751,1905233.6751,1496713.0945,37580511.0686,34465677.1826
601166.SH,20190815,17.8,18.05,17.72,18.05,18.09,-0.04,-0.2211,898550.15,1605519.715,0.4716,1.03,6.1857,0.8484,2.369,2077419.0751,1905233.6751,1496713.0945,37497414.3056,34389467.8356
601166.SH,20190816,18.0,18.07,17.88,17.93,18.05,-0.12,-0.6648,698048.23,1254512.986,0.3664,0.78,6.1445,0.8428,2.3532,2077419.0751,1905233.6751,1496713.0945,37248124.0165,34160839.7945
601166.SH,20190819,17.75,18.06,17.46,18.04,17.93,0.11,0.6135,1443737.15,2553949.714,0.7578,1.59,6.1822,0.8479,2.3676,2077419.0751,1905233.6751,1496713.0945,37476640.1148,34370415.4988
601166.SH,20190820,17.95,18.3,17.88,18.16,18.04,0.12,0.6652,827385.57,1497855.652,0.4343,0.77,6.2233,0.8536,2.3834,2077419.0751,1905233.6751,1496713.0945,37725930.4038,34599043.5398
601166.SH,20190821,18.1,18.24,18.03,18.1,18.16,-0.06,-0.3304,520337.48,945003.729,0.2731,0.48,6.2028,0.8507,2.3755,2077419.0751,1905233.6751,1496713.0945,37601285.2593,34484729.5193
601166.SH,20190822,18.2,18.29,18.06,18.17,18.1,0.07,0.3867,516624.49,938401.776,0.2712,0.59,6.2268,0.854,2.3847,2077419.0751,1905233.6751,1496713.0945,37746704.5946,34618095.8766
601166.SH,20190823,18.22,18.44,18.14,18.4,18.17,0.23,1.2658,893045.4,1636376.263,0.4687,1.11,6.3056,0.8648,2.4149,2077419.0751,1905233.6751,1496713.0945,38224510.9818,35056299.6218
601166.SH,20190826,18.09,18.19,17.92,18.1,18.4,-0.3,-1.6304,629277.34,1136781.777,0.3303,0.75,6.2028,0.8507,2.3755,2077419.0751,1905233.6751,1496713.0945,37601285.2593,34484729.5193
601166.SH,20190827,18.2,18.34,18.12,18.27,18.1,0.17,0.9392,754675.91,1377085.539,0.3961,1.11,6.261,0.8587,2.3978,2077419.0751,1905233.6751,1496713.0945,37954446.5021,34808619.2441
601166.SH,20190828,17.62,17.8,17.28,17.37,18.27,-0.9,-4.9261,2721342.59,4756723.252,1.4284,4.11,5.9526,0.7942,2.2797,2077419.0751,1905233.6751,1496713.0945,36084769.3345,33093908.9365
601166.SH,20190829,17.37,17.37,17.06,17.18,17.37,-0.19,-1.0938,1020624.92,1752504.257,0.5357,0.93,5.8875,0.7855,2.2548,2077419.0751,1905233.6751,1496713.0945,35690059.7102,32731914.5382
601166.SH,20190830,17.3,17.31,17.03,17.17,17.18,-0.01,-0.0582,1027557.94,1760658.052,0.5393,0.85,5.8841,0.785,2.2535,2077419.0751,1905233.6751,1496713.0945,35669285.5195,32712862.2015
601166.SH,20190902,17.2,17.34,17.14,17.26,17.17,0.09,0.5242,763502.53,1318920.199,0.4007,0.62,5.9149,0.7891,2.2653,2077419.0751,1905233.6751,1496713.0945,35856253.2362,32884333.2322
601166.SH,20190903,17.27,17.31,17.19,17.24,17.26,-0.02,-0.1159,475390.27,819805.047,0.2495,0.38,5.9081,0.7882,2.2626,2077419.0751,1905233.6751,1496713.0945,35814704.8547,32846228.5587
601166.SH,20190904,17.23,17.61,17.23,17.58,17.24,0.34,1.9722,967947.48,1693547.921,0.508,0.81,6.0246,0.8038,2.3073,2077419.0751,1905233.6751,1496713.0945,36521027.3403,33494008.0083
601166.SH,20190905,17.7,18.02,17.7,17.85,17.58,0.27,1.5358,1254699.8,2244596.244,0.6586,1.47,6.1171,0.8161,2.3427,2077419.0751,1905233.6751,1496713.0945,37081930.4905,34008421.1005
601166.SH,20190906,17.95,18.0,17.82,17.97,17.85,0.12,0.6723,607981.11,1089978.212,0.3191,0.68,6.1582,0.8216,2.3585,2077419.0751,1905233.6751,1496713.0945,37331220.7795,34237049.1415
601166.SH,20190909,18.05,18.17,17.78,17.79,17.97,-0.18,-1.0017,1039458.77,1861119.629,0.5456,1.28,6.0965,0.8134,2.3348,2077419.0751,1905233.6751,1496713.0945,36957285.346,33894107.08
601166.SH,20190910,17.8,17.85,17.58,17.66,17.79,-0.13,-0.7307,728740.75,1285626.48,0.3825,0.84,6.052,0.8074,2.3178,2077419.0751,1905233.6751,1496713.0945,36687220.8663,33646426.7023
601166.SH,20190911,17.75,17.84,17.63,17.81,17.66,0.15,0.8494,558780.06,992786.635,0.2933,0.61,6.1034,0.8143,2.3375,2077419.0751,1905233.6751,1496713.0945,36998833.7275,33932211.7535
601166.SH,20190912,17.93,17.94,17.77,17.89,17.81,0.08,0.4492,601763.02,1074433.996,0.3158,0.72,6.1308,0.8179,2.348,2077419.0751,1905233.6751,1496713.0945,37165027.2535,34084630.4475
601166.SH,20190916,17.95,17.96,17.79,17.86,17.89,-0.03,-0.1677,456091.51,813579.156,0.2394,0.64,6.1205,0.8166,2.344,2077419.0751,1905233.6751,1496713.0945,37102704.6813,34027473.4373
601166.SH,20190917,17.82,17.83,17.46,17.56,17.86,-0.3,-1.6797,515402.94,909458.643,0.2705,0.76,6.0177,0.8029,2.3046,2077419.0751,1905233.6751,1496713.0945,36479478.9588,33455903.3348
601166.SH,20190918,17.62,17.62,17.43,17.44,17.56,-0.12,-0.6834,531660.56,930498.594,0.2791,0.93,5.9766,0.7974,2.2889,2077419.0751,1905233.6751,1496713.0945,36230188.6697,33227275.2937
601166.SH,20190919,17.45,17.53,17.36,17.46,17.44,0.02,0.1147,437385.27,762829.602,0.2296,0.82,5.9835,0.7983,2.2915,2077419.0751,1905233.6751,1496713.0945,36271737.0512,33265379.9672
601166.SH,20190920,17.48,17.61,17.45,17.57,17.46,0.11,0.63,560726.46,984117.019,0.2943,1.1,6.0212,0.8033,2.306,2077419.0751,1905233.6751,1496713.0945,36500253.1495,33474955.6715
601166.SH,20190923,17.54,17.55,17.34,17.48,17.57,-0.09,-0.5122,398808.42,694398.825,0.2093,0.8,5.9903,0.7992,2.2941,2077419.0751,1905233.6751,1496713.0945,36313285.4327,33303484.6407
601166.SH,20190924,17.5,17.55,17.36,17.37,17.48,-0.11,-0.6293,432581.24,754206.385,0.227,0.88,5.9526,0.7942,2.2797,2077419.0751,1905233.6751,1496713.0945,36084769.3345,33093908.9365
601166.SH,20190925,17.35,17.46,17.21,17.32,17.37,-0.05,-0.2879,420790.9,729544.985,0.2209,0.89,5.9355,0.7919,2.2731,2077419.0751,1905233.6751,1496713.0945,35980898.3807,32998647.2527
601166.SH,20190926,17.38,17.7,17.36,17.51,17.32,0.19,1.097,931661.66,1637259.724,0.489,2.07,6.0006,0.8006,2.2981,2077419.0751,1905233.6751,1496713.0945,36375608.005,33360641.651
601166.SH,20190927,17.59,17.73,17.38,17.69,17.51,0.18,1.028,664016.28,1167333.759,0.3485,1.21,6.0623,0.8088,2.3217,2077419.0751,1905233.6751,1496713.0945,36749543.4385,33703583.7125
601166.SH,20190930,17.59,17.8,17.53,17.53,17.69,-0.16,-0.9045,458427.83,810832.948,0.2406,0.8,6.0074,0.8015,2.3007,2077419.0751,1905233.6751,1496713.0945,36417156.3865,33398746.3245
601166.SH,20191008,17.52,18.08,17.51,17.96,17.53,0.43,2.4529,1036159.83,1856852.366,0.5438,1.78,6.1548,0.8212,2.3571,2077419.0751,1905233.6751,1496713.0945,37310446.5888,34217996.8048
601166.SH,20191009,17.84,18.54,17.82,18.3,17.96,0.34,1.8931,1518442.09,2782003.766,0.797,2.16,6.2713,0.8367,2.4018,2077419.0751,1905233.6751,1496713.0945,38016769.0743,34865776.2543
601166.SH,20191010,18.25,18.49,18.22,18.32,18.3,0.02,0.1093,614600.41,1126562.87,0.3226,0.67,6.2782,0.8376,2.4044,2077419.0751,1905233.6751,1496713.0945,38058317.4558,34903880.9278
601166.SH,20191011,18.47,18.77,18.38,18.66,18.32,0.34,1.8559,1070896.96,1988470.957,0.5621,1.25,6.3947,0.8532,2.449,2077419.0751,1905233.6751,1496713.0945,38764639.9414,35551660.3774
601166.SH,20191014,18.82,19.42,18.82,19.01,18.66,0.35,1.8757,1404091.14,2684262.489,0.737,1.49,6.5146,0.8692,2.4949,2077419.0751,1905233.6751,1496713.0945,39491736.6177,36218492.1637
601166.SH,20191015,19.03,19.12,18.88,19.07,19.01,0.06,0.3156,771586.07,1466690.834,0.405,0.68,6.5352,0.8719,2.5028,2077419.0751,1905233.6751,1496713.0945,39616381.7622,36332806.1842
601166.SH,20191016,19.1,19.61,18.93,19.08,19.07,0.01,0.0524,1045713.45,2017638.478,0.5489,0.97,6.5386,0.8724,2.5041,2077419.0751,1905233.6751,1496713.0945,39637155.9529,36351858.5209
601166.SH,20191017,19.08,19.22,18.93,19.03,19.08,-0.05,-0.2621,473956.04,903716.183,0.2488,0.48,6.5215,0.8701,2.4976,2077419.0751,1905233.6751,1496713.0945,39533284.9992,36256596.8372
601166.SH,20191018,19.11,19.31,18.6,18.73,19.03,-0.3,-1.5765,823441.5,1551838.484,0.4322,0.86,6.4187,0.8564,2.4582,2077419.0751,1905233.6751,1496713.0945,38910059.2766,35685026.7346
601166.SH,20191021,18.62,19.07,18.62,19.0,18.73,0.27,1.4415,634118.89,1198908.154,0.3328,0.7,6.5112,0.8687,2.4936,2077419.0751,1905233.6751,1496713.0945,39470962.4269,36199439.8269
601166.SH,20191022,19.08,19.1,18.78,18.93,19.0,-0.07,-0.3684,462298.41,875626.075,0.2426,0.62,6.4872,0.8655,2.4844,2077419.0751,1905233.6751,1496713.0945,39325543.0916,36066073.4696
601166.SH,20191023,18.96,19.06,18.82,18.94,18.93,0.01,0.0528,360835.99,683601.417,0.1894,0.52,6.4906,0.866,2.4858,2077419.0751,1905233.6751,1496713.0945,39346317.2824,36085125.8064
601166.SH,20191024,19.0,19.21,18.9,19.03,18.94,0.09,0.4752,589535.45,1124870.068,0.3094,1.07,6.5215,0.8701,2.4976,2077419.0751,1905233.6751,1496713.0945,39533284.9992,36256596.8372
601166.SH,20191025,18.97,19.0,18.65,18.85,19.03,-0.18,-0.9459,506423.14,951808.722,0.2658,0.88,6.4598,0.8618,2.4739,2077419.0751,1905233.6751,1496713.0945,39159349.5656,35913654.7756
601166.SH,20191028,18.85,19.02,18.65,18.7,18.85,-0.15,-0.7958,530085.3,993675.004,0.2782,1.04,6.4084,0.855,2.4543,2077419.0751,1905233.6751,1496713.0945,38847736.7044,35627869.7244
601166.SH,20191029,18.77,18.8,18.61,18.67,18.7,-0.03,-0.1604,362555.55,677936.373,0.1903,0.74,6.3981,0.8536,2.4503,2077419.0751,1905233.6751,1496713.0945,38785414.1321,35570712.7141
601166.SH,20191030,18.88,19.2,18.76,18.92,18.67,0.25,1.339,963049.59,1826854.765,0.5055,2.05,6.4838,0.8279,2.4831,2077419.0751,1905233.6751,1496713.0945,39304768.9009,36047021.1329
601166.SH,20191031,18.86,18.9,18.63,18.72,18.92,-0.2,-1.0571,499035.74,934413.494,0.2619,0.85,6.4153,0.8191,2.4569,2077419.0751,1905233.6751,1496713.0945,38889285.0859,35665974.3979
601166.SH,20191101,18.79,19.45,18.68,19.39,18.72,0.67,3.5791,1434978.19,2752276.699,0.7532,2.51,6.6449,0.8484,2.5448,2077419.0751,1905233.6751,1496713.0945,40281155.8662,36942480.9602
601166.SH,20191104,19.65,20.01,19.6,19.83,19.39,0.44,2.2692,1201157.2,2377338.731,0.6305,1.58,6.7956,0.8677,2.6026,2077419.0751,1905233.6751,1496713.0945,41195220.2592,37780783.7772
601166.SH,20191105,19.87,20.25,19.75,20.0,19.83,0.17,0.8573,1449322.21,2903542.372,0.7607,1.62,6.8539,0.8751,2.6249,2077419.0751,1905233.6751,1496713.0945,41548381.502,38104673.502
601166.SH,20191106,20.14,20.3,19.89,20.17,20.0,0.17,0.85,1177276.68,2374732.564,0.6179,1.06,6.9122,0.8826,2.6472,2077419.0751,1905233.6751,1496713.0945,41901542.7448,38428563.2268
601166.SH,20191107,20.17,20.29,20.05,20.15,20.17,-0.02,-0.0992,661588.84,1333698.457,0.3472,0.57,6.9053,0.8817,2.6446,2077419.0751,1905233.6751,1496713.0945,41859994.3633,38390458.5533
601166.SH,20191108,20.2,20.25,19.88,19.88,20.15,-0.27,-1.34,736144.19,1474422.428,0.3864,0.62,6.8128,0.8699,2.6091,2077419.0751,1905233.6751,1496713.0945,41299091.213,37876045.461
601166.SH,20191111,19.7,19.87,19.62,19.68,19.88,-0.2,-1.006,725167.96,1430292.872,0.3806,0.69,6.7442,0.8611,2.5829,2077419.0751,1905233.6751,1496713.0945,40883607.398,37494998.726
601166.SH,20191112,19.76,19.9,19.67,19.74,19.68,0.06,0.3049,530989.45,1050382.521,0.2787,0.56,6.7648,0.8637,2.5908,2077419.0751,1905233.6751,1496713.0945,41008252.5425,37609312.7465
601166.SH,20191113,19.74,19.77,19.37,19.5,19.74,-0.24,-1.2158,649305.07,1268631.609,0.3408,0.85,6.6826,0.8532,2.5593,2077419.0751,1905233.6751,1496713.0945,40509671.9645,37152056.6645
601166.SH,20191114,19.57,19.64,19.13,19.27,19.5,-0.23,-1.1795,654488.19,1264099.957,0.3435,0.99,6.6037,0.8432,2.5291,2077419.0751,1905233.6751,1496713.0945,40031865.5772,36713852.9192
601166.SH,20191115,19.42,19.65,19.26,19.47,19.27,0.2,1.0379,593198.66,1156509.261,0.3114,0.9,6.6723,0.8519,2.5553,2077419.0751,1905233.6751,1496713.0945,40447349.3922,37094899.6542
601166.SH,20191118,19.47,19.97,19.45,19.93,19.47,0.46,2.3626,660201.73,1307770.676,0.3465,1.05,6.8299,0.8721,2.6157,2077419.0751,1905233.6751,1496713.0945,41402962.1667,37971307.1447
601166.SH,20191119,19.79,19.96,19.73,19.84,19.93,-0.09,-0.4516,403847.0,801297.375,0.212,0.65,6.7991,0.8681,2.6039,2077419.0751,1905233.6751,1496713.0945,41215994.45,37799836.114
601166.SH,20191120,19.75,19.85,19.11,19.16,19.84,-0.68,-3.4274,857765.65,1664009.852,0.4502,1.45,6.566,0.8384,2.5146,2077419.0751,1905233.6751,1496713.0945,39803349.4789,36504277.2149
601166.SH,20191121,19.03,19.33,18.91,19.14,19.16,-0.02,-0.1044,487242.26,930971.302,0.2557,0.77,6.5592,0.8375,2.512,2077419.0751,1905233.6751,1496713.0945,39761801.0974,36466172.5414
601166.SH,20191122,19.27,19.28,19.0,19.07,19.14,-0.07,-0.3657,429445.77,822878.35,0.2254,0.72,6.5352,0.8344,2.5028,2077419.0751,1905233.6751,1496713.0945,39616381.7622,36332806.1842
601166.SH,20191125,19.2,19.37,19.13,19.31,19.07,0.24,1.2585,384906.26,742560.757,0.202,0.68,6.6174,0.8449,2.5343,2077419.0751,1905233.6751,1496713.0945,40114962.3402,36790062.2662
601166.SH,20191126,19.34,19.37,19.02,19.03,19.31,-0.28,-1.45,570373.76,1090362.457,0.2994,1.11,6.5215,0.8327,2.4976,2077419.0751,1905233.6751,1496713.0945,39533284.9992,36256596.8372
601166.SH,20191127,19.08,19.15,19.0,19.14,19.03,0.11,0.578,423594.03,808624.417,0.2223,0.78,6.5592,0.8375,2.512,2077419.0751,1905233.6751,1496713.0945,39761801.0974,36466172.5414
601166.SH,20191128,19.11,19.16,18.9,18.97,19.14,-0.17,-0.8882,346988.41,659203.489,0.1821,0.76,6.5009,0.8301,2.4897,2077419.0751,1905233.6751,1496713.0945,39408639.8546,36142282.8166
601166.SH,20191129,18.99,19.09,18.82,18.89,18.97,-0.08,-0.4217,406077.91,768071.359,0.2131,0.94,6.4735,0.8266,2.4792,2077419.0751,1905233.6751,1496713.0945,39242446.3286,35989864.1226
601166.SH,20191202,18.94,19.07,18.87,18.92,18.89,0.03,0.1588,298785.56,566518.032,0.1568,0.7,6.4838,0.8279,2.4831,2077419.0751,1905233.6751,1496713.0945,39304768.9009,36047021.1329
601166.SH,20191203,18.84,19.1,18.76,19.06,18.92,0.14,0.74,350965.41,664800.285,0.1842,0.86,6.5318,0.834,2.5015,2077419.0751,1905233.6751,1496713.0945,39595607.5714,36313753.8474
601166.SH,20191204,18.89,19.0,18.76,18.91,19.06,-0.15,-0.787,304120.12,574194.781,0.1596,0.83,6.4804,0.8274,2.4818,2077419.0751,1905233.6751,1496713.0945,39283994.7101,36027968.7961
601166.SH,20191205,18.98,19.1,18.92,19.02,18.91,0.11,0.5817,399067.58,758400.168,0.2095,1.17,6.5181,0.8322,2.4963,2077419.0751,1905233.6751,1496713.0945,39512510.8084,36237544.5004
601166.SH,20191206,19.06,19.07,18.8,18.93,19.02,-0.09,-0.4732,416777.64,787305.075,0.2188,1.18,6.4872,0.8283,2.4844,2077419.0751,1905233.6751,1496713.0945,39325543.0916,36066073.4696
601166.SH,20191209,18.85,18.92,18.8,18.91,18.93,-0.02,-0.1057,426194.97,803227.439,0.2237,1.2,6.4804,0.8274,2.4818,2077419.0751,1905233.6751,1496713.0945,39283994.7101,36027968.7961
601166.SH,20191210,18.81,19.01,18.81,18.86,18.91,-0.05,-0.2644,299071.33,565569.499,0.157,0.79,6.4632,0.8252,2.4753,2077419.0751,1905233.6751,1496713.0945,39180123.7564,35932707.1124
601166.SH,20191211,18.95,19.34,18.9,19.3,18.86,0.44,2.333,640864.69,1227557.981,0.3364,1.74,6.614,0.8445,2.533,2077419.0751,1905233.6751,1496713.0945,40094188.1494,36771009.9294
601166.SH,20191212,19.35,19.35,19.08,19.23,19.3,-0.07,-0.3627,348739.25,669623.631,0.183,0.8,6.59,0.8414,2.5238,2077419.0751,1905233.6751,1496713.0945,39948768.8142,36637643.5722
601166.SH,20191213,19.5,19.61,19.36,19.61,19.23,0.38,1.9761,771185.46,1502819.405,0.4048,1.81,6.7203,0.8581,2.5737,2077419.0751,1905233.6751,1496713.0945,40738188.0627,37361632.3687
601166.SH,20191216,19.51,19.67,19.4,19.64,19.61,0.03,0.153,600883.26,1175554.612,0.3154,1.21,6.7305,0.8594,2.5776,2077419.0751,1905233.6751,1496713.0945,40800510.635,37418789.379
601166.SH,20191217,19.68,20.12,19.55,19.98,19.64,0.34,1.7312,1048870.02,2088745.704,0.5505,1.97,6.8471,0.8742,2.6223,2077419.0751,1905233.6751,1496713.0945,41506833.1205,38066568.8285
601166.SH,20191218,19.92,20.2,19.92,20.0,19.98,0.02,0.1001,606769.9,1218135.839,0.3185,0.89,6.8539,0.8751,2.6249,2077419.0751,1905233.6751,1496713.0945,41548381.502,38104673.502
601166.SH,20191219,20.02,20.18,19.8,19.91,20.0,-0.09,-0.45,553596.16,1106198.121,0.2906,0.82,6.8231,0.8712,2.6131,2077419.0751,1905233.6751,1496713.0945,41361413.7852,37933202.4712
601166.SH,20191220,19.93,20.16,19.93,19.98,19.91,0.07,0.3516,505829.59,1014049.8,0.2655,0.71,6.8471,0.8742,2.6223,2077419.0751,1905233.6751,1496713.0945,41506833.1205,38066568.8285
601166.SH,20191223,20.1,20.15,19.75,19.76,19.98,-0.22,-1.1011,512147.64,1022510.455,0.2688,0.77,6.7717,0.8646,2.5934,2077419.0751,1905233.6751,1496713.0945,41049800.924,37647417.42
601166.SH,20191224,19.82,20.07,19.82,19.9,19.76,0.14,0.7085,467690.41,934162.679,0.2455,0.72,6.8196,0.8707,2.6118,2077419.0751,1905233.6751,1496713.0945,41340639.5945,37914150.1345
601166.SH,20191225,19.9,19.93,19.64,19.76,19.9,-0.14,-0.7035,384719.38,761376.569,0.2019,0.73,6.7717,0.8646,2.5934,2077419.0751,1905233.6751,1496713.0945,41049800.924,37647417.42
601166.SH,20191226,19.71,19.98,19.71,19.96,19.76,0.2,1.0121,344330.43,684590.774,0.1807,0.71,6.8402,0.8734,2.6196,2077419.0751,1905233.6751,1496713.0945,41465284.739,38028464.155
601166.SH,20191227,19.91,20.25,19.9,19.96,19.96,0.0,0.0,673997.99,1353494.823,0.3538,1.52,6.8402,0.8734,2.6196,2077419.0751,1905233.6751,1496713.0945,41465284.739,38028464.155
601166.SH,20191230,19.8,19.84,19.44,19.76,19.96,-0.2,-1.002,1145987.68,2250047.238,0.6015,2.4,6.7717,0.8646,2.5934,2077419.0751,1905233.6751,1496713.0945,41049800.924,37647417.42
601166.SH,20191231,19.74,19.81,19.55,19.8,19.76,0.04,0.2024,542591.76,1067697.202,0.2848,0.9,6.7854,0.8664,2.5986,2077419.0751,1905233.6751,1496713.0945,41132897.687,37723626.767
601166.SH,20200102,20.07,20.42,20.05,20.21,19.8,0.41,2.0707,1130028.43,2290358.487,0.5931,1.83,6.9259,0.8843,2.6524,2077419.0751,1905233.6751,1496713.0945,41984639.5078,38504772.5738
601166.SH,20200103,20.2,20.3,20.1,20.14,20.21,-0.07,-0.3464,659291.02,1331182.965,0.346,0.86,6.9019,0.8812,2.6433,2077419.0751,1905233.6751,1496713.0945,41839220.1725,38371406.2165
601166.SH,20200106,20.06,20.24,19.85,19.91,20.14,-0.23,-1.142,709164.86,1423391.729,0.3722,0.85,6.8231,0.8712,2.6131,2077419.0751,1905233.6751,1496713.0945,41361413.7852,37933202.4712
601166.SH,20200107,20.0,20.25,19.86,19.99,19.91,0.08,0.4018,561162.55,1124203.504,0.2945,0.67,6.8505,0.8747,2.6236,2077419.0751,1905233.6751,1496713.0945,41527607.3112,38085621.1652
601166.SH,20200108,19.85,19.94,19.53,19.58,19.99,-0.41,-2.051,881731.51,1735240.172,0.4628,1.22,6.71,0.8567,2.5698,2077419.0751,1905233.6751,1496713.0945,40675865.4905,37304475.3585
601166.SH,20200109,19.77,19.8,19.57,19.68,19.58,0.1,0.5107,663379.25,1304306.204,0.3482,0.84,6.7442,0.8611,2.5829,2077419.0751,1905233.6751,1496713.0945,40883607.398,37494998.726
601166.SH,20200110,19.7,19.74,19.57,19.69,19.68,0.01,0.0508,423807.46,831765.638,0.2224,0.61,6.7477,0.8616,2.5842,2077419.0751,1905233.6751,1496713.0945,40904381.5887,37514051.0627
601166.SH,20200113,19.69,19.71,19.51,19.7,19.69,0.01,0.0508,600183.24,1176849.613,0.315,0.93,6.7511,0.862,2.5855,2077419.0751,1905233.6751,1496713.0945,40925155.7795,37533103.3995
601166.SH,20200114,19.8,19.97,19.71,19.75,19.7,0.05,0.2538,537640.3,1066672.63,0.2822,0.86,6.7682,0.8642,2.5921,2077419.0751,1905233.6751,1496713.0945,41029026.7332,37628365.0832
601166.SH,20200115,19.78,19.79,19.42,19.49,19.75,-0.26,-1.3165,600021.1,1172825.746,0.3149,0.97,6.6791,0.8528,2.5579,2077419.0751,1905233.6751,1496713.0945,40488897.7737,37133004.3277
601166.SH,20200116,19.53,19.6,19.19,19.27,19.49,-0.22,-1.1288,827358.39,1597885.337,0.4343,1.46,6.6037,0.8241,2.5291,2077419.0751,1905233.6751,1496713.0945,40031865.5772,36713852.9192
601166.SH,20200117,19.27,19.41,19.18,19.25,19.27,-0.02,-0.1038,440442.57,848596.629,0.2312,0.74,6.5969,0.8232,2.5264,2077419.0751,1905233.6751,1496713.0945,39990317.1957,36675748.2457
601166.SH,20200120,19.28,19.42,19.22,19.4,19.25,0.15,0.7792,429895.86,831843.655,0.2256,0.72,6.6483,0.8297,2.5461,2077419.0751,1905233.6751,1496713.0945,40301930.0569,36961533.2969
601166.SH,20200121,19.3,19.33,19.02,19.07,19.4,-0.33,-1.701,610756.49,1168831.054,0.3206,1.08,6.5352,0.8155,2.5028,2077419.0751,1905233.6751,1496713.0945,39616381.7622,36332806.1842
601166.SH,20200122,19.02,19.23,18.93,19.13,19.07,0.06,0.3146,553543.18,1055726.404,0.2905,0.95,6.5558,0.8181,2.5107,2077419.0751,1905233.6751,1496713.0945,39741026.9067,36447120.2047
601166.SH,20200123,19.01,19.02,18.51,18.59,19.13,-0.54,-2.8228,1085586.74,2034260.697,0.5698,1.9,6.3707,0.795,2.4398,2077419.0751,1905233.6751,1496713.0945,38619220.6061,35418294.0201
601166.SH,20200203,16.81,17.66,16.8,17.11,18.59,-1.48,-7.9613,1629058.8,2791856.664,0.855,2.61,5.8635,0.7317,2.2456,2077419.0751,1905233.6751,1496713.0945,35544640.375,32598548.181
601166.SH,20200204,17.21,17.62,17.18,17.54,17.11,0.43,2.5132,1000232.31,1739864.373,0.525,1.16,6.0109,0.7501,2.302,2077419.0751,1905233.6751,1496713.0945,36437930.5773,33417798.6613
601166.SH,20200205,17.56,17.64,17.36,17.53,17.54,-0.01,-0.057,886398.52,1552795.389,0.4652,0.91,6.0074,0.7497,2.3007,2077419.0751,1905233.6751,1496713.0945,36417156.3865,33398746.3245
601166.SH,20200206,17.65,17.75,17.45,17.66,17.53,0.13,0.7416,723494.73,1271588.675,0.3797,0.7,6.052,0.7552,2.3178,2077419.0751,1905233.6751,1496713.0945,36687220.8663,33646426.7023
601166.SH,20200207,17.47,17.64,17.39,17.61,17.66,-0.05,-0.2831,599834.75,1048985.911,0.3148,0.56,6.0349,0.7531,2.3112,2077419.0751,1905233.6751,1496713.0945,36583349.9125,33551165.0185
601166.SH,20200210,17.46,17.56,17.43,17.52,17.61,-0.09,-0.5111,507002.27,887371.511,0.2661,0.52,6.004,0.7493,2.2994,2077419.0751,1905233.6751,1496713.0945,36396382.1958,33379693.9878
601166.SH,20200211,17.6,17.85,17.59,17.69,17.52,0.17,0.9703,616391.6,1094285.877,0.3235,0.83,6.0623,0.7565,2.3217,2077419.0751,1905233.6751,1496713.0945,36749543.4385,33703583.7125
601166.SH,20200212,17.74,17.75,17.56,17.72,17.69,0.03,0.1696,432807.5,764282.843,0.2272,0.65,6.0726,0.7578,2.3256,2077419.0751,1905233.6751,1496713.0945,36811866.0108,33760740.7228
601166.SH,20200213,17.7,17.75,17.54,17.58,17.72,-0.14,-0.7901,502737.55,886978.584,0.2639,0.87,6.0246,0.7518,2.3073,2077419.0751,1905233.6751,1496713.0945,36521027.3403,33494008.0083
601166.SH,20200214,17.53,17.8,17.51,17.75,17.58,0.17,0.967,525851.93,927995.703,0.276,0.99,6.0828,0.7591,2.3296,2077419.0751,1905233.6751,1496713.0945,36874188.583,33817897.733
601166.SH,20200217,17.77,18.19,17.67,18.15,17.75,0.4,2.2535,868213.74,1559141.479,0.4557,1.68,6.2199,0.7762,2.3821,2077419.0751,1905233.6751,1496713.0945,37705156.2131,34579991.2031
601166.SH,20200218,18.07,18.14,17.85,17.9,18.15,-0.25,-1.3774,623145.52,1120382.226,0.3271,1.06,6.1342,0.7655,2.3493,2077419.0751,1905233.6751,1496713.0945,37185801.4443,34103682.7843
601166.SH,20200219,17.91,18.08,17.81,17.89,17.9,-0.01,-0.0559,449353.14,806325.73,0.2359,0.76,6.1308,0.7651,2.348,2077419.0751,1905233.6751,1496713.0945,37165027.2535,34084630.4475
601166.SH,20200220,17.95,18.22,17.85,18.15,17.89,0.26,1.4533,750344.13,1351179.61,0.3938,1.26,6.2199,0.7762,2.3821,2077419.0751,1905233.6751,1496713.0945,37705156.2131,34579991.2031
601166.SH,20200221,18.04,18.26,18.01,18.08,18.15,-0.07,-0.3857,678190.1,1227613.882,0.356,1.05,6.1959,0.7732,2.3729,2077419.0751,1905233.6751,1496713.0945,37559736.8778,34446624.8458
601166.SH,20200224,18.01,18.1,17.83,17.84,18.08,-0.24,-1.3274,734825.58,1316400.626,0.3857,1.09,6.1137,0.7629,2.3414,2077419.0751,1905233.6751,1496713.0945,37061156.2998,33989368.7638
601166.SH,20200225,17.65,17.83,17.55,17.71,17.84,-0.13,-0.7287,757242.67,1336982.983,0.3975,1.17,6.0691,0.7574,2.3243,2077419.0751,1905233.6751,1496713.0945,36791091.82,33741688.386
601166.SH,20200226,17.56,17.93,17.5,17.7,17.71,-0.01,-0.0565,831587.27,1472875.198,0.4365,1.23,6.0657,0.757,2.323,2077419.0751,1905233.6751,1496713.0945,36770317.6293,33722636.0493
601166.SH,20200227,17.74,17.88,17.71,17.82,17.7,0.12,0.678,617473.48,1097942.257,0.3241,0.82,6.1068,0.7621,2.3388,2077419.0751,1905233.6751,1496713.0945,37019607.9183,33951264.0903
601166.SH,20200228,17.63,17.76,17.24,17.29,17.82,-0.53,-2.9742,875387.56,1525898.44,0.4595,1.21,5.9252,0.7394,2.2692,2077419.0751,1905233.6751,1496713.0945,35918575.8085,32941490.2425
601166.SH,20200302,17.39,17.65,17.31,17.59,17.29,0.3,1.7351,763937.6,1337910.166,0.401,1.0,6.028,0.7523,2.3086,2077419.0751,1905233.6751,1496713.0945,36541801.531,33513060.345
601166.SH,20200303,17.71,17.8,17.61,17.66,17.59,0.07,0.398,629252.89,1113133.864,0.3303,0.82,6.052,0.7552,2.3178,2077419.0751,1905233.6751,1496713.0945,36687220.8663,33646426.7023
601166.SH,20200304,17.65,17.73,17.53,17.71,17.66,0.05,0.2831,530511.04,934190.094,0.2784,0.71,6.0691,0.7574,2.3243,2077419.0751,1905233.6751,1496713.0945,36791091.82,33741688.386
601166.SH,20200305,17.82,18.34,17.73,18.29,17.71,0.58,3.275,1198413.66,2168418.88,0.629,1.75,6.2679,0.7822,2.4004,2077419.0751,1905233.6751,1496713.0945,37995994.8836,34846723.9176
601166.SH,20200306,18.1,18.19,17.9,17.92,18.29,-0.37,-2.023,698956.75,1258842.042,0.3669,0.87,6.1411,0.7664,2.3519,2077419.0751,1905233.6751,1496713.0945,37227349.8258,34141787.4578
601166.SH,20200309,17.6,17.6,17.33,17.37,17.92,-0.55,-3.0692,973017.77,1693659.332,0.5107,1.27,5.9526,0.7428,2.2797,2077419.0751,1905233.6751,1496713.0945,36084769.3345,33093908.9365
601166.SH,20200310,17.37,17.64,17.29,17.57,17.37,0.2,1.1514,758353.2,1328221.225,0.398,0.94,6.0212,0.7514,2.306,2077419.0751,1905233.6751,1496713.0945,36500253.1495,33474955.6715
601166.SH,20200311,17.61,17.63,17.34,17.35,17.57,-0.22,-1.2521,641697.22,1120633.048,0.3368,0.77,5.9458,0.742,2.2771,2077419.0751,1905233.6751,1496713.0945,36043220.953,33055804.263
601166.SH,20200312,17.33,17.44,17.14,17.19,17.35,-0.16,-0.9222,757275.04,1305807.877,0.3975,0.89,5.8909,0.7351,2.2561,2077419.0751,1905233.6751,1496713.0945,35710833.901,32750966.875
601166.SH,20200313,16.6,16.98,16.47,16.86,17.19,-0.33,-1.9197,1305322.8,2177467.09,0.6851,1.7,5.7778,0.721,2.2128,2077419.0751,1905233.6751,1496713.0945,35025285.6062,32122239.7622
601166.SH,20200316,16.87,16.88,16.16,16.21,16.86,-0.65,-3.8553,1065125.74,1754845.887,0.5591,1.2,5.5551,0.6932,2.1275,2077419.0751,1905233.6751,1496713.0945,33674963.2074,30883837.8734
601166.SH,20200317,16.2,16.55,15.92,16.11,16.21,-0.1,-0.6169,895909.55,1445509.823,0.4702,0.99,5.5208,0.689,2.1143,2077419.0751,1905233.6751,1496713.0945,33467221.2999,30693314.5059
601166.SH,20200318,16.17,16.27,15.67,15.7,16.11,-0.41,-2.545,817471.78,1309487.295,0.4291,0.88,5.3803,0.6714,2.0605,2077419.0751,1905233.6751,1496713.0945,32615479.4791,29912168.6991
601166.SH,20200319,15.57,15.68,14.93,15.01,15.7,-0.69,-4.3949,1693450.51,2569271.971,0.8888,1.75,5.1439,0.6419,1.97,2077419.0751,1905233.6751,1496713.0945,31182060.3173,28597557.4633
601166.SH,20200320,15.2,15.59,15.08,15.4,15.01,0.39,2.5983,1063742.57,1630239.16,0.5583,0.92,5.2775,0.6586,2.0212,2077419.0751,1905233.6751,1496713.0945,31992253.7565,29340598.5965
601166.SH,20200323,15.0,15.21,14.96,15.01,15.4,-0.39,-2.5325,856805.16,1290322.31,0.4497,0.77,5.1439,0.6419,1.97,2077419.0751,1905233.6751,1496713.0945,31182060.3173,28597557.4633
601166.SH,20200324,15.37,15.48,15.22,15.43,15.01,0.42,2.7981,829557.34,1275817.806,0.4354,0.78,5.2878,0.6599,2.0251,2077419.0751,1905233.6751,1496713.0945,32054576.3288,29397755.6068
601166.SH,20200325,15.76,15.91,15.6,15.83,15.43,0.4,2.5924,869302.52,1369723.969,0.4563,0.83,5.4249,0.677,2.0776,2077419.0751,1905233.6751,1496713.0945,32885543.9588,30159849.0768
601166.SH,20200326,15.8,16.58,15.72,16.19,15.83,0.36,2.2742,1173569.64,1903645.421,0.616,1.1,5.5482,0.6924,2.1248,2077419.0751,1905233.6751,1496713.0945,33633414.8259,30845733.1999
601166.SH,20200327,16.4,16.48,16.21,16.28,16.19,0.09,0.5559,584062.33,953482.157,0.3066,0.61,5.5791,0.6962,2.1366,2077419.0751,1905233.6751,1496713.0945,33820382.5426,31017204.2306
601166.SH,20200330,16.08,16.23,16.0,16.2,16.28,-0.08,-0.4914,542149.81,873850.642,0.2846,0.63,5.5517,0.6928,2.1261,2077419.0751,1905233.6751,1496713.0945,33654189.0166,30864785.5366
601166.SH,20200331,16.29,16.36,15.9,15.91,16.2,-0.29,-1.7901,523816.33,842284.757,0.2749,0.65,5.4523,0.6804,2.0881,2077419.0751,1905233.6751,1496713.0945,33051737.4848,30312267.7708
601166.SH,20200401,15.92,16.18,15.91,15.96,15.91,0.05,0.3143,498923.28,800570.613,0.2619,0.68,5.4694,0.6825,2.0947,2077419.0751,1905233.6751,1496713.0945,33155608.4386,30407529.4546
601166.SH,20200402,15.9,16.07,15.85,16.07,15.96,0.11,0.6892,403485.52,645266.862,0.2118,0.61,5.5071,0.6872,2.1091,2077419.0751,1905233.6751,1496713.0945,33384124.5369,30617105.1589
601166.SH,20200403,16.03,16.1,15.9,16.06,16.07,-0.01,-0.0622,420807.65,673144.402,0.2209,0.82,5.5037,0.6868,2.1078,2077419.0751,1905233.6751,1496713.0945,33363350.3461,30598052.8221
601166.SH,20200407,16.28,16.36,16.16,16.21,16.06,0.15,0.934,660678.23,1073613.739,0.3368,1.38,5.5551,0.6932,2.1275,2077419.0751,1961525.0551,1553004.4745,33674963.2074,31796321.1432
601166.SH,20200408,16.12,16.19,16.0,16.05,16.21,-0.16,-0.987,400590.89,643968.391,0.2042,0.8,5.5003,0.6864,2.1065,2077419.0751,1961525.0551,1553004.4745,33342576.1554,31482477.1344
601166.SH,20200409,16.14,16.16,16.01,16.03,16.05,-0.02,-0.1246,271030.32,435104.253,0.1382,0.57,5.4934,0.6855,2.1038,2077419.0751,1961525.0551,1553004.4745,33301027.7739,31443246.6333
601166.SH,20200410,16.04,16.25,15.98,16.15,16.03,0.12,0.7486,457052.56,737178.008,0.233,1.06,5.5345,0.6907,2.1196,2077419.0751,1961525.0551,1553004.4745,33550318.0629,31678629.6399
601166.SH,20200413,16.07,16.08,15.89,15.95,16.15,-0.2,-1.2384,375619.7,599264.21,0.1915,0.85,5.466,0.6821,2.0933,2077419.0751,1961525.0551,1553004.4745,33134834.2478,31286324.6288
601166.SH,20200414,16.03,16.14,15.92,16.14,15.95,0.19,1.1912,564654.13,904243.926,0.2879,1.3,5.5311,0.6902,2.1183,2077419.0751,1961525.0551,1553004.4745,33529543.8721,31659014.3893
601166.SH,20200415,16.12,16.12,15.98,16.0,16.14,-0.14,-0.8674,333362.66,534083.319,0.17,0.81,5.4831,0.6843,2.0999,2077419.0751,1961525.0551,1553004.4745,33238705.2016,31384400.8816
601166.SH,20200416,15.93,15.99,15.85,15.92,16.0,-0.08,-0.5,381000.14,606019.065,0.1942,0.95,5.4557,0.6808,2.0894,2077419.0751,1961525.0551,1553004.4745,33072511.6756,31227478.8772
601166.SH,20200417,16.02,16.14,15.93,16.06,15.92,0.14,0.8794,613899.5,984508.053,0.313,1.45,5.5037,0.6868,2.1078,2077419.0751,1961525.0551,1553004.4745,33363350.3461,31502092.3849
601166.SH,20200420,16.01,16.03,15.85,15.93,16.06,-0.13,-0.8095,555806.15,884876.578,0.2834,1.23,5.4591,0.6813,2.0907,2077419.0751,1961525.0551,1553004.4745,33093285.8663,31247094.1277
601166.SH,20200421,15.89,15.99,15.77,15.8,15.93,-0.13,-0.8161,411480.11,652686.903,0.2098,0.84,5.4146,0.6757,2.0737,2077419.0751,1961525.0551,1553004.4745,32823221.3866,30992095.8706
601166.SH,20200422,15.8,15.82,15.68,15.8,15.8,0.0,0.0,362422.25,570712.156,0.1848,0.79,5.4146,0.6757,2.0737,2077419.0751,1961525.0551,1553004.4745,32823221.3866,30992095.8706
601166.SH,20200423,15.85,15.87,15.68,15.71,15.8,-0.09,-0.5696,337783.6,531942.068,0.1722,0.73,5.3837,0.6719,2.0618,2077419.0751,1961525.0551,1553004.4745,32636253.6698,30815558.6156
601166.SH,20200424,15.74,15.74,15.57,15.62,15.71,-0.09,-0.5729,390999.83,611352.152,0.1993,0.86,5.3529,0.668,2.05,2077419.0751,1961525.0551,1553004.4745,32449285.9531,30639021.3607
601166.SH,20200427,15.73,16.1,15.69,16.02,15.62,0.4,2.5608,659796.64,1055404.312,0.3364,1.6,5.49,0.6851,2.1025,2077419.0751,1961525.0551,1553004.4745,33280253.5831,31423631.3827
601166.SH,20200428,16.07,16.09,15.87,16.09,16.02,0.07,0.437,473700.14,758389.498,0.2415,1.1,5.514,0.6881,2.1117,2077419.0751,1961525.0551,1553004.4745,33425672.9184,31560938.1366
601166.SH,20200429,16.0,16.55,15.98,16.51,16.09,0.42,2.6103,930777.39,1524542.342,0.4745,2.09,5.2071,0.6761,1.8917,2077419.0751,1961525.0551,1553004.4745,34298188.9299,32384778.6597
601166.SH,20200430,16.56,16.89,16.53,16.62,16.51,0.11,0.6663,597440.26,997621.048,0.3046,1.07,5.2418,0.6806,1.9043,2077419.0751,1961525.0551,1553004.4745,34526705.0282,32600546.4158
601166.SH,20200506,16.33,16.45,16.18,16.33,16.62,-0.29,-1.7449,686181.99,1118479.603,0.3498,1.12,5.1503,0.6687,1.8711,2077419.0751,1961525.0551,1553004.4745,33924253.4964,32031704.1498
601166.SH,20200507,16.33,16.33,16.14,16.16,16.33,-0.17,-1.041,489017.56,792596.89,0.2493,0.73,5.0967,0.6618,1.8516,2077419.0751,1961525.0551,1553004.4745,33571092.2536,31698244.8904
601166.SH,20200508,16.26,16.52,16.21,16.37,16.16,0.21,1.2995,499029.68,816729.093,0.2544,0.79,5.163,0.6704,1.8757,2077419.0751,1961525.0551,1553004.4745,34007350.2594,32110165.152
601166.SH,20200511,16.39,16.53,16.35,16.39,16.37,0.02,0.1222,438174.2,719941.212,0.2234,0.68,5.1693,0.6712,1.878,2077419.0751,1961525.0551,1553004.4745,34048898.6409,32149395.6531
601166.SH,20200512,16.4,16.49,16.21,16.24,16.39,-0.15,-0.9152,404259.63,659633.9,0.2061,0.75,5.122,0.665,1.8608,2077419.0751,1961525.0551,1553004.4745,33737285.7796,31855166.8948
601166.SH,20200513,16.18,16.27,16.13,16.25,16.24,0.01,0.0616,316943.85,513161.677,0.1616,0.63,5.1251,0.6654,1.8619,2077419.0751,1961525.0551,1553004.4745,33758059.9704,31874782.1454
601166.SH,20200514,16.2,16.2,15.99,16.02,16.25,-0.23,-1.4154,434471.49,697911.208,0.2215,1.01,5.0526,0.656,1.8356,2077419.0751,1961525.0551,1553004.4745,33280253.5831,31423631.3827
601166.SH,20200515,16.12,16.15,16.01,16.05,16.02,0.03,0.1873,294672.9,473500.48,0.1502,0.7,5.062,0.6573,1.839,2077419.0751,1961525.0551,1553004.4745,33342576.1554,31482477.1344
601166.SH,20200518,16.03,16.15,15.93,16.03,16.05,-0.02,-0.1246,373443.29,598848.251,0.1904,0.99,5.0557,0.6564,1.8367,2077419.0751,1961525.0551,1553004.4745,33301027.7739,31443246.6333
601166.SH,20200519,16.25,16.31,16.09,16.12,16.03,0.09,0.5614,363097.35,586689.068,0.1851,1.0,5.0841,0.6601,1.847,2077419.0751,1961525.0551,1553004.4745,33487995.4906,31619783.8882
601166.SH,20200520,16.12,16.24,16.03,16.2,16.12,0.08,0.4963,401388.09,648280.616,0.2046,1.13,5.1093,0.6634,1.8562,2077419.0751,1961525.0551,1553004.4745,33654189.0166,31776705.8926
601166.SH,20200521,16.24,16.34,16.09,16.11,16.2,-0.09,-0.5556,404336.18,656129.306,0.2061,1.08,5.081,0.6597,1.8459,2077419.0751,1961525.0551,1553004.4745,33467221.2999,31600168.6377
601166.SH,20200522,16.08,16.13,15.75,15.78,16.11,-0.33,-2.0484,644870.78,1027372.863,0.3288,1.76,4.9769,0.6462,1.8081,2077419.0751,1961525.0551,1553004.4745,32781673.0051,30952865.3695
601166.SH,20200525,15.95,15.95,15.68,15.84,15.78,0.06,0.3802,326549.53,515389.767,0.1665,0.75,4.9958,0.6487,1.8149,2077419.0751,1961525.0551,1553004.4745,32906318.1496,31070556.8728
601166.SH,20200526,15.9,15.91,15.8,15.86,15.84,0.02,0.1263,310659.46,492449.721,0.1584,0.73,5.0021,0.6495,1.8172,2077419.0751,1961525.0551,1553004.4745,32947866.5311,31109787.3739
601166.SH,20200527,15.9,16.09,15.85,15.95,15.86,0.09,0.5675,327879.96,523732.398,0.1672,0.79,5.0305,0.6532,1.8275,2077419.0751,1961525.0551,1553004.4745,33134834.2478,31286324.6288
601166.SH,20200528,15.99,16.29,15.98,16.15,15.95,0.2,1.2539,530129.06,856747.285,0.2703,1.32,5.0936,0.6613,1.8505,2077419.0751,1961525.0551,1553004.4745,33550318.0629,31678629.6399
601166.SH,20200529,16.05,16.11,15.97,16.1,16.15,-0.05,-0.3096,457093.64,732841.665,0.233,1.07,5.0778,0.6593,1.8447,2077419.0751,1961525.0551,1553004.4745,33446447.1091,31580553.3871
601166.SH,20200601,16.15,16.3,16.11,16.27,16.1,0.17,1.0559,673009.02,1093472.539,0.3431,1.72,5.1314,0.6663,1.8642,2077419.0751,1961525.0551,1553004.4745,33799608.3519,31914012.6465
601166.SH,20200602,16.2,16.44,16.2,16.39,16.27,0.12,0.7376,566744.67,925109.82,0.2889,1.23,5.1693,0.6712,1.878,2077419.0751,1961525.0551,1553004.4745,34048898.6409,32149395.6531
601166.SH,20200603,16.49,16.72,16.33,16.33,16.39,-0.06,-0.3661,700460.65,1155964.922,0.3571,1.37,5.1503,0.6687,1.8711,2077419.0751,1961525.0551,1553004.4745,33924253.4964,32031704.1498
601166.SH,20200604,16.42,16.44,16.23,16.25,16.33,-0.08,-0.4899,404546.58,659114.221,0.2062,0.69,5.1251,0.6654,1.8619,2077419.0751,1961525.0551,1553004.4745,33758059.9704,31874782.1454
601166.SH,20200605,16.3,16.31,16.13,16.21,16.25,-0.04,-0.2462,413355.33,669073.09,0.2107,0.74,5.1125,0.6638,1.8573,2077419.0751,1961525.0551,1553004.4745,33674963.2074,31796321.1432
601166.SH,20200608,16.23,16.35,16.13,16.15,16.21,-0.06,-0.3701,674492.91,1093345.009,0.3439,1.22,5.0936,0.6613,1.8505,2077419.0751,1961525.0551,1553004.4745,33550318.0629,31678629.6399
601166.SH,20200609,16.17,16.27,16.11,16.25,16.15,0.1,0.6192,533386.72,864213.479,0.2719,0.97,5.1251,0.6654,1.8619,2077419.0751,1961525.0551,1553004.4745,33758059.9704,31874782.1454
601166.SH,20200610,16.25,16.25,16.0,16.02,16.25,-0.23,-1.4154,708812.18,1139326.706,0.3614,1.3,5.0526,0.656,1.8356,2077419.0751,1961525.0551,1553004.4745,33280253.5831,31423631.3827
601166.SH,20200611,16.03,16.05,15.77,15.81,16.02,-0.21,-1.3109,859128.61,1364964.29,0.438,1.57,4.9863,0.6474,1.8115,2077419.0751,1961525.0551,1553004.4745,32843995.5773,31011711.1211
601166.SH,20200612,15.69,15.97,15.66,15.97,15.81,0.16,1.012,936448.54,1475626.737,0.4774,1.47,5.0368,0.654,1.8298,2077419.0751,1961525.0551,1553004.4745,33176382.6293,31325555.1299
601166.SH,20200615,15.77,15.8,15.63,15.63,15.97,-0.34,-2.129,867763.65,1361883.903,0.4424,1.17,4.9296,0.6401,1.7909,2077419.0751,1961525.0551,1553004.4745,32470060.1438,30658636.6112
601166.SH,20200616,15.73,15.81,15.69,15.77,15.63,0.14,0.8957,529170.66,832732.548,0.2698,0.68,4.9737,0.6458,1.8069,2077419.0751,1961525.0551,1553004.4745,32760898.8143,30933250.1189
601166.SH,20200617,15.74,15.77,15.68,15.74,15.77,-0.03,-0.1902,459363.74,721960.91,0.2342,0.59,4.9643,0.6446,1.8035,2077419.0751,1961525.0551,1553004.4745,32698576.2421,30874404.3673
601166.SH,20200618,15.62,15.79,15.55,15.75,15.74,0.01,0.0635,661198.72,1036353.629,0.3371,0.91,4.9674,0.645,1.8046,2077419.0751,1961525.0551,1553004.4745,32719350.4328,30894019.6178
601166.SH,20200619,15.75,15.79,15.65,15.77,15.75,0.02,0.127,884483.52,1390518.381,0.4509,1.28,4.9737,0.6458,1.8069,2077419.0751,1961525.0551,1553004.4745,32760898.8143,30933250.1189
601166.SH,20200622,15.74,15.79,15.66,15.68,15.77,-0.09,-0.5707,717428.43,1127359.064,0.3658,1.05,4.9453,0.6421,1.7966,2077419.0751,1961525.0551,1553004.4745,32573931.0976,30756712.864
601166.SH,20200623,15.67,15.69,15.58,15.59,15.68,-0.09,-0.574,585167.53,914205.617,0.2983,0.9,4.9169,0.6384,1.7863,2077419.0751,1961525.0551,1553004.4745,32386963.3808,30580175.609
601166.SH,20200624,15.67,15.87,15.64,15.84,15.59,0.25,1.6036,866838.12,1366846.578,0.4419,1.31,4.9958,0.6487,1.8149,2077419.0751,1961525.0551,1553004.4745,32906318.1496,31070556.8728
601166.SH,20200629,15.91,16.01,15.73,15.79,15.84,-0.05,-0.3157,830137.15,1315854.74,0.4232,1.12,4.98,0.6466,1.8092,2077419.0751,1961525.0551,1553004.4745,32802447.1958,30972480.62
601166.SH,20200630,15.87,15.9,15.73,15.78,15.79,-0.01,-0.0633,533325.54,841812.744,0.2719,0.69,4.9769,0.6462,1.8081,2077419.0751,1961525.0551,1553004.4745,32781673.0051,30952865.3695
601166.SH,20200701,15.82,16.21,15.77,16.15,15.78,0.37,2.3447,1115848.39,1786129.224,0.5689,1.58,5.0936,0.6613,1.8505,2077419.0751,1961525.0551,1553004.4745,33550318.0629,31678629.6399
601166.SH,20200702,16.1,16.55,16.06,16.55,16.15,0.4,2.4768,1501594.63,2451708.307,0.7655,1.91,5.2197,0.6777,1.8963,2077419.0751,1961525.0551,1553004.4745,34381285.6929,32463239.6619
601166.SH,20200703,16.66,17.0,16.57,16.97,16.55,0.42,2.5378,1661936.65,2796475.536,0.8473,1.71,5.3522,0.6949,1.9444,2077419.0751,1961525.0551,1553004.4745,35253801.7044,33287080.185
601166.SH,20200706,17.18,18.67,17.18,18.63,16.97,1.66,9.782,3530792.91,6335827.553,1.8,3.13,5.8757,0.7629,2.1346,2077419.0751,1961525.0551,1553004.4745,38702317.3691,36543211.7765
601166.SH,20200707,18.95,19.34,18.3,18.35,18.63,-0.28,-1.503,2803916.88,5262406.679,1.4295,1.68,5.7874,0.7514,2.1025,2077419.0751,1961525.0551,1553004.4745,38120640.0281,35993984.7611
601166.SH,20200708,18.43,18.87,18.28,18.63,18.35,0.28,1.5259,2177523.56,4035493.335,1.1101,1.03,5.8757,0.7629,2.1346,2077419.0751,1961525.0551,1553004.4745,38702317.3691,36543211.7765
601166.SH,20200709,18.55,18.58,18.25,18.35,18.63,-0.28,-1.503,1859667.99,3413936.544,0.9481,0.8,5.7874,0.7514,2.1025,2077419.0751,1961525.0551,1553004.4745,38120640.0281,35993984.7611
601166.SH,20200710,18.25,18.3,17.52,17.6,18.35,-0.75,-4.0872,2079909.67,3712178.757,1.0604,0.86,5.5509,0.7207,2.0166,2077419.0751,1961525.0551,1553004.4745,36562575.7218,34522840.9698
601166.SH,20200713,17.46,17.8,17.34,17.51,17.6,-0.09,-0.5114,2073036.09,3635370.122,1.0568,0.83,5.5225,0.717,2.0063,2077419.0751,1961525.0551,1553004.4745,36375608.005,34346303.7148
601166.SH,20200714,17.52,17.6,17.18,17.35,17.51,-0.16,-0.9138,1693897.18,2945634.618,0.8636,0.77,5.472,0.7105,1.988,2077419.0751,1961525.0551,1553004.4745,36043220.953,34032459.706
601166.SH,20200715,16.78,16.78,16.23,16.24,16.59,-0.35,-2.1097,1702032.94,2792784.581,0.8677,0.86,5.122,0.6865,1.8608,2077419.0751,1961525.0551,1553004.4745,33737285.7796,31855166.8948
601166.SH,20200716,16.32,16.58,16.1,16.12,16.24,-0.12,-0.7389,1352205.5,2208955.521,0.6894,0.72,5.0841,0.6814,1.847,2077419.0751,1961525.0551,1553004.4745,33487995.4906,31619783.8882
601166.SH,20200717,16.27,16.35,15.97,16.09,16.12,-0.03,-0.1861,956754.73,1539261.699,0.4878,0.54,5.0746,0.6801,1.8436,2077419.0751,1961525.0551,1553004.4745,33425672.9184,31560938.1366
601166.SH,20200720,16.24,16.56,16.06,16.48,16.09,0.39,2.4239,1434910.1,2343219.3,0.7315,0.92,5.1976,0.6966,1.8883,2077419.0751,1961525.0551,1553004.4745,34235866.3576,32325932.908
601166.SH,20200721,16.51,16.51,16.27,16.35,16.48,-0.13,-0.7888,799021.33,1306261.323,0.4073,0.56,5.1566,0.6911,1.8734,2077419.0751,1961525.0551,1553004.4745,33965801.8779,32070934.6509
601166.SH,20200722,16.36,16.55,16.23,16.28,16.35,-0.07,-0.4281,1256328.65,2055780.308,0.6405,1.01,5.1346,0.6881,1.8654,2077419.0751,1961525.0551,1553004.4745,33820382.5426,31933627.897
601166.SH,20200723,16.16,16.23,15.9,15.99,16.28,-0.29,-1.7813,1160405.15,1859483.422,0.5916,1.0,5.0431,0.6759,1.8321,2077419.0751,1961525.0551,1553004.4745,33217931.0108,31364785.631
601166.SH,20200724,15.95,15.98,15.6,15.66,15.99,-0.33,-2.0638,1373553.78,2165850.428,0.7002,1.22,4.939,0.6619,1.7943,2077419.0751,1961525.0551,1553004.4745,32532382.7161,30717482.3629
601166.SH,20200727,15.77,15.88,15.5,15.54,15.66,-0.12,-0.7663,954701.82,1487909.608,0.4867,0.79,4.9012,0.6569,1.7806,2077419.0751,1961525.0551,1553004.4745,32283092.4271,30482099.3563
601166.SH,20200728,15.66,15.73,15.53,15.6,15.54,0.06,0.3861,592289.57,925511.896,0.302,0.53,4.9201,0.6594,1.7874,2077419.0751,1961525.0551,1553004.4745,32407737.5716,30599790.8596
601166.SH,20200729,15.6,15.88,15.55,15.81,15.6,0.21,1.3462,861667.9,1357483.347,0.4393,0.81,4.9863,0.6683,1.8115,2077419.0751,1961525.0551,1553004.4745,32843995.5773,31011711.1211
601166.SH,20200730,15.81,15.85,15.65,15.65,15.81,-0.16,-1.012,617807.6,972397.343,0.315,0.62,4.9359,0.6615,1.7932,2077419.0751,1961525.0551,1553004.4745,32511608.5253,30697867.1123
601166.SH,20200731,15.7,15.9,15.57,15.66,15.65,0.01,0.0639,982287.02,1543281.513,0.5008,1.12,4.939,0.6619,1.7943,2077419.0751,1961525.0551,1553004.4745,32532382.7161,30717482.3629
601166.SH,20200803,15.77,15.83,15.65,15.77,15.66,0.11,0.7024,1058477.17,1663761.173,0.5396,1.32,4.9737,0.6666,1.8069,2077419.0751,1961525.0551,1553004.4745,32760898.8143,30933250.1189
601166.SH,20200804,15.82,16.31,15.77,16.16,15.77,0.39,2.4731,1737946.9,2790872.459,0.886,2.11,5.0967,0.6831,1.8516,2077419.0751,1961525.0551,1553004.4745,33571092.2536,31698244.8904
601166.SH,20200805,16.08,16.08,15.85,15.9,16.16,-0.26,-1.6089,1075179.83,1711693.587,0.5481,1.02,5.0147,0.6721,1.8218,2077419.0751,1961525.0551,1553004.4745,33030963.2941,31188248.3761
601166.SH,20200806,15.95,16.08,15.74,15.98,15.9,0.08,0.5031,890112.81,1413773.397,0.4538,0.81,5.04,0.6755,1.831,2077419.0751,1961525.0551,1553004.4745,33197156.8201,31345170.3805
601166.SH,20200807,15.88,16.0,15.67,15.73,15.98,-0.25,-1.5645,1060591.97,1674231.17,0.5407,0.92,4.9611,0.6649,1.8023,2077419.0751,1961525.0551,1553004.4745,32677802.0513,30854789.1167
601166.SH,20200810,15.74,15.91,15.65,15.83,15.73,0.1,0.6357,1081851.82,1713128.24,0.5515,0.93,4.9926,0.6691,1.8138,2077419.0751,1961525.0551,1553004.4745,32885543.9588,31050941.6222
601166.SH,20200811,15.81,16.19,15.79,15.84,15.83,0.01,0.0632,1610331.67,2579271.242,0.821,1.38,4.9958,0.6695,1.8149,2077419.0751,1961525.0551,1553004.4745,32906318.1496,31070556.8728
601166.SH,20200812,15.87,16.02,15.81,16.01,15.84,0.17,1.0732,989057.15,1574399.996,0.5042,0.86,5.0494,0.6767,1.8344,2077419.0751,1961525.0551,1553004.4745,33259479.3924,31404016.1322
601166.SH,20200813,16.12,16.13,15.91,15.94,16.01,-0.07,-0.4372,822147.08,1313946.458,0.4191,0.73,5.0273,0.6738,1.8264,2077419.0751,1961525.0551,1553004.4745,33114060.0571,31266709.3783
601166.SH,20200814,15.98,16.11,15.87,16.1,15.94,0.16,1.0038,965518.85,1544692.356,0.4922,0.87,5.0778,0.6805,1.8447,2077419.0751,1961525.0551,1553004.4745,33446447.1091,31580553.3871
601166.SH,20200817,16.11,16.71,16.09,16.5,16.1,0.4,2.4845,2570456.96,4222896.71,1.3104,2.35,5.204,0.6974,1.8906,2077419.0751,1961525.0551,1553004.4745,34277414.7392,32365163.4092
601166.SH,20200818,16.41,16.48,16.16,16.26,16.5,-0.24,-1.4545,1388626.54,2262242.732,0.7079,1.0,5.1283,0.6873,1.8631,2077419.0751,1961525.0551,1553004.4745,33778834.1611,31894397.3959
601166.SH,20200819,16.2,16.26,16.02,16.04,16.26,-0.22,-1.353,1157400.83,1867711.121,0.5901,0.86,5.0589,0.678,1.8379,2077419.0751,1961525.0551,1553004.4745,33321801.9646,31462861.8838
601166.SH,20200820,15.99,16.0,15.81,15.89,16.04,-0.15,-0.9352,935038.01,1484950.96,0.4767,0.68,5.0116,0.6717,1.8207,2077419.0751,1961525.0551,1553004.4745,33010189.1033,31168633.1255
601166.SH,20200821,15.95,15.97,15.86,15.94,15.89,0.05,0.3147,670743.95,1066512.907,0.342,0.48,5.0273,0.6738,1.8264,2077419.0751,1961525.0551,1553004.4745,33114060.0571,31266709.3783
601166.SH,20200824,15.95,15.99,15.83,15.85,15.94,-0.09,-0.5646,755297.4,1199762.291,0.3851,0.56,4.999,0.67,1.8161,2077419.0751,1961525.0551,1553004.4745,32927092.3403,31090172.1233
601166.SH,20200825,15.88,15.95,15.81,15.87,15.85,0.02,0.1262,550889.74,874086.569,0.2808,0.56,5.0053,0.6708,1.8184,2077419.0751,1961525.0551,1553004.4745,32968640.7218,31129402.6244
601166.SH,20200826,15.86,15.88,15.69,15.71,15.87,-0.16,-1.0082,756227.12,1192350.291,0.3855,0.93,4.9548,0.664,1.8,2077419.0751,1961525.0551,1553004.4745,32636253.6698,30815558.6156
601166.SH,20200827,15.71,15.74,15.6,15.71,15.71,0.0,0.0,660879.34,1034516.331,0.3369,0.9,4.9548,0.664,1.8,2077419.0751,1961525.0551,1553004.4745,32636253.6698,30815558.6156
601166.SH,20200828,15.69,15.94,15.62,15.92,15.71,0.21,1.3367,977896.51,1548459.631,0.4985,1.44,5.021,0.6729,1.8241,2077419.0751,1961525.0551,1553004.4745,33072511.6756,31227478.8772
601166.SH,20200831,16.28,16.63,16.16,16.16,15.92,0.24,1.5075,3419812.58,5604035.875,1.7434,4.62,5.0967,0.6746,1.8516,2077419.0751,1961525.0551,1553004.4745,33571092.2536,31698244.8904
601166.SH,20200901,16.15,16.54,16.07,16.35,16.16,0.19,1.1757,1417922.76,2320812.259,0.7229,1.11,5.1566,0.6825,1.8734,2077419.0751,1961525.0551,1553004.4745,33965801.8779,32070934.6509
601166.SH,20200902,16.37,16.45,16.15,16.32,16.35,-0.03,-0.1835,1109404.57,1810873.104,0.5656,0.77,5.1472,0.6813,1.8699,2077419.0751,1961525.0551,1553004.4745,33903479.3056,32012088.8992
601166.SH,20200903,16.36,16.52,16.21,16.28,16.32,-0.04,-0.2451,886645.84,1448329.844,0.452,0.58,5.1346,0.6796,1.8654,2077419.0751,1961525.0551,1553004.4745,33820382.5426,31933627.897
601166.SH,20200904,16.16,16.28,16.05,16.12,16.28,-0.16,-0.9828,762874.88,1231073.424,0.3889,0.49,5.0841,0.6729,1.847,2077419.0751,1961525.0551,1553004.4745,33487995.4906,31619783.8882
601166.SH,20200907,16.09,16.38,16.09,16.19,16.12,0.07,0.4342,929041.85,1508728.254,0.4736,0.61,5.1062,0.6758,1.855,2077419.0751,1961525.0551,1553004.4745,33633414.8259,31757090.6421
601166.SH,20200908,16.3,16.61,16.3,16.51,16.19,0.32,1.9765,1449728.29,2392958.917,0.7391,1.42,5.2071,0.6892,1.8917,2077419.0751,1961525.0551,1553004.4745,34298188.9299,32384778.6597
601166.SH,20200909,16.4,16.6,16.3,16.32,16.51,-0.19,-1.1508,988617.17,1627750.245,0.504,0.96,5.1472,0.6813,1.8699,2077419.0751,1961525.0551,1553004.4745,33903479.3056,32012088.8992
601166.SH,20200910,16.41,16.46,16.19,16.24,16.32,-0.08,-0.4902,877240.69,1428944.519,0.4472,0.87,5.122,0.6779,1.8608,2077419.0751,1961525.0551,1553004.4745,33737285.7796,31855166.8948
601166.SH,20200911,16.22,16.29,16.06,16.13,16.24,-0.11,-0.6773,661584.19,1067014.725,0.3373,0.66,5.0873,0.6733,1.8482,2077419.0751,1961525.0551,1553004.4745,33508769.6814,31639399.1388
601166.SH,20200914,16.16,16.22,16.03,16.12,16.13,-0.01,-0.062,609368.68,979990.371,0.3107,0.62,5.0841,0.6729,1.847,2077419.0751,1961525.0551,1553004.4745,33487995.4906,31619783.8882
601166.SH,20200915,16.08,16.21,16.01,16.09,16.12,-0.03,-0.1861,528700.06,851702.395,0.2695,0.58,5.0746,0.6717,1.8436,2077419.0751,1961525.0551,1553004.4745,33425672.9184,31560938.1366
601166.SH,20200916,16.1,16.22,16.05,16.14,16.09,0.05,0.3108,573368.66,925046.461,0.2923,0.78,5.0904,0.6738,1.8493,2077419.0751,1961525.0551,1553004.4745,33529543.8721,31659014.3893
601166.SH,20200917,16.14,16.19,15.97,15.98,16.14,-0.16,-0.9913,733660.6,1178769.674,0.374,1.13,5.04,0.6671,1.831,2077419.0751,1961525.0551,1553004.4745,33197156.8201,31345170.3805
601166.SH,20200918,16.02,16.4,15.94,16.4,15.98,0.42,2.6283,1360338.65,2208129.706,0.6935,2.1894,5.1724,0.6846,1.8791,2077419.0751,1961525.0551,1330640.4768,34069672.8316,32169010.9036
601166.SH,20200921,16.37,16.53,16.33,16.44,16.4,0.04,0.2439,1041814.86,1712521.789,0.5311,1.37,5.185,0.6863,1.8837,2077419.0751,1961525.0551,1553004.4745,34152769.5946,32247471.9058
601166.SH,20200922,16.36,16.47,16.22,16.25,16.44,-0.19,-1.1557,670871.05,1095676.797,0.342,0.79,5.1251,0.6784,1.8619,2077419.0751,1961525.0551,1553004.4745,33758059.9704,31874782.1454
601166.SH,20200923,16.29,16.32,16.13,16.15,16.25,-0.1,-0.6154,529181.47,857118.976,0.2698,0.6,5.0936,0.6742,1.8505,2077419.0751,1961525.0551,1553004.4745,33550318.0629,31678629.6399
601166.SH,20200924,16.1,16.14,15.93,15.96,16.15,-0.19,-1.1765,832833.59,1334418.521,0.4246,0.96,5.0336,0.6662,1.8287,2077419.0751,1961525.0551,1553004.4745,33155608.4386,31305939.8794
601166.SH,20200925,16.0,16.05,15.9,15.95,15.96,-0.01,-0.0627,535549.5,855503.572,0.273,0.6,5.0305,0.6658,1.8275,2077419.0751,1961525.0551,1553004.4745,33134834.2478,31286324.6288
601166.SH,20200928,15.98,16.05,15.92,15.99,15.95,0.04,0.2508,364503.38,582537.259,0.1858,0.5,5.0431,0.6675,1.8321,2077419.0751,1961525.0551,1553004.4745,33217931.0108,31364785.631
601166.SH,20200929,16.04,16.08,15.9,15.9,15.99,-0.09,-0.5629,581713.66,930501.855,0.2966,0.99,5.0147,0.6637,1.8218,2077419.0751,1961525.0551,1553004.4745,33030963.2941,31188248.3761
601166.SH,20200930,16.09,16.29,16.0,16.13,15.9,0.23,1.4465,1065414.76,1723129.678,0.5432,1.87,5.0873,0.6733,1.8482,2077419.0751,1961525.0551,1553004.4745,33508769.6814,31639399.1388
601166.SH,20201009,16.35,16.43,16.16,16.17,16.13,0.04,0.248,1006763.13,1639506.773,0.5133,1.49,5.0999,0.675,1.8528,2077419.0751,1961525.0551,1553004.4745,33591866.4444,31717860.141
601166.SH,20201012,16.25,16.77,16.17,16.74,16.17,0.57,3.525,2355141.98,3902520.692,1.2007,3.31,5.2796,0.6988,1.9181,2077419.0751,1961525.0551,1553004.4745,34775995.3172,32835929.4224
601166.SH,20201013,16.7,16.87,16.61,16.77,16.74,0.03,0.1792,1186944.6,1993150.377,0.6051,1.1,5.2891,0.7001,1.9215,2077419.0751,1961525.0551,1553004.4745,34838317.8894,32894775.174
601166.SH,20201014,16.89,16.89,16.63,16.75,16.77,-0.02,-0.1193,766005.99,1280489.661,0.3905,0.62,5.2828,0.6992,1.9192,2077419.0751,1961525.0551,1553004.4745,34796769.5079,32855544.6729
601166.SH,20201015,16.66,17.3,16.66,17.01,16.75,0.26,1.5522,1989348.1,3396079.519,1.0142,1.56,5.3648,0.7101,1.949,2077419.0751,1961525.0551,1553004.4745,35336898.4675,33365541.1873
601166.SH,20201016,17.01,17.8,16.99,17.64,17.01,0.63,3.7037,2398884.57,4201590.031,1.223,1.64,5.5635,0.7364,2.0212,2077419.0751,1961525.0551,1553004.4745,36645672.4848,34601301.972
601166.SH,20201019,17.95,18.35,17.64,17.67,17.64,0.03,0.1701,2401307.93,4336651.475,1.2242,1.38,5.573,0.7376,2.0246,2077419.0751,1961525.0551,1553004.4745,36707995.057,34660147.7236
601166.SH,20201020,17.78,17.88,17.52,17.8,17.67,0.13,0.7357,1165415.87,2061971.328,0.5941,0.67,5.614,0.7431,2.0395,2077419.0751,1961525.0551,1553004.4745,36978059.5368,34915145.9808
601166.SH,20201021,17.8,18.2,17.67,18.17,17.8,0.37,2.0787,1491873.37,2688070.176,0.7606,0.86,5.7307,0.7585,2.0819,2077419.0751,1961525.0551,1553004.4745,37746704.5946,35640910.2512
601166.SH,20201022,18.32,18.59,18.02,18.22,18.17,0.05,0.2752,1206896.55,2201217.522,0.6153,0.64,5.7464,0.7606,2.0876,2077419.0751,1961525.0551,1553004.4745,37850575.5483,35738986.5039
601166.SH,20201023,18.19,18.75,18.1,18.32,18.22,0.1,0.5488,1468439.15,2716365.253,0.7486,0.85,5.778,0.7648,2.0991,2077419.0751,1961525.0551,1553004.4745,38058317.4558,35935139.0094
601166.SH,20201026,18.36,18.45,17.7,17.78,18.32,-0.54,-2.9476,1323425.79,2376045.289,0.6747,0.86,5.6077,0.7422,2.0372,2077419.0751,1961525.0551,1553004.4745,36936511.1553,34875915.4797
601166.SH,20201027,17.79,17.95,17.6,17.8,17.78,0.02,0.1125,755281.73,1344413.611,0.385,0.57,5.614,0.7431,2.0395,2077419.0751,1961525.0551,1553004.4745,36978059.5368,34915145.9808
601166.SH,20201028,17.81,18.0,17.43,17.52,17.8,-0.28,-1.573,984732.42,1734529.275,0.502,0.79,5.5257,0.7314,2.0074,2077419.0751,1961525.0551,1553004.4745,36396382.1958,34365918.9654
601166.SH,20201029,17.35,18.0,17.33,17.8,17.52,0.28,1.5982,1053634.09,1868752.243,0.5372,0.92,5.614,0.7431,2.0395,2077419.0751,1961525.0551,1553004.4745,36978059.5368,34915145.9808
601166.SH,20201030,17.9,18.23,17.61,17.8,17.8,0.0,0.0,1261000.4,2261663.281,0.6429,1.13,5.614,0.7216,2.0395,2077419.0751,1961525.0551,1553004.4745,36978059.5368,34915145.9808
601166.SH,20201102,17.9,18.07,17.59,17.8,17.8,0.0,0.0,1001613.78,1783254.361,0.5106,0.93,5.614,0.7216,2.0395,2077419.0751,1961525.0551,1508854.0745,36978059.5368,34915145.9808
601166.SH,20201103,18.05,18.45,17.88,17.91,17.8,0.11,0.618,1223375.59,2221471.324,0.6237,1.21,5.6487,0.726,2.0521,2077419.0751,1961525.0551,1508854.0745,37206575.635,35130913.7368
601166.SH,20201104,18.2,18.45,18.05,18.35,17.91,0.44,2.4567,1099993.25,2011278.852,0.5608,1.0,5.7874,0.7439,2.1025,2077419.0751,1961525.0551,1508854.0745,38120640.0281,35993984.7611
601166.SH,20201105,18.55,18.58,18.09,18.18,18.35,-0.17,-0.9264,891051.31,1627972.993,0.4543,0.79,5.7338,0.737,2.0831,2077419.0751,1961525.0551,1508854.0745,37767478.7853,35660525.5017
601166.SH,20201106,18.1,18.11,17.69,17.99,18.18,-0.19,-1.0451,910569.45,1632099.804,0.4642,0.83,5.6739,0.7293,2.0613,2077419.0751,1961525.0551,1508854.0745,37372769.161,35287835.7412
601166.SH,20201109,18.17,18.29,17.91,17.99,17.99,0.0,0.0,1016281.13,1840570.436,0.5181,0.99,5.6739,0.7293,2.0613,2077419.0751,1961525.0551,1508854.0745,37372769.161,35287835.7412
601166.SH,20201110,18.28,18.76,18.26,18.56,17.99,0.57,3.1684,1732314.06,3213887.974,0.8831,1.68,5.8537,0.7524,2.1266,2077419.0751,1961525.0551,1508854.0745,38556898.0339,36405905.0227
601166.SH,20201111,18.52,18.83,18.42,18.68,18.56,0.12,0.6466,1177251.65,2195719.952,0.6002,1.04,5.8915,0.7572,2.1403,2077419.0751,1961525.0551,1508854.0745,38806188.3229,36641288.0293
601166.SH,20201112,18.59,18.68,18.45,18.49,18.68,-0.19,-1.0171,616191.14,1143298.919,0.3141,0.54,5.8316,0.7495,2.1186,2077419.0751,1961525.0551,1508854.0745,38411478.6986,36268598.2688
601166.SH,20201113,18.3,18.3,17.66,17.77,18.49,-0.72,-3.894,1627574.55,2900657.733,0.8297,1.49,5.6045,0.7203,2.0361,2077419.0751,1961525.0551,1508854.0745,36915736.9645,34856300.2291
601166.SH,20201116,17.86,17.88,17.6,17.67,17.77,-0.1,-0.5627,982153.67,1736633.825,0.5007,0.8,5.573,0.7163,2.0246,2077419.0751,1961525.0551,1508854.0745,36707995.057,34660147.7236
601166.SH,20201117,17.73,18.0,17.62,17.91,17.67,0.24,1.3582,781427.52,1389703.007,0.3984,0.64,5.6487,0.726,2.0521,2077419.0751,1961525.0551,1508854.0745,37206575.635,35130913.7368
601166.SH,20201118,18.02,19.38,18.01,19.2,17.91,1.29,7.2027,3218566.69,6078248.418,1.6408,3.1,6.0555,0.7783,2.1999,2077419.0751,1961525.0551,1508854.0745,39886446.2419,37661281.0579
601166.SH,20201119,19.18,19.45,19.05,19.33,19.2,0.13,0.6771,1777966.59,3426637.371,0.9064,1.23,6.0965,0.7836,2.2148,2077419.0751,1961525.0551,1508854.0745,40156510.7217,37916279.3151
601166.SH,20201120,18.85,19.21,18.79,19.02,19.33,-0.31,-1.6037,1301072.09,2466595.496,0.6633,0.78,5.9987,0.771,2.1793,2077419.0751,1961525.0551,1508854.0745,39512510.8084,37308206.548
601166.SH,20201123,19.0,20.02,18.98,19.94,19.02,0.92,4.837,2345566.68,4627737.608,1.1958,1.45,6.2889,0.8083,2.2847,2077419.0751,1961525.0551,1508854.0745,41423736.3575,39112809.5987
601166.SH,20201124,19.94,20.25,19.83,20.08,19.94,0.14,0.7021,1347491.69,2702346.413,0.687,0.71,6.3331,0.814,2.3008,2077419.0751,1961525.0551,1508854.0745,41714575.028,39387423.1064
601166.SH,20201125,20.3,20.35,19.66,19.76,20.08,-0.32,-1.5936,991664.14,1979353.877,0.5056,0.5,6.2321,0.801,2.2641,2077419.0751,1961525.0551,1508854.0745,41049800.924,38759735.0888
601166.SH,20201126,19.92,20.42,19.8,20.41,19.76,0.65,3.2895,1475406.66,2986099.572,0.7522,0.95,6.4371,0.8274,2.3386,2077419.0751,1961525.0551,1508854.0745,42400123.3228,40034726.3746
601166.SH,20201127,20.47,20.65,20.27,20.61,20.41,0.2,0.9799,1300351.84,2660671.165,0.6629,0.87,6.5002,0.8355,2.3615,2077419.0751,1961525.0551,1508854.0745,42815607.1378,40427031.3856
601166.SH,20201130,20.89,22.07,20.89,21.02,20.61,0.41,1.9893,2870628.65,6192211.289,1.4635,1.92,6.6295,0.8521,2.4085,2077419.0751,1961525.0551,1508854.0745,43667348.9586,41231256.6582
601166.SH,20201201,21.26,21.79,21.0,21.6,21.02,0.58,2.7593,1604939.57,3442583.57,0.8182,1.0,6.8125,0.8756,2.4749,2077419.0751,1961525.0551,1508854.0745,44872252.0222,42368941.1902
601166.SH,20201202,21.46,21.69,21.02,21.3,21.6,-0.3,-1.3889,1140891.84,2441611.469,0.5816,0.69,6.7178,0.8634,2.4405,2077419.0751,1961525.0551,1508854.0745,44249026.2996,41780483.6736
601166.SH,20201203,21.33,21.61,21.05,21.24,21.3,-0.06,-0.2817,805591.59,1715193.248,0.4107,0.48,6.6989,0.861,2.4337,2077419.0751,1961525.0551,1508854.0745,44124381.1551,41662792.1703
601166.SH,20201204,21.19,21.21,20.7,21.12,21.24,-0.12,-0.565,1035196.16,2165997.056,0.5278,0.67,6.6611,0.8561,2.4199,2077419.0751,1961525.0551,1508854.0745,43875090.8661,41427409.1637
601166.SH,20201207,21.12,21.23,20.14,20.5,21.12,-0.62,-2.9356,1407522.16,2890639.027,0.7176,0.94,6.4655,0.831,2.3489,2077419.0751,1961525.0551,1508854.0745,42587091.0396,40211263.6296
601166.SH,20201208,20.5,20.79,20.2,20.26,20.5,-0.24,-1.1707,1068334.76,2182446.216,0.5446,0.89,6.3898,0.8213,2.3214,2077419.0751,1961525.0551,1508854.0745,42088510.4615,39740497.6163
601166.SH,20201209,20.46,20.81,20.4,20.45,20.26,0.19,0.9378,1020505.64,2099409.892,0.5203,0.93,6.4498,0.829,2.3432,2077419.0751,1961525.0551,1508854.0745,42483220.0858,40113187.3768
601166.SH,20201210,20.43,20.63,20.09,20.28,20.45,-0.17,-0.8313,797462.8,1618486.409,0.4066,0.75,6.3961,0.8221,2.3237,2077419.0751,1961525.0551,1508854.0745,42130058.843,39779728.1174
601166.SH,20201211,20.43,20.62,20.03,20.12,20.28,-0.16,-0.789,1026900.91,2086930.991,0.5235,0.96,6.3457,0.8156,2.3053,2077419.0751,1961525.0551,1508854.0745,41797671.791,39465884.1086
601166.SH,20201214,20.48,20.66,20.23,20.53,20.12,0.41,2.0378,983054.82,2016112.62,0.5012,0.92,6.475,0.8322,2.3523,2077419.0751,1961525.0551,1508854.0745,42649413.6118,40270109.3812
601166.SH,20201215,20.51,20.51,19.61,20.08,20.53,-0.45,-2.1919,1244569.64,2480644.646,0.6345,1.27,6.3331,0.814,2.3008,2077419.0751,1961525.0551,1508854.0745,41714575.028,39387423.1064
601166.SH,20201216,20.16,20.6,20.1,20.42,20.08,0.34,1.6932,825707.65,1679319.883,0.421,0.81,6.4403,0.8278,2.3397,2077419.0751,1961525.0551,1508854.0745,42420897.5135,40054341.6251
601166.SH,20201217,20.52,20.79,19.94,20.77,20.42,0.35,1.714,1106910.73,2260368.746,0.5643,1.13,6.5507,0.842,2.3798,2077419.0751,1961525.0551,1508854.0745,43147994.1898,40740875.3944
601166.SH,20201218,20.63,20.79,20.18,20.46,20.77,-0.31,-1.4925,972563.85,1987000.161,0.4958,0.94,6.4529,0.8294,2.3443,2077419.0751,1961525.0551,1508854.0745,42503994.2765,40132802.6273
601166.SH,20201221,20.4,20.4,19.95,20.14,20.46,-0.32,-1.564,903274.52,1820492.174,0.4605,0.88,6.352,0.8164,2.3076,2077419.0751,1961525.0551,1508854.0745,41839220.1725,39505114.6097
601166.SH,20201222,20.15,20.41,19.74,19.81,20.14,-0.33,-1.6385,1026229.95,2063149.41,0.5232,1.02,6.2479,0.803,2.2698,2077419.0751,1961525.0551,1508854.0745,41153671.8777,38857811.3415
601166.SH,20201223,19.79,20.02,19.47,19.82,19.81,0.01,0.0505,814302.73,1605705.39,0.4151,0.84,6.2511,0.8035,2.271,2077419.0751,1961525.0551,1508854.0745,41174446.0685,38877426.5921
601166.SH,20201224,20.0,20.37,19.9,20.17,19.82,0.35,1.7659,839926.4,1700779.815,0.4282,0.87,6.3614,0.8176,2.3111,2077419.0751,1961525.0551,1508854.0745,41901542.7448,39563960.3614
601166.SH,20201225,20.25,20.36,19.68,20.21,20.17,0.04,0.1983,603176.99,1207344.781,0.3075,0.66,6.3741,0.8193,2.3157,2077419.0751,1961525.0551,1508854.0745,41984639.5078,39642421.3636
601166.SH,20201228,20.06,20.69,20.0,20.49,20.21,0.28,1.3855,1015795.47,2071643.254,0.5179,1.21,6.4624,0.8306,2.3477,2077419.0751,1961525.0551,1508854.0745,42566316.8488,40191648.379
601166.SH,20201229,20.54,20.91,20.52,20.63,20.49,0.14,0.6833,1079404.79,2237868.798,0.5503,1.26,6.5065,0.8363,2.3638,2077419.0751,1961525.0551,1508854.0745,42857155.5193,40466261.8867
601166.SH,20201230,20.56,20.9,20.45,20.9,20.63,0.27,1.3088,857493.99,1779519.372,0.4372,0.99,6.5917,0.8472,2.3947,2077419.0751,1961525.0551,1508854.0745,43418058.6696,40995873.6516
601166.SH,20201231,20.97,21.25,20.62,20.87,20.9,-0.03,-0.1435,1138443.53,2379514.358,0.5804,1.29,6.5822,0.846,2.3913,2077419.0751,1961525.0551,1508854.0745,43355736.0973,40937027.8999
601166.SH,20210104,20.3,20.3,19.56,19.65,20.87,-1.22,-5.8457,2426798.63,4784660.585,1.2372,2.58,6.1974,0.7966,2.2515,2077419.0751,1961525.0551,1508854.0745,40821284.8257,38543967.3327
601166.SH,20210105,19.52,19.54,18.64,18.86,19.65,-0.79,-4.0204,2349601.26,4439476.438,1.1978,1.8,5.9483,0.7645,2.161,2077419.0751,1961525.0551,1508854.0745,39180123.7564,36994362.5392
601166.SH,20210106,18.87,19.73,18.85,19.73,18.86,0.87,4.6129,1742790.17,3366063.027,0.8885,1.11,6.2227,0.7998,2.2607,2077419.0751,1961525.0551,1508854.0745,40987478.3517,38700889.3371
601166.SH,20210107,19.8,20.2,19.7,20.1,19.73,0.37,1.8753,1411007.7,2816919.059,0.7193,0.83,6.3394,0.8148,2.303,2077419.0751,1961525.0551,1508854.0745,41756123.4095,39426653.6075
601166.SH,20210108,20.28,20.49,19.98,20.32,20.1,0.22,1.0945,1233988.99,2499447.232,0.6291,0.68,6.4088,0.8237,2.3283,2077419.0751,1961525.0551,1508854.0745,42213155.606,39858189.1196
601166.SH,20210111,20.58,20.97,20.46,20.51,20.32,0.19,0.935,1604723.99,3326797.792,0.8181,0.88,6.4687,0.8314,2.35,2077419.0751,1961525.0551,1508854.0745,42607865.2303,40230878.8801
601166.SH,20210112,20.67,20.93,20.45,20.85,20.51,0.34,1.6577,1306929.2,2713111.522,0.6663,0.78,6.5759,0.8452,2.389,2077419.0751,1961525.0551,1508854.0745,43314187.7158,40897797.3988
601166.SH,20210113,20.76,21.24,20.68,21.1,20.85,0.25,1.199,1458836.21,3072995.329,0.7437,1.0,6.6548,0.8553,2.4176,2077419.0751,1961525.0551,1508854.0745,43833542.4846,41388178.6626
601166.SH,20210114,21.15,21.69,21.13,21.35,21.1,0.25,1.1848,1512566.88,3240779.41,0.7711,1.08,6.7336,0.8655,2.4463,2077419.0751,1961525.0551,1508854.0745,44352897.2534,41878559.9264
601166.SH,20210115,22.5,23.35,22.28,22.71,21.35,1.36,6.37,3635738.14,8285966.118,1.8535,2.55,7.1625,0.7665,2.6021,2077419.0751,1961525.0551,1508854.0745,47178187.1955,44546234.0013
601166.SH,20210118,22.7,24.38,22.61,24.21,22.71,1.5,6.605,2886877.48,6822132.487,1.4718,1.52,7.6356,0.9495,2.774,2077419.0751,1961525.0551,1508854.0745,50294315.8082,47488521.584
601166.SH,20210119,23.9,24.24,23.45,23.88,24.21,-0.33,-1.3631,1483284.11,3534847.261,0.7562,0.69,7.5315,0.9365,2.7362,2077419.0751,1961525.0551,1508854.0745,49608767.5134,46841218.3158
601166.SH,20210120,23.88,24.23,23.08,23.22,23.88,-0.66,-2.7638,1321459.07,3114730.727,0.6737,0.6,7.3234,0.9106,2.6605,2077419.0751,1961525.0551,1508854.0745,48237670.9238,45546611.7794
601166.SH,20210121,23.45,23.8,23.22,23.41,23.22,0.19,0.8183,1111980.24,2615377.662,0.5669,0.51,7.3833,0.9181,2.6823,2077419.0751,1961525.0551,1508854.0745,48632380.5481,45919301.5399
601166.SH,20210122,23.33,23.33,22.41,22.93,23.41,-0.48,-2.0504,1481974.84,3373572.883,0.7555,0.71,7.2319,0.8993,2.6273,2077419.0751,1961525.0551,1508854.0745,47635219.392,44977769.5134
601166.SH,20210125,22.84,23.14,22.26,22.91,22.93,-0.02,-0.0872,1121383.54,2544647.323,0.5717,0.68,7.2256,0.8985,2.625,2077419.0751,1961525.0551,1508854.0745,47593671.0105,44938539.0123
601166.SH,20210126,22.96,23.27,22.72,22.85,22.91,-0.06,-0.2619,843214.6,1941903.57,0.4299,0.65,7.2067,0.8961,2.6181,2077419.0751,1961525.0551,1508854.0745,47469025.866,44820847.509
601166.SH,20210127,22.99,23.85,22.96,23.45,22.85,0.6,2.6258,1213442.57,2850648.248,0.6186,1.03,7.3959,0.9197,2.6869,2077419.0751,1961525.0551,1508854.0745,48715477.3111,45997762.5421
601166.SH,20210128,23.12,23.36,22.59,23.2,23.45,-0.25,-1.0661,1115353.22,2562094.718,0.5686,0.97,7.3171,0.9099,2.6582,2077419.0751,1961525.0551,1508854.0745,48196122.5423,45507381.2783
601166.SH,20210129,23.5,23.7,22.79,23.1,23.2,-0.1,-0.431,1038813.65,2417300.046,0.5296,0.9,7.2855,0.9059,2.6468,2077419.0751,1961525.0551,1508854.0745,47988380.6348,45311228.7728
601166.SH,20210201,22.98,24.3,22.72,24.07,23.1,0.97,4.1991,1273319.51,3017248.581,0.6491,1.19,7.5915,1.0552,2.7579,2077419.0751,1961525.0551,1508854.0745,50003477.1377,47213908.0763
601166.SH,20210202,23.88,24.28,23.35,23.59,24.07,-0.48,-1.9942,1244745.22,2956139.358,0.6346,1.13,7.4401,1.0342,2.7029,2077419.0751,1961525.0551,1508854.0745,49006315.9816,46272376.0498
601166.SH,20210203,23.62,24.99,23.41,24.69,23.59,1.1,4.663,1541763.99,3765671.101,0.786,1.31,7.787,0.9683,2.829,2077419.0751,1961525.0551,1508854.0745,51291476.9642,48430053.6104
601166.SH,20210204,24.45,25.32,24.34,24.77,24.69,0.08,0.324,1192746.73,2963142.382,0.6081,0.96,7.8122,0.9714,2.8381,2077419.0751,1961525.0551,1508854.0745,51457670.4902,48586975.6148
601166.SH,20210205,25.03,25.93,24.8,25.76,24.77,0.99,3.9968,1394889.06,3559677.394,0.7111,1.11,8.1245,1.0103,2.9516,2077419.0751,1961525.0551,1508854.0745,53514315.3746,50528885.4194
601166.SH,20210208,25.7,27.05,25.34,26.75,25.76,0.99,3.8432,1537818.13,4063948.936,0.784,1.16,8.4367,1.0491,3.065,2077419.0751,1961525.0551,1508854.0745,55570960.2589,52470795.2239
601166.SH,20210209,26.67,27.0,26.01,26.81,26.75,0.06,0.2243,1197790.61,3166722.659,0.6106,0.87,8.4556,1.0514,3.0719,2077419.0751,1961525.0551,1508854.0745,55695605.4034,52588486.7272
601166.SH,20210210,26.94,27.55,25.67,26.64,26.81,-0.17,-0.6341,1439326.22,3815054.046,0.7338,1.05,8.402,1.0448,3.0524,2077419.0751,1961525.0551,1508854.0745,55342444.1607,52255027.4679
601166.SH,20210218,26.9,28.07,26.9,27.73,26.64,1.09,4.0916,1419728.0,3900913.243,0.7238,1.05,8.7458,1.0875,3.1773,2077419.0751,1961525.0551,1508854.0745,57606830.9525,54393089.7779
601166.SH,20210219,27.6,27.99,26.53,26.75,27.73,-0.98,-3.5341,1198816.99,3251192.828,0.6112,0.86,8.4367,1.0491,3.065,2077419.0751,1961525.0551,1508854.0745,55570960.2589,52470795.2239
601166.SH,20210222,26.5,26.6,25.58,25.81,26.75,-0.94,-3.514,1574476.58,4092877.294,0.8027,1.16,8.1402,1.0122,2.9573,2077419.0751,1961525.0551,1508854.0745,53618186.3283,50626961.6721
601166.SH,20210223,25.81,26.89,25.81,26.41,25.81,0.6,2.3247,1193116.35,3152547.146,0.6083,0.87,8.3295,1.0357,3.026,2077419.0751,1961525.0551,1508854.0745,54864637.7734,51803876.7052
601166.SH,20210224,26.13,26.3,25.51,25.71,26.41,-0.7,-2.6505,1071381.67,2771100.393,0.5462,0.78,8.1087,1.0083,2.9458,2077419.0751,1961525.0551,1508854.0745,53410444.4208,50430809.1666
601166.SH,20210225,26.05,26.67,25.71,26.21,25.71,0.5,1.9448,929485.34,2442522.335,0.4739,0.72,8.2664,1.0279,3.0031,2077419.0751,1961525.0551,1508854.0745,54449153.9584,51411571.6942
601166.SH,20210226,25.8,26.22,24.39,24.68,26.21,-1.53,-5.8375,1870095.35,4682196.927,0.9534,1.57,7.7839,0.9679,2.8278,2077419.0751,1961525.0551,1508854.0745,51270702.7735,48410438.3599
601166.SH,20210301,25.0,25.28,24.68,24.91,24.68,0.23,0.9319,1158279.41,2894793.218,0.5905,0.87,7.8564,0.9769,2.8542,2077419.0751,1961525.0551,1508854.0745,51748509.1607,48861589.1225
601166.SH,20210302,25.11,25.35,24.33,24.87,24.91,-0.04,-0.1606,1097229.37,2724085.794,0.5594,0.88,7.8438,0.9753,2.8496,2077419.0751,1961525.0551,1508854.0745,51665412.3977,48783128.1203
601166.SH,20210303,25.07,26.13,24.97,25.97,24.87,1.1,4.423,1483367.21,3825786.387,0.7562,1.21,8.1907,1.0185,2.9756,2077419.0751,1961525.0551,1508854.0745,53950573.3803,50940805.6809
601166.SH,20210304,25.69,26.1,25.02,25.3,25.97,-0.67,-2.5799,1022209.07,2607849.322,0.5211,0.78,7.9794,0.9922,2.8989,2077419.0751,1961525.0551,1508854.0745,52558702.6,49626583.894
601166.SH,20210305,24.97,25.25,24.15,24.8,25.3,-0.5,-1.9763,1086197.83,2678406.749,0.5538,0.82,7.8217,0.9726,2.8416,2077419.0751,1961525.0551,1508854.0745,51519993.0625,48645821.3665
601166.SH,20210308,24.86,24.97,23.72,23.77,24.8,-1.03,-4.1532,1155838.0,2797687.667,0.5893,0.99,7.4968,0.9322,2.7236,2077419.0751,1961525.0551,1508854.0745,49380251.4151,46625450.5597
601166.SH,20210309,23.77,24.13,23.05,23.21,23.77,-0.56,-2.3559,1160973.19,2735499.469,0.5919,0.99,7.3202,0.9102,2.6594,2077419.0751,1961525.0551,1508854.0745,48216896.7331,45526996.5289
601166.SH,20210310,23.5,23.5,22.66,22.89,23.21,-0.32,-1.3787,1078694.41,2469667.069,0.5499,0.91,7.2193,0.8977,2.6227,2077419.0751,1961525.0551,1508854.0745,47552122.629,44899308.5112
601166.SH,20210311,23.38,24.31,23.28,23.79,22.89,0.9,3.9318,1209806.14,2884697.647,0.6168,1.1,7.5032,0.933,2.7258,2077419.0751,1961525.0551,1508854.0745,49421799.7966,46664681.0608
601166.SH,20210312,23.98,24.26,23.76,23.92,23.79,0.13,0.5464,803721.99,1926366.605,0.4097,0.71,7.5442,0.9381,2.7407,2077419.0751,1961525.0551,1508854.0745,49691864.2764,46919679.318
601166.SH,20210315,24.0,24.8,23.9,24.09,23.92,0.17,0.7107,1073511.0,2611031.618,0.5473,0.99,7.5978,0.9448,2.7602,2077419.0751,1961525.0551,1508854.0745,50045025.5192,47253138.5774
601166.SH,20210316,24.26,25.08,24.12,24.61,24.09,0.52,2.1586,899350.15,2218232.475,0.4585,0.84,7.7618,0.9652,2.8198,2077419.0751,1961525.0551,1508854.0745,51125283.4382,48273131.606
601166.SH,20210317,24.54,24.77,23.83,23.98,24.61,-0.63,-2.5599,797934.27,1932468.445,0.4068,0.79,7.5631,0.9404,2.7476,2077419.0751,1961525.0551,1508854.0745,49816509.4209,47037370.8213
601166.SH,20210318,24.06,24.31,23.7,23.86,23.98,-0.12,-0.5004,773567.13,1852837.345,0.3944,0.81,7.5252,0.9357,2.7339,2077419.0751,1961525.0551,1508854.0745,49567219.1319,46801987.8147
601166.SH,20210319,23.9,24.02,23.06,23.22,23.86,-0.64,-2.6823,879628.48,2065539.025,0.4484,1.01,7.3234,0.9106,2.6605,2077419.0751,1961525.0551,1508854.0745,48237670.9238,45546611.7794
601166.SH,20210322,23.49,24.07,23.34,23.63,23.22,0.41,1.7657,957476.97,2271512.337,0.4881,1.08,7.4527,0.9267,2.7075,2077419.0751,1961525.0551,1508854.0745,49089412.7446,46350837.052
601166.SH,20210323,23.55,23.85,23.08,23.36,23.63,-0.27,-1.1426,599815.1,1400215.302,0.3058,0.7,7.3675,0.9161,2.6766,2077419.0751,1961525.0551,1508854.0745,48528509.5943,45821225.2871
601166.SH,20210324,23.36,23.44,22.5,22.56,23.36,-0.8,-3.4247,1077259.55,2450353.524,0.5492,1.34,7.1152,0.8848,2.5849,2077419.0751,1961525.0551,1508854.0745,46866574.3343,44252005.2431
601166.SH,20210325,22.99,23.09,22.59,22.71,22.56,0.15,0.6649,601452.01,1370920.158,0.3066,0.7,7.1625,0.8906,2.6021,2077419.0751,1961525.0551,1508854.0745,47178187.1955,44546234.0013
601166.SH,20210326,22.94,23.35,22.72,23.23,22.71,0.52,2.2897,716712.49,1652849.559,0.3654,0.87,7.3265,0.911,2.6617,2077419.0751,1961525.0551,1508854.0745,48258445.1146,45566227.03
601166.SH,20210329,23.21,23.43,22.83,23.19,23.23,-0.04,-0.1722,676232.5,1562292.507,0.3447,0.86,7.3139,0.9095,2.6571,2077419.0751,1961525.0551,1508854.0745,48175348.3516,45487766.0278
601166.SH,20210330,23.28,23.45,23.01,23.22,23.19,0.03,0.1294,601418.05,1393941.738,0.3066,0.82,7.3234,0.9106,2.6605,2077419.0751,1961525.0551,1508854.0745,48237670.9238,45546611.7794
601166.SH,20210331,23.45,24.42,23.22,24.09,23.22,0.87,3.7468,1398035.52,3332731.394,0.7127,1.9,7.5113,0.9446,2.4636,2077419.0751,1961525.0551,1333890.0768,50045025.5192,47253138.5774
601166.SH,20210401,24.25,24.3,23.88,24.07,24.09,-0.02,-0.083,504765.49,1213117.625,0.2573,0.63,7.5051,0.9438,2.4616,2077419.0751,1961525.0551,1333890.0768,50003477.1377,47213908.0763
601166.SH,20210402,24.19,24.2,23.11,23.38,24.07,-0.69,-2.8666,858359.9,2014006.107,0.4376,1.1,7.29,0.9168,2.391,2077419.0751,1961525.0551,1333890.0768,48570057.9758,45860455.7882
601166.SH,20210406,23.49,23.77,23.37,23.7,23.38,0.32,1.3687,491673.5,1158475.956,0.2507,0.61,7.3897,0.9293,2.4237,2077419.0751,1961525.0551,1333890.0768,49234832.0799,46488143.8059
601166.SH,20210407,23.68,23.74,23.06,23.3,23.7,-0.4,-1.6878,519267.09,1211445.567,0.2647,0.67,7.265,0.9137,2.3828,2077419.0751,1961525.0551,1333890.0768,48403864.4498,45703533.7838
601166.SH,20210408,23.25,23.44,23.05,23.28,23.3,-0.02,-0.0858,394648.26,917247.425,0.2012,0.52,7.2588,0.9129,2.3808,2077419.0751,1961525.0551,1333890.0768,48362316.0683,45664303.2827
601166.SH,20210409,23.36,23.52,23.12,23.24,23.28,-0.04,-0.1718,461098.75,1072912.778,0.2351,0.83,7.2463,0.9113,2.3767,2077419.0751,1961525.0551,1333890.0768,48279219.3053,45585842.2805
601166.SH,20210412,23.05,23.23,22.72,22.82,23.24,-0.42,-1.8072,656059.46,1502236.988,0.3345,1.2,7.1153,0.8948,2.3337,2077419.0751,1961525.0551,1333890.0768,47406703.2938,44762001.7574
601166.SH,20210413,23.02,23.09,22.3,22.58,22.82,-0.24,-1.0517,717822.36,1622980.405,0.366,1.42,7.0405,0.8854,2.3092,2077419.0751,1961525.0551,1333890.0768,46908122.7158,44291235.7442
601166.SH,20210414,22.68,22.68,21.63,21.69,22.58,-0.89,-3.9415,1648135.56,3611952.669,0.8402,3.0,6.763,0.8505,2.2182,2077419.0751,1961525.0551,1333890.0768,45059219.7389,42545478.4451
601166.SH,20210415,21.79,21.79,20.45,20.85,21.69,-0.84,-3.8728,2981366.1,6202455.8,1.5199,3.84,6.5011,0.8176,2.1323,2077419.0751,1961525.0551,1333890.0768,43314187.7158,40897797.3988
601166.SH,20210416,20.95,20.96,20.56,20.89,20.85,0.04,0.1918,1120635.92,2328418.542,0.5713,0.87,6.5136,0.8192,2.1364,2077419.0751,1961525.0551,1333890.0768,43397284.4788,40976258.401
601166.SH,20210419,20.9,21.11,20.47,21.03,20.89,0.14,0.6702,1457514.78,3040595.536,0.7431,1.02,6.5572,0.8246,2.1507,2077419.0751,1961525.0551,1333890.0768,43688123.1494,41250871.9088
601166.SH,20210420,21.0,21.71,20.94,21.33,21.03,0.3,1.4265,1255717.53,2677980.881,0.6402,0.79,6.6508,0.8364,2.1814,2077419.0751,1961525.0551,1333890.0768,44311348.8719,41839329.4253
601166.SH,20210421,21.37,22.22,21.37,22.0,21.33,0.67,3.1411,1392891.94,3050938.022,0.7101,0.82,6.8597,0.8627,2.2499,2077419.0751,1961525.0551,1333890.0768,45703219.6522,43153551.2122
601166.SH,20210422,22.05,22.15,21.4,21.61,22.0,-0.39,-1.7727,918508.19,1992372.562,0.4683,0.56,6.7381,0.8474,2.21,2077419.0751,1961525.0551,1333890.0768,44893026.2129,42388556.4407
601166.SH,20210423,21.51,21.94,21.4,21.87,21.61,0.26,1.2031,587268.83,1279493.119,0.2994,0.48,6.8191,0.8576,2.2366,2077419.0751,1961525.0551,1333890.0768,45433155.1724,42898552.955
601166.SH,20210426,22.16,22.39,21.49,21.55,21.87,-0.32,-1.4632,911809.91,1998388.062,0.4648,0.81,6.7194,0.845,2.2039,2077419.0751,1961525.0551,1333890.0768,44768381.0684,42270864.9374
601166.SH,20210427,21.5,21.92,21.44,21.74,21.55,0.19,0.8817,523660.01,1137363.855,0.267,0.52,6.7786,0.8525,2.2233,2077419.0751,1961525.0551,1333890.0768,45163090.6927,42643554.6979
601166.SH,20210428,21.76,21.84,21.17,21.5,21.74,-0.24,-1.104,881318.46,1887833.92,0.4493,1.02,6.7038,0.8431,2.1987,2077419.0751,1961525.0551,1333890.0768,44664510.1147,42172788.6847
601166.SH,20210429,21.52,22.22,21.5,22.21,21.5,0.71,3.3023,1048132.84,2308394.822,0.5343,1.37,6.9251,0.8709,2.2713,2077419.0751,1961525.0551,1333890.0768,46139477.658,43565471.4738
601166.SH,20210430,22.5,22.5,21.55,21.74,22.21,-0.47,-2.1162,1234069.74,2716006.482,0.6291,1.56,6.7786,0.8145,2.2233,2077419.0751,1961525.0551,1333890.0768,45163090.6927,42643554.6979
601166.SH,20210506,21.55,22.55,21.55,22.26,21.74,0.52,2.3919,1021380.12,2274865.08,0.5207,1.11,6.9407,0.834,2.2765,2077419.0751,1961525.0551,1508854.0745,46243348.6117,43663547.7265
601166.SH,20210507,22.49,23.05,22.4,22.65,22.26,0.39,1.752,1294224.15,2946696.429,0.6598,1.37,7.0623,0.8486,2.3163,2077419.0751,1961525.0551,1508854.0745,47053542.051,44428542.498
601166.SH,20210510,22.68,22.68,21.84,22.0,22.65,-0.65,-2.8698,981414.58,2165483.773,0.5003,0.9,6.8597,0.8243,2.2499,2077419.0751,1961525.0551,1508854.0745,45703219.6522,43153551.2122
601166.SH,20210511,21.9,22.61,21.88,22.35,22.0,0.35,1.5909,1000902.23,2236506.562,0.5103,0.9,6.9688,0.8374,2.2857,2077419.0751,1961525.0551,1508854.0745,46430316.3285,43840084.9815
601166.SH,20210512,22.31,23.35,22.25,22.54,22.35,0.19,0.8501,1475973.66,3371603.765,0.7525,1.33,7.028,0.8445,2.3051,2077419.0751,1961525.0551,1508854.0745,46825025.9528,44212774.742
601166.SH,20210513,22.51,22.86,22.48,22.58,22.54,0.04,0.1775,801825.23,1816711.614,0.4088,0.69,7.0405,0.846,2.3092,2077419.0751,1961525.0551,1508854.0745,46908122.7158,44291235.7442
601166.SH,20210514,22.71,23.03,22.33,22.97,22.58,0.39,1.7272,968005.37,2198877.459,0.4935,0.87,7.1621,0.8606,2.3491,2077419.0751,1961525.0551,1508854.0745,47718316.155,45056230.5156
601166.SH,20210517,22.87,23.39,22.54,22.81,22.97,-0.16,-0.6966,1124306.37,2581340.397,0.5732,1.08,7.1122,0.8546,2.3327,2077419.0751,1961525.0551,1508854.0745,47385929.103,44742386.5068
601166.SH,20210518,22.78,22.86,22.39,22.57,22.81,-0.24,-1.0522,783473.09,1765997.519,0.3994,0.73,7.0374,0.8456,2.3082,2077419.0751,1961525.0551,1508854.0745,46887348.525,44271620.4936
601166.SH,20210519,22.5,22.52,21.23,21.56,22.57,-1.01,-4.475,2140154.28,4634717.378,1.0911,2.08,6.7225,0.8078,2.2049,2077419.0751,1961525.0551,1508854.0745,44789155.2592,42290480.188
601166.SH,20210520,21.39,21.62,21.17,21.61,21.56,0.05,0.2319,1024326.78,2195233.483,0.5222,0.88,6.7381,0.8097,2.21,2077419.0751,1961525.0551,1508854.0745,44893026.2129,42388556.4407
601166.SH,20210521,21.64,21.71,21.17,21.41,21.61,-0.2,-0.9255,930508.79,1989442.958,0.4744,0.77,6.6757,0.8022,2.1895,2077419.0751,1961525.0551,1508854.0745,44477542.3979,41996251.4297
601166.SH,20210524,21.37,21.88,21.37,21.65,21.41,0.24,1.121,1060659.36,2297326.016,0.5407,0.88,6.7505,0.8112,2.2141,2077419.0751,1961525.0551,1508854.0745,44976122.9759,42467017.4429
601166.SH,20210525,21.63,23.17,21.52,23.14,21.65,1.49,6.8822,2349372.42,5309356.161,1.1977,1.98,7.2151,0.867,2.3665,2077419.0751,1961525.0551,1508854.0745,48071477.3978,45389689.775
601166.SH,20210526,23.35,23.77,23.25,23.48,23.14,0.34,1.4693,1428739.75,3356058.612,0.7284,0.95,7.3211,0.8797,2.4012,2077419.0751,1961525.0551,1508854.0745,48777799.8833,46056608.2937
601166.SH,20210527,23.43,23.43,22.91,23.02,23.48,-0.46,-1.9591,1202962.41,2780714.243,0.6133,0.89,7.1777,0.8625,2.3542,2077419.0751,1961525.0551,1508854.0745,47822187.1088,45154306.7684
601166.SH,20210528,23.06,23.44,22.97,23.27,23.02,0.25,1.086,789027.42,1827066.401,0.4023,0.57,7.2557,0.8719,2.3798,2077419.0751,1961525.0551,1508854.0745,48341541.8776,45644688.0322
601166.SH,20210531,23.22,23.26,22.69,23.11,23.27,-0.16,-0.6876,1063937.4,2434927.322,0.5424,0.78,7.2058,0.8659,2.3634,2077419.0751,1961525.0551,1508854.0745,48009154.8256,45330844.0234
601166.SH,20210601,22.9,22.95,22.47,22.6,23.11,-0.51,-2.2068,1181689.69,2669496.444,0.6024,0.86,7.0467,0.8468,2.3112,2077419.0751,1961525.0551,1508854.0745,46949671.0973,44330466.2453
601166.SH,20210602,22.63,22.65,22.2,22.36,22.6,-0.24,-1.0619,917940.67,2048687.118,0.468,0.81,6.9719,0.8378,2.2867,2077419.0751,1961525.0551,1508854.0745,46451090.5192,43859700.232
601166.SH,20210603,22.42,22.77,22.02,22.1,22.36,-0.26,-1.1628,1194652.13,2667713.319,0.609,1.16,6.8908,0.828,2.2601,2077419.0751,1961525.0551,1508854.0745,45910961.5597,43349703.7177
601166.SH,20210604,22.13,22.73,22.02,22.39,22.1,0.29,1.3122,1319103.25,2946033.068,0.6725,1.28,6.9813,0.8389,2.2898,2077419.0751,1961525.0551,1508854.0745,46513413.0915,43918545.9837
601166.SH,20210607,22.39,22.39,22.03,22.28,22.39,-0.11,-0.4913,596421.11,1324151.481,0.3041,0.53,6.947,0.8348,2.2785,2077419.0751,1961525.0551,1508854.0745,46284896.9932,43702778.2276
601166.SH,20210608,22.29,22.49,21.96,22.16,22.28,-0.12,-0.5386,901698.44,1996074.487,0.4597,0.87,6.9096,0.8303,2.2662,2077419.0751,1961525.0551,1508854.0745,46035606.7042,43467395.221
601166.SH,20210609,22.1,22.3,21.9,21.96,22.16,-0.2,-0.9025,733077.08,1617369.834,0.3737,0.74,6.8472,0.8228,2.2458,2077419.0751,1961525.0551,1508854.0745,45620122.8892,43075090.21
601166.SH,20210610,22.09,22.27,21.98,22.03,21.96,0.07,0.3188,949719.67,2101736.866,0.4842,1.0,6.869,0.8254,2.2529,2077419.0751,1961525.0551,1508854.0745,45765542.2245,43212396.9639
601166.SH,20210611,22.05,22.11,21.2,21.56,22.03,-0.47,-2.1335,1590640.78,3420223.341,0.8109,1.77,6.7225,0.8078,2.2049,2077419.0751,1961525.0551,1508854.0745,44789155.2592,42290480.188
601166.SH,20210615,21.35,21.38,20.85,20.92,21.56,-0.64,-2.9685,1053112.61,2211526.867,0.5369,1.1,6.5229,0.7838,2.1394,2077419.0751,1961525.0551,1508854.0745,43459607.0511,41035104.1527
601166.SH,20210616,20.85,21.13,20.73,20.89,20.92,-0.03,-0.1434,876142.56,1835236.083,0.4467,0.84,6.5136,0.7827,2.1364,2077419.0751,1961525.0551,1508854.0745,43397284.4788,40976258.401
601166.SH,20210617,20.9,21.05,20.78,20.8,20.89,-0.09,-0.4308,668422.47,1394423.135,0.3408,0.64,6.4855,0.7793,2.1272,2077419.0751,1961525.0551,1508854.0745,43210316.7621,40799721.1461
601166.SH,20210618,20.7,20.72,20.04,20.16,20.8,-0.64,-3.0769,1472700.98,2988011.954,0.7508,1.43,6.2859,0.7554,2.0617,2077419.0751,1961525.0551,1508854.0745,41880768.554,39544345.1108
601166.SH,20210621,20.1,20.18,19.83,19.89,20.16,-0.27,-1.3393,909977.36,1815252.355,0.4639,0.8,6.2018,0.7452,2.0341,2077419.0751,1961525.0551,1508854.0745,41319865.4037,39014733.3459
601166.SH,20210622,19.99,20.28,19.78,20.02,19.89,0.13,0.6536,1171826.11,2343808.541,0.5974,1.18,6.2423,0.7501,2.0474,2077419.0751,1961525.0551,1508854.0745,41589929.8835,39269731.6031
601166.SH,20210623,20.06,20.31,19.9,20.22,20.02,0.2,0.999,848506.55,1711202.946,0.4326,0.83,6.3047,0.7576,2.0678,2077419.0751,1961525.0551,1508854.0745,42005413.6985,39662036.6141
601166.SH,20210624,20.26,20.44,20.18,20.44,20.22,0.22,1.088,664527.0,1350696.346,0.3388,0.66,6.3733,0.7658,2.0903,2077419.0751,1961525.0551,1508854.0745,42462445.895,40093572.1262
601166.SH,20210625,20.49,20.82,20.45,20.72,20.44,0.28,1.3699,1015960.77,2099828.094,0.5179,1.0,6.4606,0.7763,2.119,2077419.0751,1961525.0551,1508854.0745,43044123.2361,40642799.1417
601166.SH,20210628,20.72,20.78,20.13,20.23,20.72,-0.49,-2.3649,1063893.45,2161253.123,0.5424,1.15,6.3078,0.758,2.0689,2077419.0751,1961525.0551,1508854.0745,42026187.8893,39681651.8647
601166.SH,20210629,19.54,19.8,19.46,19.68,19.43,0.25,1.2867,956975.09,1877011.425,0.4879,1.0,6.1363,0.7201,2.0126,2077419.0751,1961525.0551,1508854.0745,40883607.398,38602813.0844
601166.SH,20210630,19.9,20.79,19.9,20.55,19.68,0.87,4.4207,1383069.08,2836473.278,0.7051,1.52,6.4076,0.7519,2.1016,2077419.0751,1961525.0551,1508854.0745,42690961.9933,40309339.8823
601166.SH,20210701,20.83,21.65,20.75,21.31,20.55,0.76,3.6983,1760490.61,3737193.724,0.8975,1.73,6.6445,0.8232,2.1793,2077419.0751,1961525.0551,1508854.0745,44269800.4904,41800098.9242
601166.SH,20210702,21.09,21.1,20.65,20.79,21.31,-0.52,-2.4402,1245256.71,2599595.366,0.6348,1.01,6.4824,0.8031,2.1261,2077419.0751,1961525.0551,1508854.0745,43189542.5713,40780105.8955
601166.SH,20210705,20.94,21.08,20.4,21.04,20.79,0.25,1.2025,847833.18,1762929.937,0.4322,0.66,6.5603,0.8127,2.1517,2077419.0751,1961525.0551,1508854.0745,43708897.3401,41270487.1593
601166.SH,20210706,21.06,21.66,21.0,21.47,21.04,0.43,2.0437,1057849.79,2266167.379,0.5393,0.85,6.6944,0.8294,2.1957,2077419.0751,1961525.0551,1508854.0745,44602187.5424,42113942.933
601166.SH,20210707,21.45,21.8,21.17,21.34,21.47,-0.13,-0.6055,749238.27,1604779.503,0.382,0.6,6.6539,0.8243,2.1824,2077419.0751,1961525.0551,1508854.0745,44332123.0626,41858944.6758
601166.SH,20210708,21.54,21.62,20.58,20.7,21.34,-0.64,-2.9991,1347908.18,2803461.846,0.6872,1.19,6.4543,0.7996,2.1169,2077419.0751,1961525.0551,1508854.0745,43002574.8546,40603568.6406
601166.SH,20210709,20.68,20.91,20.11,20.31,20.7,-0.39,-1.8841,1174398.67,2401103.644,0.5987,1.12,6.3327,0.7845,2.077,2077419.0751,1961525.0551,1508854.0745,42192381.4153,39838573.8691
601166.SH,20210712,20.6,20.96,20.31,20.51,20.31,0.2,0.9847,1233859.39,2538267.368,0.629,1.19,6.3951,0.7923,2.0975,2077419.0751,1961525.0551,1508854.0745,42607865.2303,40230878.8801
601166.SH,20210713,20.55,20.7,20.12,20.41,20.51,-0.1,-0.4876,825470.32,1686823.153,0.4208,0.74,6.3639,0.7884,2.0873,2077419.0751,1961525.0551,1508854.0745,42400123.3228,40034726.3746
601166.SH,20210714,20.39,20.39,19.7,19.82,20.41,-0.59,-2.8907,1156382.31,2300359.141,0.5895,1.08,6.1799,0.7656,2.0269,2077419.0751,1961525.0551,1508854.0745,41174446.0685,38877426.5921
601166.SH,20210715,19.81,20.85,19.71,20.8,19.82,0.98,4.9445,1276302.2,2602711.129,0.6507,1.11,6.4855,0.8035,2.1272,2077419.0751,1961525.0551,1508854.0745,43210316.7621,40799721.1461
601166.SH,20210716,20.67,20.92,20.31,20.45,20.8,-0.35,-1.6827,758201.48,1554457.403,0.3865,0.67,6.3764,0.79,2.0914,2077419.0751,1961525.0551,1508854.0745,42483220.0858,40113187.3768
601166.SH,20210719,20.44,20.5,19.94,20.41,20.45,-0.04,-0.1956,748672.98,1510217.118,0.3817,0.71,6.3639,0.7884,2.0873,2077419.0751,1961525.0551,1508854.0745,42400123.3228,40034726.3746
601166.SH,20210720,20.28,20.4,19.96,20.03,20.41,-0.38,-1.8618,612004.66,1231337.026,0.312,0.64,6.2454,0.7737,2.0484,2077419.0751,1961525.0551,1508854.0745,41610704.0743,39289346.8537
601166.SH,20210721,20.06,20.2,19.64,19.73,20.03,-0.3,-1.4978,1163013.29,2303286.34,0.5929,1.28,6.1519,0.7621,2.0177,2077419.0751,1961525.0551,1508854.0745,40987478.3517,38700889.3371
601166.SH,20210722,19.7,20.27,19.68,19.91,19.73,0.18,0.9123,847360.89,1693875.232,0.432,0.93,6.208,0.7691,2.0361,2077419.0751,1961525.0551,1508854.0745,41361413.7852,39053963.847
601166.SH,20210723,19.92,19.93,19.6,19.79,19.91,-0.12,-0.6027,787151.78,1552210.291,0.4013,0.95,6.1706,0.7645,2.0239,2077419.0751,1961525.0551,1508854.0745,41112123.4962,38818580.8404
601166.SH,20210726,19.62,19.65,18.68,18.7,19.79,-1.09,-5.5078,1607333.14,3052709.827,0.8194,1.93,5.8307,0.7224,1.9124,2077419.0751,1961525.0551,1508854.0745,38847736.7044,36680518.5304
601166.SH,20210727,18.77,18.87,17.85,17.98,18.7,-0.72,-3.8503,1596391.14,2913553.047,0.8139,1.59,5.6062,0.6945,1.8388,2077419.0751,1961525.0551,1508854.0745,37351994.9703,35268220.4907
601166.SH,20210728,18.09,18.46,17.95,18.33,17.98,0.35,1.9466,1120704.92,2045977.845,0.5713,0.93,5.7154,0.7081,1.8746,2077419.0751,1961525.0551,1508854.0745,38079091.6466,35954754.26
601166.SH,20210729,18.48,18.48,17.91,17.94,18.33,-0.39,-2.1277,1249646.23,2256777.208,0.6371,1.05,5.5937,0.693,1.8347,2077419.0751,1961525.0551,1508854.0745,37268898.2073,35189759.4885
601166.SH,20210730,17.85,17.94,17.53,17.67,17.94,-0.27,-1.505,955772.47,1688461.849,0.4873,0.75,5.5096,0.6826,1.8071,2077419.0751,1961525.0551,1508854.0745,36707995.057,34660147.7236
601166.SH,20210802,17.55,18.04,17.17,17.9,17.67,0.23,1.3016,1388659.29,2453857.256,0.7079,1.06,5.5813,0.6915,1.8306,2077419.0751,1961525.0551,1508854.0745,37185801.4443,35111298.4863
601166.SH,20210803,17.72,17.88,17.5,17.64,17.9,-0.26,-1.4525,1107108.03,1951290.424,0.5644,0.88,5.5002,0.6814,1.804,2077419.0751,1961525.0551,1508854.0745,36645672.4848,34601301.972
601166.SH,20210804,17.7,17.72,17.37,17.4,17.64,-0.24,-1.3605,920211.34,1605648.62,0.4691,0.79,5.4254,0.6721,1.7794,2077419.0751,1961525.0551,1508854.0745,36147091.9067,34130535.9587
601166.SH,20210805,17.36,17.61,17.27,17.41,17.4,0.01,0.0575,776649.93,1356297.062,0.3959,0.69,5.4285,0.6725,1.7805,2077419.0751,1961525.0551,1508854.0745,36167866.0975,34150151.2093
601166.SH,20210806,17.32,17.64,17.08,17.55,17.41,0.14,0.8041,960913.92,1670656.235,0.4899,0.93,5.4721,0.6779,1.7948,2077419.0751,1961525.0551,1508854.0745,36458704.768,34424764.717
601166.SH,20210809,17.58,18.59,17.56,18.22,17.55,0.67,3.8177,1620648.97,2953930.531,0.8262,1.57,5.6811,0.7038,1.8633,2077419.0751,1961525.0551,1508854.0745,37850575.5483,35738986.5039
601166.SH,20210810,18.19,18.78,17.95,18.66,18.22,0.44,2.4149,1454307.45,2671969.918,0.7414,1.35,5.8182,0.7208,1.9083,2077419.0751,1961525.0551,1508854.0745,38764639.9414,36602057.5282
601166.SH,20210811,18.68,19.33,18.58,18.74,18.66,0.08,0.4287,1490810.84,2827961.844,0.76,1.3,5.8432,0.7239,1.9165,2077419.0751,1961525.0551,1508854.0745,38930833.4674,36758979.5326
601166.SH,20210812,18.72,18.87,18.54,18.61,18.74,-0.13,-0.6937,729884.83,1365260.162,0.3721,0.58,5.8027,0.7189,1.9032,2077419.0751,1961525.0551,1508854.0745,38660768.9876,36503981.2754
601166.SH,20210813,18.62,18.7,18.4,18.63,18.61,0.02,0.1075,726766.59,1346606.558,0.3705,0.58,5.8089,0.7196,1.9052,2077419.0751,1961525.0551,1508854.0745,38702317.3691,36543211.7765
601166.SH,20210816,18.77,18.89,18.47,18.63,18.63,0.0,0.0,750721.26,1402725.365,0.3827,0.62,5.8089,0.7196,1.9052,2077419.0751,1961525.0551,1508854.0745,38702317.3691,36543211.7765
601166.SH,20210817,18.62,18.84,18.34,18.39,18.63,-0.24,-1.2882,734270.2,1364887.333,0.3743,0.71,5.7341,0.7104,1.8807,2077419.0751,1961525.0551,1508854.0745,38203736.7911,36072445.7633
601166.SH,20210818,18.43,19.41,18.42,19.19,18.39,0.8,4.3502,1331224.2,2528960.297,0.6787,1.5,5.9835,0.7413,1.9625,2077419.0751,1961525.0551,1508854.0745,39865672.0512,37641665.8074
601166.SH,20210819,19.1,19.25,18.55,18.55,19.19,-0.64,-3.3351,1045515.66,1964478.306,0.533,1.22,5.7839,0.7166,1.8971,2077419.0751,1961525.0551,1508854.0745,38536123.8431,36386289.7721
601166.SH,20210820,18.68,18.8,18.01,18.26,18.55,-0.29,-1.5633,1313533.59,2399423.976,0.6696,1.43,5.6935,0.7054,1.8674,2077419.0751,1961525.0551,1508854.0745,37933672.3113,35817447.5061
601166.SH,20210823,18.25,18.48,18.16,18.29,18.26,0.03,0.1643,786544.62,1441096.05,0.401,0.76,5.7029,0.7065,1.8705,2077419.0751,1961525.0551,1508854.0745,37995994.8836,35876293.2578
601166.SH,20210824,18.29,18.68,18.23,18.59,18.29,0.3,1.6402,912142.72,1686720.979,0.465,0.88,5.7964,0.7181,1.9011,2077419.0751,1961525.0551,1508854.0745,38619220.6061,36464750.7743
601166.SH,20210825,18.58,18.75,18.29,18.37,18.59,-0.22,-1.1834,723375.69,1337091.168,0.3688,0.67,5.7278,0.7096,1.8786,2077419.0751,1961525.0551,1508854.0745,38162188.4096,36033215.2622
601166.SH,20210826,18.35,18.38,18.02,18.13,18.37,-0.24,-1.3065,795092.98,1442587.749,0.4053,0.83,5.653,0.7003,1.8541,2077419.0751,1961525.0551,1286490.0768,37663607.8316,35562449.249
601166.SH,20210827,18.1,18.29,17.82,18.01,18.13,-0.12,-0.6619,1057717.73,1909178.228,0.5392,1.17,5.6156,0.6776,1.8418,2077419.0751,1961525.0551,1508854.0745,37414317.5426,35327066.2424
601166.SH,20210830,18.14,18.46,17.93,18.1,18.01,0.09,0.4997,1157385.81,2102592.297,0.59,1.35,5.6436,0.681,1.851,2077419.0751,1961525.0551,1508854.0745,37601285.2593,35503603.4973
601166.SH,20210831,18.15,18.6,17.96,18.5,18.1,0.4,2.2099,1166433.73,2135357.084,0.5947,1.26,5.7684,0.696,1.8919,2077419.0751,1961525.0551,1508854.0745,38432252.8894,36288213.5194
601166.SH,20210901,18.41,19.35,18.39,19.16,18.5,0.66,3.5676,1863631.62,3534930.261,0.9501,1.9,5.9741,0.7209,1.9594,2077419.0751,1961525.0551,1508854.0745,39803349.4789,37582820.0557
601166.SH,20210902,19.27,19.62,19.24,19.43,19.16,0.27,1.4092,1356523.77,2638083.44,0.6916,1.12,6.0583,0.731,1.987,2077419.0751,1961525.0551,1508854.0745,40364252.6292,38112431.8206
601166.SH,20210903,19.35,19.78,18.95,19.44,19.43,0.01,0.0515,1239110.12,2405259.538,0.6317,0.94,6.0615,0.7314,1.9881,2077419.0751,1961525.0551,1508854.0745,40385026.8199,38132047.0711
601166.SH,20210906,19.35,19.67,19.32,19.36,19.44,-0.08,-0.4115,768484.15,1496084.494,0.3918,0.57,6.0365,0.7284,1.9799,2077419.0751,1961525.0551,1508854.0745,40218833.2939,37975125.0667
601166.SH,20210907,19.42,19.93,19.2,19.9,19.36,0.54,2.7893,1223166.95,2393891.888,0.6236,0.96,6.2049,0.7487,2.0351,2077419.0751,1961525.0551,1508854.0745,41340639.5945,39034348.5965
601166.SH,20210908,19.83,20.08,19.3,19.43,19.9,-0.47,-2.3618,1356653.24,2664556.573,0.6916,1.05,6.0583,0.731,1.987,2077419.0751,1961525.0551,1508854.0745,40364252.6292,38112431.8206
601166.SH,20210909,19.31,19.38,19.05,19.23,19.43,-0.2,-1.0293,925753.12,1777025.28,0.472,0.78,5.996,0.7235,1.9666,2077419.0751,1961525.0551,1508854.0745,39948768.8142,37720126.8096
601166.SH,20210910,19.26,20.23,19.23,19.74,19.23,0.51,2.6521,1935697.67,3835141.72,0.9868,1.76,6.155,0.7427,2.0187,2077419.0751,1961525.0551,1508854.0745,41008252.5425,38720504.5877
601166.SH,20210913,19.74,20.15,19.61,20.09,19.74,0.35,1.773,1586912.19,3163870.466,0.809,1.28,6.2641,0.7559,2.0545,2077419.0751,1961525.0551,1508854.0745,41735349.2188,39407038.357
601166.SH,20210914,20.09,20.2,19.13,19.16,20.09,-0.93,-4.6292,1747155.01,3407602.456,0.8907,1.24,5.9741,0.7209,1.9594,2077419.0751,1961525.0551,1508854.0745,39803349.4789,37582820.0557
601166.SH,20210915,19.08,19.23,18.7,18.85,19.16,-0.31,-1.618,1193492.05,2260123.774,0.6085,0.79,5.8775,0.7092,1.9277,2077419.0751,1961525.0551,1508854.0745,39159349.5656,36974747.2886
601166.SH,20210916,18.75,18.97,18.58,18.6,18.85,-0.25,-1.3263,907176.28,1699646.603,0.4625,0.61,5.7995,0.6998,1.9022,2077419.0751,1961525.0551,1508854.0745,38639994.7969,36484366.0249
601166.SH,20210917,18.6,18.82,18.46,18.68,18.6,0.08,0.4301,770200.54,1433650.295,0.3927,0.52,5.8245,0.7028,1.9103,2077419.0751,1961525.0551,1508854.0745,38806188.3229,36641288.0293
601166.SH,20210922,18.0,18.32,17.78,18.12,18.68,-0.56,-2.9979,1389290.9,2502514.844,0.7083,1.12,5.6499,0.6817,1.8531,2077419.0751,1961525.0551,1508854.0745,37642833.6408,35542833.9984
601166.SH,20210923,18.25,18.53,18.08,18.22,18.12,0.1,0.5519,757548.73,1383340.603,0.3862,0.63,5.6811,0.6855,1.8633,2077419.0751,1961525.0551,1508854.0745,37850575.5483,35738986.5039
601166.SH,20210924,18.19,18.3,17.85,17.92,18.22,-0.3,-1.6465,803239.87,1448719.67,0.4095,0.8,5.5875,0.6742,1.8326,2077419.0751,1961525.0551,1508854.0745,37227349.8258,35150528.9874
601166.SH,20210927,17.92,18.15,17.52,18.1,17.92,0.18,1.0045,1221820.87,2175945.222,0.6229,1.32,5.6436,0.681,1.851,2077419.0751,1961525.0551,1508854.0745,37601285.2593,35503603.4973
601166.SH,20210928,18.1,18.57,18.04,18.46,18.1,0.36,1.989,1016262.97,1865644.873,0.5181,1.03,5.7559,0.6945,1.8878,2077419.0751,1961525.0551,1508854.0745,38349156.1263,36209752.5171
601166.SH,20210929,18.27,18.75,18.21,18.51,18.46,0.05,0.2709,818234.03,1511555.151,0.4171,0.79,5.7715,0.6964,1.893,2077419.0751,1961525.0551,1508854.0745,38453027.0801,36307828.7699
601166.SH,20210930,18.54,18.54,18.21,18.3,18.51,-0.21,-1.1345,708723.4,1299064.538,0.3613,0.77,5.706,0.6885,1.8715,2077419.0751,1961525.0551,1508854.0745,38016769.0743,35895908.5083
601166.SH,20211008,18.41,18.74,18.4,18.68,18.3,0.38,2.0765,810562.17,1506411.141,0.4132,0.89,5.8245,0.7028,1.9103,2077419.0751,1961525.0551,1508854.0745,38806188.3229,36641288.0293
601166.SH,20211011,19.0,19.5,19.0,19.36,18.68,0.68,3.6403,1563445.4,3023712.844,0.7971,1.71,6.0365,0.7284,1.9799,2077419.0751,1961525.0551,1508854.0745,40218833.2939,37975125.0667
601166.SH,20211012,19.33,19.65,19.16,19.34,19.36,-0.02,-0.1033,1053341.02,2041157.851,0.537,1.07,6.0303,0.7276,1.9778,2077419.0751,1961525.0551,1508854.0745,40177284.9124,37935894.5656
601166.SH,20211013,19.33,19.46,19.04,19.21,19.34,-0.13,-0.6722,701940.65,1349798.401,0.3579,0.71,5.9897,0.7228,1.9645,2077419.0751,1961525.0551,1508854.0745,39907220.4327,37680896.3085
601166.SH,20211014,19.24,19.47,18.96,19.09,19.21,-0.12,-0.6247,571365.77,1095933.62,0.2913,0.59,5.9523,0.7182,1.9523,2077419.0751,1961525.0551,1508854.0745,39657930.1437,37445513.3019
601166.SH,20211015,19.14,19.48,19.0,19.22,19.09,0.13,0.681,842512.56,1622340.105,0.4295,0.9,5.9929,0.7231,1.9656,2077419.0751,1961525.0551,1508854.0745,39927994.6234,37700511.559
601166.SH,20211018,19.34,19.47,19.1,19.24,19.22,0.02,0.1041,664331.48,1277985.858,0.3387,0.7,5.9991,0.7239,1.9676,2077419.0751,1961525.0551,1508854.0745,39969543.0049,37739742.0601
601166.SH,20211019,19.2,19.48,19.17,19.23,19.24,-0.01,-0.052,676641.57,1305805.109,0.345,0.88,5.996,0.7235,1.9666,2077419.0751,1961525.0551,1508854.0745,39948768.8142,37720126.8096
601166.SH,20211020,19.3,19.51,19.05,19.15,19.23,-0.08,-0.416,687582.7,1322525.346,0.3505,0.99,5.971,0.7205,1.9584,2077419.0751,1961525.0551,1508854.0745,39782575.2882,37563204.8052
601166.SH,20211021,19.3,19.86,19.3,19.78,19.15,0.63,3.2898,1469600.45,2883109.376,0.7492,2.13,6.1675,0.7442,2.0228,2077419.0751,1961525.0551,1508854.0745,41091349.3055,38798965.5899
601166.SH,20211022,19.9,20.12,19.67,19.87,19.78,0.09,0.455,971692.17,1933881.959,0.4954,1.12,6.1955,0.7476,2.032,2077419.0751,1961525.0551,1508854.0745,41278317.0222,38975502.8448
601166.SH,20211025,19.58,19.76,19.48,19.65,19.87,-0.22,-1.1072,876198.24,1715776.027,0.4467,0.98,6.1269,0.7393,2.0095,2077419.0751,1961525.0551,1508854.0745,40821284.8257,38543967.3327
601166.SH,20211026,19.58,19.76,19.27,19.38,19.65,-0.27,-1.374,1045140.4,2034275.471,0.5328,1.12,6.0427,0.7292,1.9819,2077419.0751,1961525.0551,1508854.0745,40260381.6754,38014355.5678
601166.SH,20211027,19.3,19.35,18.83,19.08,19.38,-0.3,-1.548,995326.21,1898520.365,0.5074,0.99,5.9492,0.7179,1.9513,2077419.0751,1961525.0551,1508854.0745,39637155.9529,37425898.0513
601166.SH,20211028,19.01,19.2,18.89,19.05,19.08,-0.03,-0.1572,590691.78,1124050.102,0.3011,0.55,5.9398,0.7167,1.9482,2077419.0751,1961525.0551,1508854.0745,39574833.3807,37367052.2997
601166.SH,20211029,19.34,19.41,18.52,18.63,19.05,-0.42,-2.2047,1642608.01,3101893.132,0.8374,1.83,5.8089,0.6695,1.9052,2077419.0751,1961525.0551,1286490.0768,38702317.3691,36543211.7765
601166.SH,20211101,18.67,19.25,18.58,18.97,18.63,0.34,1.825,1376605.63,2610843.895,0.7018,1.34,5.9149,0.6818,1.94,2077419.0751,1961525.0551,1508854.0745,39408639.8546,37210130.2952
601166.SH,20211102,18.97,19.07,17.88,18.02,18.97,-0.95,-5.0079,2758717.21,5026249.207,1.4064,2.44,5.6187,0.6476,1.8428,2077419.0751,1961525.0551,1508854.0745,37435091.7333,35346681.4929
601166.SH,20211103,18.03,18.29,17.94,18.29,18.02,0.27,1.4983,1014872.44,1840885.487,0.5174,0.69,5.7029,0.6573,1.8705,2077419.0751,1961525.0551,1508854.0745,37995994.8836,35876293.2578
601166.SH,20211104,18.22,18.32,18.01,18.23,18.29,-0.06,-0.328,773762.3,1405082.038,0.3945,0.52,5.6842,0.6552,1.8643,2077419.0751,1961525.0551,1508854.0745,37871349.7391,35758601.7545
601166.SH,20211105,18.04,18.24,17.97,18.14,18.23,-0.09,-0.4937,729897.09,1321378.382,0.3721,0.48,5.6561,0.6519,1.8551,2077419.0751,1961525.0551,1508854.0745,37684382.0223,35582064.4995
601166.SH,20211108,18.14,18.25,17.97,18.07,18.14,-0.07,-0.3859,803827.51,1456889.884,0.4098,0.6,5.6343,0.6494,1.848,2077419.0751,1961525.0551,1508854.0745,37538962.6871,35444757.7457
601166.SH,20211109,18.19,18.42,18.12,18.31,18.07,0.24,1.3282,789709.41,1442540.354,0.4026,0.65,5.7091,0.658,1.8725,2077419.0751,1961525.0551,1508854.0745,38037543.2651,35915523.7589
601166.SH,20211110,18.25,18.27,18.05,18.19,18.31,-0.12,-0.6554,724861.18,1314856.472,0.3695,0.88,5.6717,0.6537,1.8602,2077419.0751,1961525.0551,1508854.0745,37788252.9761,35680140.7523
601166.SH,20211111,18.11,18.94,18.11,18.89,18.19,0.7,3.8483,1483276.78,2775988.97,0.7562,1.94,5.89,0.6789,1.9318,2077419.0751,1961525.0551,1508854.0745,39242446.3286,37053208.2908
601166.SH,20211112,18.9,19.08,18.73,18.84,18.89,-0.05,-0.2647,660593.86,1245699.99,0.3368,0.73,5.8744,0.6771,1.9267,2077419.0751,1961525.0551,1508854.0745,39138575.3749,36955132.0381
601166.SH,20211115,18.87,19.07,18.66,18.83,18.84,-0.01,-0.0531,548120.48,1030556.65,0.2794,0.61,5.8713,0.6767,1.9257,2077419.0751,1961525.0551,1508854.0745,39117801.1841,36935516.7875
601166.SH,20211116,18.74,18.91,18.49,18.6,18.83,-0.23,-1.2215,537806.21,1003468.731,0.2742,0.64,5.7995,0.6685,1.9022,2077419.0751,1961525.0551,1508854.0745,38639994.7969,36484366.0249
601166.SH,20211117,18.45,18.73,18.42,18.51,18.6,-0.09,-0.4839,461644.21,856773.558,0.2353,0.58,5.7715,0.6652,1.893,2077419.0751,1961525.0551,1508854.0745,38453027.0801,36307828.7699
601166.SH,20211118,18.48,18.59,18.27,18.3,18.51,-0.21,-1.1345,579222.66,1064174.876,0.2953,0.78,5.706,0.6577,1.8715,2077419.0751,1961525.0551,1508854.0745,38016769.0743,35895908.5083
601166.SH,20211119,18.28,18.61,18.24,18.5,18.3,0.2,1.0929,678054.57,1249610.033,0.3457,1.22,5.7684,0.6649,1.8919,2077419.0751,1961525.0551,1508854.0745,38432252.8894,36288213.5194
601166.SH,20211122,18.53,18.58,18.14,18.2,18.5,-0.3,-1.6216,1058189.59,1930611.781,0.5395,1.89,5.6748,0.6541,1.8613,2077419.0751,1961525.0551,1508854.0745,37809027.1668,35699756.0028
601166.SH,20211123,18.2,18.28,18.07,18.13,18.2,-0.07,-0.3846,1056175.51,1916447.603,0.5384,1.59,5.653,0.6516,1.8541,2077419.0751,1961525.0551,1508854.0745,37663607.8316,35562449.249
601166.SH,20211124,18.14,18.43,18.01,18.31,18.13,0.18,0.9928,1083727.21,1971818.623,0.5525,1.41,5.7091,0.658,1.8725,2077419.0751,1961525.0551,1508854.0745,38037543.2651,35915523.7589
601166.SH,20211125,18.25,18.32,18.18,18.27,18.31,-0.04,-0.2185,574888.73,1049420.611,0.2931,0.65,5.6966,0.6566,1.8684,2077419.0751,1961525.0551,1508854.0745,37954446.5021,35837062.7567
601166.SH,20211126,18.19,18.25,18.06,18.2,18.27,-0.07,-0.3831,748758.19,1358620.354,0.3817,0.84,5.6748,0.6541,1.8613,2077419.0751,1961525.0551,1508854.0745,37809027.1668,35699756.0028
601166.SH,20211129,18.09,18.16,17.98,18.07,18.2,-0.13,-0.7143,824462.87,1487708.807,0.4203,0.91,5.6343,0.6494,1.848,2077419.0751,1961525.0551,1508854.0745,37538962.6871,35444757.7457
601166.SH,20211130,18.06,18.13,17.95,18.01,18.07,-0.06,-0.332,587480.96,1059115.462,0.2995,0.69,5.6156,0.6473,1.8418,2077419.0751,1961525.0551,1508854.0745,37414317.5426,35327066.2424
601166.SH,20211201,18.0,18.16,17.95,18.12,18.01,0.11,0.6108,544134.32,984257.297,0.2774,0.71,5.6499,0.6512,1.8531,2077419.0751,1961525.0551,1508854.0745,37642833.6408,35542833.9984
601166.SH,20211202,18.09,18.43,17.98,18.37,18.12,0.25,1.3797,928809.28,1696196.118,0.4735,1.42,5.7278,0.6602,1.8786,2077419.0751,1961525.0551,1508854.0745,38162188.4096,36033215.2622
601166.SH,20211203,18.35,18.45,18.12,18.3,18.37,-0.07,-0.3811,822041.91,1500461.355,0.4191,1.13,5.706,0.6577,1.8715,2077419.0751,1961525.0551,1508854.0745,38016769.0743,35895908.5083
601166.SH,20211206,18.35,18.86,18.35,18.52,18.3,0.22,1.2022,1324104.06,2463316.668,0.675,1.79,5.7746,0.6656,1.894,2077419.0751,1961525.0551,1508854.0745,38473801.2709,36327444.0205
601166.SH,20211207,18.74,19.3,18.72,19.22,18.52,0.7,3.7797,2510043.97,4775164.678,1.2796,2.98,5.9929,0.6907,1.9656,2077419.0751,1961525.0551,1508854.0745,39927994.6234,37700511.559
601166.SH,20211208,19.12,19.51,19.07,19.45,19.22,0.23,1.1967,1520074.74,2936913.576,0.7749,1.24,6.0646,0.699,1.9891,2077419.0751,1961525.0551,1507549.1512,40405801.0107,38151662.3217
601166.SH,20211209,19.45,19.88,19.36,19.43,19.45,-0.02,-0.1028,1432510.36,2800564.385,0.7303,1.01,6.0583,0.6983,1.987,2077419.0751,1961525.0551,1507549.1512,40364252.6292,38112431.8206
601166.SH,20211210,19.3,19.73,19.26,19.42,19.43,-0.01,-0.0515,1221508.34,2372960.859,0.6227,0.8,6.0552,0.6979,1.986,2077419.0751,1961525.0551,1507549.1512,40343478.4384,38092816.57
601166.SH,20211213,19.54,20.07,19.54,19.59,19.42,0.17,0.8754,1410507.71,2792217.242,0.7191,0.88,6.1082,0.704,2.0034,2077419.0751,1961525.0551,1507549.1512,40696639.6812,38426275.8294
601166.SH,20211214,19.51,19.56,19.07,19.21,19.59,-0.38,-1.9398,1037367.92,1994533.982,0.5289,0.64,5.9897,0.6904,1.9645,2077419.0751,1961525.0551,1507549.1512,39907220.4327,37680896.3085
601166.SH,20211215,19.1,19.24,18.92,19.12,19.21,-0.09,-0.4685,961685.03,1832566.082,0.4903,0.73,5.9617,0.6871,1.9553,2077419.0751,1961525.0551,1507549.1512,39720252.7159,37504359.0535
601166.SH,20211216,19.24,19.55,19.15,19.5,19.12,0.38,1.9874,940316.9,1823029.558,0.4794,0.78,6.0802,0.7008,1.9942,2077419.0751,1961525.0551,1507549.1512,40509671.9645,38249738.5745
601166.SH,20211217,19.5,19.69,19.41,19.48,19.5,-0.02,-0.1026,846600.12,1653523.124,0.4316,0.76,6.0739,0.7001,1.9922,2077419.0751,1961525.0551,1507549.1512,40468123.5829,38210508.0733
601166.SH,20211220,19.41,19.69,19.37,19.52,19.48,0.04,0.2053,699545.82,1368176.264,0.3566,0.67,6.0864,0.7015,1.9962,2077419.0751,1961525.0551,1507549.1512,40551220.346,38288969.0756
601166.SH,20211221,19.5,19.82,19.45,19.53,19.52,0.01,0.0512,881011.54,1729336.839,0.4491,0.98,6.0895,0.7019,1.9973,2077419.0751,1961525.0551,1507549.1512,40571994.5367,38308584.3261
601166.SH,20211222,19.66,19.69,19.22,19.32,19.53,-0.21,-1.0753,697347.74,1350456.381,0.3555,0.81,6.024,0.6943,1.9758,2077419.0751,1961525.0551,1507549.1512,40135736.5309,37896664.0645
601166.SH,20211223,19.45,19.62,19.11,19.26,19.32,-0.06,-0.3106,1396114.59,2692633.244,0.7117,1.72,6.0053,0.6922,1.9697,2077419.0751,1961525.0551,1507549.1512,40011091.3864,37778972.5612
601166.SH,20211224,19.36,19.36,19.06,19.07,19.26,-0.19,-0.9865,763854.94,1462305.175,0.3894,0.84,5.9461,0.6853,1.9502,2077419.0751,1961525.0551,1507549.1512,39616381.7622,37406282.8008
601166.SH,20211227,19.01,19.07,18.81,18.85,19.07,-0.22,-1.1536,944857.65,1787175.904,0.4817,1.06,5.8775,0.6774,1.9277,2077419.0751,1961525.0551,1507549.1512,39159349.5656,36974747.2886
601166.SH,20211228,18.92,19.18,18.91,19.04,18.85,0.19,1.008,930354.68,1775270.423,0.4743,0.99,5.9367,0.6843,1.9472,2077419.0751,1961525.0551,1507549.1512,39554059.1899,37347437.0491
601166.SH,20211229,19.13,19.13,18.88,18.92,19.04,-0.12,-0.6303,601637.87,1142117.982,0.3067,0.64,5.8993,0.68,1.9349,2077419.0751,1961525.0551,1507549.1512,39304768.9009,37112054.0425
601166.SH,20211230,18.94,19.21,18.92,19.05,18.92,0.13,0.6871,798266.08,1523528.379,0.407,0.86,5.9398,0.6846,1.9482,2077419.0751,1961525.0551,1507549.1512,39574833.3807,37367052.2997
601166.SH,20211231,19.11,19.16,18.98,19.04,19.05,-0.01,-0.0525,553909.08,1055756.726,0.2824,0.69,5.9367,0.6843,1.9472,2077419.0751,1961525.0551,1507549.1512,39554059.1899,37347437.0491
601166.SH,20220104,19.07,19.2,18.84,19.13,19.04,0.09,0.4727,1055270.96,2008970.566,0.538,1.38,5.9648,0.6875,1.9564,2077419.0751,1961525.0551,1507549.1512,39741026.9067,37523974.3041
601166.SH,20220105,19.15,20.32,19.14,20.07,19.13,0.94,4.9137,2454030.37,4887972.335,1.2511,3.11,6.2579,0.7213,2.0525,2077419.0751,1961525.0551,1507549.1512,41693800.8373,39367807.8559
601166.SH,20220106,20.16,20.25,19.9,19.96,20.07,-0.11,-0.5481,1219046.28,2441886.022,0.6215,1.12,6.2236,0.7173,2.0412,2077419.0751,1961525.0551,1507549.1512,41465284.739,39152040.0998
601166.SH,20220107,20.1,20.46,19.96,20.4,19.96,0.44,2.2044,1177944.74,2389606.941,0.6005,0.97,6.3608,0.7331,2.0862,2077419.0751,1961525.0551,1507549.1512,42379349.132,40015111.124
601166.SH,20220110,20.59,20.74,20.2,20.63,20.4,0.23,1.1275,1278528.08,2615168.646,0.6518,0.99,6.4325,0.7414,2.1098,2077419.0751,1961525.0551,1507549.1512,42857155.5193,40466261.8867
601166.SH,20220111,21.0,21.56,20.8,21.4,20.63,0.77,3.7324,1954062.37,4161625.66,0.9962,1.36,6.6726,0.743,2.1885,2077419.0751,1961525.0551,1507549.1512,44456768.2071,41976636.1791
601166.SH,20220112,21.45,21.56,21.1,21.37,21.4,-0.03,-0.1402,1481451.53,3166649.289,0.7553,0.92,6.6632,0.742,2.1854,2077419.0751,1961525.0551,1507549.1512,44394445.6349,41917790.4275
601166.SH,20220113,21.4,21.63,21.16,21.24,21.37,-0.13,-0.6083,1096567.11,2337946.561,0.559,0.77,6.6227,0.7375,2.1721,2077419.0751,1961525.0551,1507549.1512,44124381.1551,41662792.1703
601166.SH,20220114,21.17,21.2,20.54,20.66,21.24,-0.58,-2.7307,1465026.4,3036715.978,0.7469,1.05,6.4419,0.7173,2.1128,2077419.0751,1961525.0551,1507549.1512,42919478.0916,40525107.6384
601166.SH,20220117,20.73,20.96,20.36,20.51,20.66,-0.15,-0.726,816622.75,1679029.834,0.4163,0.56,6.3951,0.7121,2.0975,2077419.0751,1961525.0551,1507549.1512,42607865.2303,40230878.8801
601166.SH,20220118,20.52,21.34,20.4,21.3,20.51,0.79,3.8518,1364751.27,2863106.17,0.6958,1.0,6.6414,0.7396,2.1783,2077419.0751,1961525.0551,1507549.1512,44249026.2996,41780483.6736
601166.SH,20220119,21.3,21.64,21.14,21.51,21.3,0.21,0.9859,1323516.59,2837981.305,0.6747,1.06,6.7069,0.7469,2.1998,2077419.0751,1961525.0551,1507549.1512,44685284.3054,42192403.9352
601166.SH,20220120,21.49,22.27,21.46,22.15,21.51,0.64,2.9754,1638619.6,3610072.353,0.8354,1.35,6.9064,0.7691,2.2652,2077419.0751,1961525.0551,1507549.1512,46014832.5135,43447779.9705
601166.SH,20220121,22.0,22.07,21.7,21.8,22.15,-0.35,-1.5801,817944.51,1786680.945,0.417,0.62,6.7973,0.7569,2.2294,2077419.0751,1961525.0551,1507549.1512,45287735.8372,42761246.2012
601166.SH,20220124,21.8,22.31,21.59,22.06,21.8,0.26,1.1927,1168088.67,2569932.399,0.5955,0.98,6.8784,0.766,2.256,2077419.0751,1961525.0551,1507549.1512,45827864.7967,43271242.7155
601166.SH,20220125,22.0,22.0,21.4,21.42,22.06,-0.64,-2.9012,1024314.58,2212679.789,0.5222,0.81,6.6788,0.7437,2.1906,2077419.0751,1961525.0551,1507549.1512,44498316.5886,42015866.6802
601166.SH,20220126,21.51,21.72,21.21,21.33,21.42,-0.09,-0.4202,674513.62,1439454.657,0.3439,0.56,6.6508,0.7406,2.1814,2077419.0751,1961525.0551,1507549.1512,44311348.8719,41839329.4253
601166.SH,20220127,21.32,21.55,21.05,21.3,21.33,-0.03,-0.1406,995375.75,2121877.7,0.5074,0.93,6.6414,0.7396,2.1783,2077419.0751,1961525.0551,1507549.1512,44249026.2996,41780483.6736
601166.SH,20220128,21.45,21.48,20.8,20.88,21.3,-0.42,-1.9718,1025663.95,2167122.129,0.5229,1.1,6.5104,0.725,2.1353,2077419.0751,1961525.0551,1507549.1512,43376510.2881,40956643.1505
601166.SH,20220207,21.35,22.08,21.27,22.01,20.88,1.13,5.4119,1594037.22,3467046.281,0.8127,1.63,6.8628,0.7642,2.2509,2077419.0751,1961525.0551,1507549.1512,45723993.843,43173166.4628
601166.SH,20220208,22.05,22.47,21.98,22.38,22.01,0.37,1.6811,1215913.69,2704923.138,0.6199,1.14,6.9782,0.7771,2.2887,2077419.0751,1961525.0551,1507549.1512,46492638.9007,43898930.7331
601166.SH,20220209,22.43,22.65,22.16,22.27,22.38,-0.11,-0.4915,1082394.67,2423187.106,0.5518,0.98,6.9439,0.7732,2.2775,2077419.0751,1961525.0551,1507549.1512,46264122.8025,43683162.9771
601166.SH,20220210,22.22,22.75,22.03,22.65,22.27,0.38,1.7063,907148.66,2042210.78,0.4625,0.77,7.0623,0.7864,2.3163,2077419.0751,1961525.0551,1507549.1512,47053542.051,44428542.498
601166.SH,20220211,22.78,23.13,22.6,22.99,22.65,0.34,1.5011,1236475.47,2832508.011,0.6304,1.06,7.1684,0.7982,2.3511,2077419.0751,1961525.0551,1507549.1512,47759864.5365,45095461.0167
601166.SH,20220214,22.95,22.95,22.14,22.25,22.99,-0.74,-3.2188,1133554.76,2533923.318,0.5779,0.94,6.9376,0.7726,2.2754,2077419.0751,1961525.0551,1507549.1512,46222574.421,43643932.476
601166.SH,20220215,22.13,22.38,21.51,21.85,22.25,-0.4,-1.7978,1543969.17,3370705.543,0.7871,1.38,6.8129,0.7587,2.2345,2077419.0751,1961525.0551,1507549.1512,45391606.7909,42859322.4539
601166.SH,20220216,21.9,22.36,21.9,22.18,21.85,0.33,1.5103,709955.66,1574129.12,0.3619,0.6,6.9158,0.7701,2.2683,2077419.0751,1961525.0551,1507549.1512,46077155.0857,43506625.7221
601166.SH,20220217,22.19,22.8,22.13,22.3,22.18,0.12,0.541,1103724.32,2477906.756,0.5627,1.0,6.9532,0.7743,2.2806,2077419.0751,1961525.0551,1507549.1512,46326445.3747,43742008.7287
601166.SH,20220218,22.31,22.89,22.28,22.89,22.3,0.59,2.6457,933979.88,2119133.512,0.4761,0.82,7.1372,0.7948,2.3409,2077419.0751,1961525.0551,1507549.1512,47552122.629,44899308.5112
601166.SH,20220221,22.8,22.9,22.3,22.76,22.89,-0.13,-0.5679,809656.67,1828381.541,0.4128,0.75,7.0966,0.7903,2.3276,2077419.0751,1961525.0551,1507549.1512,47282058.1493,44644310.2541
601166.SH,20220222,22.82,23.22,22.52,23.08,22.76,0.32,1.406,1252978.56,2873605.365,0.6388,1.23,7.1964,0.8014,2.3603,2077419.0751,1961525.0551,1507549.1512,47946832.2533,45271998.2717
601166.SH,20220223,23.08,23.09,22.35,22.5,23.08,-0.58,-2.513,1102071.35,2489160.596,0.5618,1.15,7.0156,0.7812,2.301,2077419.0751,1961525.0551,1507549.1512,46741929.1898,44134313.7398
601166.SH,20220224,22.52,22.78,22.28,22.32,22.5,-0.18,-0.8,1028155.69,2311675.213,0.5242,0.99,6.9594,0.775,2.2826,2077419.0751,1961525.0551,1507549.1512,46367993.7562,43781239.2298
601166.SH,20220225,22.39,22.59,21.87,22.11,22.32,-0.21,-0.9409,1125989.45,2488473.304,0.574,1.1,6.894,0.7677,2.2611,2077419.0751,1961525.0551,1507549.1512,45931735.7505,43369318.9683
601166.SH,20220228,22.0,22.12,21.41,22.07,22.11,-0.04,-0.1809,1022221.29,2230054.19,0.5211,0.96,6.8815,0.7663,2.257,2077419.0751,1961525.0551,1507549.1512,45848638.9875,43290857.9661
601166.SH,20220301,22.0,22.28,21.75,22.17,22.07,0.1,0.4531,871792.9,1917241.143,0.4444,0.79,6.9127,0.7698,2.2673,2077419.0751,1961525.0551,1507549.1512,46056380.895,43487010.4716
601166.SH,20220302,21.85,22.29,21.82,22.06,22.17,-0.11,-0.4962,532416.39,1174785.457,0.2714,0.52,6.8784,0.766,2.256,2077419.0751,1961525.0551,1507549.1512,45827864.7967,43271242.7155
601166.SH,20220303,22.09,22.44,22.06,22.08,22.06,0.02,0.0907,718004.91,1594274.483,0.366,0.78,6.8846,0.7667,2.2581,2077419.0751,1961525.0551,1507549.1512,45869413.1782,43310473.2166
601166.SH,20220304,22.0,22.09,21.6,21.71,22.08,-0.37,-1.6757,752301.48,1635990.909,0.3835,0.88,6.7692,0.7538,2.2202,2077419.0751,1961525.0551,1507549.1512,45100768.1204,42584708.9462
601166.SH,20220307,21.49,21.82,21.21,21.34,21.71,-0.37,-1.7043,1184656.47,2542907.267,0.6039,1.52,6.6539,0.741,2.1824,2077419.0751,1961525.0551,1507549.1512,44332123.0626,41858944.6758
601166.SH,20220308,21.15,21.33,20.5,20.6,21.34,-0.74,-3.4677,1361880.91,2853935.58,0.6943,1.68,6.4231,0.7153,2.1067,2077419.0751,1961525.0551,1507549.1512,42794832.9471,40407416.1351
601166.SH,20220309,20.69,20.94,19.88,20.47,20.6,-0.13,-0.6311,1231452.57,2522825.43,0.6278,1.35,6.3826,0.7107,2.0934,2077419.0751,1961525.0551,1507549.1512,42524768.4673,40152417.8779
601166.SH,20220310,20.88,21.0,20.6,20.67,20.47,0.2,0.977,743162.24,1545999.979,0.3789,0.71,6.445,0.7177,2.1139,2077419.0751,1961525.0551,1507549.1512,42940252.2823,40544722.8889
601166.SH,20220311,20.54,20.89,20.09,20.8,20.67,0.13,0.6289,820472.57,1682297.128,0.4183,0.78,6.4855,0.7222,2.1272,2077419.0751,1961525.0551,1507549.1512,43210316.7621,40799721.1461
601166.SH,20220314,20.51,20.94,20.13,20.14,20.8,-0.66,-3.1731,821298.21,1677137.218,0.4187,0.77,6.2797,0.6993,2.0597,2077419.0751,1961525.0551,1507549.1512,41839220.1725,39505114.6097
601166.SH,20220315,19.99,20.0,18.8,18.85,20.14,-1.29,-6.4052,1643798.1,3169652.419,0.838,1.65,5.8775,0.6545,1.9277,2077419.0751,1961525.0551,1507549.1512,39159349.5656,36974747.2886
601166.SH,20220316,19.2,20.01,18.85,19.82,18.85,0.97,5.1459,1437253.07,2787562.336,0.7327,1.37,6.1799,0.6882,2.0269,2077419.0751,1961525.0551,1507549.1512,41174446.0685,38877426.5921
601166.SH,20220317,20.28,20.34,19.63,19.91,19.82,0.09,0.4541,1227694.18,2453713.003,0.6259,1.12,6.208,0.6913,2.0361,2077419.0751,1961525.0551,1507549.1512,41361413.7852,39053963.847
601166.SH,20220318,19.78,20.88,19.73,20.76,19.91,0.85,4.2692,1430838.53,2931752.83,0.7295,1.2,6.473,0.7208,2.1231,2077419.0751,1961525.0551,1507549.1512,43127219.9991,40721260.1439
601166.SH,20220321,20.68,20.8,20.17,20.22,20.76,-0.54,-2.6012,975084.33,1988924.587,0.4971,0.74,6.3047,0.7021,2.0678,2077419.0751,1961525.0551,1507549.1512,42005413.6985,39662036.6141
601166.SH,20220322,20.29,20.93,20.25,20.81,20.22,0.59,2.9179,863389.14,1784369.846,0.4402,0.64,6.4886,0.7226,2.1282,2077419.0751,1961525.0551,1507549.1512,43231090.9528,40819336.3966
601166.SH,20220323,20.74,20.78,19.63,19.71,20.81,-1.1,-5.2859,3084134.72,6148405.435,1.5723,2.6,6.1456,0.6844,2.0157,2077419.0751,1961525.0551,1507549.1512,40945929.9702,38661658.836
601166.SH,20220324,19.58,19.88,19.36,19.85,19.71,0.14,0.7103,1098797.24,2168392.295,0.5602,0.72,6.1893,0.6892,2.03,2077419.0751,1961525.0551,1507549.1512,41236768.6407,38936272.3437
601166.SH,20220325,19.98,20.45,19.85,20.07,19.85,0.22,1.1083,1329047.86,2675943.135,0.6776,0.89,5.0428,0.7006,1.8846,2077419.0751,1961525.0551,1507549.1512,41693800.8373,39367807.8559
601166.SH,20220328,19.84,20.16,19.56,20.03,20.07,-0.04,-0.1993,821770.25,1637628.387,0.4189,0.56,5.0327,0.6992,1.8808,2077419.0751,1961525.0551,1507549.1512,41610704.0743,39289346.8537
601166.SH,20220329,20.08,20.12,19.83,19.88,20.03,-0.15,-0.7489,526222.33,1049983.838,0.2683,0.37,4.9951,0.6939,1.8667,2077419.0751,1961525.0551,1507549.1512,41299091.213,38995118.0954
601166.SH,20220330,19.99,20.34,19.89,20.29,19.88,0.41,2.0624,960165.21,1935092.679,0.4895,0.7,5.0981,0.7082,1.9052,2077419.0751,1961525.0551,1507549.1512,42150833.0338,39799343.368
601166.SH,20220331,20.2,20.79,20.14,20.67,20.29,0.38,1.8728,1178968.87,2425511.483,0.601,1.24,5.1935,0.7215,1.9409,2077419.0751,1961525.0551,1507549.1512,42940252.2823,40544722.8889
601166.SH,20220401,20.56,21.42,20.45,21.4,20.67,0.73,3.5317,1421226.89,3002129.689,0.7246,1.48,5.377,0.747,2.0095,2077419.0751,1961525.0551,1507549.1512,44456768.2071,41976636.1791
601166.SH,20220406,21.19,22.21,21.17,21.92,21.4,0.52,2.4299,1598676.36,3500524.237,0.815,1.63,5.5076,0.7651,2.0583,2077419.0751,1961525.0551,1507549.1512,45537026.1262,42996629.2078
601166.SH,20220407,21.88,22.18,21.47,21.59,21.92,-0.33,-1.5055,1101117.25,2398438.197,0.53,0.97,5.4247,0.7536,2.0273,2077419.0751,2077419.0751,1530727.9512,44851477.8314,44851477.8314
601166.SH,20220408,21.6,22.04,21.59,21.99,21.59,0.4,1.8527,802278.26,1754316.421,0.3862,0.64,5.5252,0.7676,2.0649,2077419.0751,2077419.0751,1530727.9512,45682445.4614,45682445.4614
601166.SH,20220411,21.88,21.94,21.5,21.75,21.99,-0.24,-1.0914,860659.51,1871521.845,0.4143,0.71,5.4649,0.7592,2.0423,2077419.0751,2077419.0751,1530727.9512,45183864.8834,45183864.8834
601166.SH,20220412,21.65,22.0,21.37,21.73,21.75,-0.02,-0.092,878479.77,1905047.646,0.4229,0.76,5.4599,0.7585,2.0405,2077419.0751,2077419.0751,1530727.9512,45142316.5019,45142316.5019
601166.SH,20220413,21.66,22.03,21.53,21.72,21.73,-0.01,-0.046,817165.05,1784569.877,0.3934,0.78,5.4574,0.7582,2.0395,2077419.0751,2077419.0751,1530727.9512,45121542.3112,45121542.3112
601166.SH,20220414,22.05,22.06,21.5,21.68,21.72,-0.04,-0.1842,937776.36,2035327.131,0.4514,1.05,5.4473,0.7568,2.0358,2077419.0751,2077419.0751,1530727.9512,45038445.5482,45038445.5482
601166.SH,20220415,21.62,22.42,21.55,22.26,21.68,0.58,2.6753,1189639.9,2625350.67,0.5727,1.38,5.5931,0.777,2.0902,2077419.0751,2077419.0751,1530727.9512,46243348.6117,46243348.6117
601166.SH,20220418,21.97,21.97,21.45,21.68,22.26,-0.58,-2.6056,1143365.58,2476074.536,0.5504,1.22,5.4473,0.7568,2.0358,2077419.0751,2077419.0751,1530727.9512,45038445.5482,45038445.5482
601166.SH,20220419,21.6,21.66,21.1,21.45,21.68,-0.23,-1.0609,928746.86,1982821.749,0.4471,0.94,5.3895,0.7487,2.0142,2077419.0751,2077419.0751,1530727.9512,44560639.1609,44560639.1609
601166.SH,20220420,21.49,21.62,21.21,21.26,21.45,-0.19,-0.8858,730517.66,1561042.797,0.3516,0.73,5.3418,0.7421,1.9963,2077419.0751,2077419.0751,1530727.9512,44165929.5366,44165929.5366
601166.SH,20220421,21.26,21.68,20.96,21.13,21.26,-0.13,-0.6115,912944.6,1947659.208,0.4395,0.93,5.3091,0.7376,1.9841,2077419.0751,2077419.0751,1530727.9512,43895865.0569,43895865.0569
601166.SH,20220422,20.97,21.6,20.91,21.42,21.13,0.29,1.3725,762350.75,1630350.369,0.367,0.78,5.382,0.7477,2.0114,2077419.0751,2077419.0751,1530727.9512,44498316.5886,44498316.5886
601166.SH,20220425,20.91,21.09,20.25,20.28,21.42,-1.14,-5.3221,1492988.43,3086710.294,0.7187,1.67,5.0956,0.7079,1.9043,2077419.0751,2077419.0751,1530727.9512,42130058.843,42130058.843
601166.SH,20220426,20.38,20.74,20.24,20.42,20.28,0.14,0.6903,910385.33,1866639.024,0.4382,0.94,5.1307,0.7128,1.9175,2077419.0751,2077419.0751,1530727.9512,42420897.5135,42420897.5135
601166.SH,20220427,20.26,20.79,20.22,20.54,20.42,0.12,0.5877,877748.85,1803283.308,0.4225,0.91,5.1609,0.717,1.9287,2077419.0751,2077419.0751,1530727.9512,42670187.8026,42670187.8026
601166.SH,20220428,20.5,21.07,20.46,21.05,20.54,0.51,2.483,1054012.55,2198281.365,0.5074,1.06,5.289,0.7348,1.9766,2077419.0751,2077419.0751,1530727.9512,43729671.5309,43729671.5309
601166.SH,20220429,20.95,20.95,20.0,20.48,21.05,-0.57,-2.7078,1827993.88,3712928.953,0.8799,1.79,5.1458,0.6841,1.9231,2077419.0751,2077419.0751,1530727.9512,42545542.658,42545542.658
601166.SH,20220505,20.35,20.7,20.25,20.4,20.48,-0.08,-0.3906,1003052.04,2047619.438,0.4828,0.81,5.1257,0.6814,1.9156,2077419.0751,2077419.0751,1530727.9512,42379349.132,42379349.132
601166.SH,20220506,20.19,20.38,19.93,19.96,20.4,-0.44,-2.1569,643860.5,1293115.981,0.3099,0.57,5.0152,0.6667,1.8743,2077419.0751,2077419.0751,1530727.9512,41465284.739,41465284.739
601166.SH,20220509,19.84,19.93,19.45,19.62,19.96,-0.34,-1.7034,669036.47,1314923.566,0.3221,0.62,4.9297,0.6554,1.8423,2077419.0751,2077419.0751,1530727.9512,40758962.2535,40758962.2535
601166.SH,20220510,19.47,20.07,19.33,20.0,19.62,0.38,1.9368,829533.04,1641619.466,0.3993,0.8,5.0252,0.668,1.878,2077419.0751,2077419.0751,1530727.9512,41548381.502,41548381.502
601166.SH,20220511,20.05,20.1,19.67,19.78,20.0,-0.22,-1.1,1054972.11,2092493.055,0.5078,1.06,4.9699,0.6607,1.8574,2077419.0751,2077419.0751,1530727.9512,41091349.3055,41091349.3055
601166.SH,20220512,19.66,19.74,19.46,19.63,19.78,-0.15,-0.7583,582934.61,1141925.128,0.2806,0.69,4.9322,0.6557,1.8433,2077419.0751,2077419.0751,1530727.9512,40779736.4442,40779736.4442
601166.SH,20220513,19.74,20.09,19.6,19.75,19.63,0.12,0.6113,1069314.49,2119039.065,0.5147,1.41,4.9624,0.6597,1.8545,2077419.0751,2077419.0751,1530727.9512,41029026.7332,41029026.7332
601166.SH,20220516,19.76,19.76,19.18,19.34,19.75,-0.41,-2.0759,1237326.24,2388282.832,0.5956,1.47,4.8594,0.646,1.816,2077419.0751,2077419.0751,1530727.9512,40177284.9124,40177284.9124
601166.SH,20220517,19.37,19.74,19.22,19.59,19.34,0.25,1.2927,858625.32,1676834.673,0.4133,0.9,4.9222,0.6544,1.8395,2077419.0751,2077419.0751,1530727.9512,40696639.6812,40696639.6812
601166.SH,20220518,19.7,19.71,19.28,19.42,19.59,-0.17,-0.8678,742995.59,1441303.92,0.3577,0.77,4.8795,0.6487,1.8235,2077419.0751,2077419.0751,1530727.9512,40343478.4384,40343478.4384
601166.SH,20220519,19.2,19.35,19.17,19.28,19.42,-0.14,-0.7209,665182.09,1280155.69,0.3202,0.74,4.8443,0.644,1.8104,2077419.0751,2077419.0751,1530727.9512,40052639.7679,40052639.7679
601166.SH,20220520,19.38,19.76,19.36,19.69,19.28,0.41,2.1266,1024770.85,2012286.329,0.4933,1.12,4.9473,0.6577,1.8489,2077419.0751,2077419.0751,1530727.9512,40904381.5887,40904381.5887
601166.SH,20220523,19.75,19.87,19.51,19.68,19.69,-0.01,-0.0508,800159.63,1575985.623,0.3852,0.88,4.9448,0.6574,1.848,2077419.0751,2077419.0751,1530727.9512,40883607.398,40883607.398
601166.SH,20220524,19.76,19.84,19.47,19.48,19.68,-0.2,-1.0163,607269.82,1192644.309,0.2923,0.74,4.8945,0.6507,1.8292,2077419.0751,2077419.0751,1530727.9512,40468123.5829,40468123.5829
601166.SH,20220525,19.55,19.65,19.44,19.53,19.48,0.05,0.2567,461297.85,901938.495,0.2221,0.6,4.9071,0.6523,1.8339,2077419.0751,2077419.0751,1530727.9512,40571994.5367,40571994.5367
601166.SH,20220526,19.6,19.62,19.35,19.53,19.53,0.0,0.0,616063.24,1200373.294,0.2966,0.87,4.9071,0.6523,1.8339,2077419.0751,2077419.0751,1530727.9512,40571994.5367,40571994.5367
601166.SH,20220527,19.59,19.89,19.55,19.72,19.53,0.19,0.9729,736519.7,1452788.824,0.3545,1.05,4.9549,0.6587,1.8517,2077419.0751,2077419.0751,1530727.9512,40966704.161,40966704.161
601166.SH,20220530,19.88,19.88,19.46,19.53,19.72,-0.19,-0.9635,594662.93,1165857.887,0.2863,0.92,4.9071,0.6523,1.8339,2077419.0751,2077419.0751,1530727.9512,40571994.5367,40571994.5367
601166.SH,20220531,19.55,19.73,19.45,19.65,19.53,0.12,0.6144,710118.8,1394974.495,0.3418,1.18,4.9373,0.6564,1.8451,2077419.0751,2077419.0751,1530727.9512,40821284.8257,40821284.8257
601166.SH,20220601,19.7,19.71,19.47,19.56,19.65,-0.09,-0.458,607185.61,1187582.565,0.2923,0.97,4.9146,0.6534,1.8367,2077419.0751,2077419.0751,1530727.9512,40634317.109,40634317.109
601166.SH,20220602,19.47,19.55,19.31,19.35,19.56,-0.21,-1.0736,721369.89,1397313.235,0.3472,1.1,4.8619,0.6463,1.817,2077419.0751,2077419.0751,1530727.9512,40198059.1032,40198059.1032
601166.SH,20220606,19.31,19.35,18.96,19.19,19.35,-0.16,-0.8269,1315649.72,2510420.018,0.6333,1.95,4.8217,0.641,1.802,2077419.0751,2077419.0751,1530727.9512,39865672.0512,39865672.0512
601166.SH,20220607,19.12,19.59,19.09,19.51,19.19,0.32,1.6675,1004751.36,1949584.759,0.4837,1.27,4.9021,0.6517,1.832,2077419.0751,2077419.0751,1530727.9512,40530446.1552,40530446.1552
601166.SH,20220608,19.57,19.64,19.37,19.63,19.51,0.12,0.6151,802914.03,1567252.195,0.3865,0.92,4.9322,0.6557,1.8433,2077419.0751,2077419.0751,1530727.9512,40779736.4442,40779736.4442
601166.SH,20220609,19.75,20.28,19.7,20.19,19.63,0.56,2.8528,1486129.86,2982767.12,0.7154,1.67,5.0729,0.6744,1.8959,2077419.0751,2077419.0751,1530727.9512,41943091.1263,41943091.1263
601166.SH,20220610,20.12,20.37,19.97,20.33,20.19,0.14,0.6934,1042362.09,2103333.413,0.5018,0.98,5.1081,0.6791,1.909,2077419.0751,2077419.0751,1530727.9512,42233929.7968,42233929.7968
601166.SH,20220613,20.24,20.32,19.75,19.9,20.33,-0.43,-2.1151,1006421.82,2003540.692,0.4845,0.89,5.0001,0.6647,1.8686,2077419.0751,2077419.0751,1530727.9512,41340639.5945,41340639.5945
601166.SH,20220614,19.79,20.25,19.73,20.23,19.9,0.33,1.6583,898241.69,1797935.827,0.4324,0.84,5.083,0.6757,1.8996,2077419.0751,2077419.0751,1530727.9512,42026187.8893,42026187.8893
601166.SH,20220615,20.25,21.0,20.15,20.72,20.23,0.49,2.4221,1756860.54,3636870.001,0.8457,1.68,5.2061,0.6921,1.9456,2077419.0751,2077419.0751,1530727.9512,43044123.2361,43044123.2361
601166.SH,20220616,19.8,19.83,19.37,19.41,19.69,-0.28,-1.422,1243800.83,2437697.189,0.5987,1.0,4.877,0.6716,1.8226,2077419.0751,2077419.0751,1530727.9512,40322704.2477,40322704.2477
601166.SH,20220617,19.27,19.53,19.24,19.39,19.41,-0.02,-0.103,1008084.74,1951951.339,0.4853,0.85,4.8719,0.6709,1.8207,2077419.0751,2077419.0751,1530727.9512,40281155.8662,40281155.8662
601166.SH,20220620,19.39,19.43,19.02,19.13,19.39,-0.26,-1.3409,960299.59,1836451.882,0.4623,0.81,4.8066,0.6619,1.7963,2077419.0751,2077419.0751,1530727.9512,39741026.9067,39741026.9067
601166.SH,20220621,19.12,19.5,19.02,19.38,19.13,0.25,1.3068,718301.33,1389466.219,0.3458,0.61,4.8694,0.6705,1.8198,2077419.0751,2077419.0751,1530727.9512,40260381.6754,40260381.6754
601166.SH,20220622,19.36,19.36,19.1,19.1,19.38,-0.28,-1.4448,648893.89,1245925.283,0.3124,0.57,4.7991,0.6608,1.7935,2077419.0751,2077419.0751,1530727.9512,39678704.3344,39678704.3344
601166.SH,20220623,19.15,19.31,19.11,19.3,19.1,0.2,1.0471,642933.92,1235697.89,0.3095,0.7,4.8493,0.6678,1.8123,2077419.0751,2077419.0751,1530727.9512,40094188.1494,40094188.1494
601166.SH,20220624,19.29,19.41,19.03,19.19,19.3,-0.11,-0.5699,895596.57,1715038.946,0.4311,1.13,4.8217,0.6639,1.802,2077419.0751,2077419.0751,1530727.9512,39865672.0512,39865672.0512
601166.SH,20220627,19.19,19.49,19.14,19.36,19.19,0.17,0.8859,848896.94,1642325.585,0.4086,1.1,4.8644,0.6698,1.8179,2077419.0751,2077419.0751,1530727.9512,40218833.2939,40218833.2939
601166.SH,20220628,19.4,19.61,19.27,19.47,19.36,0.11,0.5682,676452.26,1313859.795,0.3256,0.9,4.892,0.6736,1.8282,2077419.0751,2077419.0751,1530727.9512,40447349.3922,40447349.3922
601166.SH,20220629,19.4,19.82,19.39,19.66,19.47,0.19,0.9759,839916.48,1652407.158,0.4043,1.13,4.9398,0.6802,1.8461,2077419.0751,2077419.0751,1530727.9512,40842059.0165,40842059.0165
601166.SH,20220630,19.61,20.02,19.52,19.9,19.66,0.24,1.2208,1003384.37,1993739.774,0.483,1.29,5.0001,0.6885,1.8686,2077419.0751,2077419.0751,1530727.9512,41340639.5945,41340639.5945
601166.SH,20220701,19.92,20.01,19.82,19.9,19.9,0.0,0.0,602202.13,1199895.129,0.2899,0.71,5.0001,0.6885,1.8686,2077419.0751,2077419.0751,1530727.9512,41340639.5945,41340639.5945
601166.SH,20220704,19.86,19.94,19.57,19.67,19.9,-0.23,-1.1558,780490.57,1535754.304,0.3757,0.98,4.9423,0.6806,1.847,2077419.0751,2077419.0751,1530727.9512,40862833.2072,40862833.2072
601166.SH,20220705,19.69,19.98,19.6,19.7,19.67,0.03,0.1525,815967.23,1612547.342,0.3928,1.05,4.9498,0.6816,1.8498,2077421.5729,2077421.5729,1530730.449,40925204.9861,40925204.9861
601166.SH,20220706,19.65,19.71,19.28,19.39,19.7,-0.31,-1.5736,733436.82,1423624.679,0.3531,0.91,4.8719,0.6709,1.8207,2077421.5729,2077421.5729,1530730.449,40281204.2985,40281204.2985
601166.SH,20220707,19.35,19.46,19.2,19.22,19.39,-0.17,-0.8767,582847.28,1124998.854,0.2806,0.74,4.8292,0.665,1.8048,2077421.5729,2077421.5729,1530730.449,39928042.6311,39928042.6311
601166.SH,20220708,19.32,19.35,19.06,19.31,19.22,0.09,0.4683,595228.34,1146119.977,0.2865,0.85,4.8518,0.6681,1.8132,2077421.5729,2077421.5729,1530730.449,40115010.5727,40115010.5727
601166.SH,20220711,19.26,19.48,19.17,19.17,19.31,-0.14,-0.725,629121.78,1213967.806,0.3028,0.9,4.8167,0.6633,1.8001,2077421.5729,2077421.5729,1530730.449,39824171.5525,39824171.5525
601166.SH,20220712,19.22,19.48,19.22,19.28,19.17,0.11,0.5738,702961.55,1360820.559,0.3384,1.05,4.8443,0.6671,1.8104,2077421.5729,2077421.5729,1530730.449,40052687.9255,40052687.9255
601166.SH,20220713,19.16,19.25,18.55,18.6,19.28,-0.68,-3.527,1815044.84,3399747.79,0.8737,2.8,4.6734,0.6435,1.7466,2077421.5729,2077421.5729,1530730.449,38640041.2559,38640041.2559
601166.SH,20220714,18.43,18.43,17.94,18.0,18.6,-0.6,-3.2258,1987092.41,3579739.443,0.9565,2.3,4.5227,0.6228,1.6902,2077421.5729,2077421.5729,1530730.449,37393588.3122,37393588.3122
601166.SH,20220715,18.04,18.13,17.61,17.63,18.0,-0.37,-2.0556,1464229.21,2614497.68,0.7048,1.28,4.4297,0.61,1.6555,2077421.5729,2077421.5729,1530730.449,36624942.3302,36624942.3302
601166.SH,20220718,17.75,17.95,17.66,17.8,17.63,0.17,0.9643,872069.74,1553204.29,0.4198,0.66,4.4724,0.6159,1.6714,2077421.5729,2077421.5729,1530730.449,36978103.9976,36978103.9976
601166.SH,20220719,17.81,17.88,17.61,17.75,17.8,-0.05,-0.2809,801578.43,1419874.584,0.3859,0.59,4.4599,0.6141,1.6667,2077421.5729,2077421.5729,1530730.449,36874232.919,36874232.919
601166.SH,20220720,17.85,17.93,17.67,17.75,17.75,0.0,0.0,633218.47,1125462.43,0.3048,0.46,4.4599,0.6141,1.6667,2077421.5729,2077421.5729,1530730.449,36874232.919,36874232.919
601166.SH,20220721,17.7,17.7,17.31,17.36,17.75,-0.39,-2.1972,1158802.53,2026269.355,0.5578,1.01,4.3619,0.6006,1.6301,2077421.5729,2077421.5729,1530730.449,36064038.5055,36064038.5055
601166.SH,20220722,17.41,17.6,17.36,17.53,17.36,0.17,0.9793,621485.77,1087838.708,0.2992,0.63,4.4046,0.6065,1.6461,2077421.5729,2077421.5729,1530730.449,36417200.1729,36417200.1729
601166.SH,20220725,17.53,17.66,17.42,17.6,17.53,0.07,0.3993,421863.41,741561.896,0.2031,0.52,4.4222,0.6089,1.6527,2077421.5729,2077421.5729,1530730.449,36562619.683,36562619.683
601166.SH,20220726,17.62,17.91,17.6,17.9,17.6,0.3,1.7045,801883.12,1428005.241,0.386,1.1,4.4976,0.6193,1.6808,2077421.5729,2077421.5729,1530730.449,37185846.1549,37185846.1549
601166.SH,20220727,18.03,18.05,17.75,17.83,17.9,-0.07,-0.3911,566766.6,1013897.197,0.2728,0.78,4.48,0.6169,1.6743,2077423.8108,2077423.8108,1529612.6669,37040466.5466,37040466.5466
601166.SH,20220728,17.88,18.05,17.87,17.9,17.83,0.07,0.3926,553790.55,994061.21,0.2666,0.78,4.4976,0.6193,1.6808,2077423.8108,2077423.8108,1529612.6669,37185886.2133,37185886.2133
601166.SH,20220729,17.95,18.03,17.72,17.77,17.9,-0.13,-0.7263,520738.56,928591.055,0.2507,0.88,4.4649,0.6148,1.6686,2077423.8108,2077423.8108,1529612.6669,36915821.1179,36915821.1179
601166.SH,20220801,17.71,17.71,17.53,17.55,17.77,-0.22,-1.238,532803.27,937838.339,0.2565,0.93,4.4096,0.6072,1.648,2077423.8108,2077423.8108,1529612.6669,36458787.8795,36458787.8795
601166.SH,20220802,17.42,17.43,17.15,17.38,17.55,-0.17,-0.9687,779241.92,1345304.041,0.3751,1.31,4.3669,0.6013,1.632,2077423.8108,2077423.8108,1529612.6669,36105625.8317,36105625.8317
601166.SH,20220803,17.3,17.5,17.15,17.17,17.38,-0.21,-1.2083,624408.31,1076996.385,0.3006,1.06,4.3141,0.5941,1.6123,2077423.8108,2077423.8108,1529612.6669,35669366.8314,35669366.8314
601166.SH,20220804,17.26,17.49,17.17,17.44,17.17,0.27,1.5725,509061.93,884560.776,0.245,0.85,4.382,0.6034,1.6376,2077423.8108,2077423.8108,1529612.6669,36230271.2604,36230271.2604
601166.SH,20220805,17.45,17.6,17.32,17.6,17.44,0.16,0.9174,413499.59,722545.45,0.199,0.7,4.4222,0.6089,1.6527,2077423.8108,2077423.8108,1529612.6669,36562659.0701,36562659.0701
601166.SH,20220808,17.58,17.74,17.48,17.52,17.6,-0.08,-0.4545,355450.62,624406.653,0.1711,0.62,4.4021,0.6062,1.6451,2077423.8108,2077423.8108,1529612.6669,36396465.1652,36396465.1652
601166.SH,20220809,17.53,17.55,17.43,17.45,17.52,-0.07,-0.3995,253334.82,443129.653,0.1219,0.47,4.3845,0.6037,1.6386,2077423.8108,2077423.8108,1529612.6669,36251045.4985,36251045.4985
601166.SH,20220810,17.5,17.52,17.3,17.35,17.45,-0.1,-0.5731,311596.0,541170.725,0.15,0.72,4.3594,0.6003,1.6292,2077423.8108,2077423.8108,1529612.6669,36043303.1174,36043303.1174
601166.SH,20220811,17.5,17.88,17.41,17.85,17.35,0.5,2.8818,698553.45,1236217.719,0.3363,1.9,4.485,0.6176,1.6761,2077423.8108,2077423.8108,1529612.6669,37082015.0228,37082015.0228
601166.SH,20220812,17.77,17.92,17.73,17.87,17.85,0.02,0.112,383194.79,683644.423,0.1845,0.94,4.49,0.6183,1.678,2077423.8108,2077423.8108,1529612.6669,37123563.499,37123563.499
601166.SH,20220815,17.81,17.91,17.5,17.56,17.87,-0.31,-1.7348,631098.63,1113624.945,0.3038,1.58,4.4121,0.6076,1.6489,2077423.8108,2077423.8108,1529612.6669,36479562.1176,36479562.1176
601166.SH,20220816,17.52,17.71,17.51,17.57,17.56,0.01,0.0569,366719.79,645669.827,0.1765,0.8,4.4147,0.6079,1.6498,2077423.8108,2077423.8108,1529612.6669,36500336.3558,36500336.3558
601166.SH,20220817,17.63,17.95,17.5,17.9,17.57,0.33,1.8782,707082.78,1258091.008,0.3404,1.48,4.4976,0.6193,1.6808,2077423.8108,2077423.8108,1529612.6669,37185886.2133,37185886.2133
601166.SH,20220818,17.85,17.87,17.56,17.65,17.9,-0.25,-1.3966,507026.05,895308.182,0.2441,0.91,4.4348,0.6107,1.6573,2077423.8108,2077423.8108,1529612.6669,36666530.2606,36666530.2606
601166.SH,20220819,17.58,17.99,17.57,17.8,17.65,0.15,0.8499,684367.02,1223239.875,0.3294,1.32,4.4724,0.6159,1.6714,2077423.8108,2077423.8108,1529612.6669,36978143.8322,36978143.8322
601166.SH,20220822,17.7,17.98,17.67,17.76,17.8,-0.04,-0.2247,502418.35,895627.64,0.2418,0.87,4.4624,0.6145,1.6677,2077423.8108,2077423.8108,1529612.6669,36895046.8798,36895046.8798
601166.SH,20220823,17.76,17.8,17.53,17.61,17.76,-0.15,-0.8446,426784.78,751739.653,0.2054,0.77,4.4247,0.6093,1.6536,2077423.8108,2077423.8108,1529612.6669,36583433.3082,36583433.3082
601166.SH,20220824,17.6,17.85,17.56,17.58,17.61,-0.03,-0.1704,550157.86,973753.201,0.2648,0.97,4.4172,0.6082,1.6508,2077423.8108,2077423.8108,1529612.6669,36521110.5939,36521110.5939
601166.SH,20220825,17.63,17.95,17.56,17.9,17.58,0.32,1.8203,670003.86,1188181.904,0.3225,1.25,4.4976,0.6193,1.6808,2077423.8108,2077423.8108,1529612.6669,37185886.2133,37185886.2133
601166.SH,20220826,17.88,17.92,17.67,17.88,17.9,-0.02,-0.1117,512143.14,911187.486,0.2465,0.9,4.4925,0.6186,1.6789,2077424.0963,2077424.0963,1529612.9524,37144342.8418,37144342.8418
601166.SH,20220829,17.43,17.48,16.88,16.93,17.88,-0.95,-5.3132,2267800.55,3856084.6,1.0916,4.26,4.2538,0.5715,1.5897,2077424.0963,2077424.0963,1529612.9524,35170789.9504,35170789.9504
601166.SH,20220830,16.88,16.99,16.7,16.82,16.93,-0.11,-0.6497,938700.22,1576647.363,0.4519,1.06,4.2262,0.5678,1.5794,2077424.0963,2077424.0963,1529612.9524,34942273.2998,34942273.2998
601166.SH,20220831,16.73,17.25,16.69,17.11,16.82,0.29,1.7241,1013764.66,1725405.708,0.488,1.03,4.2991,0.5776,1.6066,2077424.0963,2077424.0963,1529612.9524,35544726.2877,35544726.2877
601166.SH,20220901,17.03,17.23,17.0,17.11,17.11,0.0,0.0,554334.45,950670.916,0.2668,0.51,4.2991,0.5776,1.6066,2077424.0963,2077424.0963,1529612.9524,35544726.2877,35544726.2877
601166.SH,20220902,17.17,17.25,16.95,17.03,17.11,-0.08,-0.4676,455455.65,778015.072,0.2192,0.43,4.279,0.5749,1.5991,2077424.0963,2077424.0963,1529612.9524,35378532.36,35378532.36
601166.SH,20220905,17.03,17.13,16.88,17.08,17.03,0.05,0.2936,529370.82,898960.855,0.2548,0.51,4.2915,0.5766,1.6038,2077424.0963,2077424.0963,1529612.9524,35482403.5648,35482403.5648
601166.SH,20220906,17.09,17.25,17.0,17.06,17.08,-0.02,-0.1171,606214.57,1036892.065,0.2918,0.87,4.2865,0.5759,1.6019,2077424.0963,2077424.0963,1529612.9524,35440855.0829,35440855.0829
601166.SH,20220907,17.03,17.12,16.93,17.09,17.06,0.03,0.1758,435892.67,742032.672,0.2098,0.69,4.294,0.5769,1.6048,2077424.0963,2077424.0963,1529612.9524,35503177.8058,35503177.8058
601166.SH,20220908,17.1,17.16,17.01,17.01,17.09,-0.08,-0.4681,494942.43,844675.431,0.2382,0.96,4.2739,0.5742,1.5973,2077424.0963,2077424.0963,1529612.9524,35336983.8781,35336983.8781
601166.SH,20220909,17.09,17.47,17.03,17.38,17.01,0.37,2.1752,983033.41,1705316.617,0.4732,1.95,4.3669,0.5867,1.632,2077424.0963,2077424.0963,1529612.9524,36105630.7937,36105630.7937
601166.SH,20220913,17.47,17.65,17.31,17.59,17.38,0.21,1.2083,753858.7,1323289.559,0.3629,1.24,4.4197,0.5938,1.6517,2077424.0963,2077424.0963,1529612.9524,36541889.8539,36541889.8539
601166.SH,20220914,17.4,17.57,17.38,17.38,17.59,-0.21,-1.1939,477132.12,832781.623,0.2297,0.73,4.3669,0.5867,1.632,2077424.0963,2077424.0963,1529612.9524,36105630.7937,36105630.7937
601166.SH,20220915,17.48,17.72,17.45,17.69,17.38,0.31,1.7837,954106.54,1682255.337,0.4593,1.52,4.4448,0.5971,1.6611,2077424.0963,2077424.0963,1529612.9524,36749632.2635,36749632.2635
601166.SH,20220916,17.61,17.67,17.22,17.22,17.69,-0.47,-2.6569,734805.21,1278981.693,0.3537,1.0,4.3267,0.5813,1.617,2077424.0963,2077424.0963,1529612.9524,35773242.9383,35773242.9383
601166.SH,20220919,17.25,17.38,17.2,17.34,17.22,0.12,0.6969,406575.75,703783.886,0.1957,0.52,4.3569,0.5853,1.6282,2077424.0963,2077424.0963,1529612.9524,36022533.8298,36022533.8298
601166.SH,20220920,17.37,17.43,17.08,17.08,17.34,-0.26,-1.4994,484674.36,832611.832,0.2333,0.73,4.2915,0.5766,1.6038,2077424.0963,2077424.0963,1529612.9524,35482403.5648,35482403.5648
601166.SH,20220921,17.09,17.25,16.99,17.15,17.08,0.07,0.4098,413002.02,707431.489,0.1988,0.68,4.3091,0.5789,1.6104,2077424.0963,2077424.0963,1529612.9524,35627823.2515,35627823.2515
601166.SH,20220922,17.04,17.12,17.0,17.05,17.15,-0.1,-0.5831,388091.81,660977.504,0.1868,0.65,4.284,0.5755,1.601,2077424.0963,2077424.0963,1529612.9524,35420080.8419,35420080.8419
601166.SH,20220923,17.02,17.27,17.02,17.1,17.05,0.05,0.2933,390988.8,670485.154,0.1882,0.81,4.2966,0.5772,1.6057,2077424.0963,2077424.0963,1529612.9524,35523952.0467,35523952.0467
601166.SH,20220926,17.03,17.16,16.73,16.75,17.1,-0.35,-2.0468,643545.63,1089173.365,0.3098,1.54,4.2086,0.5654,1.5728,2077424.0963,2077424.0963,1529612.9524,34796853.613,34796853.613
601166.SH,20220927,16.78,16.89,16.6,16.81,16.75,0.06,0.3582,581404.18,973579.482,0.2799,1.25,4.2237,0.5674,1.5785,2077424.0963,2077424.0963,1529612.9524,34921499.0588,34921499.0588
601166.SH,20220928,16.77,16.97,16.61,16.84,16.81,0.03,0.1785,539909.66,908294.274,0.2599,1.12,4.2312,0.5685,1.5813,2077424.0963,2077424.0963,1529612.9524,34983821.7817,34983821.7817
601166.SH,20220929,16.93,16.96,16.49,16.54,16.84,-0.3,-1.7815,740478.15,1233329.548,0.3564,1.46,4.1559,0.5583,1.5531,2077424.0963,2077424.0963,1529612.9524,34360594.5528,34360594.5528
601166.SH,20220930,16.57,16.77,16.54,16.65,16.54,0.11,0.6651,470496.19,783686.181,0.2265,0.81,4.1835,0.562,1.5634,2077424.0963,2077424.0963,1529612.9524,34589111.2034,34589111.2034
601166.SH,20221010,16.6,16.74,16.46,16.49,16.65,-0.16,-0.961,504861.64,837803.576,0.243,0.85,4.1433,0.5566,1.5484,2077424.0963,2077424.0963,1571059.2138,34256723.348,34256723.348
601166.SH,20221011,16.58,16.6,16.31,16.33,16.49,-0.16,-0.9703,423705.92,696264.698,0.204,0.75,4.1031,0.5512,1.5334,2077424.3773,2077424.3773,1571059.4948,33924340.0813,33924340.0813
601166.SH,20221012,16.35,16.5,16.1,16.48,16.33,0.15,0.9186,544681.17,886002.684,0.2622,1.02,4.1408,0.5563,1.5475,2077424.3773,2077424.3773,1571059.4948,34235953.7379,34235953.7379
601166.SH,20221013,16.41,16.48,16.16,16.3,16.48,-0.18,-1.0922,556712.22,905075.762,0.268,1.04,4.0956,0.5502,1.5306,2077424.3773,2077424.3773,1571059.4948,33862017.35,33862017.35
601166.SH,20221014,16.41,16.64,16.4,16.51,16.3,0.21,1.2883,521781.55,863769.293,0.2512,1.04,4.1483,0.5573,1.5503,2077424.3773,2077424.3773,1571059.4948,34298276.4692,34298276.4692
601166.SH,20221017,16.45,16.61,16.42,16.53,16.51,0.02,0.1211,382824.0,632374.239,0.1843,0.75,4.1533,0.558,1.5522,2077424.3773,2077424.3773,1571059.4948,34339824.9568,34339824.9568
601166.SH,20221018,16.63,16.71,16.51,16.56,16.53,0.03,0.1815,477072.77,790642.689,0.2296,0.98,4.1609,0.559,1.555,2077424.3773,2077424.3773,1571059.4948,34402147.6881,34402147.6881
601166.SH,20221019,16.5,16.59,16.15,16.15,16.56,-0.41,-2.4758,732764.39,1194968.511,0.3527,1.48,4.0579,0.5452,1.5165,2077424.3773,2077424.3773,1571059.4948,33550403.6934,33550403.6934
601166.SH,20221020,16.13,16.19,16.03,16.09,16.15,-0.06,-0.3715,600013.98,965483.06,0.2888,1.12,4.0428,0.5431,1.5109,2077424.4053,2077424.4053,1571059.5228,33425758.6813,33425758.6813
601166.SH,20221021,16.11,16.21,15.97,15.99,16.09,-0.1,-0.6215,496712.9,797771.429,0.2391,0.91,4.0177,0.5398,1.5015,2077424.4053,2077424.4053,1571059.5228,33218016.2407,33218016.2407
601166.SH,20221024,15.99,16.05,15.26,15.3,15.99,-0.69,-4.3152,1157427.76,1799947.778,0.5571,2.15,3.8443,0.5165,1.4367,2077424.4053,2077424.4053,1571059.5228,31784593.4011,31784593.4011
601166.SH,20221025,15.43,15.53,15.28,15.36,15.3,0.06,0.3922,723392.25,1113709.655,0.3482,1.04,3.8594,0.5185,1.4423,2077424.4053,2077424.4053,1571059.5228,31909238.8654,31909238.8654
601166.SH,20221026,15.36,15.48,15.18,15.23,15.36,-0.13,-0.8464,585753.58,897518.627,0.282,0.79,3.8267,0.5141,1.4301,2077424.4053,2077424.4053,1571059.5228,31639173.6927,31639173.6927
601166.SH,20221027,15.29,15.44,15.24,15.25,15.23,0.02,0.1313,462966.04,708788.423,0.2229,0.65,3.8317,0.5148,1.432,2077424.4053,2077424.4053,1571059.5228,31680722.1808,31680722.1808
601166.SH,20221028,15.22,15.33,15.01,15.06,15.25,-0.19,-1.2459,568470.8,860459.133,0.2736,0.83,3.784,0.5084,1.4141,2077424.4053,2077424.4053,1571059.5228,31286011.5438,31286011.5438
601166.SH,20221031,15.0,15.15,14.91,15.03,15.06,-0.03,-0.1992,576493.86,865894.098,0.2775,0.82,3.7765,0.4872,1.4113,2077424.4053,2077424.4053,1571059.5228,31223688.8117,31223688.8117
601166.SH,20221101,15.1,15.44,15.09,15.42,15.03,0.39,2.5948,674258.08,1029060.225,0.3246,1.16,3.8744,0.4999,1.448,2077424.4053,2077424.4053,1571059.5228,32033884.3297,32033884.3297
601166.SH,20221102,15.32,15.4,15.2,15.35,15.42,-0.07,-0.454,598258.7,914850.976,0.288,1.04,3.8569,0.4976,1.4414,2077424.4053,2077424.4053,1571059.5228,31888464.6214,31888464.6214
601166.SH,20221103,15.27,15.3,15.09,15.14,15.35,-0.21,-1.3681,458617.08,695721.24,0.2208,0.8,3.8041,0.4908,1.4217,2077424.4053,2077424.4053,1571059.5228,31452205.4962,31452205.4962
601166.SH,20221104,15.1,15.5,15.09,15.43,15.14,0.29,1.9155,748388.92,1151835.521,0.3602,1.3,3.877,0.5002,1.4489,2077424.4053,2077424.4053,1571059.5228,32054658.5738,32054658.5738
601166.SH,20221107,15.35,15.57,15.3,15.47,15.43,0.04,0.2592,513675.57,793695.538,0.2473,0.84,3.887,0.5015,1.4526,2077424.4053,2077424.4053,1571059.5228,32137755.55,32137755.55
601166.SH,20221108,15.46,15.51,15.36,15.45,15.47,-0.02,-0.1293,367946.54,567525.615,0.1771,0.61,3.882,0.5008,1.4508,2077424.4053,2077424.4053,1571059.5228,32096207.0619,32096207.0619
601166.SH,20221109,15.45,15.59,15.43,15.49,15.45,0.04,0.2589,388866.19,603370.128,0.1872,0.72,3.892,0.5021,1.4545,2077424.4053,2077424.4053,1571059.5228,32179304.0381,32179304.0381
601166.SH,20221110,15.42,15.6,15.39,15.56,15.49,0.07,0.4519,380416.33,589875.786,0.1831,0.77,3.9096,0.5044,1.4611,2077424.4053,2077424.4053,1571059.5228,32324723.7465,32324723.7465
601166.SH,20221111,15.84,16.42,15.7,16.15,15.56,0.59,3.7918,1268087.08,2033447.365,0.6104,2.64,4.0579,0.5235,1.5165,2077424.4053,2077424.4053,1571059.5228,33550404.1456,33550404.1456
601166.SH,20221114,16.5,17.01,16.5,16.67,16.15,0.52,3.2198,1951001.27,3282761.689,0.9391,3.34,4.1885,0.5404,1.5653,2077424.4053,2077424.4053,1571059.5228,34630664.8364,34630664.8364
601166.SH,20221115,16.6,16.89,16.56,16.7,16.67,0.03,0.18,705122.48,1179052.28,0.3394,0.81,4.1961,0.5414,1.5681,2077424.4053,2077424.4053,1571059.5228,34692987.5685,34692987.5685
601166.SH,20221116,16.65,16.67,16.5,16.51,16.7,-0.19,-1.1377,623276.34,1032992.648,0.3,0.66,4.1483,0.5352,1.5503,2077424.4053,2077424.4053,1571059.5228,34298276.9315,34298276.9315
601166.SH,20221117,16.44,16.5,16.23,16.38,16.51,-0.13,-0.7874,494633.07,809358.371,0.2381,0.5,4.1157,0.531,1.5381,2077424.4053,2077424.4053,1571059.5228,34028211.7588,34028211.7588
601166.SH,20221118,16.43,16.45,16.18,16.22,16.38,-0.16,-0.9768,449560.95,731431.585,0.2164,0.45,4.0755,0.5258,1.5231,2077424.4053,2077424.4053,1571059.5228,33695823.854,33695823.854
601166.SH,20221121,16.14,16.14,15.84,16.11,16.22,-0.11,-0.6782,580953.65,928643.319,0.2797,0.69,4.0478,0.5222,1.5127,2077424.4053,2077424.4053,1571059.5228,33467307.1694,33467307.1694
601166.SH,20221122,16.12,16.61,16.11,16.51,16.11,0.4,2.4829,733663.13,1203429.824,0.3532,1.29,4.1483,0.5352,1.5503,2077424.4053,2077424.4053,1571059.5228,34298276.9315,34298276.9315
601166.SH,20221123,16.52,16.86,16.47,16.7,16.51,0.19,1.1508,732804.56,1224282.308,0.3527,1.27,4.1961,0.5414,1.5681,2077424.4053,2077424.4053,1571059.5228,34692987.5685,34692987.5685
601166.SH,20221124,16.75,16.92,16.57,16.62,16.7,-0.08,-0.479,439345.22,734363.839,0.2115,0.73,4.176,0.5388,1.5606,2077424.4053,2077424.4053,1571059.5228,34526793.6161,34526793.6161
601166.SH,20221125,16.62,17.09,16.6,17.01,16.62,0.39,2.3466,956856.03,1621708.705,0.4606,1.63,4.2739,0.5514,1.5973,2077424.4053,2077424.4053,1571059.5228,35336989.1342,35336989.1342
601166.SH,20221128,16.77,16.79,16.5,16.73,17.01,-0.28,-1.6461,750299.46,1248283.908,0.3612,1.09,4.2036,0.5423,1.571,2077424.4053,2077424.4053,1571059.5228,34755310.3007,34755310.3007
601166.SH,20221129,17.01,18.05,17.01,17.81,16.73,1.08,6.4555,2652287.84,4672633.552,1.2767,3.67,4.475,0.5773,1.6724,2077424.4053,2077424.4053,1571059.5228,36998928.6584,36998928.6584
601166.SH,20221130,17.68,18.03,17.6,17.7,17.81,-0.11,-0.6176,1060878.23,1889077.396,0.5107,0.96,4.4473,0.5738,1.662,2077424.4053,2077424.4053,1571059.5228,36770411.9738,36770411.9738
601166.SH,20221201,18.01,18.06,17.48,17.53,17.7,-0.17,-0.9605,757837.77,1342542.64,0.3648,0.65,4.4046,0.5683,1.6461,2077424.4053,2077424.4053,1571059.5228,36417249.8249,36417249.8249
601166.SH,20221202,17.49,17.59,17.05,17.41,17.53,-0.12,-0.6845,1029713.74,1778911.671,0.4957,0.83,4.3745,0.5644,1.6348,2077424.4053,2077424.4053,1571059.5228,36167958.8963,36167958.8963
601166.SH,20221205,17.61,17.95,17.5,17.91,17.41,0.5,2.8719,1064463.61,1894932.937,0.5124,0.85,4.5001,0.5806,1.6818,2077424.4053,2077424.4053,1571059.5228,37206671.0989,37206671.0989
601166.SH,20221206,17.8,17.89,17.64,17.79,17.91,-0.12,-0.67,651301.45,1155846.332,0.3135,0.5,4.4699,0.5767,1.6705,2077424.4053,2077424.4053,1571059.5228,36957380.1703,36957380.1703
601166.SH,20221207,17.74,17.82,17.53,17.58,17.79,-0.21,-1.1804,589307.63,1041098.562,0.2837,0.65,4.4172,0.5699,1.6508,2077424.4053,2077424.4053,1571059.5228,36521121.0452,36521121.0452
601166.SH,20221208,17.58,17.79,17.51,17.74,17.58,0.16,0.9101,505800.38,893637.41,0.2435,0.62,4.4574,0.5751,1.6658,2077424.4053,2077424.4053,1571059.5228,36853508.95,36853508.95
601166.SH,20221209,17.79,18.14,17.72,18.0,17.74,0.26,1.4656,1091514.77,1960364.151,0.5254,1.42,4.5227,0.5835,1.6902,2077424.4053,2077424.4053,1571059.5228,37393639.2954,37393639.2954
601166.SH,20221212,17.9,17.92,17.47,17.53,18.0,-0.47,-2.6111,641818.26,1134922.252,0.3089,0.82,4.4046,0.5683,1.6461,2077424.4053,2077424.4053,1571059.5228,36417249.8249,36417249.8249
601166.SH,20221213,17.52,17.79,17.51,17.7,17.53,0.17,0.9698,523454.18,926413.01,0.252,0.75,4.4473,0.5738,1.662,2077424.4053,2077424.4053,1571059.5228,36770411.9738,36770411.9738
601166.SH,20221214,17.8,17.82,17.54,17.76,17.7,0.06,0.339,473974.64,838246.053,0.2282,0.71,4.4624,0.5757,1.6677,2077424.4053,2077424.4053,1571059.5228,36895057.4381,36895057.4381
601166.SH,20221215,17.65,17.75,17.42,17.56,17.76,-0.2,-1.1261,419548.76,737740.889,0.202,0.65,4.4121,0.5692,1.6489,2077424.4053,2077424.4053,1571059.5228,36479572.5571,36479572.5571
601166.SH,20221216,17.48,17.78,17.45,17.65,17.56,0.09,0.5125,657344.81,1159691.687,0.3164,1.04,4.4348,0.5722,1.6573,2077424.4053,2077424.4053,1571059.5228,36666540.7535,36666540.7535
601166.SH,20221219,17.67,17.75,17.22,17.33,17.65,-0.32,-1.813,649573.15,1133395.114,0.3127,1.2,4.3543,0.5618,1.6273,2077424.4053,2077424.4053,1571059.5228,36001764.9438,36001764.9438
601166.SH,20221220,17.26,17.42,16.86,16.98,17.33,-0.35,-2.0196,866772.89,1480337.675,0.4172,1.59,4.2664,0.5504,1.5944,2077424.4053,2077424.4053,1571059.5228,35274666.402,35274666.402
601166.SH,20221221,17.01,17.18,16.94,17.11,16.98,0.13,0.7656,374402.46,640056.953,0.1802,0.61,4.2991,0.5546,1.6066,2077424.4053,2077424.4053,1571059.5228,35544731.5747,35544731.5747
601166.SH,20221222,17.26,17.36,17.18,17.26,17.11,0.15,0.8767,315192.35,544590.59,0.1517,0.53,4.3368,0.5595,1.6207,2077424.4053,2077424.4053,1571059.5228,35856345.2355,35856345.2355
601166.SH,20221223,17.16,17.37,17.14,17.25,17.26,-0.01,-0.0579,344977.38,595257.432,0.1661,0.6,4.3342,0.5592,1.6198,2077424.4053,2077424.4053,1571059.5228,35835570.9914,35835570.9914
601166.SH,20221226,17.25,17.39,17.05,17.16,17.25,-0.09,-0.5217,384009.59,661952.682,0.1848,0.75,4.3116,0.5563,1.6113,2077424.4053,2077424.4053,1571059.5228,35648602.7949,35648602.7949
601166.SH,20221227,17.32,17.62,17.3,17.43,17.16,0.27,1.5734,445487.1,779816.387,0.2144,0.97,4.3795,0.565,1.6367,2077424.4053,2077424.4053,1571059.5228,36209507.3844,36209507.3844
601166.SH,20221228,17.54,17.75,17.45,17.61,17.43,0.18,1.0327,412201.73,725928.498,0.1984,1.11,4.4247,0.5709,1.6536,2077424.4053,2077424.4053,1571059.5228,36583443.7773,36583443.7773
601166.SH,20221229,17.52,17.64,17.29,17.44,17.61,-0.17,-0.9654,408886.16,711617.403,0.1968,1.07,4.382,0.5653,1.6376,2077424.4053,2077424.4053,1571059.5228,36230281.6284,36230281.6284
601166.SH,20221230,17.5,17.68,17.39,17.59,17.44,0.15,0.8601,503057.59,884613.469,0.2422,1.26,4.4197,0.5702,1.6517,2077424.4053,2077424.4053,1571059.5228,36541895.2892,36541895.2892
601166.SH,20230103,17.5,17.85,17.33,17.77,17.59,0.18,1.0233,770285.19,1359924.064,0.3708,1.79,4.4649,0.576,1.6686,2077424.4053,2077424.4053,1571059.5228,36915831.6822,36915831.6822
601166.SH,20230104,17.81,18.27,17.76,18.07,17.77,0.3,1.6882,968299.53,1751473.287,0.4661,1.91,4.5403,0.5858,1.6968,2077425.2928,2077425.2928,1571059.5228,37539075.0409,37539075.0409
601166.SH,20230105,18.18,18.23,17.98,18.09,18.07,0.02,0.1107,637233.04,1153854.278,0.3067,1.04,4.5453,0.5864,1.6987,2077425.2928,2077425.2928,1571060.4103,37580623.5468,37580623.5468
601166.SH,20230106,18.06,18.16,17.9,18.1,18.09,0.01,0.0553,528331.21,952991.09,0.2543,0.8,4.5478,0.5867,1.6996,2077425.2928,2077425.2928,1571060.4103,37601397.7997,37601397.7997
601166.SH,20230109,18.12,18.2,18.0,18.08,18.1,-0.02,-0.1105,401439.66,727009.534,0.1932,0.59,4.5428,0.5861,1.6977,2077425.2928,2077425.2928,1571060.4103,37559849.2938,37559849.2938
601166.SH,20230110,18.05,18.18,17.75,17.78,18.08,-0.3,-1.6593,655413.34,1174843.861,0.3155,0.99,4.4674,0.5764,1.6696,2077425.2928,2077425.2928,1571060.4103,36936621.706,36936621.706
601166.SH,20230111,17.83,18.13,17.79,17.98,17.78,0.2,1.1249,624384.77,1125270.868,0.3006,0.98,4.5177,0.5828,1.6883,2077425.2928,2077425.2928,1571060.4103,37352106.7645,37352106.7645
601166.SH,20230112,18.07,18.08,17.88,18.05,17.98,0.07,0.3893,365999.57,657691.463,0.1762,0.64,4.5353,0.5851,1.6949,2077425.2928,2077425.2928,1571060.4103,37497526.535,37497526.535
601166.SH,20230113,18.07,18.23,18.0,18.23,18.05,0.18,0.9972,547582.58,993531.259,0.2636,1.06,4.5805,0.591,1.7118,2077425.2928,2077425.2928,1571060.4103,37871463.0877,37871463.0877
601166.SH,20230116,18.25,18.47,18.13,18.23,18.23,0.0,0.0,742636.87,1358370.789,0.3575,1.43,4.5805,0.591,1.7118,2077425.2928,2077425.2928,1571060.4103,37871463.0877,37871463.0877
601166.SH,20230117,18.18,18.29,18.07,18.2,18.23,-0.03,-0.1646,524374.04,952057.405,0.2524,0.89,4.5729,0.59,1.709,2077425.2928,2077425.2928,1571060.4103,37809140.329,37809140.329
601166.SH,20230118,18.2,18.25,18.03,18.04,18.2,-0.16,-0.8791,490031.24,887000.983,0.2359,0.87,4.5327,0.5848,1.694,2077425.2928,2077425.2928,1571060.4103,37476752.2821,37476752.2821
601166.SH,20230119,18.0,18.11,17.87,18.07,18.04,0.03,0.1663,586364.94,1053867.124,0.2823,1.1,4.5403,0.5858,1.6968,2077425.2928,2077425.2928,1571060.4103,37539075.0409,37539075.0409
601166.SH,20230120,18.08,18.08,17.88,17.96,18.07,-0.11,-0.6087,636901.25,1142205.918,0.3066,1.1,4.5126,0.5822,1.6865,2077425.2928,2077425.2928,1571060.4103,37310558.2587,37310558.2587
601166.SH,20230130,18.18,18.2,17.88,17.9,17.96,-0.06,-0.3341,784277.72,1412227.084,0.3775,1.32,4.4976,0.5803,1.6808,2077425.2928,2077425.2928,1571060.4103,37185912.7411,37185912.7411
601166.SH,20230131,17.86,17.98,17.55,17.62,17.9,-0.28,-1.5642,1103953.47,1958029.605,0.5314,1.83,4.4272,0.5712,1.6545,2077426.1325,2077426.1325,1571061.25,36604248.4547,36604248.4547
601166.SH,20230201,17.67,17.72,17.36,17.5,17.62,-0.12,-0.681,1071986.14,1872668.702,0.516,1.49,4.3971,0.5673,1.6433,2077426.1325,2077426.1325,1571061.25,36354957.3188,36354957.3188
601166.SH,20230202,17.52,17.54,17.36,17.41,17.5,-0.09,-0.5143,696311.14,1211859.025,0.3352,0.83,4.3745,0.5644,1.6348,2077426.1325,2077426.1325,1571061.25,36167988.9668,36167988.9668
601166.SH,20230203,17.35,17.37,17.19,17.26,17.41,-0.15,-0.8616,604876.95,1043537.122,0.2912,0.7,4.3368,0.5595,1.6207,2077426.1325,2077426.1325,1571061.25,35856375.047,35856375.047
601166.SH,20230206,17.18,17.19,17.04,17.15,17.26,-0.11,-0.6373,629470.89,1076055.66,0.303,0.74,4.3091,0.5559,1.6104,2077426.1325,2077426.1325,1571061.25,35627858.1724,35627858.1724
601166.SH,20230207,17.13,17.24,17.12,17.17,17.15,0.02,0.1166,458881.99,788330.236,0.2209,0.56,4.3142,0.5566,1.6123,2077426.1325,2077426.1325,1571061.25,35669406.695,35669406.695
601166.SH,20230208,17.2,17.22,17.1,17.11,17.17,-0.06,-0.3494,371296.39,636739.273,0.1787,0.54,4.2991,0.5546,1.6066,2077426.1325,2077426.1325,1571061.25,35544761.1271,35544761.1271
601166.SH,20230209,17.09,17.27,17.07,17.19,17.11,0.08,0.4676,493650.15,848427.639,0.2376,0.89,4.3192,0.5572,1.6142,2077426.1325,2077426.1325,1571061.25,35710955.2177,35710955.2177
601166.SH,20230210,17.19,17.22,17.1,17.19,17.19,0.0,0.0,367626.62,630824.899,0.177,0.72,4.3192,0.5572,1.6142,2077426.1325,2077426.1325,1571061.25,35710955.2177,35710955.2177
601166.SH,20230213,17.13,17.14,16.92,16.95,17.19,-0.24,-1.3962,1011471.62,1718575.366,0.4869,2.18,4.2589,0.5495,1.5916,2077426.1325,2077426.1325,1571061.25,35212372.9459,35212372.9459
601166.SH,20230214,17.0,17.05,16.95,17.05,16.95,0.1,0.59,500659.18,850822.367,0.241,0.93,4.284,0.5527,1.601,2077426.1325,2077426.1325,1571061.25,35420115.5591,35420115.5591
601166.SH,20230215,17.01,17.05,16.94,16.96,17.05,-0.09,-0.5279,420401.79,713585.73,0.2024,0.77,4.2614,0.5498,1.5926,2077426.1325,2077426.1325,1571061.25,35233147.2072,35233147.2072
601166.SH,20230216,16.97,17.18,16.83,16.97,16.96,0.01,0.059,734488.3,1252769.422,0.3536,1.31,4.2639,0.5501,1.5935,2077426.1325,2077426.1325,1571061.25,35253921.4685,35253921.4685
601166.SH,20230217,16.96,17.01,16.69,16.71,16.97,-0.26,-1.5321,788703.24,1329734.77,0.3797,1.3,4.1986,0.5417,1.5691,2077426.1325,2077426.1325,1571061.25,34713790.6741,34713790.6741
601166.SH,20230220,16.76,17.16,16.69,17.14,16.71,0.43,2.5733,928176.55,1574087.199,0.4468,1.34,4.3066,0.5556,1.6095,2077426.1325,2077426.1325,1571061.25,35607083.9111,35607083.9111
601166.SH,20230221,17.1,17.24,17.08,17.21,17.14,0.07,0.4084,564885.58,970061.815,0.2719,0.84,4.3242,0.5579,1.616,2077426.1325,2077426.1325,1571061.25,35752503.7403,35752503.7403
601166.SH,20230222,17.14,17.19,17.03,17.04,17.21,-0.17,-0.9878,387191.34,662118.566,0.1864,0.56,4.2815,0.5524,1.6001,2077426.1325,2077426.1325,1571061.25,35399341.2978,35399341.2978
601166.SH,20230223,17.07,17.18,17.03,17.05,17.04,0.01,0.0587,348497.71,595431.348,0.1678,0.51,4.284,0.5527,1.601,2077426.1325,2077426.1325,1571061.25,35420115.5591,35420115.5591
601166.SH,20230224,17.04,17.05,16.89,16.9,17.05,-0.15,-0.8798,494477.9,837087.756,0.238,0.82,4.2463,0.5478,1.5869,2077426.1325,2077426.1325,1571061.25,35108501.6393,35108501.6393
601166.SH,20230227,16.85,16.96,16.81,16.82,16.9,-0.08,-0.4734,300376.74,506555.361,0.1446,0.55,4.2262,0.5452,1.5794,2077426.1325,2077426.1325,1571061.25,34942307.5487,34942307.5487
601166.SH,20230228,16.86,16.93,16.75,16.91,16.82,0.09,0.5351,489486.93,823654.335,0.2356,1.17,4.2488,0.5482,1.5879,2077426.1325,2077426.1325,1571061.25,35129275.9006,35129275.9006
601166.SH,20230301,16.92,17.2,16.91,17.16,16.91,0.25,1.4784,837326.2,1433857.105,0.4031,2.07,4.3116,0.5563,1.6113,2077426.1325,2077426.1325,1571061.25,35648632.4337,35648632.4337
601166.SH,20230302,17.15,17.24,17.05,17.18,17.16,0.02,0.1166,451677.96,775254.765,0.2174,0.91,4.3167,0.5569,1.6132,2077426.1325,2077426.1325,1571061.25,35690180.9564,35690180.9564
601166.SH,20230303,17.24,17.34,17.16,17.31,17.18,0.13,0.7567,811180.23,1398926.017,0.3905,1.58,4.3493,0.5611,1.6254,2077426.1325,2077426.1325,1571061.25,35960246.3536,35960246.3536
601166.SH,20230306,17.33,17.39,16.96,16.98,17.31,-0.33,-1.9064,980572.48,1675051.988,0.472,1.7,4.2664,0.5504,1.5944,2077426.1325,2077426.1325,1571061.25,35274695.7299,35274695.7299
601166.SH,20230307,17.03,17.39,16.92,17.0,16.98,0.02,0.1178,1383538.32,2375703.942,0.666,1.94,4.2714,0.5511,1.5963,2077426.1325,2077426.1325,1571061.25,35316244.2525,35316244.2525
601166.SH,20230308,16.92,16.94,16.81,16.91,17.0,-0.09,-0.5294,704993.44,1188970.069,0.3394,0.79,4.2488,0.5482,1.5879,2077426.1325,2077426.1325,1571061.25,35129275.9006,35129275.9006
601166.SH,20230309,16.92,17.04,16.83,16.83,16.91,-0.08,-0.4731,542969.46,917201.317,0.2614,0.63,4.2287,0.5456,1.5804,2077426.1325,2077426.1325,1571061.25,34963081.81,34963081.81
601166.SH,20230310,16.72,16.81,16.6,16.6,16.83,-0.23,-1.3666,737610.28,1229916.086,0.3551,0.83,4.1709,0.5381,1.5588,2077426.1325,2077426.1325,1571061.25,34485273.7995,34485273.7995
601166.SH,20230313,16.57,16.7,16.51,16.56,16.6,-0.04,-0.241,613362.82,1016627.883,0.2953,0.71,4.1609,0.5368,1.555,2077426.1325,2077426.1325,1571061.25,34402176.7542,34402176.7542
601166.SH,20230314,16.5,16.63,16.4,16.49,16.56,-0.07,-0.4227,527669.38,869657.502,0.254,0.66,4.1433,0.5345,1.5484,2077426.1325,2077426.1325,1571061.25,34256756.9249,34256756.9249
601166.SH,20230315,16.62,16.7,16.56,16.58,16.49,0.09,0.5458,453078.85,753062.037,0.2181,0.72,4.1659,0.5375,1.5569,2077426.1325,2077426.1325,1571061.25,34443725.2769,34443725.2769
601166.SH,20230316,16.5,16.87,16.46,16.68,16.58,0.1,0.6031,640706.85,1069534.086,0.3084,1.11,4.191,0.5407,1.5663,2077426.1325,2077426.1325,1571061.25,34651467.8901,34651467.8901
601166.SH,20230317,16.77,16.95,16.65,16.72,16.68,0.04,0.2398,802207.01,1348082.975,0.3862,1.35,4.2011,0.542,1.57,2077426.1325,2077426.1325,1571061.25,34734564.9354,34734564.9354
601166.SH,20230320,16.74,16.88,16.61,16.62,16.72,-0.1,-0.5981,546252.99,914122.997,0.2629,0.9,4.176,0.5388,1.5606,2077426.1325,2077426.1325,1571061.25,34526822.3222,34526822.3222
601166.SH,20230321,16.68,16.81,16.57,16.62,16.62,0.0,0.0,490330.6,815966.668,0.236,0.83,4.176,0.5388,1.5606,2077426.1325,2077426.1325,1571061.25,34526822.3222,34526822.3222
601166.SH,20230322,16.68,16.84,16.65,16.77,16.62,0.15,0.9025,494605.72,828363.332,0.2381,0.84,4.2136,0.5436,1.5747,2077426.1325,2077426.1325,1571061.25,34838436.242,34838436.242
601166.SH,20230323,16.66,16.88,16.66,16.87,16.77,0.1,0.5963,609662.1,1023353.678,0.2935,1.02,4.2388,0.5469,1.5841,2077426.1325,2077426.1325,1571061.25,35046178.8553,35046178.8553
601166.SH,20230324,16.85,16.88,16.72,16.78,16.87,-0.09,-0.5335,378206.12,635351.703,0.1821,0.64,4.2162,0.5439,1.5757,2077426.1325,2077426.1325,1571061.25,34859210.5034,34859210.5034
601166.SH,20230327,16.8,16.81,16.6,16.63,16.78,-0.15,-0.8939,490568.54,816713.821,0.2361,0.97,4.1785,0.5391,1.5616,2077426.1325,2077426.1325,1571061.25,34547596.5835,34547596.5835
601166.SH,20230328,16.69,16.82,16.64,16.69,16.63,0.06,0.3608,463767.62,774944.437,0.2232,0.94,4.1935,0.541,1.5672,2077426.1325,2077426.1325,1571061.25,34672242.1514,34672242.1514
601166.SH,20230329,16.79,16.79,16.59,16.6,16.69,-0.09,-0.5392,434578.32,722994.47,0.2092,0.89,4.1709,0.5381,1.5588,2077426.1325,2077426.1325,1571061.25,34485273.7995,34485273.7995
601166.SH,20230330,16.63,16.84,16.57,16.82,16.6,0.22,1.3253,541010.41,903713.433,0.2604,1.14,4.2262,0.5452,1.5794,2077426.1325,2077426.1325,1571061.25,34942307.5487,34942307.5487
601166.SH,20230331,16.86,17.04,16.84,16.89,16.82,0.07,0.4162,779090.59,1319393.297,0.375,1.69,3.8399,0.5339,1.5779,2077426.1325,2077426.1325,1571061.25,35087727.3779,35087727.3779
601166.SH,20230403,16.88,16.93,16.82,16.89,16.89,0.0,0.0,488526.54,824151.372,0.2352,0.9,3.8399,0.5339,1.5779,2077426.1325,2077426.1325,1571061.25,35087727.3779,35087727.3779
601166.SH,20230404,16.89,17.02,16.85,17.0,16.89,0.11,0.6513,485718.31,823750.24,0.2338,0.9,3.8649,0.5374,1.5881,2077426.3656,2077426.3656,1571061.25,35316248.2152,35316248.2152
601166.SH,20230406,16.98,17.01,16.9,16.92,17.0,-0.08,-0.4706,373315.76,632411.758,0.1797,0.68,3.8467,0.5348,1.5807,2077426.3656,2077426.3656,1571061.4831,35150054.106,35150054.106
601166.SH,20230407,16.94,17.04,16.93,16.97,16.92,0.05,0.2955,346670.87,588824.346,0.1669,0.65,3.8581,0.5364,1.5853,2077426.3656,2077426.3656,1571061.4831,35253925.4242,35253925.4242
601166.SH,20230410,16.97,17.07,16.96,17.05,16.97,0.08,0.4714,410694.39,699520.205,0.1977,0.83,3.8763,0.5389,1.5928,2077426.3656,2077426.3656,1571061.4831,35420119.5335,35420119.5335
601166.SH,20230411,17.09,17.14,16.97,16.99,17.05,-0.06,-0.3519,439627.05,749371.364,0.2116,1.04,3.8626,0.537,1.5872,2077426.3656,2077426.3656,1571061.4831,35295473.9515,35295473.9515
601166.SH,20230412,17.04,17.06,16.96,16.98,16.99,-0.01,-0.0589,438651.84,745461.442,0.2112,1.07,3.8603,0.5367,1.5863,2077426.3656,2077426.3656,1571061.4831,35274699.6879,35274699.6879
601166.SH,20230413,16.97,17.14,16.9,17.07,16.98,0.09,0.53,569845.09,969599.586,0.2743,1.42,3.8808,0.5396,1.5947,2077426.3656,2077426.3656,1571061.4831,35461668.0608,35461668.0608
601166.SH,20230414,17.09,17.22,17.04,17.11,17.07,0.04,0.2343,558727.68,956967.311,0.269,1.27,3.8899,0.5408,1.5984,2077426.3656,2077426.3656,1571061.4831,35544765.1154,35544765.1154
601166.SH,20230417,17.12,17.32,17.06,17.32,17.11,0.21,1.2274,911041.37,1565941.126,0.4385,1.88,3.9376,0.5475,1.618,2077426.3656,2077426.3656,1571061.4831,35981024.6522,35981024.6522
601166.SH,20230418,17.32,17.61,17.29,17.41,17.32,0.09,0.5196,1088767.13,1898479.854,0.5241,1.87,3.9581,0.5503,1.6264,2077426.3656,2077426.3656,1571061.4831,36167993.0251,36167993.0251
601166.SH,20230419,17.44,17.49,17.31,17.37,17.41,-0.04,-0.2298,816500.24,1421240.946,0.393,1.14,3.949,0.549,1.6227,2077426.3656,2077426.3656,1571061.4831,36084895.9705,36084895.9705
601166.SH,20230420,17.38,17.48,17.24,17.39,17.37,0.02,0.1151,654086.41,1135254.963,0.3149,0.83,3.9536,0.5497,1.6246,2077426.3656,2077426.3656,1571061.4831,36126444.4978,36126444.4978
601166.SH,20230421,17.4,17.46,17.08,17.11,17.39,-0.28,-1.6101,941322.15,1622540.909,0.4531,1.17,3.8899,0.5408,1.5984,2077426.3656,2077426.3656,1571061.4831,35544765.1154,35544765.1154
601166.SH,20230424,17.1,17.17,16.91,16.93,17.11,-0.18,-1.052,876281.77,1490311.181,0.4218,0.99,3.849,0.5351,1.5816,2077426.3656,2077426.3656,1571061.4831,35170828.3696,35170828.3696
601166.SH,20230425,16.96,17.29,16.96,17.27,16.93,0.34,2.0083,995234.22,1707072.535,0.4791,1.14,3.9263,0.5459,1.6134,2077426.3656,2077426.3656,1571061.4831,35877153.3339,35877153.3339
601166.SH,20230426,17.3,17.38,17.06,17.25,17.27,-0.02,-0.1158,792577.8,1363209.399,0.3815,0.93,3.9217,0.5453,1.6115,2077426.3656,2077426.3656,1571061.4831,35835604.8066,35835604.8066
601166.SH,20230427,17.19,17.24,17.0,17.14,17.25,-0.11,-0.6377,824700.9,1410709.848,0.397,0.97,3.8967,0.5418,1.6012,2077426.3656,2077426.3656,1571061.4831,35607087.9064,35607087.9064
601166.SH,20230428,17.12,17.4,17.09,17.22,17.14,0.08,0.4667,848219.19,1463009.669,0.4083,0.96,3.9149,0.5443,1.6087,2077426.3656,2077426.3656,1571061.4831,35773282.0156,35773282.0156
601166.SH,20230504,16.48,16.78,16.31,16.76,17.22,-0.46,-2.6713,2686373.02,4451167.465,1.2931,3.1,3.8103,0.5095,1.5657,2077426.3656,2077426.3656,1571061.25,34817665.8875,34817665.8875
601166.SH,20230505,16.8,17.37,16.8,17.13,16.76,0.37,2.2076,1775591.99,3046342.467,0.8547,1.44,3.8944,0.5208,1.6003,2077426.3656,2077426.3656,1615211.8831,35586313.6427,35586313.6427
601166.SH,20230508,17.21,17.78,17.17,17.63,17.13,0.5,2.9189,2102218.75,3687354.529,1.0119,1.52,4.0081,0.536,1.647,2077426.3656,2077426.3656,1615211.8831,36625026.8255,36625026.8255
601166.SH,20230509,17.77,17.94,17.5,17.56,17.63,-0.07,-0.3971,1627642.75,2880983.733,0.7835,0.99,3.9922,0.5339,1.6405,2077426.3656,2077426.3656,1615211.8831,36479606.9799,36479606.9799
601166.SH,20230510,17.52,17.6,17.27,17.31,17.56,-0.25,-1.4237,1016292.56,1769991.052,0.4892,0.56,3.9354,0.5263,1.6171,2077426.3656,2077426.3656,1615211.8831,35960250.3885,35960250.3885
601166.SH,20230511,17.37,17.47,17.21,17.25,17.31,-0.06,-0.3466,595737.61,1030718.256,0.2868,0.32,3.9217,0.5244,1.6115,2077426.3656,2077426.3656,1615211.8831,35835604.8066,35835604.8066
601166.SH,20230512,17.27,17.3,17.0,17.03,17.25,-0.22,-1.2754,765441.45,1308713.033,0.3685,0.54,3.8717,0.5177,1.5909,2077426.3656,2077426.3656,1615211.8831,35378571.0062,35378571.0062
601166.SH,20230515,17.02,17.2,16.92,17.15,17.03,0.12,0.7046,894216.97,1523324.156,0.4304,0.73,3.899,0.5214,1.6022,2077426.3656,2077426.3656,1615211.8831,35627862.17,35627862.17
601166.SH,20230516,17.2,17.4,17.18,17.24,17.15,0.09,0.5248,821942.22,1420712.984,0.3957,0.84,3.9195,0.5241,1.6106,2077426.3656,2077426.3656,1615211.8831,35814830.5429,35814830.5429
601166.SH,20230517,17.2,17.37,17.11,17.14,17.24,-0.1,-0.58,663859.63,1143948.637,0.3196,0.81,3.8967,0.5211,1.6012,2077426.3656,2077426.3656,1615211.8831,35607087.9064,35607087.9064
601166.SH,20230518,17.22,17.37,17.13,17.18,17.14,0.04,0.2334,739443.24,1274997.622,0.3559,0.99,3.9058,0.5223,1.605,2077426.3656,2077426.3656,1615211.8831,35690184.961,35690184.961
601166.SH,20230519,17.15,17.16,17.02,17.04,17.18,-0.14,-0.8149,537571.76,917858.584,0.2588,0.69,3.874,0.518,1.5919,2077426.3656,2077426.3656,1615211.8831,35399345.2698,35399345.2698
601166.SH,20230522,17.06,17.17,17.03,17.08,17.04,0.04,0.2347,548530.93,937462.046,0.264,0.75,3.8831,0.5193,1.5956,2077426.3656,2077426.3656,1615211.8831,35482442.3244,35482442.3244
601166.SH,20230523,17.08,17.14,16.95,16.95,17.08,-0.13,-0.7611,681130.73,1160360.397,0.3279,1.03,3.8535,0.5153,1.5835,2077426.3656,2077426.3656,1615211.8831,35212376.8969,35212376.8969
601166.SH,20230524,16.95,16.99,16.72,16.72,16.95,-0.23,-1.3569,780902.09,1314186.637,0.3759,1.23,3.8012,0.5083,1.562,2077426.3656,2077426.3656,1615211.8831,34734568.8328,34734568.8328
601166.SH,20230525,16.72,16.73,16.6,16.67,16.72,-0.05,-0.299,538868.98,897366.515,0.2594,0.82,3.7899,0.5068,1.5573,2077426.3656,2077426.3656,1615211.8831,34630697.5146,34630697.5146
601166.SH,20230526,16.7,16.79,16.6,16.78,16.67,0.11,0.6599,453403.94,757019.515,0.2183,0.73,3.8149,0.5101,1.5676,2077426.3656,2077426.3656,1615211.8831,34859214.4148,34859214.4148
601166.SH,20230529,16.8,16.85,16.66,16.75,16.78,-0.03,-0.1788,518930.03,868418.986,0.2498,0.86,3.8081,0.5092,1.5648,2077426.3656,2077426.3656,1615211.8831,34796891.6238,34796891.6238
601166.SH,20230530,16.77,16.79,16.54,16.69,16.75,-0.06,-0.3582,547317.03,910880.063,0.2635,0.92,3.7944,0.5074,1.5592,2077426.3656,2077426.3656,1615211.8831,34672246.0419,34672246.0419
601166.SH,20230531,16.65,16.69,16.54,16.56,16.69,-0.13,-0.7789,472474.77,783559.806,0.2274,0.83,3.7649,0.5035,1.547,2077426.3656,2077426.3656,1615211.8831,34402180.6143,34402180.6143
601166.SH,20230601,16.58,16.63,16.5,16.55,16.56,-0.01,-0.0604,500704.86,828258.38,0.241,0.99,3.7626,0.5032,1.5461,2077426.3656,2077426.3656,1615211.8831,34381406.3507,34381406.3507
601166.SH,20230602,16.6,16.71,16.58,16.7,16.55,0.15,0.9063,523992.35,872834.913,0.2522,1.05,3.7967,0.5077,1.5601,2077426.3656,2077426.3656,1615211.8831,34693020.3055,34693020.3055
601166.SH,20230605,16.7,16.8,16.65,16.73,16.7,0.03,0.1796,307947.34,514657.331,0.1482,0.6,3.8035,0.5086,1.5629,2077426.3656,2077426.3656,1615211.8831,34755343.0965,34755343.0965
601166.SH,20230606,16.73,16.95,16.71,16.74,16.73,0.01,0.0598,538389.88,906165.233,0.2592,1.14,3.8058,0.5089,1.5639,2077426.3656,2077426.3656,1615211.8831,34776117.3601,34776117.3601
601166.SH,20230607,16.75,16.9,16.74,16.81,16.74,0.07,0.4182,362621.5,609961.17,0.1746,0.77,3.8217,0.5111,1.5704,2077426.3656,2077426.3656,1615211.8831,34921537.2057,34921537.2057
601166.SH,20230608,16.85,17.09,16.78,17.08,16.81,0.27,1.6062,667198.6,1131673.938,0.3212,1.49,3.8831,0.5193,1.5956,2077426.3656,2077426.3656,1615211.8831,35482442.3244,35482442.3244
601166.SH,20230609,17.07,17.17,17.02,17.1,17.08,0.02,0.1171,571890.7,978557.036,0.2753,1.19,3.8876,0.5199,1.5975,2077426.3656,2077426.3656,1615211.8831,35523990.8518,35523990.8518
601166.SH,20230612,17.09,17.11,16.94,16.94,17.1,-0.16,-0.9357,487361.49,828650.803,0.2346,1.0,3.8513,0.515,1.5825,2077426.3656,2077426.3656,1615211.8831,35191602.6333,35191602.6333
601166.SH,20230613,17.0,17.08,16.95,17.01,16.94,0.07,0.4132,421629.0,717093.223,0.203,0.8,3.8672,0.5171,1.5891,2077427.6925,2077427.6925,1615211.8831,35337045.0494,35337045.0494
601166.SH,20230614,17.07,17.11,16.89,16.9,17.01,-0.11,-0.6467,576609.7,980173.789,0.2776,1.15,3.8422,0.5138,1.5788,2077427.6925,2077427.6925,1615213.21,35108528.0033,35108528.0033
601166.SH,20230615,16.96,17.02,16.85,17.0,16.9,0.1,0.5917,485794.32,823408.275,0.2338,0.89,3.8649,0.5168,1.5881,2077427.6925,2077427.6925,1615213.21,35316270.7725,35316270.7725
601166.SH,20230616,17.03,17.09,16.97,16.99,17.0,-0.01,-0.0588,752911.6,1281164.147,0.3624,1.48,3.8626,0.5165,1.5872,2077427.6925,2077427.6925,1615213.21,35295496.4956,35295496.4956
601166.SH,20230619,15.93,15.98,15.77,15.79,15.8,-0.01,-0.0633,861865.61,1366748.097,0.4149,1.58,3.5898,0.498,1.4751,2077427.6925,2077427.6925,1615213.21,32802583.2646,32802583.2646
601166.SH,20230620,15.8,15.87,15.78,15.78,15.79,-0.01,-0.0633,369273.85,584005.568,0.1778,0.6,3.5875,0.4977,1.4742,2077427.6925,2077427.6925,1615213.21,32781808.9877,32781808.9877
601166.SH,20230621,15.79,15.92,15.77,15.77,15.78,-0.01,-0.0634,340648.13,539180.612,0.164,0.56,3.5853,0.4974,1.4732,2077427.6925,2077427.6925,1615213.21,32761034.7107,32761034.7107
601166.SH,20230626,15.76,15.76,15.53,15.61,15.77,-0.16,-1.0146,502971.3,784831.137,0.2421,0.89,3.5489,0.4924,1.4583,2077427.6925,2077427.6925,1615213.21,32428646.2799,32428646.2799
601166.SH,20230627,15.61,15.73,15.61,15.68,15.61,0.07,0.4484,237313.93,371638.051,0.1142,0.42,3.5648,0.4946,1.4648,2077427.6925,2077427.6925,1615213.21,32574066.2184,32574066.2184
601166.SH,20230628,15.68,15.72,15.6,15.69,15.68,0.01,0.0638,252680.18,395621.782,0.1216,0.55,3.5671,0.4949,1.4658,2077427.6925,2077427.6925,1615213.21,32594840.4953,32594840.4953
601166.SH,20230629,15.69,15.69,15.55,15.55,15.69,-0.14,-0.8923,283133.39,441642.934,0.1363,0.83,3.5352,0.4905,1.4527,2077427.6925,2077427.6925,1615213.21,32304000.6184,32304000.6184
601166.SH,20230630,15.56,15.71,15.55,15.65,15.55,0.1,0.6431,255757.56,400485.457,0.1231,0.79,3.558,0.4936,1.462,2077427.6925,2077427.6925,1615213.21,32511743.3876,32511743.3876
601166.SH,20230703,15.68,15.86,15.66,15.83,15.65,0.18,1.1502,365352.67,576978.602,0.1759,1.19,3.5989,0.4993,1.4788,2077427.6925,2077427.6925,1615213.21,32885680.3723,32885680.3723
601166.SH,20230704,15.83,15.83,15.64,15.68,15.83,-0.15,-0.9476,338493.11,531834.343,0.1629,1.21,3.5648,0.4946,1.4648,2077428.0606,2077428.0606,1615213.21,32574071.9902,32574071.9902
601166.SH,20230705,15.67,15.69,15.59,15.6,15.68,-0.08,-0.5102,280218.47,437673.986,0.1349,0.94,3.5466,0.492,1.4574,2077428.0606,2077428.0606,1615213.5781,32407877.7454,32407877.7454
601166.SH,20230706,15.58,15.63,15.52,15.56,15.6,-0.04,-0.2564,345276.86,537362.227,0.1662,1.13,3.5375,0.4908,1.4536,2077428.0606,2077428.0606,1615213.5781,32324780.6229,32324780.6229
601166.SH,20230707,15.54,15.6,15.51,15.52,15.56,-0.04,-0.2571,218741.06,339823.094,0.1053,0.69,3.5284,0.4895,1.4499,2077428.0606,2077428.0606,1615213.5781,32241683.5005,32241683.5005
601166.SH,20230710,15.56,15.59,15.43,15.46,15.52,-0.06,-0.3866,321777.56,498025.975,0.1549,1.04,3.5148,0.4876,1.4443,2077428.0606,2077428.0606,1615213.5781,32117037.8169,32117037.8169
601166.SH,20230711,15.5,15.55,15.44,15.48,15.46,0.02,0.1294,272863.66,422308.439,0.1313,0.91,3.5193,0.4883,1.4461,2077428.0606,2077428.0606,1615213.5781,32158586.3781,32158586.3781
601166.SH,20230712,15.49,15.59,15.48,15.51,15.48,0.03,0.1938,264125.22,410178.481,0.1271,0.92,3.5262,0.4892,1.449,2077428.0606,2077428.0606,1615213.5781,32220909.2199,32220909.2199
601166.SH,20230713,15.56,15.68,15.53,15.68,15.51,0.17,1.0961,376562.27,588620.151,0.1813,1.32,3.5648,0.4946,1.4648,2077428.0606,2077428.0606,1615213.5781,32574071.9902,32574071.9902
601166.SH,20230714,15.65,15.73,15.65,15.68,15.68,0.0,0.0,271397.69,425736.505,0.1306,0.93,3.5648,0.4946,1.4648,2077428.0606,2077428.0606,1615213.5781,32574071.9902,32574071.9902
601166.SH,20230717,15.63,15.63,15.55,15.59,15.68,-0.09,-0.574,235977.56,367538.758,0.1136,0.78,3.5443,0.4917,1.4564,2077428.0606,2077428.0606,1615213.5781,32387103.4648,32387103.4648
601166.SH,20230718,15.61,15.63,15.54,15.56,15.59,-0.03,-0.1924,243972.33,380030.641,0.1174,0.86,3.5375,0.4908,1.4536,2077428.0606,2077428.0606,1615213.5781,32324780.6229,32324780.6229
601166.SH,20230719,15.55,15.75,15.54,15.72,15.56,0.16,1.0283,366827.59,573986.831,0.1766,1.32,3.5739,0.4958,1.4686,2077428.0606,2077428.0606,1615213.5781,32657169.1126,32657169.1126
601166.SH,20230720,15.77,15.88,15.74,15.79,15.72,0.07,0.4453,415501.19,657197.164,0.2,1.39,3.5898,0.498,1.4751,2077428.0606,2077428.0606,1615213.5781,32802589.0769,32802589.0769
601166.SH,20230721,15.75,15.84,15.74,15.78,15.79,-0.01,-0.0633,338446.78,534153.331,0.1629,1.1,3.5875,0.4977,1.4742,2077428.0606,2077428.0606,1615213.5781,32781814.7963,32781814.7963
601166.SH,20230724,15.71,15.77,15.65,15.66,15.78,-0.12,-0.7605,244387.65,383483.524,0.1176,0.76,3.5603,0.4939,1.463,2077428.0606,2077428.0606,1615213.5781,32532523.429,32532523.429
601166.SH,20230725,15.77,15.95,15.77,15.94,15.66,0.28,1.788,662673.05,1052154.122,0.319,2.06,3.6239,0.5028,1.4891,2077428.0606,2077428.0606,1615213.5781,33114203.286,33114203.286
601166.SH,20230726,15.89,15.98,15.87,15.95,15.94,0.01,0.0627,306360.26,487624.367,0.1475,0.76,3.6262,0.5031,1.4901,2077428.0606,2077428.0606,1615213.5781,33134977.5666,33134977.5666
601166.SH,20230727,15.98,16.13,15.94,16.0,15.95,0.05,0.3135,477050.65,765329.154,0.2296,1.21,3.6376,0.5047,1.4947,2077428.0606,2077428.0606,1615213.5781,33238848.9696,33238848.9696
601166.SH,20230728,15.96,16.54,15.95,16.49,16.0,0.49,3.0625,1107674.23,1812479.658,0.5332,2.73,3.749,0.5201,1.5405,2077428.0606,2077428.0606,1615213.5781,34256788.7193,34256788.7193
601166.SH,20230731,16.56,16.84,16.52,16.66,16.49,0.17,1.0309,1049721.47,1751009.98,0.5053,1.88,3.7876,0.5255,1.5564,2077428.0606,2077428.0606,1615213.5781,34609951.4896,34609951.4896
601166.SH,20230801,16.61,16.73,16.57,16.63,16.66,-0.03,-0.1801,517334.1,860695.951,0.249,0.72,3.7808,0.5245,1.5536,2077428.0606,2077428.0606,1615213.5781,34547628.6478,34547628.6478
601166.SH,20230802,16.54,16.57,16.25,16.36,16.63,-0.27,-1.6236,694390.35,1137811.623,0.3343,1.0,3.7194,0.516,1.5284,2077428.0606,2077428.0606,1615213.5781,33986723.0714,33986723.0714
601166.SH,20230803,16.3,16.55,16.27,16.51,16.36,0.15,0.9169,399353.39,655689.239,0.1922,0.52,3.7535,0.5207,1.5424,2077428.0606,2077428.0606,1615213.5781,34298337.2805,34298337.2805
601166.SH,20230804,16.61,16.8,16.52,16.56,16.51,0.05,0.3028,597000.98,994437.785,0.2874,0.79,3.7649,0.5223,1.547,2077428.0606,2077428.0606,1615213.5781,34402208.6835,34402208.6835
601166.SH,20230807,16.54,16.59,16.45,16.5,16.56,-0.06,-0.3623,422909.22,697968.247,0.2036,0.65,3.7512,0.5204,1.5414,2077428.0606,2077428.0606,1615213.5781,34277562.9999,34277562.9999
601166.SH,20230808,16.45,16.55,16.36,16.45,16.5,-0.05,-0.303,387440.45,636824.328,0.1865,0.74,3.7399,0.5189,1.5368,2077428.0606,2077428.0606,1615213.5781,34173691.5969,34173691.5969
601166.SH,20230809,16.41,16.54,16.4,16.5,16.45,0.05,0.304,280299.72,462405.149,0.1349,0.56,3.7512,0.5204,1.5414,2077428.0606,2077428.0606,1615213.5781,34277562.9999,34277562.9999
601166.SH,20230810,16.43,16.55,16.34,16.44,16.5,-0.06,-0.3636,361964.96,594480.927,0.1742,0.87,3.7376,0.5185,1.5358,2077428.0606,2077428.0606,1615213.5781,34152917.3163,34152917.3163
601166.SH,20230811,16.44,16.54,16.1,16.1,16.44,-0.34,-2.0681,538697.35,875790.395,0.2593,1.31,3.6603,0.5078,1.5041,2077428.0606,2077428.0606,1615213.5781,33446591.7757,33446591.7757
601166.SH,20230814,16.02,16.02,15.91,15.96,16.1,-0.14,-0.8696,451192.7,720359.059,0.2172,1.13,3.6285,0.5034,1.491,2077428.0606,2077428.0606,1615213.5781,33155751.8472,33155751.8472
601166.SH,20230815,15.98,16.09,15.91,16.05,15.96,0.09,0.5639,378056.93,604764.054,0.182,0.94,3.6489,0.5062,1.4994,2077428.0606,2077428.0606,1615213.5781,33342720.3726,33342720.3726
601166.SH,20230816,16.0,16.12,15.95,16.08,16.05,0.03,0.1869,276516.98,443856.22,0.1331,0.69,3.6557,0.5072,1.5022,2077428.0606,2077428.0606,1615213.5781,33405043.2144,33405043.2144
601166.SH,20230817,16.0,16.06,15.92,16.02,16.08,-0.06,-0.3731,406925.98,650055.651,0.1959,1.01,3.6421,0.5053,1.4966,2077428.0606,2077428.0606,1615213.5781,33280397.5308,33280397.5308
601166.SH,20230818,15.99,16.17,15.94,15.94,16.02,-0.08,-0.4994,367627.3,590319.362,0.177,0.9,3.6239,0.5028,1.4891,2077428.0606,2077428.0606,1615213.5781,33114203.286,33114203.286
601166.SH,20230821,15.95,15.99,15.7,15.7,15.94,-0.24,-1.5056,525844.99,831530.555,0.2531,1.4,3.5693,0.4952,1.4667,2077428.0606,2077428.0606,1615213.5781,32615620.5514,32615620.5514
601166.SH,20230822,15.71,15.97,15.71,15.92,15.7,0.22,1.4013,534633.83,848125.181,0.2574,1.37,3.6194,0.5021,1.4873,2077428.0606,2077428.0606,1615213.5781,33072654.7248,33072654.7248
601166.SH,20230823,15.87,16.09,15.87,15.91,15.92,-0.01,-0.0628,503858.76,805560.23,0.2425,1.19,3.6171,0.5018,1.4863,2077428.0606,2077428.0606,1615213.5781,33051880.4441,33051880.4441
601166.SH,20230824,15.94,15.98,15.76,15.93,15.91,0.02,0.1257,374664.56,595111.67,0.1804,0.8,3.6216,0.5024,1.4882,2077428.0606,2077428.0606,1615213.5781,33093429.0054,33093429.0054
601166.SH,20230825,15.87,16.12,15.86,16.01,15.93,0.08,0.5022,460674.0,736990.741,0.2218,1.0,3.6398,0.505,1.4957,2077428.0606,2077428.0606,1615213.5781,33259623.2502,33259623.2502
601166.SH,20230828,16.56,16.67,16.13,16.2,16.01,0.19,1.1868,1069851.73,1751256.05,0.515,2.23,3.683,0.511,1.5134,2077428.0606,2077428.0606,1615213.5781,33654334.5817,33654334.5817
601166.SH,20230829,16.19,16.25,15.95,16.0,16.2,-0.2,-1.2346,783116.53,1256147.931,0.377,1.33,3.6376,0.5047,1.4947,2077428.0606,2077428.0606,1615213.5781,33238848.9696,33238848.9696
601166.SH,20230830,16.0,16.01,15.78,15.79,16.0,-0.21,-1.3125,663166.45,1050903.08,0.3192,1.04,3.5898,0.498,1.4751,2077428.0606,2077428.0606,1615213.5781,32802589.0769,32802589.0769
601166.SH,20230831,15.84,16.05,15.8,15.81,15.79,0.02,0.1267,628646.9,1000128.381,0.3026,0.94,3.5944,0.4874,1.477,2077428.0606,2077428.0606,1615213.5781,32844137.6381,32844137.6381
601166.SH,20230901,15.88,16.11,15.86,15.94,15.81,0.13,0.8223,503236.38,804511.919,0.2422,0.7,3.6239,0.4914,1.4891,2077428.0606,2077428.0606,1569887.3399,33114203.286,33114203.286
601166.SH,20230904,16.04,16.34,16.0,16.24,15.94,0.3,1.8821,793468.64,1286080.74,0.3819,1.09,3.6921,0.5006,1.5171,2077428.0606,2077428.0606,1569887.3399,33737431.7041,33737431.7041
601166.SH,20230905,16.19,16.24,16.13,16.17,16.24,-0.07,-0.431,412219.28,667081.004,0.1984,0.61,3.6762,0.4984,1.5106,2077428.0606,2077428.0606,1569887.3399,33592011.7399,33592011.7399
601166.SH,20230906,16.11,16.31,16.1,16.29,16.17,0.12,0.7421,358607.15,582258.137,0.1726,0.6,3.7035,0.5021,1.5218,2077428.0606,2077428.0606,1569887.3399,33841303.1072,33841303.1072
601166.SH,20230907,16.26,16.31,16.19,16.2,16.29,-0.09,-0.5525,306923.77,498901.464,0.1477,0.57,3.683,0.4994,1.5134,2077428.0606,2077428.0606,1569887.3399,33654334.5817,33654334.5817
601166.SH,20230908,16.2,16.21,16.08,16.16,16.2,-0.04,-0.2469,240551.67,387898.864,0.1158,0.51,3.6739,0.4981,1.5097,2077428.0606,2077428.0606,1569887.3399,33571237.4593,33571237.4593
601166.SH,20230911,16.16,16.25,16.1,16.21,16.16,0.05,0.3094,380739.35,616435.185,0.1833,0.9,3.6853,0.4997,1.5143,2077428.0606,2077428.0606,1569887.3399,33675108.8623,33675108.8623
601166.SH,20230912,16.21,16.25,16.15,16.17,16.21,-0.04,-0.2468,240530.01,389786.975,0.1158,0.71,3.6762,0.4984,1.5106,2077428.0606,2077428.0606,1569887.3399,33592011.7399,33592011.7399
601166.SH,20230913,16.25,16.31,16.12,16.17,16.17,0.0,0.0,358665.78,581015.185,0.1726,1.17,3.6762,0.4984,1.5106,2077428.0606,2077428.0606,1569887.3399,33592011.7399,33592011.7399
601166.SH,20230914,16.23,16.27,16.15,16.26,16.17,0.09,0.5566,410478.66,665897.038,0.1976,1.34,3.6967,0.5012,1.519,2077428.0606,2077428.0606,1569887.3399,33778980.2654,33778980.2654
601166.SH,20230915,16.27,16.3,16.02,16.1,16.26,-0.16,-0.984,635260.58,1025705.202,0.3058,1.95,3.6603,0.4963,1.5041,2077428.0606,2077428.0606,1347523.3422,33446591.7757,33446591.7757
601166.SH,20230918,16.08,16.15,16.01,16.14,16.1,0.04,0.2484,308930.69,497399.761,0.1487,0.76,3.6694,0.4975,1.5078,2077428.0606,2077428.0606,1569887.3399,33529688.8981,33529688.8981
601166.SH,20230919,16.1,16.22,16.08,16.22,16.14,0.08,0.4957,383487.04,620261.889,0.1846,0.98,3.6876,0.5,1.5153,2077428.0606,2077428.0606,1569887.3399,33695883.1429,33695883.1429
601166.SH,20230920,16.22,16.26,16.12,16.22,16.22,0.0,0.0,332169.87,538660.265,0.1599,0.79,3.6876,0.5,1.5153,2077428.0606,2077428.0606,1569887.3399,33695883.1429,33695883.1429
601166.SH,20230921,16.22,16.24,16.12,16.15,16.22,-0.07,-0.4316,347316.58,561946.183,0.1672,0.84,3.6717,0.4978,1.5087,2077428.0606,2077428.0606,1569887.3399,33550463.1787,33550463.1787
601166.SH,20230922,16.18,16.38,16.14,16.37,16.15,0.22,1.3622,673681.92,1097384.873,0.3243,1.68,3.7217,0.5046,1.5293,2077428.0606,2077428.0606,1569887.3399,34007497.352,34007497.352
601166.SH,20230925,16.34,16.43,16.3,16.37,16.37,0.0,0.0,449738.95,736315.968,0.2165,1.1,3.7217,0.5046,1.5293,2077428.0606,2077428.0606,1569887.3399,34007497.352,34007497.352
601166.SH,20230926,16.36,16.41,16.32,16.35,16.37,-0.02,-0.1222,263097.69,430315.568,0.1266,0.6,3.7171,0.504,1.5274,2077428.0606,2077428.0606,1569887.3399,33965948.7908,33965948.7908
601166.SH,20230927,16.38,16.38,16.24,16.25,16.35,-0.1,-0.6116,350027.01,570131.385,0.1685,0.85,3.6944,0.5009,1.5181,2077428.0606,2077428.0606,1569887.3399,33758205.9848,33758205.9848
601166.SH,20230928,16.31,16.38,16.28,16.29,16.25,0.04,0.2462,343072.1,560435.126,0.1651,0.82,3.7035,0.5021,1.5218,2077428.0606,2077428.0606,1569887.3399,33841303.1072,33841303.1072
601166.SH,20231009,16.24,16.29,16.13,16.22,16.29,-0.07,-0.4297,480009.22,777799.241,0.2311,1.15,3.6876,0.5,1.5153,2077428.9934,2077428.9934,1569888.2727,33695898.2729,33695898.2729
601166.SH,20231010,16.3,16.37,16.18,16.18,16.22,-0.04,-0.2466,316020.68,513930.708,0.1521,0.84,3.6785,0.4988,1.5115,2077428.9934,2077428.9934,1569888.2727,33612801.1132,33612801.1132
601166.SH,20231011,16.31,16.32,16.15,16.16,16.18,-0.02,-0.1236,337892.28,547590.591,0.1626,0.96,3.6739,0.4981,1.5097,2077428.9934,2077428.9934,1569888.2727,33571252.5333,33571252.5333
601166.SH,20231012,16.35,16.38,16.26,16.34,16.16,0.18,1.1139,380282.84,620925.003,0.1831,1.04,3.7149,0.5037,1.5265,2077428.9934,2077428.9934,1569888.2727,33945189.7522,33945189.7522
601166.SH,20231013,16.25,16.34,16.2,16.27,16.34,-0.07,-0.4284,329640.6,536409.783,0.1587,0.89,3.6989,0.5015,1.52,2077428.9934,2077428.9934,1569888.2727,33799769.7226,33799769.7226
601166.SH,20231016,16.28,16.3,16.16,16.2,16.27,-0.07,-0.4302,279350.6,452702.75,0.1345,0.76,3.683,0.4994,1.5134,2077428.9934,2077428.9934,1569888.2727,33654349.6931,33654349.6931
601166.SH,20231017,16.23,16.32,16.2,16.22,16.2,0.02,0.1235,278169.7,452010.41,0.1339,0.85,3.6876,0.5,1.5153,2077428.9934,2077428.9934,1569888.2727,33695898.2729,33695898.2729
601166.SH,20231018,16.22,16.28,16.17,16.17,16.22,-0.05,-0.3083,363291.0,588893.652,0.1749,1.13,3.6762,0.4984,1.5106,2077428.9934,2077428.9934,1569888.2727,33592026.8233,33592026.8233
601166.SH,20231019,16.15,16.16,15.83,15.85,16.17,-0.32,-1.979,707166.32,1128636.413,0.3404,2.17,3.6035,0.4886,1.4807,2077428.9934,2077428.9934,1569888.2727,32927249.5454,32927249.5454
601166.SH,20231020,15.83,15.91,15.72,15.79,15.85,-0.06,-0.3785,494683.19,781926.905,0.2381,1.26,3.5898,0.4867,1.4751,2077428.9934,2077428.9934,1347524.275,32802603.8058,32802603.8058
601166.SH,20231023,15.79,15.85,15.64,15.74,15.79,-0.05,-0.3167,399452.48,629264.987,0.1923,0.94,3.5784,0.4852,1.4704,2077428.9934,2077428.9934,1347524.275,32698732.3561,32698732.3561
601166.SH,20231024,15.79,15.81,15.66,15.67,15.74,-0.07,-0.4447,503917.57,791284.458,0.2426,1.12,3.5625,0.483,1.4639,2077428.9934,2077428.9934,1347524.275,32553312.3266,32553312.3266
601166.SH,20231025,15.79,15.79,15.51,15.57,15.67,-0.1,-0.6382,697458.39,1088776.354,0.3357,1.41,3.5398,0.48,1.4546,2077428.9934,2077428.9934,1347524.275,32345569.4272,32345569.4272
601166.SH,20231026,15.57,15.74,15.55,15.71,15.57,0.14,0.8992,394706.95,618796.601,0.19,0.7,3.5716,0.4843,1.4676,2077428.9934,2077428.9934,1347524.275,32636409.4863,32636409.4863
601166.SH,20231027,15.7,15.84,15.69,15.78,15.71,0.07,0.4456,437302.56,689481.311,0.2105,0.88,3.5875,0.4864,1.4742,2077428.9934,2077428.9934,1347524.275,32781829.5159,32781829.5159
601166.SH,20231030,15.7,15.74,15.55,15.57,15.78,-0.21,-1.3308,552737.12,862357.301,0.2661,1.14,3.5398,0.48,1.4546,2077428.9934,2077428.9934,1347524.275,32345569.4272,32345569.4272
601166.SH,20231031,15.3,15.3,14.95,15.08,15.57,-0.49,-3.1471,1612214.68,2427542.699,0.7761,3.12,3.4284,0.4511,1.4088,2077428.9934,2077428.9934,1347523.3422,31327629.2205,31327629.2205
601166.SH,20231101,15.07,15.14,14.96,15.11,15.08,0.03,0.1989,624403.63,940598.796,0.3006,0.85,3.4352,0.452,1.4116,2077428.9934,2077428.9934,1347524.275,31389952.0903,31389952.0903
601166.SH,20231102,15.12,15.28,15.11,15.25,15.11,0.14,0.9265,492220.75,749046.666,0.2369,0.68,3.467,0.4562,1.4247,2077428.9934,2077428.9934,1347524.275,31680792.1494,31680792.1494
601166.SH,20231103,15.26,15.28,15.17,15.2,15.25,-0.05,-0.3279,373637.03,568410.619,0.1799,0.5,3.4557,0.4547,1.42,2077428.9934,2077428.9934,1347524.275,31576920.6997,31576920.6997
601166.SH,20231106,15.23,15.3,15.17,15.27,15.2,0.07,0.4605,480595.39,732851.919,0.2313,0.66,3.4716,0.4568,1.4265,2077428.9934,2077428.9934,1347524.275,31722340.7292,31722340.7292
601166.SH,20231107,15.27,15.28,15.14,15.19,15.27,-0.08,-0.5239,437351.43,664441.922,0.2105,0.61,3.4534,0.4544,1.4191,2077428.9934,2077428.9934,1347524.275,31556146.4097,31556146.4097
601166.SH,20231108,15.18,15.21,15.08,15.13,15.19,-0.06,-0.395,336587.23,509797.814,0.162,0.7,3.4398,0.4526,1.4135,2077428.9934,2077428.9934,1347524.275,31431500.6701,31431500.6701
601166.SH,20231109,15.11,15.18,15.09,15.12,15.13,-0.01,-0.0661,355552.42,537702.921,0.1712,0.84,3.4375,0.4523,1.4125,2077428.9934,2077428.9934,1347524.275,31410726.3802,31410726.3802
601166.SH,20231110,15.1,15.12,14.96,14.98,15.12,-0.14,-0.9259,503555.32,754939.455,0.2424,1.27,3.4057,0.4481,1.3994,2077428.9934,2077428.9934,1347524.275,31119886.3211,31119886.3211
601166.SH,20231113,15.0,15.04,14.92,14.96,14.98,-0.02,-0.1335,372199.75,556381.56,0.1792,0.88,3.4011,0.4475,1.3976,2077428.9934,2077428.9934,1347524.275,31078337.7413,31078337.7413
601166.SH,20231114,14.95,15.01,14.62,14.72,14.96,-0.24,-1.6043,1071110.42,1578955.088,0.5156,2.67,3.3465,0.4403,1.3751,2077428.9934,2077428.9934,1347524.275,30579754.7828,30579754.7828
601166.SH,20231115,14.77,14.9,14.72,14.85,14.72,0.13,0.8832,632205.34,937760.663,0.3043,1.2,3.3761,0.4442,1.3873,2077428.9934,2077428.9934,1347524.275,30849820.552,30849820.552
601166.SH,20231116,14.85,14.87,14.75,14.77,14.85,-0.08,-0.5387,405115.9,598861.81,0.195,0.69,3.3579,0.4418,1.3798,2077428.9934,2077428.9934,1347524.275,30683626.2325,30683626.2325
601166.SH,20231117,14.74,14.75,14.61,14.71,14.77,-0.06,-0.4062,534408.72,783632.473,0.2572,0.9,3.3443,0.44,1.3742,2077428.9934,2077428.9934,1347524.275,30558980.4929,30558980.4929
601166.SH,20231120,14.74,14.87,14.68,14.85,14.71,0.14,0.9517,413407.54,611378.095,0.199,0.69,3.3761,0.4442,1.3873,2077428.9934,2077428.9934,1347524.275,30849820.552,30849820.552
601166.SH,20231121,14.88,14.98,14.87,14.89,14.85,0.04,0.2694,387546.38,578667.84,0.1866,0.63,3.3852,0.4454,1.391,2077428.9934,2077428.9934,1347524.275,30932917.7117,30932917.7117
601166.SH,20231122,14.86,14.93,14.85,14.85,14.89,-0.04,-0.2686,268604.51,399846.812,0.1293,0.57,3.3761,0.4442,1.3873,2077428.9934,2077428.9934,1347524.275,30849820.552,30849820.552
601166.SH,20231123,14.85,14.88,14.75,14.83,14.85,-0.02,-0.1347,306822.56,454258.021,0.1477,0.76,3.3716,0.4436,1.3854,2077428.9934,2077428.9934,1347524.275,30808271.9721,30808271.9721
601166.SH,20231124,14.82,14.87,14.78,14.81,14.83,-0.02,-0.1349,265141.38,392909.929,0.1276,0.69,3.367,0.443,1.3836,2077428.9934,2077428.9934,1347524.275,30766723.3923,30766723.3923
601166.SH,20231127,14.77,14.82,14.65,14.75,14.81,-0.06,-0.4051,412581.27,607112.285,0.1986,1.26,3.3534,0.4412,1.378,2077428.9934,2077428.9934,1347524.275,30642077.6527,30642077.6527
601166.SH,20231128,14.75,14.84,14.74,14.8,14.75,0.05,0.339,290625.17,429358.69,0.1399,0.89,3.3647,0.4427,1.3826,2077428.9934,2077428.9934,1347524.275,30745949.1023,30745949.1023
601166.SH,20231129,14.79,14.81,14.49,14.6,14.8,-0.2,-1.3514,688853.06,1004870.911,0.3316,2.23,3.3193,0.4367,1.3639,2077428.9934,2077428.9934,1347524.275,30330463.3036,30330463.3036
601166.SH,20231130,14.6,14.67,14.55,14.6,14.6,0.0,0.0,405065.58,591403.704,0.195,1.03,3.3193,0.4367,1.3639,2077428.9934,2077428.9934,1347524.275,30330463.3036,30330463.3036
601166.SH,20231201,14.6,14.67,14.5,14.61,14.6,0.01,0.0685,464221.67,676692.633,0.2235,1.13,3.3215,0.437,1.3649,2077428.9934,2077428.9934,1347524.275,30351237.5936,30351237.5936
601166.SH,20231204,14.62,14.69,14.51,14.51,14.61,-0.1,-0.6845,327216.52,476146.829,0.1575,0.72,3.2988,0.434,1.3555,2077428.9934,2077428.9934,1347524.275,30143494.6942,30143494.6942
601166.SH,20231205,14.5,14.51,14.16,14.18,14.51,-0.33,-2.2743,617366.09,884241.174,0.2972,1.42,3.2238,0.4242,1.3247,2077428.9934,2077428.9934,1347524.275,29457943.1264,29457943.1264
601166.SH,20231206,14.16,14.25,14.05,14.17,14.18,-0.01,-0.0705,492071.93,697207.011,0.2369,0.98,3.2215,0.4239,1.3238,2077428.9934,2077428.9934,1347524.275,29437168.8365,29437168.8365
601166.SH,20231207,14.19,14.19,14.01,14.12,14.17,-0.05,-0.3529,430911.32,607424.368,0.2074,0.93,3.2101,0.4224,1.3191,2077428.9934,2077428.9934,1347524.275,29333297.3868,29333297.3868
601166.SH,20231208,14.1,14.21,14.09,14.11,14.12,-0.01,-0.0708,359617.88,508481.336,0.1731,0.77,3.2079,0.4221,1.3182,2077428.9934,2077428.9934,1347524.275,29312523.0969,29312523.0969
601166.SH,20231211,14.12,14.44,13.95,14.39,14.11,0.28,1.9844,562369.78,796733.974,0.2707,1.26,3.2715,0.4304,1.3443,2077429.0188,2077429.0188,1347524.275,29894203.5805,29894203.5805
601166.SH,20231212,14.31,14.6,14.3,14.59,14.39,0.2,1.3899,520377.97,755714.368,0.2505,1.06,3.317,0.4364,1.363,2077429.0188,2077429.0188,1347524.3004,30309689.3843,30309689.3843
601166.SH,20231213,14.58,14.59,14.31,14.34,14.59,-0.25,-1.7135,460384.49,665999.04,0.2216,0.97,3.2602,0.429,1.3396,2077429.0188,2077429.0188,1347524.3004,29790332.1296,29790332.1296
601166.SH,20231214,14.41,14.48,14.34,14.34,14.34,0.0,0.0,273372.99,393738.943,0.1316,0.59,3.2602,0.429,1.3396,2077429.0188,2077429.0188,1347524.3004,29790332.1296,29790332.1296
601166.SH,20231215,14.39,14.49,14.28,14.31,14.34,-0.03,-0.2092,366365.85,526493.883,0.1764,0.84,3.2533,0.4281,1.3368,2077429.0188,2077429.0188,1347524.3004,29728009.259,29728009.259
601166.SH,20231218,14.29,14.4,14.16,14.36,14.31,0.05,0.3494,293047.87,420029.051,0.1411,0.67,3.2647,0.4295,1.3415,2077429.0188,2077429.0188,1347524.3004,29831880.71,29831880.71
601166.SH,20231219,14.33,14.42,14.28,14.4,14.36,0.04,0.2786,263194.16,378101.604,0.1267,0.69,3.2738,0.4307,1.3453,2077429.0188,2077429.0188,1347524.3004,29914977.8707,29914977.8707
601166.SH,20231220,14.41,14.5,14.32,14.33,14.4,-0.07,-0.4861,340850.76,490814.807,0.1641,1.03,3.2579,0.4287,1.3387,2077429.0188,2077429.0188,1347524.3004,29769557.8394,29769557.8394
601166.SH,20231221,14.3,14.52,14.23,14.48,14.33,0.15,1.0468,435001.6,626636.469,0.2094,1.42,3.292,0.4331,1.3527,2077429.0188,2077429.0188,1347524.3004,30081172.1922,30081172.1922
601166.SH,20231222,14.51,14.65,14.4,14.62,14.48,0.14,0.9669,469370.12,683353.263,0.2259,1.38,3.3238,0.4373,1.3658,2077429.0188,2077429.0188,1347524.3004,30372012.2549,30372012.2549
601166.SH,20231225,14.6,14.65,14.56,14.61,14.62,-0.01,-0.0684,248101.5,362600.601,0.1194,0.69,3.3215,0.437,1.3649,2077429.0188,2077429.0188,1347524.3004,30351237.9647,30351237.9647
601166.SH,20231226,14.62,14.64,14.51,14.56,14.61,-0.05,-0.3422,204607.21,297788.973,0.0985,0.58,3.3102,0.4355,1.3602,2077429.0188,2077429.0188,1347524.3004,30247366.5137,30247366.5137
601166.SH,20231227,14.56,14.58,14.38,14.52,14.56,-0.04,-0.2747,350068.25,506882.173,0.1685,1.03,3.3011,0.4343,1.3565,2077429.0188,2077429.0188,1347524.3004,30164269.353,30164269.353
601166.SH,20231228,14.52,14.75,14.48,14.74,14.52,0.22,1.5152,499005.48,732191.492,0.2402,1.46,3.3511,0.4409,1.377,2077429.0188,2077429.0188,1347524.3004,30621303.7371,30621303.7371
601166.SH,20231229,14.73,16.21,14.71,16.21,14.74,1.47,9.9729,503351.87,762993.512,0.2423,1.42,3.6853,0.4849,1.5143,2077429.0188,2077429.0188,1347524.3004,33675124.3947,33675124.3947
601166.SH,20240102,14.92,14.94,14.77,14.83,16.21,-1.38,-8.5133,1032287.89,1531209.521,0.4969,2.86,3.3716,0.4436,1.3854,2077429.0188,2077429.0188,1347524.3004,30808272.3488,30808272.3488
601166.SH,20240103,14.75,14.76,14.6,14.68,14.83,-0.15,-1.0115,765385.28,1121674.839,0.3684,1.48,3.3375,0.4391,1.3714,2077429.1878,2077429.1878,1347524.3004,30496660.4769,30496660.4769
601166.SH,20240104,14.66,14.71,14.51,14.62,14.68,-0.06,-0.4087,631231.05,920725.273,0.3039,1.0,3.3238,0.4373,1.3658,2077429.1878,2077429.1878,1347524.4694,30372014.7256,30372014.7256
601166.SH,20240105,14.58,14.98,14.55,14.81,14.62,0.19,1.2996,1033392.37,1529703.912,0.4974,1.51,3.367,0.443,1.3836,2077429.1878,2077429.1878,1347524.4694,30766726.2713,30766726.2713
601166.SH,20240108,14.73,14.9,14.63,14.7,14.81,-0.11,-0.7427,705452.19,1039081.741,0.3396,0.89,3.342,0.4397,1.3733,2077429.1878,2077429.1878,1347524.4694,30538209.0607,30538209.0607
601166.SH,20240109,14.69,14.71,14.59,14.68,14.7,-0.02,-0.1361,483875.8,709084.182,0.2329,0.58,3.3375,0.4391,1.3714,2077429.1878,2077429.1878,1347524.4694,30496660.4769,30496660.4769
601166.SH,20240110,14.66,14.7,14.61,14.61,14.68,-0.07,-0.4768,327007.24,478703.796,0.1574,0.45,3.3215,0.437,1.3649,2077429.1878,2077429.1878,1347524.4694,30351240.4338,30351240.4338
601166.SH,20240111,14.6,14.73,14.52,14.66,14.61,0.05,0.3422,414089.5,606261.166,0.1993,0.65,3.3329,0.4385,1.3695,2077429.1878,2077429.1878,1347524.4694,30455111.8931,30455111.8931
601166.SH,20240112,14.61,14.77,14.6,14.69,14.66,0.03,0.2046,345305.47,507242.874,0.1662,0.58,3.3397,0.4394,1.3723,2077429.1878,2077429.1878,1347524.4694,30517434.7688,30517434.7688
601166.SH,20240115,14.64,14.81,14.64,14.73,14.69,0.04,0.2723,357986.16,527160.351,0.1723,0.79,3.3488,0.4406,1.3761,2077429.1878,2077429.1878,1347524.4694,30600531.9363,30600531.9363
601166.SH,20240116,14.71,14.94,14.7,14.93,14.73,0.2,1.3578,704893.55,1044859.855,0.3393,1.83,3.3943,0.4466,1.3948,2077429.1878,2077429.1878,1347524.4694,31016017.7739,31016017.7739
601166.SH,20240117,14.9,15.05,14.81,14.81,14.93,-0.12,-0.8038,871693.31,1303277.271,0.4196,2.03,3.367,0.443,1.3836,2077429.1878,2077429.1878,1347524.4694,30766726.2713,30766726.2713
601166.SH,20240118,14.78,15.15,14.55,15.09,14.81,0.28,1.8906,1101889.53,1632187.994,0.5304,2.05,3.4307,0.4514,1.4097,2077429.1878,2077429.1878,1347524.4694,31348406.4439,31348406.4439
601166.SH,20240119,15.01,15.17,14.94,15.15,15.09,0.06,0.3976,733235.36,1106222.394,0.353,1.08,3.4443,0.4532,1.4153,2077429.1878,2077429.1878,1347524.4694,31473052.1952,31473052.1952
601166.SH,20240122,15.14,15.4,15.02,15.2,15.15,0.05,0.33,1215341.83,1856429.204,0.585,1.61,3.4557,0.4547,1.42,2077429.1878,2077429.1878,1347524.4694,31576923.6546,31576923.6546
601166.SH,20240123,15.11,15.2,15.0,15.1,15.2,-0.1,-0.6579,612646.96,924752.932,0.2949,0.66,3.4329,0.4517,1.4106,2077429.1878,2077429.1878,1347524.4694,31369180.7358,31369180.7358
601166.SH,20240124,15.2,15.33,15.08,15.3,15.1,0.2,1.3245,615408.1,935500.519,0.2962,0.68,3.4784,0.4577,1.4293,2077429.1878,2077429.1878,1347524.4694,31784666.5733,31784666.5733
601166.SH,20240125,15.35,15.48,15.3,15.47,15.3,0.17,1.1111,688832.48,1062050.858,0.3316,0.8,3.5171,0.4628,1.4452,2077429.1878,2077429.1878,1347524.4694,32137829.5353,32137829.5353
601166.SH,20240126,15.47,15.66,15.44,15.64,15.47,0.17,1.0989,913239.24,1422533.468,0.4396,1.18,3.5557,0.4678,1.4611,2077429.1878,2077429.1878,1347524.4694,32490992.4972,32490992.4972
601166.SH,20240129,15.66,15.85,15.6,15.72,15.64,0.08,0.5115,737110.99,1158690.207,0.3548,0.91,3.5739,0.4702,1.4686,2077429.1878,2077429.1878,1347524.4694,32657186.8322,32657186.8322
601166.SH,20240130,15.67,15.85,15.61,15.65,15.72,-0.07,-0.4453,697537.37,1097050.489,0.3358,0.98,3.558,0.4681,1.462,2077429.1878,2077429.1878,1347524.4694,32511766.7891,32511766.7891
601166.SH,20240131,15.62,15.79,15.58,15.73,15.65,0.08,0.5112,694748.01,1091088.491,0.3344,0.95,3.5762,0.4705,1.4695,2077429.1878,2077429.1878,1347524.4694,32677961.1241,32677961.1241
601166.SH,20240201,15.68,15.77,15.55,15.71,15.73,-0.02,-0.1271,674158.23,1056715.002,0.3245,0.9,3.5716,0.4699,1.4676,2077429.1878,2077429.1878,1347524.4694,32636412.5403,32636412.5403
601166.SH,20240202,15.75,15.79,15.35,15.71,15.71,0.0,0.0,877713.86,1375887.234,0.4225,1.18,3.5716,0.4699,1.4676,2077429.1878,2077429.1878,1347524.4694,32636412.5403,32636412.5403
601166.SH,20240205,15.71,15.9,15.58,15.84,15.71,0.13,0.8275,1136109.2,1788532.466,0.5469,1.54,3.6012,0.4738,1.4798,2077429.1878,2077429.1878,1347524.4694,32906478.3348,32906478.3348
601166.SH,20240206,15.84,15.92,15.75,15.92,15.84,0.08,0.5051,992720.51,1573462.659,0.4779,1.22,3.6194,0.4762,1.4873,2077429.1878,2077429.1878,1347524.4694,33072672.6698,33072672.6698
601166.SH,20240207,15.97,15.98,15.64,15.97,15.92,0.05,0.3141,1314550.89,2082308.605,0.6328,1.5,3.6307,0.4777,1.4919,2077429.1878,2077429.1878,1347524.4694,33176544.1292,33176544.1292
601166.SH,20240208,15.91,16.05,15.82,16.05,15.97,0.08,0.5009,889506.45,1418512.812,0.4282,0.89,3.6489,0.4801,1.4994,2077429.1878,2077429.1878,1347524.4694,33342738.4642,33342738.4642
601166.SH,20240219,16.09,16.19,16.0,16.18,16.05,0.13,0.81,690320.36,1111668.885,0.3323,0.66,3.6785,0.484,1.5115,2077429.1878,2077429.1878,1347524.4694,33612804.2586,33612804.2586
601166.SH,20240220,16.16,16.24,16.1,16.2,16.18,0.02,0.1236,614769.64,995065.043,0.2959,0.61,3.683,0.4846,1.5134,2077429.1878,2077429.1878,1347524.4694,33654352.8424,33654352.8424
601166.SH,20240221,16.2,16.86,16.13,16.67,16.2,0.47,2.9012,1316809.81,2187425.79,0.6339,1.46,3.7899,0.4986,1.5573,2077429.1878,2077429.1878,1347524.4694,34630744.5606,34630744.5606
601166.SH,20240222,16.65,16.88,16.6,16.8,16.67,0.13,0.7798,712384.5,1192386.568,0.3429,0.74,3.8194,0.5025,1.5695,2077429.1878,2077429.1878,1347524.4694,34900810.355,34900810.355
601166.SH,20240223,16.79,16.99,16.78,16.86,16.8,0.06,0.3571,609501.41,1029934.87,0.2934,0.72,3.8331,0.5043,1.5751,2077429.1878,2077429.1878,1347524.4694,35025456.1063,35025456.1063
601166.SH,20240226,16.84,16.84,16.42,16.48,16.86,-0.38,-2.2539,830387.57,1377716.806,0.3997,1.05,3.7467,0.493,1.5396,2077429.1878,2077429.1878,1347524.4694,34236033.0149,34236033.0149
601166.SH,20240227,16.41,16.64,16.39,16.55,16.48,0.07,0.4248,469451.27,775387.286,0.226,0.57,3.7626,0.4951,1.5461,2077429.1878,2077429.1878,1347524.4694,34381453.0581,34381453.0581
601166.SH,20240228,16.55,16.66,16.36,16.53,16.55,-0.02,-0.1208,748481.72,1238250.887,0.3603,0.95,3.758,0.4945,1.5442,2077429.1878,2077429.1878,1347524.4694,34339904.4743,34339904.4743
601166.SH,20240229,16.48,16.7,16.46,16.65,16.53,0.12,0.726,660211.05,1097385.683,0.3178,0.98,3.7853,0.498,1.5555,2077429.1878,2077429.1878,1347524.4694,34589195.9769,34589195.9769
601166.SH,20240301,16.62,16.65,16.52,16.58,16.65,-0.07,-0.4204,486603.08,806409.194,0.2342,0.73,3.7694,0.496,1.5489,2077429.1878,2077429.1878,1347524.4694,34443775.9337,34443775.9337
601166.SH,20240304,16.52,16.55,16.38,16.41,16.58,-0.17,-1.0253,546732.43,898879.531,0.2632,0.86,3.7308,0.4909,1.533,2077429.1878,2077429.1878,1347524.4694,34090612.9718,34090612.9718
601166.SH,20240305,16.36,16.67,16.32,16.61,16.41,0.2,1.2188,706846.3,1169988.932,0.3403,1.21,3.7762,0.4969,1.5517,2077429.1878,2077429.1878,1347524.4694,34506098.8094,34506098.8094
601166.SH,20240306,16.61,16.7,16.5,16.5,16.61,-0.11,-0.6623,471367.14,782540.795,0.2269,0.75,3.7512,0.4936,1.5414,2077429.1878,2077429.1878,1347524.4694,34277581.5987,34277581.5987
601166.SH,20240307,16.5,16.63,16.46,16.51,16.5,0.01,0.0606,419122.22,692828.864,0.2018,0.73,3.7535,0.4939,1.5424,2077429.1878,2077429.1878,1347524.4694,34298355.8906,34298355.8906
601166.SH,20240308,16.49,16.57,16.43,16.48,16.51,-0.03,-0.1817,344518.11,567763.417,0.1658,0.65,3.7467,0.493,1.5396,2077429.1878,2077429.1878,1347524.4694,34236033.0149,34236033.0149
601166.SH,20240311,16.47,16.54,16.39,16.5,16.48,0.02,0.1214,417695.03,687747.909,0.2011,0.84,3.7512,0.4936,1.5414,2077429.1878,2077429.1878,1347524.4694,34277581.5987,34277581.5987
601166.SH,20240312,16.48,16.61,16.44,16.49,16.5,-0.01,-0.0606,554794.8,917102.705,0.2671,1.18,3.749,0.4933,1.5405,2077429.1878,2077429.1878,1347524.4694,34256807.3068,34256807.3068
601166.SH,20240313,16.48,16.52,16.25,16.31,16.49,-0.18,-1.0916,532706.85,871129.913,0.2564,1.21,3.708,0.4879,1.5237,2077429.1878,2077429.1878,1347524.4694,33882870.053,33882870.053
601166.SH,20240314,16.28,16.38,16.28,16.29,16.31,-0.02,-0.1226,309543.11,505216.549,0.149,0.68,3.7035,0.4873,1.5218,2077429.1878,2077429.1878,1347524.4694,33841321.4693,33841321.4693
601166.SH,20240315,16.33,16.47,16.28,16.39,16.29,0.1,0.6139,460854.82,753946.838,0.2218,1.07,3.7262,0.4903,1.5312,2077429.1878,2077429.1878,1347524.4694,34049064.388,34049064.388
601166.SH,20240318,16.34,16.44,16.33,16.37,16.39,-0.02,-0.122,303569.93,496928.565,0.1461,0.67,3.7217,0.4897,1.5293,2077429.1878,2077429.1878,1347524.4694,34007515.8043,34007515.8043
601166.SH,20240319,16.35,16.37,16.18,16.19,16.37,-0.18,-1.0996,409027.3,665251.988,0.1969,0.95,3.6807,0.4843,1.5125,2077429.1878,2077429.1878,1347524.4694,33633578.5505,33633578.5505
601166.SH,20240320,16.18,16.3,16.13,16.28,16.19,0.09,0.5559,294985.42,478904.463,0.142,0.73,3.7012,0.487,1.5209,2077429.1878,2077429.1878,1347524.4694,33820547.1774,33820547.1774
601166.SH,20240321,16.26,16.43,16.24,16.33,16.28,0.05,0.3071,360475.62,589404.375,0.1735,1.01,3.7126,0.4885,1.5256,2077429.1878,2077429.1878,1347524.4694,33924418.6368,33924418.6368
601166.SH,20240322,16.32,16.36,16.15,16.27,16.33,-0.06,-0.3674,404523.48,657209.406,0.1947,1.11,3.6989,0.4867,1.52,2077429.1878,2077429.1878,1347524.4694,33799772.8855,33799772.8855
601166.SH,20240325,16.25,16.38,16.21,16.29,16.27,0.02,0.1229,363072.6,592057.459,0.1748,1.02,3.7035,0.4873,1.5218,2077429.1878,2077429.1878,1347524.4694,33841321.4693,33841321.4693
601166.SH,20240326,16.33,16.48,16.33,16.46,16.29,0.17,1.0436,498302.21,817632.036,0.2399,1.36,3.7421,0.4924,1.5377,2077429.1878,2077429.1878,1347524.4694,34194484.4312,34194484.4312
601166.SH,20240327,16.48,16.69,16.44,16.59,16.46,0.13,0.7898,559530.1,927670.325,0.2693,1.46,3.7717,0.4963,1.5498,2077429.1878,2077429.1878,1347524.4694,34464550.2256,34464550.2256
601166.SH,20240328,16.55,16.57,16.22,16.25,16.59,-0.34,-2.0494,833139.62,1361216.366,0.401,1.91,3.6944,0.4861,1.5181,2077429.1878,2077429.1878,1347524.4694,33758224.3018,33758224.3018
601166.SH,20240329,15.72,15.93,15.54,15.78,16.25,-0.47,-2.8923,1160067.65,1827805.865,0.5584,2.18,4.251,0.4635,1.5549,2077429.1878,2077429.1878,1440250.7076,32781832.5835,32781832.5835
601166.SH,20240401,15.8,16.08,15.77,15.83,15.78,0.05,0.3169,926342.16,1475593.666,0.4459,1.36,4.2644,0.465,1.5598,2077429.1878,2077429.1878,1440250.7076,32885704.0429,32885704.0429
601166.SH,20240402,15.82,15.89,15.52,15.59,15.83,-0.24,-1.5161,1158957.36,1813352.671,0.5579,1.46,4.1998,0.4579,1.5362,2077429.1878,2077429.1878,1440250.7076,32387121.0378,32387121.0378
601166.SH,20240403,15.54,15.56,15.35,15.41,15.59,-0.18,-1.1546,840291.26,1297308.59,0.4045,0.91,4.1513,0.4526,1.5184,2077429.7994,2077429.7994,1440251.3192,32013193.2088,32013193.2088
601166.SH,20240408,15.38,15.53,15.31,15.48,15.41,0.07,0.4543,672485.77,1039260.091,0.3237,0.68,4.1702,0.4547,1.5253,2077429.7994,2077429.7994,1440251.3192,32158613.2947,32158613.2947
601166.SH,20240409,15.48,15.6,15.45,15.46,15.48,-0.02,-0.1292,548995.09,850765.779,0.2643,0.58,4.1648,0.4541,1.5234,2077429.7994,2077429.7994,1440251.3192,32117064.6987,32117064.6987
601166.SH,20240410,15.47,15.86,15.47,15.72,15.46,0.26,1.6818,923923.14,1449679.163,0.4447,1.11,4.2348,0.4617,1.549,2077429.7994,2077429.7994,1440251.3192,32657196.4466,32657196.4466
601166.SH,20240411,15.66,15.71,15.52,15.65,15.72,-0.07,-0.4453,486581.25,759961.021,0.2342,0.59,4.216,0.4597,1.5421,2077429.7994,2077429.7994,1440251.3192,32511776.3606,32511776.3606
601166.SH,20240412,15.61,15.74,15.47,15.49,15.65,-0.16,-1.0224,615815.23,960877.56,0.2964,0.89,4.1729,0.455,1.5263,2077429.7994,2077429.7994,1440251.3192,32179387.5927,32179387.5927
601166.SH,20240415,15.5,15.81,15.49,15.77,15.49,0.28,1.8076,710114.18,1116502.928,0.3418,1.09,4.2483,0.4632,1.5539,2077429.7994,2077429.7994,1440251.3192,32761067.9365,32761067.9365
601166.SH,20240416,15.71,16.03,15.71,15.93,15.77,0.16,1.0146,924681.84,1468990.593,0.4451,1.41,4.2914,0.4679,1.5697,2077429.7994,2077429.7994,1440251.3192,33093456.7044,33093456.7044
601166.SH,20240417,15.91,16.2,15.74,16.18,15.93,0.25,1.5694,909936.03,1454346.98,0.438,1.24,4.3587,0.4753,1.5943,2077429.7994,2077429.7994,1440251.3192,33612814.1543,33612814.1543
601166.SH,20240418,16.13,16.5,16.11,16.3,16.18,0.12,0.7417,892052.99,1456591.819,0.4294,1.22,4.3911,0.4788,1.6061,2077429.7994,2077429.7994,1440251.3192,33862105.7302,33862105.7302
601166.SH,20240419,16.25,16.39,16.16,16.18,16.3,-0.12,-0.7362,525722.97,853968.808,0.2531,0.65,4.3587,0.4753,1.5943,2077429.7994,2077429.7994,1440251.3192,33612814.1543,33612814.1543
601166.SH,20240422,16.23,16.43,16.07,16.13,16.18,-0.05,-0.309,540809.94,875640.308,0.2603,0.68,4.3453,0.4738,1.5894,2077429.7994,2077429.7994,1440251.3192,33508942.6643,33508942.6643
601166.SH,20240423,16.19,16.23,15.98,16.0,16.13,-0.13,-0.806,545711.46,878090.658,0.2627,0.72,4.3102,0.47,1.5766,2077429.7994,2077429.7994,1440251.3192,33238876.7904,33238876.7904
601166.SH,20240424,16.06,16.06,15.88,15.91,16.0,-0.09,-0.5625,424145.3,675628.196,0.2042,0.62,4.286,0.4673,1.5677,2077429.7994,2077429.7994,1440251.3192,33051908.1085,33051908.1085
601166.SH,20240425,15.9,16.17,15.87,16.17,15.91,0.26,1.6342,548004.67,880060.483,0.2638,0.94,4.356,0.475,1.5933,2077429.7994,2077429.7994,1440251.3192,33592039.8563,33592039.8563
601166.SH,20240426,16.17,16.48,16.17,16.43,16.17,0.26,1.6079,1268495.08,2081038.687,0.6106,2.45,4.4261,0.4658,1.6189,2077429.7994,2077429.7994,1440250.7076,34132171.6041,34132171.6041
601166.SH,20240429,16.43,16.85,16.39,16.74,16.43,0.31,1.8868,1101084.49,1840493.578,0.53,1.65,4.5096,0.4746,1.6495,2077429.7994,2077429.7994,1392851.3192,34776174.842,34776174.842
601166.SH,20240430,16.74,16.9,16.68,16.85,16.74,0.11,0.6571,770945.29,1297231.161,0.3711,0.99,4.5392,0.4777,1.6603,2077429.7994,2077429.7994,1392851.3192,35004692.1199,35004692.1199
601166.SH,20240506,17.0,17.08,16.81,16.82,16.85,-0.03,-0.178,805918.39,1365442.097,0.3879,0.98,4.5311,0.4769,1.6574,2077429.7994,2077429.7994,1392851.3192,34942369.2259,34942369.2259
601166.SH,20240507,16.83,16.86,16.61,16.82,16.82,0.0,0.0,606679.72,1015797.233,0.292,0.67,4.5311,0.4769,1.6574,2077429.7994,2077429.7994,1392851.3192,34942369.2259,34942369.2259
601166.SH,20240508,16.77,16.91,16.72,16.78,16.82,-0.04,-0.2378,441443.19,741927.576,0.2125,0.48,4.5204,0.4757,1.6534,2077429.7994,2077429.7994,1392851.3192,34859272.0339,34859272.0339
601166.SH,20240509,16.75,16.94,16.75,16.86,16.78,0.08,0.4768,403446.74,680501.977,0.1942,0.54,4.5419,0.478,1.6613,2077429.7994,2077429.7994,1392851.3192,35025466.4179,35025466.4179
601166.SH,20240510,16.87,17.12,16.86,17.07,16.86,0.21,1.2456,727722.63,1238433.388,0.3503,1.2,4.5985,0.4839,1.682,2077429.7994,2077429.7994,1392851.3192,35461726.6758,35461726.6758
601166.SH,20240513,17.05,17.2,16.92,17.16,17.07,0.09,0.5272,502021.94,858081.817,0.2417,0.84,4.6227,0.4865,1.6909,2077429.7994,2077429.7994,1392851.3192,35648695.3577,35648695.3577
601166.SH,20240514,17.19,17.24,17.05,17.12,17.16,-0.04,-0.2331,434375.99,744158.672,0.2091,0.81,4.612,0.4854,1.6869,2077429.7994,2077429.7994,1392851.3192,35565598.1657,35565598.1657
601166.SH,20240515,17.12,17.19,16.94,17.01,17.12,-0.11,-0.6425,452710.53,770796.746,0.2179,0.9,4.5823,0.4822,1.6761,2077429.7994,2077429.7994,1392851.3192,35337080.8878,35337080.8878
601166.SH,20240516,17.04,17.45,17.02,17.38,17.01,0.37,2.1752,928748.33,1608263.383,0.4471,1.84,4.682,0.4927,1.7125,2077429.7994,2077429.7994,1392851.3192,36105729.9136,36105729.9136
601166.SH,20240517,17.42,17.7,17.38,17.7,17.38,0.32,1.8412,875393.61,1534187.821,0.4214,1.44,4.7682,0.5018,1.7441,2077429.7994,2077429.7994,1392851.3192,36770507.4494,36770507.4494
601166.SH,20240520,17.71,18.1,17.67,17.86,17.7,0.16,0.904,975845.98,1751096.246,0.4697,1.53,4.8113,0.5063,1.7598,2077429.7994,2077429.7994,1392851.3192,37102896.2173,37102896.2173
601166.SH,20240521,17.82,18.1,17.73,18.03,17.86,0.17,0.9518,685140.25,1232272.992,0.3298,0.93,4.8571,0.5112,1.7766,2077429.7994,2077429.7994,1392851.3192,37456059.2832,37456059.2832
601166.SH,20240522,18.03,18.3,17.98,18.18,18.03,0.15,0.8319,774065.25,1408261.082,0.3726,0.99,4.8975,0.5154,1.7914,2077429.7994,2077429.7994,1392851.3192,37767673.7531,37767673.7531
601166.SH,20240523,18.14,18.2,17.94,18.11,18.18,-0.07,-0.385,627147.7,1135837.029,0.3019,0.74,4.8787,0.5134,1.7845,2077429.7994,2077429.7994,1392851.3192,37622253.6671,37622253.6671
601166.SH,20240524,18.06,18.19,17.87,17.89,18.11,-0.22,-1.2148,626611.01,1128934.015,0.3016,0.8,4.8194,0.5072,1.7628,2077429.7994,2077429.7994,1392851.3192,37165219.1113,37165219.1113
601166.SH,20240527,17.95,18.28,17.91,18.23,17.89,0.34,1.9005,778318.83,1413720.872,0.3747,1.05,4.911,0.5168,1.7963,2077429.7994,2077429.7994,1392851.3192,37871545.2431,37871545.2431
601166.SH,20240528,18.24,18.45,18.17,18.32,18.23,0.09,0.4937,633707.43,1158762.077,0.305,0.91,4.9352,0.5194,1.8052,2077429.7994,2077429.7994,1392851.3192,38058513.925,38058513.925
601166.SH,20240529,18.3,18.4,18.0,18.07,18.32,-0.25,-1.3646,737608.13,1340396.63,0.3551,1.07,4.8679,0.5123,1.7805,2077429.7994,2077429.7994,1392851.3192,37539156.4752,37539156.4752
601166.SH,20240530,18.01,18.25,17.8,17.94,18.07,-0.13,-0.7194,680844.99,1224699.989,0.3277,1.0,4.8329,0.5086,1.7677,2077429.7994,2077429.7994,1392851.3192,37269090.6012,37269090.6012
601166.SH,20240531,17.97,18.03,17.87,17.89,17.94,-0.05,-0.2787,673862.37,1208476.636,0.3244,0.97,4.8194,0.5072,1.7628,2077429.7994,2077429.7994,1392851.3192,37165219.1113,37165219.1113
601166.SH,20240603,17.89,17.98,17.63,17.8,17.89,-0.09,-0.5031,588959.67,1047157.637,0.2835,0.84,4.7951,0.5046,1.7539,2077429.7994,2077429.7994,1392851.3192,36978250.4293,36978250.4293
601166.SH,20240604,17.77,17.96,17.73,17.75,17.8,-0.05,-0.2809,492623.72,877685.395,0.2371,0.74,4.7817,0.5032,1.749,2077429.7994,2077429.7994,1392851.3192,36874378.9394,36874378.9394
601166.SH,20240605,17.78,17.83,17.48,17.55,17.75,-0.2,-1.1268,549222.64,966295.316,0.2644,0.87,4.7278,0.4976,1.7293,2077429.7994,2077429.7994,1392851.3192,36458892.9795,36458892.9795
601166.SH,20240606,17.58,17.74,17.52,17.57,17.55,0.02,0.114,435238.16,766405.052,0.2095,0.73,4.7332,0.4981,1.7313,2077429.7994,2077429.7994,1392851.3192,36500441.5755,36500441.5755
601166.SH,20240607,17.63,17.73,17.43,17.53,17.57,-0.04,-0.2277,462581.07,812751.902,0.2227,0.84,4.7224,0.497,1.7273,2077429.7994,2077429.7994,1392851.3192,36417344.3835,36417344.3835
601166.SH,20240611,17.47,17.6,17.31,17.41,17.53,-0.12,-0.6845,531946.41,927094.075,0.2561,1.05,4.6901,0.4936,1.7155,2077429.7994,2077429.7994,1392851.3192,36168052.8076,36168052.8076
601166.SH,20240612,17.46,17.46,17.21,17.28,17.41,-0.13,-0.7467,452883.72,782383.273,0.218,0.92,4.6551,0.4899,1.7027,2077429.7994,2077429.7994,1392851.3192,35897986.9336,35897986.9336
601166.SH,20240613,17.33,17.38,17.13,17.17,17.28,-0.11,-0.6366,324221.39,558948.158,0.1561,0.67,4.6254,0.4868,1.6919,2077429.7994,2077429.7994,1392851.3192,35669469.6557,35669469.6557
601166.SH,20240614,17.18,17.57,17.14,17.46,17.17,0.29,1.689,659517.59,1146278.334,0.3175,1.49,4.7036,0.495,1.7204,2077429.7994,2077429.7994,1392851.3192,36271924.2975,36271924.2975
601166.SH,20240617,17.42,17.52,17.23,17.36,17.46,-0.1,-0.5727,431132.82,748090.527,0.2075,0.89,4.6766,0.4922,1.7106,2077429.7994,2077429.7994,1392851.3192,36064181.3176,36064181.3176
601166.SH,20240618,17.37,17.55,17.3,17.39,17.36,0.03,0.1728,358813.24,624725.109,0.1727,0.75,4.6847,0.493,1.7135,2077429.7994,2077429.7994,1392851.3192,36126504.2116,36126504.2116
601166.SH,20240619,17.43,17.71,17.38,17.62,17.39,0.23,1.3226,506490.37,889955.996,0.2438,1.14,4.7467,0.4995,1.7362,2077429.7994,2077429.7994,1392851.3192,36604313.0654,36604313.0654
601166.SH,20240620,17.63,17.65,17.28,17.3,17.62,-0.32,-1.8161,366616.04,637518.36,0.1765,0.8,4.6605,0.4905,1.7047,2077429.7994,2077429.7994,1392851.3192,35939535.5296,35939535.5296
601166.SH,20240621,17.29,17.42,17.12,17.35,17.3,0.05,0.289,487389.99,841993.988,0.2346,1.05,4.6739,0.4919,1.7096,2077429.7994,2077429.7994,1392851.3192,36043407.0196,36043407.0196
601166.SH,20240624,17.34,17.46,17.15,17.42,17.35,0.07,0.4035,470881.96,817232.721,0.2267,1.09,4.6928,0.4939,1.7165,2077429.7994,2077429.7994,1392851.3192,36188827.1055,36188827.1055
601166.SH,20240625,17.4,17.47,17.23,17.32,17.42,-0.1,-0.5741,479690.52,833153.284,0.2309,1.1,4.6658,0.491,1.7066,2077429.7994,2077429.7994,1392851.3192,35981084.1256,35981084.1256
601166.SH,20240626,17.3,17.4,17.23,17.33,17.32,0.01,0.0577,353251.7,612133.583,0.17,0.76,4.6685,0.4913,1.7076,2077429.7994,2077429.7994,1392851.3192,36001858.4236,36001858.4236
601166.SH,20240627,17.33,17.5,17.23,17.45,17.33,0.12,0.6924,498549.05,867284.131,0.24,1.16,4.7009,0.4947,1.7194,2077429.7994,2077429.7994,1392851.3192,36251149.9995,36251149.9995
601166.SH,20240628,17.5,17.75,17.41,17.62,17.45,0.17,0.9742,620201.81,1092763.998,0.2985,1.35,4.7467,0.4995,1.7362,2077429.7994,2077429.7994,1392851.3192,36604313.0654,36604313.0654
601166.SH,20240701,17.63,17.9,17.63,17.75,17.62,0.13,0.7378,434392.17,771876.604,0.2091,0.9,4.7817,0.5032,1.749,2077429.7994,2077429.7994,1392851.3192,36874378.9394,36874378.9394
601166.SH,20240702,17.7,17.97,17.69,17.92,17.75,0.17,0.9577,497294.89,889668.345,0.2394,1.04,4.8275,0.508,1.7658,2077430.0296,2077430.0296,1392851.3192,37227546.1304,37227546.1304
601166.SH,20240703,17.92,17.99,17.64,17.7,17.92,-0.22,-1.2277,425686.79,755992.046,0.2049,0.89,4.7682,0.5018,1.7441,2077430.0296,2077430.0296,1392851.5494,36770511.5239,36770511.5239
601166.SH,20240704,17.7,17.8,17.56,17.62,17.7,-0.08,-0.452,443687.23,783546.25,0.2136,0.9,4.7467,0.4995,1.7362,2077430.0296,2077430.0296,1392851.5494,36604317.1216,36604317.1216
601166.SH,20240705,17.68,17.71,17.08,17.19,17.62,-0.43,-2.4404,883675.8,1525780.38,0.4254,1.82,4.6308,0.4873,1.6938,2077430.0296,2077430.0296,1392851.5494,35711022.2088,35711022.2088
601166.SH,20240708,17.18,17.36,17.13,17.28,17.19,0.09,0.5236,695381.63,1201323.0,0.3347,1.3,4.6551,0.4899,1.7027,2077430.0296,2077430.0296,1392851.5494,35897990.9115,35897990.9115
601166.SH,20240709,16.29,16.48,16.19,16.43,16.24,0.19,1.17,803854.03,1312625.849,0.3869,1.36,4.4261,0.4799,1.6189,2077430.0296,2077430.0296,1392851.5494,34132175.3863,34132175.3863
601166.SH,20240710,16.42,16.74,16.39,16.61,16.43,0.18,1.0956,471180.42,782631.035,0.2268,0.72,4.4746,0.4852,1.6367,2077430.0296,2077430.0296,1392851.5494,34506112.7917,34506112.7917
601166.SH,20240711,16.68,16.7,16.42,16.48,16.61,-0.13,-0.7827,499203.83,824208.646,0.2403,0.76,4.4396,0.4814,1.6239,2077430.0296,2077430.0296,1392851.5494,34236046.8878,34236046.8878
601166.SH,20240712,16.49,16.91,16.48,16.88,16.48,0.4,2.4272,595485.18,1000399.227,0.2866,0.89,4.5473,0.4931,1.6633,2077430.0296,2077430.0296,1392851.5494,35067018.8996,35067018.8996
601166.SH,20240715,16.84,17.09,16.83,17.03,16.88,0.15,0.8886,465326.45,791436.968,0.224,0.76,4.5877,0.4975,1.6781,2077430.0296,2077430.0296,1392851.5494,35378633.4041,35378633.4041
601166.SH,20240716,17.06,17.1,16.89,17.0,17.03,-0.03,-0.1762,415863.64,706728.877,0.2002,0.73,4.5796,0.4966,1.6751,2077430.0296,2077430.0296,1392851.5494,35316310.5032,35316310.5032
601166.SH,20240717,17.01,17.25,17.0,17.2,17.0,0.2,1.1765,646941.47,1111145.753,0.3114,1.32,4.6335,0.5024,1.6948,2077430.0296,2077430.0296,1392851.5494,35731796.5091,35731796.5091
601166.SH,20240718,17.26,17.3,17.02,17.1,17.2,-0.1,-0.5814,547819.02,938632.652,0.2637,1.04,4.6066,0.4995,1.685,2077430.0296,2077430.0296,1392851.5494,35524053.5062,35524053.5062
601166.SH,20240719,17.1,17.23,16.86,17.13,17.1,0.03,0.1754,763524.03,1300673.726,0.3675,1.43,4.6147,0.5004,1.6879,2077430.0296,2077430.0296,1392851.5494,35586376.407,35586376.407
601166.SH,20240722,17.13,17.13,16.66,16.78,17.13,-0.35,-2.0432,613026.89,1030211.546,0.2951,1.08,4.5204,0.4902,1.6534,2077430.0296,2077430.0296,1392851.5494,34859275.8967,34859275.8967
601166.SH,20240723,16.79,17.14,16.79,16.94,16.78,0.16,0.9535,617516.62,1050712.551,0.2973,1.03,4.5635,0.4948,1.6692,2077430.0296,2077430.0296,1392851.5494,35191664.7014,35191664.7014
601166.SH,20240724,16.92,16.99,16.74,16.83,16.94,-0.11,-0.6494,464531.8,782387.489,0.2236,0.73,4.5338,0.4916,1.6583,2077430.0296,2077430.0296,1392851.5494,34963147.3982,34963147.3982
601166.SH,20240725,16.89,16.89,16.56,16.71,16.83,-0.12,-0.713,522131.72,872658.713,0.2513,0.87,4.5015,0.4881,1.6465,2077430.0296,2077430.0296,1392851.5494,34713855.7946,34713855.7946
601166.SH,20240726,16.72,16.78,16.38,16.49,16.71,-0.22,-1.3166,486404.89,803412.417,0.2341,0.82,4.4422,0.4817,1.6248,2077430.0296,2077430.0296,1392851.5494,34256821.1881,34256821.1881
601166.SH,20240729,16.53,16.77,16.5,16.72,16.49,0.23,1.3948,401882.68,670230.381,0.1935,0.74,4.5042,0.4884,1.6475,2077430.0296,2077430.0296,1392851.5494,34734630.0949,34734630.0949
601166.SH,20240730,16.72,16.83,16.59,16.69,16.72,-0.03,-0.1794,436239.81,728499.233,0.21,0.88,4.4961,0.4875,1.6446,2077430.0296,2077430.0296,1392851.5494,34672307.194,34672307.194
601166.SH,20240731,16.68,16.83,16.65,16.75,16.69,0.06,0.3595,447818.38,750483.958,0.2156,0.97,4.5123,0.4893,1.6505,2077430.0296,2077430.0296,1392851.5494,34796952.9958,34796952.9958
601166.SH,20240801,16.72,16.83,16.56,16.64,16.75,-0.11,-0.6567,414220.57,691208.548,0.1994,0.9,4.4827,0.4861,1.6396,2077430.0296,2077430.0296,1392851.5494,34568435.6925,34568435.6925
601166.SH,20240802,16.6,16.66,16.48,16.52,16.64,-0.12,-0.7212,348125.73,576136.708,0.1676,0.8,4.4503,0.4826,1.6278,2077430.0296,2077430.0296,1392851.5494,34319144.089,34319144.089
601166.SH,20240805,16.5,16.61,16.37,16.38,16.52,-0.14,-0.8475,488028.16,803772.491,0.2349,1.19,4.4126,0.4785,1.614,2077430.0296,2077430.0296,1392851.5494,34028303.8848,34028303.8848
601166.SH,20240806,16.45,16.53,16.14,16.21,16.38,-0.17,-1.0379,474186.52,770943.872,0.2283,1.11,4.3668,0.4735,1.5973,2077430.0296,2077430.0296,1392851.5494,33675140.7798,33675140.7798
601166.SH,20240807,16.21,16.45,16.21,16.32,16.21,0.11,0.6786,358499.37,586381.567,0.1726,0.83,4.3964,0.4767,1.6081,2077430.0296,2077430.0296,1392851.5494,33903658.0831,33903658.0831
601166.SH,20240808,16.34,16.47,16.3,16.44,16.32,0.12,0.7353,232817.02,381850.528,0.1121,0.56,4.4288,0.4802,1.6199,2077430.0296,2077430.0296,1392851.5494,34152949.6866,34152949.6866
601166.SH,20240809,16.45,16.56,16.34,16.37,16.44,-0.07,-0.4258,285310.07,468732.282,0.1373,0.75,4.4099,0.4782,1.613,2077430.0296,2077430.0296,1392851.5494,34007529.5846,34007529.5846
601166.SH,20240812,16.34,16.4,16.28,16.28,16.37,-0.09,-0.5498,211288.34,344703.361,0.1017,0.57,4.3857,0.4756,1.6042,2077430.0296,2077430.0296,1392851.5494,33820560.8819,33820560.8819
601166.SH,20240813,16.29,16.37,16.24,16.32,16.28,0.04,0.2457,227720.35,371531.15,0.1096,0.73,4.3964,0.4767,1.6081,2077430.0296,2077430.0296,1392851.5494,33903658.0831,33903658.0831
601166.SH,20240814,16.32,16.45,16.27,16.28,16.32,-0.04,-0.2451,231696.82,378249.117,0.1115,0.88,4.3857,0.4756,1.6042,2077430.0296,2077430.0296,1392851.5494,33820560.8819,33820560.8819
601166.SH,20240815,16.28,16.64,16.25,16.59,16.28,0.31,1.9042,483620.59,798057.186,0.2328,2.03,4.4692,0.4846,1.6347,2077430.0296,2077430.0296,1392851.5494,34464564.1911,34464564.1911
601166.SH,20240816,16.63,16.78,16.6,16.72,16.59,0.13,0.7836,359424.19,600122.183,0.173,1.25,4.5042,0.4884,1.6475,2077430.0296,2077430.0296,1392851.5494,34734630.0949,34734630.0949
601166.SH,20240819,16.75,16.97,16.72,16.95,16.72,0.23,1.3756,393258.57,663910.695,0.1893,1.3,4.5662,0.4951,1.6702,2077430.0296,2077430.0296,1392851.5494,35212439.0017,35212439.0017
601166.SH,20240820,16.98,17.0,16.78,16.84,16.95,-0.11,-0.649,386604.48,651857.332,0.1861,1.14,4.5365,0.4919,1.6593,2077430.0296,2077430.0296,1392851.5494,34983921.6985,34983921.6985
601166.SH,20240821,16.8,16.87,16.58,16.77,16.84,-0.07,-0.4157,424235.74,709857.715,0.2042,1.14,4.5177,0.4899,1.6524,2077430.0296,2077430.0296,1392851.5494,34838501.5964,34838501.5964
601166.SH,20240822,16.79,16.9,16.73,16.82,16.77,0.05,0.2982,440721.02,741642.613,0.2121,1.08,4.5311,0.4913,1.6574,2077430.0296,2077430.0296,1392851.5494,34942373.0979,34942373.0979
601166.SH,20240823,16.91,17.34,16.88,17.32,16.82,0.5,2.9727,1106316.74,1897573.157,0.5325,2.76,4.6658,0.509,1.7066,2077430.0296,2077430.0296,1335456.1191,35981088.1127,35981088.1127
601166.SH,20240826,17.33,17.5,17.31,17.48,17.32,0.16,0.9238,669400.42,1165413.8,0.3222,1.22,4.7089,0.5137,1.7224,2077430.0296,2077430.0296,1335456.1191,36313476.9174,36313476.9174
601166.SH,20240827,17.48,17.55,17.29,17.33,17.48,-0.15,-0.8581,396531.42,690609.753,0.1909,0.65,4.6685,0.5093,1.7076,2077430.0296,2077430.0296,1335456.1191,36001862.413,36001862.413
601166.SH,20240828,17.39,17.4,17.13,17.21,17.33,-0.12,-0.6924,480678.83,828119.882,0.2314,0.79,4.6362,0.5057,1.6958,2077430.0296,2077430.0296,1335456.1191,35752570.8094,35752570.8094
601166.SH,20240829,17.25,17.27,16.68,16.69,17.21,-0.52,-3.0215,723389.96,1218072.375,0.3482,1.17,4.4961,0.4905,1.6446,2077430.0296,2077430.0296,1335456.1191,34672307.194,34672307.194
601166.SH,20240830,16.69,16.87,16.51,16.51,16.69,-0.18,-1.0785,838757.41,1399845.902,0.4037,1.24,4.4476,0.4852,1.6268,2077430.0296,2077430.0296,1335456.1191,34298369.7887,34298369.7887
601166.SH,20240902,16.53,16.72,16.42,16.5,16.51,-0.01,-0.0606,536398.85,889182.346,0.2582,0.86,4.4449,0.4849,1.6258,2077430.0296,2077430.0296,1335456.1191,34277595.4884,34277595.4884
601166.SH,20240903,16.5,16.57,16.16,16.36,16.5,-0.14,-0.8485,579959.88,944222.039,0.2792,0.97,4.4072,0.4808,1.612,2077430.0296,2077430.0296,1335456.1191,33986755.2843,33986755.2843
601166.SH,20240904,16.33,16.49,16.2,16.24,16.36,-0.12,-0.7335,442651.9,721817.887,0.2131,0.7,4.3749,0.4772,1.6002,2077430.0296,2077430.0296,1335456.1191,33737463.6807,33737463.6807
601166.SH,20240905,16.25,16.35,16.17,16.3,16.24,0.06,0.3695,417014.12,677519.268,0.2007,0.67,4.3911,0.479,1.6061,2077430.0296,2077430.0296,1335456.1191,33862109.4825,33862109.4825
601166.SH,20240906,16.31,16.6,16.31,16.39,16.3,0.09,0.5521,404647.31,667442.013,0.1948,0.72,4.4153,0.4817,1.615,2077430.0296,2077430.0296,1335456.1191,34049078.1851,34049078.1851
601166.SH,20240909,16.39,16.53,15.95,15.97,16.39,-0.42,-2.5625,653162.66,1053913.071,0.3144,1.37,4.3022,0.4693,1.5736,2077430.0296,2077430.0296,1335456.1191,33176557.5727,33176557.5727
601166.SH,20240910,16.0,16.1,15.83,16.07,15.97,0.1,0.6262,405671.86,647381.624,0.1953,0.81,4.3291,0.4722,1.5835,2077430.0296,2077430.0296,1335456.1191,33384300.5757,33384300.5757
601166.SH,20240911,16.03,16.04,15.68,15.8,16.07,-0.27,-1.6801,498040.42,788264.75,0.2397,1.07,4.2564,0.4643,1.5569,2077430.0296,2077430.0296,1335456.1191,32823394.4677,32823394.4677
601166.SH,20240912,15.83,16.1,15.7,16.03,15.8,0.23,1.4557,382309.74,610272.857,0.184,0.8,4.3183,0.4711,1.5795,2077430.0296,2077430.0296,1335456.1191,33301203.3745,33301203.3745
601166.SH,20240913,16.08,16.18,15.95,15.97,16.03,-0.06,-0.3743,282447.83,453748.615,0.136,0.6,4.3022,0.4693,1.5736,2077430.0296,2077430.0296,1335456.1191,33176557.5727,33176557.5727
601166.SH,20240918,15.97,16.1,15.88,16.07,15.97,0.1,0.6262,295413.58,472924.034,0.1422,0.66,4.3291,0.4722,1.5835,2077430.0296,2077430.0296,1335456.1191,33384300.5757,33384300.5757
601166.SH,20240919,16.1,16.12,15.86,16.05,16.07,-0.02,-0.1245,366113.52,586746.1,0.1762,0.98,4.3237,0.4717,1.5815,2077430.0296,2077430.0296,1335456.1191,33342751.9751,33342751.9751
601166.SH,20240920,16.07,16.3,16.06,16.25,16.05,0.2,1.2461,578096.73,935535.705,0.2783,1.58,4.3776,0.4775,1.6012,2077430.0296,2077430.0296,1335456.1191,33758237.981,33758237.981
601166.SH,20240923,16.22,16.62,16.16,16.56,16.25,0.31,1.9077,427252.18,703072.336,0.2057,1.12,4.4611,0.4866,1.6317,2077430.0296,2077430.0296,1335456.1191,34402241.2902,34402241.2902
601166.SH,20240924,16.67,17.18,16.6,17.18,16.56,0.62,3.744,1068359.99,1810059.407,0.5143,2.74,4.6281,0.5049,1.6928,2077430.0296,2077430.0296,1335456.1191,35690247.9085,35690247.9085
601166.SH,20240925,17.46,17.87,17.36,17.6,17.18,0.42,2.4447,1274030.31,2241514.4,0.6133,2.33,4.7413,0.5172,1.7342,2077430.0296,2077430.0296,1335456.1191,36562768.521,36562768.521
601166.SH,20240926,17.6,18.45,17.58,18.45,17.6,0.85,4.8295,1679336.53,3035615.414,0.8084,2.26,4.9703,0.5422,1.818,2077430.0296,2077430.0296,1335456.1191,38328584.0461,38328584.0461
601166.SH,20240927,18.8,18.9,18.03,18.34,18.45,-0.11,-0.5962,858450.71,1580453.458,0.4132,0.85,4.9406,0.539,1.8071,2077430.0296,2077430.0296,1335456.1191,38100066.7429,38100066.7429
601166.SH,20240930,18.9,19.41,18.52,19.27,18.34,0.93,5.0709,2414476.98,4580033.744,1.1622,2.27,5.1912,0.5663,1.8988,2077430.0296,2077430.0296,1335456.1191,40032076.6704,40032076.6704
601166.SH,20241008,21.0,21.05,19.38,20.01,19.27,0.74,3.8402,2446356.58,4937408.994,1.1776,1.68,5.3905,0.588,1.9717,2077430.0296,2077430.0296,1335456.1191,41569374.8923,41569374.8923
601166.SH,20241009,19.91,19.94,18.61,18.61,20.01,-1.4,-6.9965,1678424.99,3238293.977,0.8079,0.97,5.0134,0.5469,1.8337,2077430.1721,2077430.1721,1335456.2616,38660975.5028,38660975.5028
601166.SH,20241010,18.91,19.78,18.91,19.4,18.61,0.79,4.245,1570003.46,3039399.683,0.7557,0.86,5.2262,0.5701,1.9116,2077430.1721,2077430.1721,1335456.2616,40302145.3387,40302145.3387
601166.SH,20241011,19.31,19.7,18.81,19.0,19.4,-0.4,-2.0619,1000904.75,1929354.615,0.4818,0.56,5.1184,0.5584,1.8722,2077430.1721,2077430.1721,1335456.2616,39471173.2699,39471173.2699
601166.SH,20241014,19.27,19.96,19.27,19.66,19.0,0.66,3.4737,1435215.17,2824227.676,0.6909,0.79,5.2962,0.5777,1.9372,2077430.1721,2077430.1721,1335456.2616,40842277.1835,40842277.1835
601166.SH,20241015,19.63,19.95,19.35,19.35,19.66,-0.31,-1.5768,891550.43,1755933.651,0.4292,0.55,5.2127,0.5686,1.9067,2077430.1721,2077430.1721,1335456.2616,40198273.8301,40198273.8301
601166.SH,20241016,19.2,20.05,19.18,19.96,19.35,0.61,3.1525,1330098.19,2637796.17,0.6403,1.01,5.377,0.5866,1.9668,2077430.1721,2077430.1721,1335456.2616,41465506.2351,41465506.2351
601166.SH,20241017,19.96,20.18,19.56,19.57,19.96,-0.39,-1.9539,836726.05,1658860.163,0.4028,0.67,5.272,0.5751,1.9283,2077430.1721,2077430.1721,1335456.2616,40655308.468,40655308.468
601166.SH,20241018,19.62,19.79,19.2,19.6,19.57,0.03,0.1533,948696.64,1848841.829,0.4567,0.86,5.28,0.576,1.9313,2077430.1721,2077430.1721,1335456.2616,40717631.3732,40717631.3732
601166.SH,20241021,19.57,19.57,18.97,19.23,19.6,-0.37,-1.8878,1152118.41,2205819.432,0.5546,1.06,5.1804,0.5651,1.8948,2077430.1721,2077430.1721,1335456.2616,39948982.2095,39948982.2095
601166.SH,20241022,19.13,19.4,19.06,19.14,19.23,-0.09,-0.468,573671.54,1100885.151,0.2761,0.56,5.1561,0.5625,1.886,2077430.1721,2077430.1721,1335456.2616,39762013.494,39762013.494
601166.SH,20241023,19.13,19.24,19.01,19.16,19.14,0.02,0.1045,531445.32,1018325.827,0.2558,0.55,5.1615,0.5631,1.8879,2077430.1721,2077430.1721,1335456.2616,39803562.0974,39803562.0974
601166.SH,20241024,19.1,19.27,19.07,19.17,19.16,0.01,0.0522,372018.07,713420.095,0.1791,0.46,5.1642,0.5633,1.8889,2077430.1721,2077430.1721,1335456.2616,39824336.3992,39824336.3992
601166.SH,20241025,19.23,19.28,19.01,19.14,19.17,-0.03,-0.1565,474426.64,907853.416,0.2284,0.66,5.1561,0.5625,1.886,2077430.1721,2077430.1721,1335456.2616,39762013.494,39762013.494
601166.SH,20241028,19.07,19.13,18.72,19.02,19.14,-0.12,-0.627,640523.83,1211045.476,0.3083,1.03,5.1238,0.5589,1.8741,2077430.1721,2077430.1721,1335456.2616,39512721.8733,39512721.8733
601166.SH,20241029,19.03,19.32,18.91,19.01,19.02,-0.01,-0.0526,603657.43,1151369.819,0.2906,1.16,5.1211,0.5586,1.8732,2077430.1721,2077430.1721,1335456.2616,39491947.5716,39491947.5716
601166.SH,20241030,18.91,19.12,18.7,18.77,19.01,-0.24,-1.2625,580632.7,1093679.49,0.2795,1.11,5.0565,0.5516,1.8495,2077430.1721,2077430.1721,1335456.2616,38993364.3303,38993364.3303
601166.SH,20241031,18.5,18.62,18.03,18.28,18.77,-0.49,-2.6105,1388507.18,2531356.49,0.6684,2.6,4.9245,0.5069,1.8012,2077430.1721,2077430.1721,1335456.2616,37975423.546,37975423.546
601166.SH,20241101,18.21,18.55,18.2,18.29,18.28,0.01,0.0547,793594.2,1458761.489,0.382,1.08,4.9271,0.5071,1.8022,2077430.1721,2077430.1721,1335456.2616,37996197.8477,37996197.8477
601166.SH,20241104,18.33,18.38,18.02,18.31,18.29,0.02,0.1093,585214.05,1064209.911,0.2817,0.73,4.9325,0.5077,1.8042,2077430.1721,2077430.1721,1335456.2616,38037746.4512,38037746.4512
601166.SH,20241105,18.29,18.44,18.13,18.4,18.31,0.09,0.4915,864413.95,1582687.287,0.4161,1.09,4.9568,0.5102,1.8131,2077430.1721,2077430.1721,1335456.2616,38224715.1666,38224715.1666
601166.SH,20241106,18.39,18.48,18.21,18.33,18.4,-0.07,-0.3804,905731.06,1662295.812,0.436,1.08,4.9379,0.5083,1.8062,2077430.1721,2077430.1721,1335456.2616,38079295.0546,38079295.0546
601166.SH,20241107,18.38,18.94,18.34,18.91,18.33,0.58,3.1642,954177.04,1780805.388,0.4593,1.05,5.0942,0.5243,1.8633,2077430.1721,2077430.1721,1335456.2616,39284204.5544,39284204.5544
601166.SH,20241108,18.94,19.09,18.63,18.7,18.91,-0.21,-1.1105,860198.06,1617922.761,0.4141,1.05,5.0376,0.5185,1.8426,2077430.1721,2077430.1721,1335456.2616,38847944.2183,38847944.2183
601166.SH,20241111,18.5,18.6,18.26,18.38,18.7,-0.32,-1.7112,819390.53,1503980.594,0.3944,0.98,4.9514,0.5096,1.8111,2077430.1721,2077430.1721,1335456.2616,38183166.5632,38183166.5632
601166.SH,20241112,18.35,18.63,18.11,18.13,18.38,-0.25,-1.3602,811100.06,1484547.091,0.3904,0.92,4.884,0.5027,1.7864,2077430.1721,2077430.1721,1335456.2616,37663809.0202,37663809.0202
601166.SH,20241113,18.12,18.26,18.08,18.15,18.13,0.02,0.1103,583419.22,1059457.764,0.2808,0.67,4.8894,0.5033,1.7884,2077430.1721,2077430.1721,1335456.2616,37705357.6236,37705357.6236
601166.SH,20241114,18.11,18.4,18.06,18.19,18.15,0.04,0.2204,677474.89,1237263.313,0.3261,0.84,4.9002,0.5044,1.7924,2077430.1721,2077430.1721,1335456.2616,37788454.8305,37788454.8305
601166.SH,20241115,18.17,18.34,18.05,18.05,18.19,-0.14,-0.7697,713659.43,1297804.346,0.3435,0.95,4.8625,0.5005,1.7786,2077430.1721,2077430.1721,1335456.2616,37497614.6064,37497614.6064
601166.SH,20241118,18.2,18.98,18.2,18.51,18.05,0.46,2.5485,1681920.49,3137214.797,0.8096,2.33,4.9864,0.5132,1.8239,2077430.1721,2077430.1721,1335456.2616,38453232.4856,38453232.4856
601166.SH,20241119,18.51,18.72,18.21,18.33,18.51,-0.18,-0.9724,984692.68,1813886.974,0.474,1.1,4.9379,0.5083,1.8062,2077430.1721,2077430.1721,1335456.2616,38079295.0546,38079295.0546
601166.SH,20241120,18.35,18.36,18.19,18.22,18.33,-0.11,-0.6001,640151.48,1168660.688,0.3081,0.69,4.9083,0.5052,1.7953,2077430.1721,2077430.1721,1335456.2616,37850777.7357,37850777.7357
601166.SH,20241121,18.21,18.28,18.14,18.24,18.22,0.02,0.1098,439913.86,800507.808,0.2118,0.47,4.9137,0.5058,1.7973,2077430.1721,2077430.1721,1335456.2616,37892326.3391,37892326.3391
601166.SH,20241122,18.25,18.29,17.8,17.8,18.24,-0.44,-2.4123,848441.35,1528594.115,0.4084,0.95,4.7951,0.4936,1.7539,2077430.1721,2077430.1721,1335456.2616,36978257.0634,36978257.0634
601166.SH,20241125,17.91,17.99,17.71,17.76,17.8,-0.04,-0.2247,645260.27,1152007.049,0.3106,0.7,4.7844,0.4924,1.75,2077430.1721,2077430.1721,1335456.2616,36895159.8565,36895159.8565
601166.SH,20241126,17.75,18.05,17.67,17.96,17.76,0.2,1.1261,624652.27,1117604.825,0.3007,0.88,4.8382,0.498,1.7697,2077430.1721,2077430.1721,1335456.2616,37310645.8909,37310645.8909
601166.SH,20241127,17.95,18.12,17.8,18.11,17.96,0.15,0.8352,479128.2,861930.83,0.2306,0.75,4.8787,0.5022,1.7845,2077430.1721,2077430.1721,1335456.2616,37622260.4167,37622260.4167
601166.SH,20241128,18.11,18.16,17.9,18.03,18.11,-0.08,-0.4417,476988.37,860265.921,0.2296,0.79,4.8571,0.4999,1.7766,2077430.1721,2077430.1721,1335456.2616,37456066.003,37456066.003
601166.SH,20241129,18.06,18.23,18.03,18.05,18.03,0.02,0.1109,708221.73,1283874.387,0.3409,1.15,4.8625,0.5005,1.7786,2077430.1721,2077430.1721,1335456.2616,37497614.6064,37497614.6064
601166.SH,20241202,18.05,18.23,18.0,18.19,18.05,0.14,0.7756,581067.46,1054504.292,0.2797,0.99,4.9002,0.5044,1.7924,2077430.1721,2077430.1721,1335456.2616,37788454.8305,37788454.8305
601166.SH,20241203,18.18,18.45,18.12,18.45,18.19,0.26,1.4294,744987.48,1366282.52,0.3586,1.3,4.9703,0.5116,1.818,2077430.1721,2077430.1721,1335456.2616,38328586.6752,38328586.6752
601166.SH,20241204,18.44,18.52,18.2,18.42,18.45,-0.03,-0.1626,672369.65,1236105.44,0.3237,1.12,4.9622,0.5107,1.815,2077430.1721,2077430.1721,1335456.2616,38266263.7701,38266263.7701
601166.SH,20241205,18.36,18.42,18.23,18.26,18.42,-0.16,-0.8686,437531.91,801362.236,0.2106,0.69,4.9191,0.5063,1.7993,2077430.1721,2077430.1721,1335456.2616,37933874.9425,37933874.9425
601166.SH,20241206,18.29,18.63,18.28,18.49,18.26,0.23,1.2596,702704.21,1299008.438,0.3383,1.12,4.981,0.5127,1.8219,2077430.1721,2077430.1721,1335456.2616,38411683.8821,38411683.8821
601166.SH,20241209,18.49,18.64,18.38,18.54,18.49,0.05,0.2704,584094.07,1083046.249,0.2812,0.93,4.9945,0.5141,1.8268,2077430.1721,2077430.1721,1335456.2616,38515555.3907,38515555.3907
601166.SH,20241210,18.88,18.97,18.67,18.68,18.54,0.14,0.7551,938825.78,1765951.572,0.4519,1.49,5.0322,0.518,1.8406,2077430.1721,2077430.1721,1335456.2616,38806395.6148,38806395.6148
601166.SH,20241211,18.73,18.81,18.51,18.55,18.68,-0.13,-0.6959,626746.63,1167835.259,0.3017,0.94,4.9972,0.5144,1.8278,2077430.1721,2077430.1721,1335456.2616,38536329.6925,38536329.6925
601166.SH,20241212,18.56,18.84,18.52,18.75,18.55,0.2,1.0782,692184.42,1295469.381,0.3332,1.05,5.0511,0.5199,1.8475,2077430.1721,2077430.1721,1335456.2616,38951815.7269,38951815.7269
601166.SH,20241213,18.68,18.71,18.15,18.15,18.75,-0.6,-3.2,1131966.6,2077707.803,0.5449,1.6,4.8894,0.5033,1.7884,2077430.1721,2077430.1721,1335456.2616,37705357.6236,37705357.6236
601166.SH,20241216,18.18,18.37,18.18,18.22,18.15,0.07,0.3857,544176.41,994405.812,0.2619,0.68,4.9083,0.5052,1.7953,2077430.1721,2077430.1721,1335456.2616,37850777.7357,37850777.7357
601166.SH,20241217,18.2,18.43,18.17,18.36,18.22,0.14,0.7684,570434.98,1045432.811,0.2746,0.73,4.946,0.5091,1.8091,2077430.1721,2077430.1721,1335456.2616,38141617.9598,38141617.9598
601166.SH,20241218,18.41,18.68,18.39,18.6,18.36,0.24,1.3072,692378.13,1287280.649,0.3333,0.97,5.0107,0.5157,1.8328,2077430.1721,2077430.1721,1335456.2616,38640201.2011,38640201.2011
601166.SH,20241219,18.51,18.68,18.47,18.54,18.6,-0.06,-0.3226,548274.52,1017992.068,0.2639,0.75,4.9945,0.5141,1.8268,2077430.1721,2077430.1721,1335456.2616,38515555.3907,38515555.3907
601166.SH,20241220,18.53,18.69,18.46,18.52,18.54,-0.02,-0.1079,653239.91,1212612.448,0.3144,0.94,4.9891,0.5135,1.8249,2077430.1721,2077430.1721,1335456.2616,38474006.7873,38474006.7873
601166.SH,20241223,18.52,18.92,18.52,18.82,18.52,0.3,1.6199,971535.55,1826675.952,0.4677,1.61,5.0699,0.5218,1.8544,2077430.1721,2077430.1721,1335456.2616,39097235.8389,39097235.8389
601166.SH,20241224,18.83,19.04,18.82,18.98,18.82,0.16,0.8502,827210.94,1567185.949,0.3982,1.2,5.113,0.5263,1.8702,2077430.1721,2077430.1721,1335456.2616,39429624.6665,39429624.6665
601166.SH,20241225,19.01,19.27,18.98,19.19,18.98,0.21,1.1064,745273.77,1428014.497,0.3587,1.01,5.1696,0.5321,1.8909,2077430.1721,2077430.1721,1335456.2616,39865885.0026,39865885.0026
601166.SH,20241226,19.16,19.25,19.01,19.22,19.19,0.03,0.1563,577985.97,1107808.095,0.2782,0.77,5.1777,0.5329,1.8938,2077430.1721,2077430.1721,1335456.2616,39928207.9078,39928207.9078
601166.SH,20241227,19.23,19.35,19.0,19.35,19.22,0.13,0.6764,708824.53,1362339.588,0.3412,0.94,5.2127,0.5365,1.9067,2077430.1721,2077430.1721,1335456.2616,40198273.8301,40198273.8301
601166.SH,20241230,19.36,19.62,19.36,19.55,19.35,0.2,1.0336,724250.39,1413955.42,0.3486,0.95,5.2666,0.5421,1.9264,2077430.1721,2077430.1721,1335456.2616,40613759.8646,40613759.8646
601166.SH,20241231,19.49,19.6,19.16,19.16,19.55,-0.39,-1.9949,813366.0,1576099.345,0.3915,1.13,5.1615,0.5313,1.8879,2077430.1721,2077430.1721,1335456.2616,39803562.0974,39803562.0974
601166.SH,20250102,19.21,19.35,18.83,18.92,19.16,-0.24,-1.2526,951277.2,1813631.03,0.4579,1.33,5.0969,0.5246,1.8643,2077430.1721,2077430.1721,1335456.2616,39304978.8561,39304978.8561
601166.SH,20250103,18.93,19.15,18.8,18.92,18.92,0.0,0.0,736913.2,1396707.839,0.3547,0.98,5.0969,0.5246,1.8643,2077430.8106,2077430.8106,1335456.9001,39304990.9366,39304990.9366
601166.SH,20250106,19.01,19.25,18.7,19.21,18.92,0.29,1.5328,844270.52,1607370.452,0.4064,1.07,5.175,0.5326,1.8929,2077430.8106,2077430.8106,1335456.9001,39907445.8716,39907445.8716
601166.SH,20250107,19.15,19.55,19.14,19.43,19.21,0.22,1.1452,694613.83,1345436.696,0.3344,0.85,5.2343,0.5387,1.9145,2077430.8106,2077430.8106,1335456.9001,40364480.65,40364480.65
601166.SH,20250108,19.43,19.8,19.4,19.64,19.43,0.21,1.0808,844442.66,1657569.915,0.4065,1.04,5.2908,0.5446,1.9352,2077430.8106,2077430.8106,1335456.9001,40800741.1202,40800741.1202
601166.SH,20250109,19.68,19.74,19.33,19.61,19.64,-0.03,-0.1527,641164.28,1256237.827,0.3086,0.79,5.2827,0.5437,1.9323,2077430.8106,2077430.8106,1335456.9001,40738418.1959,40738418.1959
601166.SH,20250110,19.66,19.78,19.37,19.58,19.61,-0.03,-0.153,650177.44,1276377.685,0.313,0.86,5.2747,0.5429,1.9293,2077430.8106,2077430.8106,1335456.9001,40676095.2715,40676095.2715
601166.SH,20250113,19.44,19.56,19.12,19.29,19.58,-0.29,-1.4811,638704.64,1233913.738,0.3074,0.87,5.1965,0.5349,1.9007,2077430.8106,2077430.8106,1335456.9001,40073640.3365,40073640.3365
601166.SH,20250114,19.33,19.68,19.22,19.61,19.29,0.32,1.6589,777592.91,1520370.698,0.3743,1.12,5.2827,0.5437,1.9323,2077430.8106,2077430.8106,1335456.9001,40738418.1959,40738418.1959
601166.SH,20250115,19.63,20.08,19.56,19.8,19.61,0.19,0.9689,783713.26,1558636.309,0.3773,1.1,5.3339,0.549,1.951,2077430.8106,2077430.8106,1335456.9001,41133130.0499,41133130.0499
601166.SH,20250116,20.0,20.05,19.72,19.99,19.8,0.19,0.9596,703283.13,1402327.987,0.3385,1.01,5.3851,0.5543,1.9697,2077430.8106,2077430.8106,1335456.9001,41527841.9039,41527841.9039
601166.SH,20250117,19.98,20.09,19.8,19.9,19.99,-0.09,-0.4502,512627.51,1021581.92,0.2468,0.72,5.3609,0.5518,1.9609,2077430.8106,2077430.8106,1335456.9001,41340873.1309,41340873.1309
601166.SH,20250120,20.04,20.13,19.84,19.88,19.9,-0.02,-0.1005,561583.21,1123410.009,0.2703,0.82,5.3555,0.5512,1.9589,2077430.8106,2077430.8106,1335456.9001,41299324.5147,41299324.5147
601166.SH,20250121,19.95,20.16,19.77,19.96,19.88,0.08,0.4024,573613.53,1148553.367,0.2761,0.86,5.377,0.5534,1.9668,2077430.8106,2077430.8106,1335456.9001,41465518.9796,41465518.9796
601166.SH,20250122,19.99,20.0,19.5,19.51,19.96,-0.45,-2.2545,703029.76,1382211.998,0.3384,1.12,5.2558,0.541,1.9224,2077430.8106,2077430.8106,1335456.9001,40530675.1148,40530675.1148
601166.SH,20250123,19.66,20.19,19.65,20.14,19.51,0.63,3.2291,994136.17,1990190.42,0.4785,1.63,5.4255,0.5584,1.9845,2077430.8106,2077430.8106,1335456.9001,41839456.5255,41839456.5255
601166.SH,20250124,20.08,20.32,19.93,20.23,20.14,0.09,0.4469,721447.75,1456724.896,0.3473,1.08,5.4498,0.5609,1.9934,2077430.8106,2077430.8106,1335456.9001,42026425.2984,42026425.2984
601166.SH,20250127,20.32,20.5,20.22,20.31,20.23,0.08,0.3955,669850.52,1362916.304,0.3224,0.94,5.4713,0.5631,2.0013,2077430.8106,2077430.8106,1335456.9001,42192619.7633,42192619.7633
601166.SH,20250205,20.48,20.48,20.06,20.13,20.31,-0.18,-0.8863,569413.75,1149678.062,0.2741,0.78,5.4228,0.5582,1.9835,2077430.8106,2077430.8106,1335456.9001,41818682.2174,41818682.2174
601166.SH,20250206,20.09,20.35,20.02,20.24,20.13,0.11,0.5464,529924.99,1069537.147,0.2551,0.72,5.4525,0.5612,1.9944,2077430.8106,2077430.8106,1335456.9001,42047199.6065,42047199.6065
601166.SH,20250207,20.18,20.3,20.07,20.12,20.24,-0.12,-0.5929,620196.9,1249717.763,0.2985,0.89,5.4201,0.5579,1.9825,2077430.8106,2077430.8106,1335456.9001,41797907.9093,41797907.9093
601166.SH,20250210,20.12,20.63,20.02,20.35,20.12,0.23,1.1431,771457.48,1573384.87,0.3714,1.24,5.4821,0.5643,2.0052,2077430.8106,2077430.8106,1335456.9001,42275716.9957,42275716.9957
601166.SH,20250211,20.36,20.54,20.29,20.35,20.35,0.0,0.0,434901.63,886753.997,0.2093,0.69,5.4821,0.5643,2.0052,2077430.8106,2077430.8106,1335456.9001,42275716.9957,42275716.9957
601166.SH,20250212,20.4,20.87,20.29,20.8,20.35,0.45,2.2113,726420.11,1495854.752,0.3497,1.24,5.6033,0.5767,2.0495,2077430.8106,2077430.8106,1335456.9001,43210560.8605,43210560.8605
601166.SH,20250213,20.76,20.95,20.7,20.72,20.8,-0.08,-0.3846,457214.86,950467.992,0.2201,0.74,5.5818,0.5745,2.0417,2077430.8106,2077430.8106,1335456.9001,43044366.3956,43044366.3956
601166.SH,20250214,20.75,21.18,20.66,21.16,20.72,0.44,2.1236,811007.68,1701541.632,0.3904,1.35,5.7003,0.5867,2.085,2077430.8106,2077430.8106,1335456.9001,43958435.9523,43958435.9523
601166.SH,20250217,21.1,21.15,20.76,20.95,21.16,-0.21,-0.9924,673914.35,1408227.607,0.3244,1.05,5.6437,0.5809,2.0643,2077430.8106,2077430.8106,1335456.9001,43522175.4821,43522175.4821
601166.SH,20250218,20.85,21.22,20.82,21.05,20.95,0.1,0.4773,590479.49,1243839.849,0.2842,0.95,5.6707,0.5837,2.0742,2077430.8106,2077430.8106,1335456.9001,43729918.5631,43729918.5631
601166.SH,20250219,20.99,21.09,20.91,21.0,21.05,-0.05,-0.2375,432591.33,909263.682,0.2082,0.66,5.6572,0.5823,2.0692,2077430.8106,2077430.8106,1335456.9001,43626047.0226,43626047.0226
601166.SH,20250220,21.01,21.03,20.81,20.84,21.0,-0.16,-0.7619,404953.88,845067.828,0.1949,0.68,5.6141,0.5778,2.0535,2077430.8106,2077430.8106,1335456.9001,43293658.0929,43293658.0929
601166.SH,20250221,20.92,20.92,20.51,20.67,20.84,-0.17,-0.8157,607645.85,1255601.268,0.2925,1.04,5.5683,0.5731,2.0367,2077430.8106,2077430.8106,1335456.9001,42940494.8551,42940494.8551
601166.SH,20250224,20.57,20.71,20.43,20.49,20.67,-0.18,-0.8708,506186.41,1039684.309,0.2437,0.93,5.5198,0.5681,2.019,2077430.8106,2077430.8106,1335456.9001,42566557.3092,42566557.3092
601166.SH,20250225,20.43,20.55,20.33,20.41,20.49,-0.08,-0.3904,485183.14,990369.434,0.2335,0.95,5.4983,0.5659,2.0111,2077430.8106,2077430.8106,1335456.9001,42400362.8443,42400362.8443
601166.SH,20250226,20.49,20.8,20.42,20.44,20.41,0.03,0.147,512125.17,1054417.105,0.2465,1.05,5.5063,0.5668,2.0141,2077430.8106,2077430.8106,1335456.9001,42462685.7687,42462685.7687
601166.SH,20250227,20.45,20.94,20.35,20.92,20.44,0.48,2.3483,643982.26,1332813.27,0.31,1.28,5.6356,0.5801,2.0614,2077430.8106,2077430.8106,1335456.9001,43459852.5578,43459852.5578
601166.SH,20250228,20.86,21.09,20.75,20.75,20.92,-0.17,-0.8126,639372.06,1335631.048,0.3078,1.16,5.5899,0.5753,2.0446,2077430.8106,2077430.8106,1335456.9001,43106689.32,43106689.32
601166.SH,20250303,20.91,20.95,20.61,20.75,20.75,0.0,0.0,461078.44,956749.254,0.2219,0.83,5.5899,0.5753,2.0446,2077430.8106,2077430.8106,1335456.9001,43106689.32,43106689.32
601166.SH,20250304,20.7,20.98,20.7,20.82,20.75,0.07,0.3373,399199.23,833343.194,0.1922,0.73,5.6087,0.5773,2.0515,2077430.8106,2077430.8106,1615216.3281,43252109.4767,43252109.4767
601166.SH,20250305,20.83,21.16,20.78,21.1,20.82,0.28,1.3449,632939.24,1333120.795,0.3047,1.19,5.6841,0.5851,2.0791,2077430.8106,2077430.8106,1615216.3281,43833790.1037,43833790.1037
601166.SH,20250306,21.11,21.19,20.9,21.13,21.1,0.03,0.1422,560514.59,1181458.701,0.2698,1.01,5.6922,0.5859,2.0821,2077430.8106,2077430.8106,1615216.3281,43896113.028,43896113.028
601166.SH,20250307,21.17,21.43,21.1,21.36,21.13,0.23,1.0885,642880.17,1370963.871,0.3095,1.19,5.7542,0.5923,2.1047,2077430.8106,2077430.8106,1615216.3281,44373922.1144,44373922.1144
601166.SH,20250310,21.3,21.34,20.95,21.0,21.36,-0.36,-1.6854,605541.52,1274813.24,0.2915,1.12,5.6572,0.5823,2.0692,2077430.8106,2077430.8106,1615216.3281,43626047.0226,43626047.0226
601166.SH,20250311,20.94,21.3,20.94,21.3,21.0,0.3,1.4286,560076.08,1184923.575,0.2696,0.99,5.738,0.5906,2.0988,2077430.8106,2077430.8106,1615216.3281,44249276.2658,44249276.2658
601166.SH,20250312,21.28,21.47,21.15,21.22,21.3,-0.08,-0.3756,403868.06,860715.138,0.1944,0.67,5.7165,0.5884,2.0909,2077430.8106,2077430.8106,1615216.3281,44083081.8009,44083081.8009
601166.SH,20250313,21.25,21.51,21.22,21.35,21.22,0.13,0.6126,592418.95,1268063.873,0.2852,1.07,5.7515,0.592,2.1037,2077430.8106,2077430.8106,1615216.3281,44353147.8063,44353147.8063
601166.SH,20250314,21.4,21.88,21.35,21.76,21.35,0.41,1.9204,990998.02,2150244.48,0.477,1.77,5.8619,0.6034,2.1441,2077430.8106,2077430.8106,1615216.3281,45204894.4387,45204894.4387
601166.SH,20250317,21.85,21.99,21.73,21.9,21.76,0.14,0.6434,543790.18,1190285.414,0.2618,0.86,5.8996,0.6072,2.1579,2077430.8106,2077430.8106,1615216.3281,45495734.7521,45495734.7521
601166.SH,20250318,21.88,21.94,21.77,21.83,21.9,-0.07,-0.3196,324110.27,708718.568,0.156,0.52,5.8808,0.6053,2.151,2077430.8106,2077430.8106,1615216.3281,45350314.5954,45350314.5954
601166.SH,20250319,21.83,22.44,21.82,22.38,21.83,0.55,2.5195,809340.7,1796548.259,0.3896,1.42,6.029,0.6205,2.2052,2077430.8106,2077430.8106,1615216.3281,46492901.5412,46492901.5412
601166.SH,20250320,22.41,22.48,22.11,22.3,22.38,-0.08,-0.3575,618911.51,1380250.074,0.2979,0.95,6.0074,0.6183,2.1973,2077430.8106,2077430.8106,1615216.3281,46326707.0764,46326707.0764
601166.SH,20250321,22.2,22.34,21.59,21.63,22.3,-0.67,-3.0045,807332.12,1764288.398,0.3886,1.23,5.8269,0.5998,2.1313,2077430.8106,2077430.8106,1615216.3281,44934828.4333,44934828.4333
601166.SH,20250324,21.63,21.9,21.63,21.83,21.63,0.2,0.9246,429973.81,936798.557,0.207,0.69,5.8808,0.6053,2.151,2077430.8106,2077430.8106,1615216.3281,45350314.5954,45350314.5954
601166.SH,20250325,21.84,21.98,21.72,21.78,21.83,-0.05,-0.229,316395.86,689961.725,0.1523,0.53,5.8673,0.6039,2.1461,2077430.8106,2077430.8106,1615216.3281,45246443.0549,45246443.0549
601166.SH,20250326,21.71,21.82,21.41,21.48,21.78,-0.3,-1.3774,604397.34,1301908.274,0.2909,1.01,5.7865,0.5956,2.1165,2077430.8106,2077430.8106,1615216.3281,44623213.8117,44623213.8117
601166.SH,20250327,21.49,21.76,21.46,21.5,21.48,0.02,0.0931,383656.02,827879.603,0.1847,0.69,5.7919,0.5961,2.1185,2077430.8106,2077430.8106,1615216.3281,44664762.4279,44664762.4279
601166.SH,20250328,21.55,21.65,21.42,21.53,21.5,0.03,0.1395,386115.35,830766.56,0.1859,0.76,5.7933,0.5862,2.1075,2077430.8106,2077430.8106,1615216.3281,44727085.3522,44727085.3522
601166.SH,20250331,21.56,21.72,21.35,21.6,21.53,0.07,0.3251,562278.1,1212863.7,0.2707,1.33,5.8121,0.5881,2.1144,2077430.8106,2077430.8106,1615216.3281,44872505.509,44872505.509
601166.SH,20250401,21.58,21.6,21.15,21.26,21.6,-0.34,-1.5741,613001.03,1305557.996,0.2951,1.36,5.7206,0.5789,2.0811,2077430.8106,2077430.8106,1615216.3281,44166179.0334,44166179.0334
601166.SH,20250402,21.2,21.44,21.19,21.25,21.26,-0.01,-0.047,384626.28,819669.634,0.1851,0.75,5.7179,0.5786,2.0801,2077431.1267,2077431.1267,1615216.6442,44145411.4424,44145411.4424
601166.SH,20250403,21.04,21.33,20.99,21.18,21.25,-0.07,-0.3294,396030.84,838599.996,0.1906,0.85,5.6991,0.5767,2.0733,2077431.1267,2077431.1267,1615216.6442,43999991.2635,43999991.2635
601166.SH,20250407,20.3,20.75,19.67,20.13,21.18,-1.05,-4.9575,1741398.5,3514105.81,0.8382,3.72,5.4166,0.5481,1.9705,2077431.1267,2077431.1267,1615216.6442,41818688.5805,41818688.5805
601166.SH,20250408,20.13,20.88,20.03,20.81,20.13,0.68,3.378,1563774.86,3205975.028,0.7527,2.11,5.5996,0.5666,2.037,2077431.1267,2077431.1267,1615216.6442,43231341.7466,43231341.7466
601166.SH,20250409,20.7,20.8,20.28,20.39,20.81,-0.42,-2.0183,941606.1,1932747.018,0.4533,1.0,5.4865,0.5552,1.9959,2077431.1267,2077431.1267,1615216.6442,42358820.6734,42358820.6734
601166.SH,20250410,20.52,20.94,20.36,20.76,20.39,0.37,1.8146,683322.03,1417511.525,0.3289,0.68,5.5861,0.5653,2.0321,2077431.1267,2077431.1267,1615216.6442,43127470.1903,43127470.1903
601166.SH,20250411,20.73,20.85,20.55,20.75,20.76,-0.01,-0.0482,454120.38,940343.862,0.2186,0.43,5.5834,0.565,2.0312,2077431.1267,2077431.1267,1615216.6442,43106695.879,43106695.879
601166.SH,20250414,20.8,21.0,20.75,20.8,20.75,0.05,0.241,461712.05,963247.515,0.2223,0.43,5.5969,0.5664,2.0361,2077431.1267,2077431.1267,1615216.6442,43210567.4354,43210567.4354
601166.SH,20250415,20.84,21.16,20.82,21.11,20.8,0.31,1.4904,494183.63,1040744.219,0.2379,0.6,5.6803,0.5748,2.0664,2077431.1267,2077431.1267,1615216.6442,43854571.0846,43854571.0846
601166.SH,20250416,21.03,21.27,20.87,21.13,21.11,0.02,0.0947,645819.42,1357277.212,0.3109,1.06,5.6857,0.5753,2.0684,2077431.1267,2077431.1267,1615216.6442,43896119.7072,43896119.7072
601166.SH,20250417,21.05,21.15,20.83,21.03,21.13,-0.1,-0.4733,483190.61,1015091.278,0.2326,0.88,5.6587,0.5726,2.0586,2077431.1267,2077431.1267,1615216.6442,43688376.5945,43688376.5945
601166.SH,20250418,21.03,21.48,21.02,21.39,21.03,0.36,1.7118,516228.85,1097987.12,0.2485,1.02,5.7556,0.5824,2.0938,2077431.1267,2077431.1267,1615216.6442,44436251.8001,44436251.8001
601166.SH,20250421,21.35,21.55,21.08,21.08,21.39,-0.31,-1.4493,472600.58,1004446.071,0.2275,0.91,5.6722,0.574,2.0635,2077431.1267,2077431.1267,1615216.6442,43792248.1508,43792248.1508
601166.SH,20250422,21.08,21.2,21.0,21.03,21.08,-0.05,-0.2372,351033.54,740087.711,0.169,0.67,5.6587,0.5726,2.0586,2077431.1267,2077431.1267,1615216.6442,43688376.5945,43688376.5945
601166.SH,20250423,21.1,21.12,20.86,20.95,21.03,-0.08,-0.3804,360547.91,756092.529,0.1736,0.73,5.6372,0.5704,2.0507,2077431.1267,2077431.1267,1615216.6442,43522182.1044,43522182.1044
601166.SH,20250424,20.9,21.18,20.9,21.15,20.95,0.2,0.9547,376957.35,796196.135,0.1815,0.86,5.691,0.5759,2.0703,2077431.1267,2077431.1267,1615216.6442,43937668.3297,43937668.3297
601166.SH,20250425,21.17,21.23,20.91,20.94,21.15,-0.21,-0.9929,368367.55,775126.587,0.1773,0.89,5.6345,0.5702,2.0498,2077431.1267,2077431.1267,1615216.6442,43501407.7931,43501407.7931
601166.SH,20250428,21.01,21.18,20.94,21.09,20.94,0.15,0.7163,380770.63,802954.185,0.1833,0.99,5.6749,0.5743,2.0645,2077431.1267,2077431.1267,1615216.6442,43813022.4621,43813022.4621
601166.SH,20250429,21.07,21.22,21.0,21.02,21.09,-0.07,-0.3319,334685.03,705114.564,0.1611,0.91,5.6561,0.5724,2.0576,2077431.1267,2077431.1267,1615216.6442,43667602.2832,43667602.2832
601166.SH,20250430,20.93,20.94,20.59,20.87,21.02,-0.15,-0.7136,574756.93,1193061.701,0.2767,1.58,5.6157,0.5524,2.0429,2077431.1267,2077431.1267,1615216.3281,43355987.6142,43355987.6142
601166.SH,20250506,21.05,21.05,20.73,20.73,20.87,-0.14,-0.6708,470069.46,980278.016,0.2263,1.15,5.578,0.5487,2.0292,2077431.1267,2077431.1267,1557821.2139,43065147.2565,43065147.2565
601166.SH,20250507,20.9,21.08,20.81,21.04,20.73,0.31,1.4954,527321.2,1106233.643,0.2538,1.24,5.6614,0.5569,2.0596,2077431.1267,2077431.1267,1557821.2139,43709150.9058,43709150.9058
601166.SH,20250508,21.1,21.68,21.05,21.53,21.04,0.49,2.3289,723859.24,1552810.848,0.3484,1.58,5.7933,0.5698,2.1075,2077431.1267,2077431.1267,1557821.2139,44727092.1579,44727092.1579
601166.SH,20250509,21.52,22.14,21.52,22.1,21.53,0.57,2.6475,821624.33,1806257.208,0.3955,1.56,5.9467,0.5849,2.1633,2077431.1267,2077431.1267,1557821.2139,45911227.9001,45911227.9001
601166.SH,20250512,22.1,22.59,21.98,22.28,22.1,0.18,0.8145,862343.16,1926441.116,0.4151,1.38,5.9951,0.5897,2.1809,2077431.1267,2077431.1267,1557821.2139,46285165.5029,46285165.5029
601166.SH,20250513,22.33,22.57,22.11,22.55,22.28,0.27,1.2118,758636.0,1696702.181,0.3652,1.11,6.0678,0.5968,2.2074,2077431.1267,2077431.1267,1557821.2139,46846071.9071,46846071.9071
601166.SH,20250514,22.46,23.03,22.45,22.93,22.55,0.38,1.6851,900990.72,2055203.657,0.4337,1.22,6.17,0.6069,2.2446,2077431.1267,2077431.1267,1557821.2139,47635495.7352,47635495.7352
601166.SH,20250515,22.99,23.14,22.8,22.89,22.93,-0.04,-0.1744,595403.75,1365535.664,0.2866,0.73,6.1592,0.6058,2.2406,2077431.1267,2077431.1267,1557821.2139,47552398.4902,47552398.4902
601166.SH,20250516,22.88,22.96,22.58,22.7,22.89,-0.19,-0.8301,481782.56,1093803.969,0.2319,0.61,6.1081,0.6008,2.2221,2077431.1267,2077431.1267,1557821.2139,47157686.5761,47157686.5761
601166.SH,20250519,22.85,22.95,22.67,22.72,22.7,0.02,0.0881,454135.18,1034717.789,0.2186,0.63,6.1135,0.6013,2.224,2077431.1267,2077431.1267,1557821.2139,47199235.1986,47199235.1986
601166.SH,20250520,22.79,22.93,22.46,22.52,22.72,-0.2,-0.8803,498767.41,1127551.219,0.2401,0.78,6.0597,0.596,2.2044,2077431.1267,2077431.1267,1557821.2139,46783748.9733,46783748.9733
601166.SH,20250521,22.65,22.87,22.51,22.71,22.52,0.19,0.8437,449311.51,1021858.639,0.2163,0.77,6.1108,0.6011,2.223,2077431.1267,2077431.1267,1557821.2139,47178460.8874,47178460.8874
601166.SH,20250522,22.7,22.94,22.66,22.9,22.71,0.19,0.8366,387713.67,885841.455,0.1866,0.78,6.1619,0.6061,2.2416,2077431.1267,2077431.1267,1557821.2139,47573172.8014,47573172.8014
601166.SH,20250523,22.88,22.98,22.73,22.81,22.9,-0.09,-0.393,409252.01,935467.315,0.197,0.9,6.1377,0.6037,2.2328,2077431.1267,2077431.1267,1557821.2139,47386204.0,47386204.0
601166.SH,20250526,22.81,22.88,22.57,22.62,22.81,-0.19,-0.833,392893.4,891722.939,0.1891,0.89,6.0866,0.5987,2.2142,2077431.1267,2077431.1267,1557821.2139,46991492.086,46991492.086
601166.SH,20250527,22.79,22.93,22.68,22.76,22.62,0.14,0.6189,405719.28,925337.814,0.1953,0.95,6.1243,0.6024,2.2279,2077431.1267,2077431.1267,1557821.2139,47282332.4437,47282332.4437
601166.SH,20250528,22.79,22.84,22.48,22.54,22.76,-0.22,-0.9666,372490.89,841688.653,0.1793,0.91,6.0651,0.5966,2.2064,2077431.1267,2077431.1267,1557821.2139,46825297.5958,46825297.5958
601166.SH,20250529,22.6,22.85,22.47,22.65,22.54,0.11,0.488,480046.76,1088790.409,0.2311,1.22,6.0947,0.5995,2.2172,2077431.1267,2077431.1267,1557821.2139,47053815.0198,47053815.0198
601166.SH,20250530,22.71,22.88,22.53,22.64,22.65,-0.01,-0.0442,499689.91,1134277.475,0.2405,1.21,6.092,0.5992,2.2162,2077431.1267,2077431.1267,1557821.2139,47033040.7085,47033040.7085
601166.SH,20250603,23.05,23.95,22.9,23.71,22.64,1.07,4.7261,1527291.32,3596385.127,0.7352,3.55,6.3799,0.6275,2.3209,2077431.1267,2077431.1267,1557821.2139,49255892.0141,49255892.0141
601166.SH,20250604,23.75,23.87,23.56,23.62,23.71,-0.09,-0.3796,503112.24,1190002.656,0.2422,0.77,6.3557,0.6252,2.3121,2077431.1267,2077431.1267,1557821.2139,49068923.2127,49068923.2127
601166.SH,20250605,23.62,23.74,23.43,23.52,23.62,-0.1,-0.4234,456161.31,1074101.875,0.2196,0.67,6.3288,0.6225,2.3023,2077431.1267,2077431.1267,1557821.2139,48861180.1,48861180.1
601166.SH,20250606,23.62,23.85,23.5,23.56,23.52,0.04,0.1701,459981.84,1086652.583,0.2214,0.66,6.3395,0.6236,2.3062,2077431.1267,2077431.1267,1557821.2139,48944277.3451,48944277.3451
601166.SH,20250609,23.66,23.87,23.59,23.8,23.56,0.24,1.0187,569928.4,1353564.828,0.2743,0.83,6.4041,0.6299,2.3297,2077431.1267,2077431.1267,1557821.2139,49442860.8155,49442860.8155
601166.SH,20250610,23.9,24.33,23.72,23.81,23.8,0.01,0.042,784887.57,1884783.396,0.3778,1.12,6.4068,0.6302,2.3307,2077431.1267,2077431.1267,1557821.2139,49463635.1267,49463635.1267
601166.SH,20250611,23.88,24.32,23.81,23.98,23.81,0.17,0.714,574616.76,1383522.166,0.2766,1.04,6.4525,0.6347,2.3473,2077431.1267,2077431.1267,1557821.2139,49816798.4183,49816798.4183
601166.SH,20250612,24.0,24.11,23.8,23.86,23.98,-0.12,-0.5004,711438.47,1701213.578,0.3425,1.25,6.4202,0.6315,2.3356,2077431.1267,2077431.1267,1557821.2139,49567506.6831,49567506.6831
601166.SH,20250613,23.87,23.94,23.45,23.5,23.86,-0.36,-1.5088,1817196.19,4286333.512,0.8747,2.93,6.3234,0.622,2.3004,2077431.1267,2077431.1267,1557821.2139,48819631.4775,48819631.4775
601166.SH,20250616,23.6,24.0,23.53,23.96,23.5,0.46,1.9574,727631.52,1738311.744,0.3438,0.82,6.5677,0.639,2.3893,2116283.2162,2116283.2162,1596673.3034,50706145.8602,50706145.8602
601166.SH,20250617,24.0,24.15,23.79,23.81,23.96,-0.15,-0.626,495532.29,1184646.05,0.2342,0.54,6.5266,0.635,2.3743,2116283.2162,2116283.2162,1596673.3034,50388703.3777,50388703.3777
601166.SH,20250618,23.81,23.98,23.65,23.91,23.81,0.1,0.42,536774.73,1279994.387,0.2536,0.62,6.554,0.6376,2.3843,2116283.2162,2116283.2162,1596673.3034,50600331.6993,50600331.6993
601166.SH,20250619,23.93,23.99,23.74,23.8,23.91,-0.11,-0.4601,524855.76,1251586.439,0.248,0.61,6.5239,0.6347,2.3733,2116283.2162,2116283.2162,1596673.3034,50367540.5456,50367540.5456
601166.SH,20250620,22.95,23.28,22.83,23.16,22.74,0.42,1.847,790045.49,1825598.592,0.3733,0.96,6.3484,0.6356,2.3095,2116283.2162,2116283.2162,1596673.3034,49013119.2872,49013119.2872
601166.SH,20250623,23.16,23.77,23.03,23.75,23.16,0.59,2.5475,781181.88,1833164.183,0.3691,1.27,6.5102,0.6518,2.3683,2116283.2162,2116283.2162,1596673.3034,50261726.3848,50261726.3848
601166.SH,20250624,23.66,24.16,23.6,23.85,23.75,0.1,0.4211,779732.2,1861459.498,0.3684,1.25,6.5376,0.6545,2.3783,2116283.2162,2116283.2162,1596673.3034,50473354.7064,50473354.7064
601166.SH,20250625,23.85,24.13,23.56,24.06,23.85,0.21,0.8805,604484.39,1440150.977,0.2856,0.89,6.5951,0.6603,2.3992,2116283.2162,2116283.2162,1596673.3034,50917774.1818,50917774.1818
601166.SH,20250626,24.01,24.26,23.85,24.18,24.06,0.12,0.4988,657603.97,1583708.584,0.3107,0.94,6.628,0.6636,2.4112,2116283.2162,2116283.2162,1596673.3034,51171728.1677,51171728.1677
601166.SH,20250627,24.18,24.22,23.43,23.56,24.18,-0.62,-2.5641,890619.76,2118395.114,0.4208,1.23,6.4581,0.6466,2.3494,2116283.2162,2116283.2162,1596673.3034,49859632.5737,49859632.5737
601166.SH,20250630,23.42,23.56,23.2,23.34,23.56,-0.22,-0.9338,533899.89,1245905.412,0.2523,0.72,6.3978,0.6405,2.3274,2116283.2162,2116283.2162,1596673.3034,49394050.2661,49394050.2661
601166.SH,20250701,23.53,23.72,23.35,23.55,23.34,0.21,0.8997,486559.1,1147244.956,0.2299,0.7,6.4553,0.6463,2.3484,2116283.2162,2116283.2162,1596673.3034,49838469.7415,49838469.7415
601166.SH,20250702,23.65,24.0,23.48,23.9,23.55,0.35,1.4862,598592.29,1425191.396,0.2829,0.94,6.5513,0.6559,2.3833,2116283.2162,2116283.2162,1596673.3034,50579168.8672,50579168.8672
601166.SH,20250703,23.9,24.13,23.67,24.07,23.9,0.17,0.7113,494186.83,1183006.993,0.2335,0.78,6.5979,0.6606,2.4002,2116283.6117,2116283.6117,1596673.6989,50938946.5336,50938946.5336
601166.SH,20250704,24.07,25.0,23.96,24.83,24.07,0.76,3.1575,1009389.89,2486887.997,0.477,1.68,6.8062,0.6814,2.476,2116283.6117,2116283.6117,1596673.6989,52547322.0785,52547322.0785
601166.SH,20250707,24.83,25.15,24.74,25.12,24.83,0.29,1.1679,611801.22,1527411.563,0.2891,0.98,6.8857,0.6894,2.5049,2116283.6117,2116283.6117,1596673.6989,53161044.3259,53161044.3259
601166.SH,20250708,25.06,25.19,24.86,25.14,25.12,0.02,0.0796,526753.74,1321047.642,0.2489,0.82,6.8912,0.6899,2.5069,2116283.6117,2116283.6117,1596673.6989,53203369.9981,53203369.9981
601166.SH,20250709,25.1,25.15,24.82,25.08,25.14,-0.06,-0.2387,546565.36,1367713.035,0.2583,0.84,6.8747,0.6883,2.5009,2116283.6117,2116283.6117,1596673.6989,53076392.9814,53076392.9814
601166.SH,20250710,25.01,25.45,24.94,24.94,25.08,-0.14,-0.5582,842925.36,2124297.408,0.3983,1.32,6.8364,0.6845,2.487,2116283.6117,2116283.6117,1596673.6989,52780113.2758,52780113.2758
601166.SH,20250711,25.13,25.18,24.45,24.45,24.94,-0.49,-1.9647,1277581.38,3171468.157,0.6037,1.81,6.702,0.671,2.4381,2116283.6117,2116283.6117,1596673.6989,51743134.3061,51743134.3061
601166.SH,20250714,24.58,24.88,24.46,24.69,24.45,0.24,0.9816,798195.09,1970682.493,0.3772,1.05,6.7678,0.6776,2.462,2116283.6117,2116283.6117,1596673.6989,52251042.3729,52251042.3729
601166.SH,20250715,24.7,24.77,24.25,24.43,24.69,-0.26,-1.0531,585199.56,1432863.479,0.2765,0.73,6.6966,0.6705,2.4361,2116283.6117,2116283.6117,1596673.6989,51700808.6338,51700808.6338
601166.SH,20250716,24.44,24.51,24.02,24.31,24.43,-0.12,-0.4912,585384.95,1417278.634,0.2766,0.72,6.6637,0.6672,2.4242,2116283.6117,2116283.6117,1596673.6989,51446854.6004,51446854.6004
601166.SH,20250717,24.3,24.5,24.21,24.29,24.31,-0.02,-0.0823,489326.06,1191239.01,0.2312,0.6,6.6582,0.6666,2.4222,2116283.6117,2116283.6117,1596673.6989,51404528.9282,51404528.9282
601166.SH,20250718,24.39,24.65,24.29,24.42,24.29,0.13,0.5352,525199.64,1283650.867,0.2482,0.7,6.6938,0.6702,2.4351,2116283.6117,2116283.6117,1596673.6989,51679645.7977,51679645.7977
601166.SH,20250721,24.42,24.47,24.0,24.01,24.42,-0.41,-1.679,724598.85,1749087.308,0.3424,1.21,6.5814,0.6589,2.3942,2116283.6117,2116283.6117,1596673.6989,50811969.5169,50811969.5169
601166.SH,20250722,24.02,24.12,23.71,23.85,24.01,-0.16,-0.6664,884208.67,2108725.86,0.4178,1.52,6.5376,0.6545,2.3783,2116283.6117,2116283.6117,1596673.6989,50473364.139,50473364.139
601166.SH,20250723,23.85,24.1,23.71,23.79,23.85,-0.06,-0.2516,779440.5,1861858.075,0.3683,1.21,6.5211,0.6529,2.3723,2116283.6117,2116283.6117,1596673.6989,50346387.1223,50346387.1223
601166.SH,20250724,23.78,23.79,23.24,23.32,23.79,-0.47,-1.9756,993262.64,2325762.624,0.4693,1.46,6.3923,0.64,2.3254,2116283.6117,2116283.6117,1596673.6989,49351733.8248,49351733.8248
601166.SH,20250725,23.18,23.35,23.0,23.17,23.32,-0.15,-0.6432,828381.11,1917823.54,0.3914,1.06,6.3512,0.6359,2.3105,2116283.6117,2116283.6117,1596673.6989,49034291.2831,49034291.2831
601166.SH,20250728,23.2,23.3,22.92,22.96,23.17,-0.21,-0.9063,733992.45,1694291.52,0.3468,0.87,6.2936,0.6301,2.2895,2116283.6117,2116283.6117,1596673.6989,48589871.7246,48589871.7246
601166.SH,20250729,22.97,23.07,22.67,22.71,22.96,-0.25,-1.0889,756035.56,1726509.242,0.3572,0.9,6.2251,0.6233,2.2646,2116283.6117,2116283.6117,1596673.6989,48060800.8217,48060800.8217
601166.SH,20250730,22.72,22.99,22.67,22.77,22.71,0.06,0.2642,738516.84,1684886.428,0.349,0.9,6.2415,0.6249,2.2706,2116283.6117,2116283.6117,1596673.6989,48187777.8384,48187777.8384
601166.SH,20250731,22.8,22.88,22.49,22.64,22.77,-0.13,-0.5709,715312.9,1618126.3,0.338,0.88,6.2059,0.6213,2.2576,2116283.6117,2116283.6117,1596673.6989,47912660.9689,47912660.9689
601166.SH,20250801,22.6,22.77,22.36,22.53,22.64,-0.11,-0.4859,635035.09,1433318.295,0.3001,0.84,6.1757,0.6183,2.2467,2116283.6117,2116283.6117,1596673.6989,47679869.7716,47679869.7716
601166.SH,20250804,22.53,23.07,22.5,22.78,22.53,0.25,1.1096,712914.04,1628078.98,0.3369,1.0,6.2443,0.6252,2.2716,2116283.6117,2116283.6117,1596673.6989,48208940.6745,48208940.6745
601166.SH,20250805,22.78,23.22,22.71,23.09,22.78,0.31,1.3608,820303.52,1883106.433,0.3876,1.15,6.3293,0.6337,2.3025,2116283.6117,2116283.6117,1596673.6989,48864988.5942,48864988.5942
601166.SH,20250806,23.09,23.28,22.92,22.98,23.09,-0.11,-0.4764,553475.15,1275671.131,0.2615,0.76,6.2991,0.6307,2.2915,2116283.6117,2116283.6117,1596673.6989,48632197.3969,48632197.3969
601166.SH,20250807,23.0,23.25,22.86,23.07,22.98,0.09,0.3916,567573.91,1310756.095,0.2682,0.83,6.3238,0.6331,2.3005,2116283.6117,2116283.6117,1596673.6989,48822662.9219,48822662.9219
601166.SH,20250808,23.18,23.22,23.0,23.06,23.07,-0.01,-0.0433,410842.13,949131.791,0.1941,0.62,6.321,0.6329,2.2995,2116283.6117,2116283.6117,1596673.6989,48801500.0858,48801500.0858
601166.SH,20250811,23.04,23.1,22.82,22.88,23.06,-0.18,-0.7806,572556.58,1314486.634,0.2705,0.93,6.2717,0.6279,2.2816,2116283.6117,2116283.6117,1596673.6989,48420569.0357,48420569.0357
601166.SH,20250812,22.89,23.25,22.89,22.99,22.88,0.11,0.4808,598123.87,1382771.889,0.2826,1.02,6.3018,0.6309,2.2925,2116283.6117,2116283.6117,1596673.6989,48653360.233,48653360.233
601166.SH,20250813,23.08,23.22,22.8,22.8,22.99,-0.19,-0.8264,613422.18,1408452.937,0.2899,1.13,6.2498,0.6257,2.2736,2116283.6117,2116283.6117,1596673.6989,48251266.3468,48251266.3468
601166.SH,20250814,22.81,22.96,22.61,22.73,22.8,-0.07,-0.307,629365.83,1433604.879,0.2974,1.14,6.2306,0.6238,2.2666,2116283.6117,2116283.6117,1596673.6989,48103126.4939,48103126.4939
601166.SH,20250815,22.7,22.72,22.19,22.32,22.73,-0.41,-1.8038,1009323.05,2258233.413,0.4769,1.79,6.1182,0.6126,2.2257,2116283.6117,2116283.6117,1596673.6989,47235450.2131,47235450.2131
601166.SH,20250818,22.31,22.63,22.23,22.62,22.32,0.3,1.3441,790749.42,1775769.43,0.3737,1.16,6.2004,0.6208,2.2556,2116283.6117,2116283.6117,1596673.6989,47870335.2967,47870335.2967
601166.SH,20250819,22.62,22.69,22.42,22.55,22.62,-0.07,-0.3095,464353.64,1047941.112,0.2194,0.64,6.1812,0.6189,2.2486,2116283.6117,2116283.6117,1596673.6989,47722195.4438,47722195.4438
601166.SH,20250820,22.54,22.73,22.41,22.59,22.55,0.04,0.1774,517479.44,1168068.71,0.2445,0.74,6.1922,0.62,2.2526,2116283.6117,2116283.6117,1596673.6989,47806846.7883,47806846.7883
601166.SH,20250821,22.59,22.67,22.45,22.61,22.59,0.02,0.0885,453809.49,1025073.971,0.2144,0.67,6.1977,0.6205,2.2546,2116283.6117,2116283.6117,1596673.6989,47849172.4605,47849172.4605
601166.SH,20250822,22.58,22.83,22.5,22.77,22.61,0.16,0.7077,640809.29,1448655.288,0.3028,0.99,6.2415,0.6249,2.2706,2116283.6117,2116283.6117,1596673.6989,48187777.8384,48187777.8384
601166.SH,20250825,22.78,22.97,22.71,22.95,22.77,0.18,0.7905,617576.74,1412332.034,0.2918,1.08,6.2909,0.6298,2.2885,2116283.6117,2116283.6117,1596673.6989,48568708.8885,48568708.8885
601166.SH,20250826,22.9,23.04,22.8,22.88,22.95,-0.07,-0.305,526530.65,1206282.546,0.2488,0.98,6.2717,0.6279,2.2816,2116283.6117,2116283.6117,1596673.6989,48420569.0357,48420569.0357
601166.SH,20250827,22.85,22.96,22.44,22.5,22.88,-0.38,-1.6608,688557.33,1563309.935,0.3254,1.25,6.1675,0.6175,2.2437,2116283.6117,2116283.6117,1596673.6989,47616381.2633,47616381.2633
601166.SH,20250828,22.55,22.88,22.41,22.77,22.5,0.27,1.2,715184.08,1621385.462,0.3379,1.22,6.2415,0.6249,2.2706,2116283.6117,2116283.6117,1596673.6989,48187777.8384,48187777.8384
601166.SH,20250829,22.7,22.85,22.36,22.41,22.77,-0.36,-1.581,1103674.67,2489556.639,0.5215,1.73,6.1429,0.6467,2.2347,2116283.6117,2116283.6117,1596673.3034,47425915.7382,47425915.7382
601166.SH,20250901,22.5,22.5,21.8,21.81,22.41,-0.6,-2.6774,1019475.14,2247745.505,0.4817,1.4,5.9784,0.6294,2.1749,2116283.6117,2116283.6117,1596673.6989,46156145.5712,46156145.5712
601166.SH,20250902,21.8,22.0,21.65,21.99,21.81,0.18,0.8253,974915.25,2127430.409,0.4607,1.2,6.0277,0.6346,2.1928,2116283.6117,2116283.6117,1596673.6989,46537076.6213,46537076.6213
601166.SH,20250903,21.99,22.19,21.6,21.72,21.99,-0.27,-1.2278,813434.39,1777442.124,0.3844,0.9,5.9537,0.6268,2.1659,2116283.6117,2116283.6117,1596673.6989,45965680.0461,45965680.0461
601166.SH,20250904,21.7,22.04,21.39,21.92,21.72,0.2,0.9208,1032058.79,2242826.169,0.4877,1.12,6.0085,0.6326,2.1858,2116283.6117,2116283.6117,1596673.6989,46388936.7685,46388936.7685
601166.SH,20250905,21.86,21.9,21.66,21.75,21.92,-0.17,-0.7755,512886.66,1115373.251,0.2424,0.52,5.9619,0.6277,2.1689,2116283.6117,2116283.6117,1596673.6989,46029168.5545,46029168.5545
601166.SH,20250908,21.66,21.8,21.4,21.46,21.75,-0.29,-1.3333,681393.34,1468718.931,0.322,0.78,5.8824,0.6193,2.14,2116283.6117,2116283.6117,1596673.6989,45415446.3071,45415446.3071
601166.SH,20250909,21.47,21.57,21.41,21.52,21.46,0.06,0.2796,451936.83,970474.73,0.2136,0.56,5.8989,0.621,2.1459,2116283.6117,2116283.6117,1596673.6989,45542423.3238,45542423.3238
601166.SH,20250910,21.53,21.64,21.43,21.5,21.52,-0.02,-0.0929,394779.57,850545.558,0.1865,0.57,5.8934,0.6205,2.1439,2116283.6117,2116283.6117,1596673.6989,45500097.6516,45500097.6516
601166.SH,20250911,21.51,21.88,21.42,21.84,21.5,0.34,1.5814,693893.66,1500929.724,0.3279,1.13,5.9866,0.6303,2.1778,2116283.6117,2116283.6117,1596673.6989,46219634.0795,46219634.0795
601166.SH,20250912,21.86,22.0,21.4,21.42,21.84,-0.42,-1.9231,871443.05,1882460.576,0.4118,1.59,5.8715,0.6181,2.136,2116283.6117,2116283.6117,1596673.6989,45330794.9626,45330794.9626
601166.SH,20250915,21.4,21.43,20.99,21.07,21.42,-0.35,-1.634,817576.18,1732525.311,0.3863,1.32,5.7755,0.608,2.1011,2116283.6117,2116283.6117,1596673.6989,44590095.6985,44590095.6985
601166.SH,20250916,21.08,21.29,20.67,20.7,21.07,-0.37,-1.7561,1098591.49,2294390.879,0.5191,1.7,5.6741,0.5974,2.0642,2116283.6117,2116283.6117,1596673.6989,43807070.7622,43807070.7622
601166.SH,20250917,20.71,20.99,20.51,20.59,20.7,-0.11,-0.5314,1216993.19,2519638.397,0.5751,1.57,5.644,0.5942,2.0532,2116283.6117,2116283.6117,1596673.6989,43574279.5649,43574279.5649
601166.SH,20250918,20.63,20.74,20.18,20.25,20.59,-0.34,-1.6513,1326464.86,2706633.183,0.6268,1.41,5.5508,0.5844,2.0193,2116283.6117,2116283.6117,1596673.6989,42854743.1369,42854743.1369
601166.SH,20250919,20.28,20.46,20.11,20.29,20.25,0.04,0.1975,902439.97,1831841.493,0.4264,0.85,5.5617,0.5855,2.0233,2116283.6117,2116283.6117,1596673.6989,42939394.4814,42939394.4814
601166.SH,20250922,20.35,20.44,20.1,20.13,20.29,-0.16,-0.7886,522176.2,1056135.326,0.2467,0.49,5.5179,0.5809,2.0073,2116283.6117,2116283.6117,1596673.6989,42600789.1035,42600789.1035
601166.SH,20250923,20.13,20.53,19.94,20.41,20.13,0.28,1.391,1186146.52,2413456.042,0.5605,1.17,5.5946,0.589,2.0353,2116283.6117,2116283.6117,1596673.6989,43193348.5148,43193348.5148
601166.SH,20250924,20.39,20.63,20.17,20.24,20.41,-0.17,-0.8329,851938.73,1733311.216,0.4026,0.83,5.548,0.5841,2.0183,2116283.6117,2116283.6117,1596673.6989,42833580.3008,42833580.3008
601166.SH,20250925,20.23,20.36,20.02,20.21,20.24,-0.03,-0.1482,735591.68,1487668.221,0.3476,0.77,5.5398,0.5832,2.0153,2116283.6117,2116283.6117,1596673.6989,42770091.7925,42770091.7925
601166.SH,20250926,20.25,20.42,20.01,20.32,20.21,0.11,0.5443,751354.16,1522919.747,0.355,0.89,5.57,0.5864,2.0263,2116283.6117,2116283.6117,1596673.6989,43002882.9897,43002882.9897
601166.SH,20250929,20.26,20.5,20.05,20.05,20.32,-0.27,-1.3287,1288719.76,2607343.269,0.609,1.59,5.496,0.5786,1.9994,2116283.6117,2116283.6117,1596673.6989,42431486.4146,42431486.4146
601166.SH,20250930,20.09,20.13,19.79,19.85,20.05,-0.2,-0.9975,1422284.61,2832139.64,0.6721,1.48,5.4411,0.5728,1.9794,2116283.6117,2116283.6117,1596673.6989,42008229.6922,42008229.6922
601166.SH,20251009,19.89,19.92,19.65,19.67,19.85,-0.18,-0.9068,1422040.77,2805438.366,0.672,1.41,5.3918,0.5676,1.9615,2116283.6117,2116283.6117,1596673.6989,41627298.6421,41627298.6421
601166.SH,20251010,19.66,19.94,19.64,19.69,19.67,0.02,0.1017,1224887.16,2418379.471,0.5788,1.09,5.3973,0.5682,1.9635,2116285.1947,2116285.1947,1596675.2819,41669655.4836,41669655.4836
601166.SH,20251013,19.56,19.86,19.35,19.7,19.69,0.01,0.0508,1186447.88,2329693.939,0.5606,0.97,5.4,0.5685,1.9645,2116285.1947,2116285.1947,1596675.2819,41690818.3356,41690818.3356
601166.SH,20251014,19.65,20.23,19.61,20.23,19.7,0.53,2.6904,1674255.52,3354050.749,0.7911,1.28,5.5453,0.5838,2.0173,2116285.1947,2116285.1947,1596675.2819,42812449.4888,42812449.4888
601166.SH,20251015,20.2,20.41,20.1,20.31,20.23,0.08,0.3955,1218771.33,2467841.307,0.5759,0.88,5.5672,0.5861,2.0253,2116285.1947,2116285.1947,1596675.2819,42981752.3044,42981752.3044
601166.SH,20251016,20.3,20.53,20.12,20.45,20.31,0.14,0.6893,1040839.27,2118894.0,0.4918,0.77,5.6056,0.5902,2.0392,2116285.1947,2116285.1947,1596675.2819,43278032.2316,43278032.2316
601166.SH,20251017,20.43,20.62,20.15,20.19,20.45,-0.26,-1.2714,1026704.97,2092372.211,0.4851,0.81,5.5343,0.5827,2.0133,2116285.1947,2116285.1947,1596675.2819,42727798.081,42727798.081
601166.SH,20251020,20.22,20.35,19.96,20.26,20.19,0.07,0.3467,733316.79,1478700.781,0.3465,0.6,5.5535,0.5847,2.0203,2116285.1947,2116285.1947,1596675.2819,42875938.0446,42875938.0446
601166.SH,20251021,20.26,20.36,20.13,20.16,20.26,-0.1,-0.4936,713193.21,1443091.379,0.337,0.63,5.5261,0.5818,2.0103,2116285.1947,2116285.1947,1596675.2819,42664309.5252,42664309.5252
601166.SH,20251022,20.16,20.59,20.13,20.4,20.16,0.24,1.1905,1052977.51,2142510.746,0.4976,1.11,5.5919,0.5887,2.0343,2116285.1947,2116285.1947,1596675.2819,43172217.9719,43172217.9719
601166.SH,20251023,20.43,20.88,20.43,20.76,20.4,0.36,1.7647,1288925.21,2669162.662,0.6091,1.41,5.6906,0.5991,2.0702,2116285.1947,2116285.1947,1596675.2819,43934080.642,43934080.642
601166.SH,20251024,20.72,20.86,20.58,20.6,20.76,-0.16,-0.7707,871084.4,1802052.791,0.4116,0.9,5.6467,0.5945,2.0542,2116285.1947,2116285.1947,1596675.2819,43595475.0108,43595475.0108
601166.SH,20251027,20.56,20.64,20.36,20.43,20.6,-0.17,-0.8252,868098.11,1779382.266,0.4102,0.93,5.6001,0.5896,2.0372,2116285.1947,2116285.1947,1596675.2819,43235706.5277,43235706.5277
601166.SH,20251028,20.5,20.54,20.25,20.42,20.43,-0.01,-0.0489,678050.58,1381509.043,0.3204,0.71,5.5974,0.5893,2.0363,2116285.1947,2116285.1947,1596675.2819,43214543.6758,43214543.6758
601166.SH,20251029,20.35,20.35,19.98,20.01,20.42,-0.41,-2.0078,931097.31,1870240.598,0.44,0.98,5.485,0.5775,1.9954,2116285.1947,2116285.1947,1596675.2819,42346866.7459,42346866.7459
601166.SH,20251030,20.01,20.18,19.92,20.03,20.01,0.02,0.1,853521.72,1710598.137,0.4033,0.92,5.4905,0.578,1.9974,2116285.1947,2116285.1947,1596675.2819,42389192.4498,42389192.4498
601166.SH,20251031,20.1,20.28,20.09,20.23,20.03,0.2,0.9985,887861.88,1793197.839,0.4195,1.06,5.5453,0.5502,2.0173,2116285.1947,2116285.1947,1512501.0618,42812449.4888,42812449.4888
601166.SH,20251103,20.29,20.65,20.26,20.56,20.23,0.33,1.6312,990849.24,2032997.911,0.4682,1.17,5.6358,0.5592,2.0502,2116285.1947,2116285.1947,1512501.0618,43510823.603,43510823.603
601166.SH,20251104,20.61,21.36,20.57,21.14,20.56,0.58,2.821,1684893.05,3553167.554,0.7962,1.94,5.7947,0.575,2.108,2116285.1947,2116285.1947,1512501.0618,44738269.016,44738269.016
601166.SH,20251105,21.26,21.45,21.11,21.22,21.14,0.08,0.3784,1094259.62,2330966.266,0.5171,1.02,5.8167,0.5772,2.116,2116285.1947,2116285.1947,1512501.0618,44907571.8315,44907571.8315
601166.SH,20251106,21.15,21.37,21.02,21.16,21.22,-0.06,-0.2828,873787.48,1853238.579,0.4129,0.79,5.8002,0.5755,2.11,2116285.1947,2116285.1947,1512501.0618,44780594.7199,44780594.7199
601166.SH,20251107,21.28,21.47,21.12,21.17,21.16,0.01,0.0473,758866.16,1612872.6,0.3586,0.69,5.803,0.5758,2.111,2116285.1947,2116285.1947,1512501.0618,44801757.5718,44801757.5718
601166.SH,20251110,21.17,21.32,21.05,21.18,21.17,0.01,0.0472,620422.19,1314425.267,0.2932,0.57,5.8057,0.5761,2.112,2116285.1947,2116285.1947,1512501.0618,44822920.4237,44822920.4237
601166.SH,20251111,21.16,21.37,21.09,21.27,21.18,0.09,0.4249,634824.83,1348581.788,0.3,0.63,5.8304,0.5785,2.121,2116285.1947,2116285.1947,1512501.0618,45013386.0913,45013386.0913
601166.SH,20251112,21.35,21.55,21.28,21.3,21.27,0.03,0.141,933772.15,1997830.533,0.4412,1.17,5.8386,0.5793,2.124,2116285.1947,2116285.1947,1512501.0618,45076874.6471,45076874.6471
601166.SH,20251113,21.32,21.42,21.13,21.28,21.3,-0.02,-0.0939,673044.9,1428762.789,0.318,0.88,5.8331,0.5788,2.122,2116285.1947,2116285.1947,1512501.0618,45034548.9432,45034548.9432
601166.SH,20251114,21.29,21.9,21.28,21.6,21.28,0.32,1.5038,1195918.27,2588790.612,0.5651,1.65,5.9208,0.5875,2.1539,2116285.1947,2116285.1947,1512501.0618,45711760.2055,45711760.2055
601166.SH,20251117,21.56,21.67,21.28,21.42,21.6,-0.18,-0.8333,901597.39,1928831.974,0.426,1.11,5.8715,0.5826,2.136,2116285.1947,2116285.1947,1512501.0618,45330828.8705,45330828.8705
601166.SH,20251118,21.41,21.49,21.23,21.3,21.42,-0.12,-0.5602,543063.22,1158813.022,0.2566,0.63,5.8386,0.5793,2.124,2116285.1947,2116285.1947,1512501.0618,45076874.6471,45076874.6471
601166.SH,20251119,21.34,21.6,21.29,21.43,21.3,0.13,0.6103,614975.27,1318701.348,0.2906,0.72,5.8742,0.5829,2.137,2116285.1947,2116285.1947,1512501.0618,45351991.7224,45351991.7224
601166.SH,20251120,21.39,21.86,21.36,21.52,21.43,0.09,0.42,811553.81,1755148.196,0.3835,1.03,5.8989,0.5853,2.1459,2116285.1947,2116285.1947,1512501.0618,45542457.3899,45542457.3899
601166.SH,20251121,21.65,21.65,21.21,21.36,21.52,-0.16,-0.7435,1022189.33,2187792.528,0.483,1.26,5.855,0.581,2.13,2116285.1947,2116285.1947,1512501.0618,45203851.7588,45203851.7588
601166.SH,20251124,21.4,21.44,21.01,21.01,21.36,-0.35,-1.6386,902302.4,1911010.241,0.4264,1.16,5.7591,0.5714,2.0951,2116285.1947,2116285.1947,1512501.0618,44463151.9406,44463151.9406
601166.SH,20251125,21.05,21.42,20.87,21.4,21.01,0.39,1.8563,705706.86,1496052.471,0.3335,0.91,5.866,0.5821,2.134,2116285.1947,2116285.1947,1512501.0618,45288503.1666,45288503.1666
601166.SH,20251126,21.44,21.62,21.24,21.3,21.4,-0.1,-0.4673,522058.02,1115834.134,0.2467,0.64,5.8386,0.5793,2.124,2116285.1947,2116285.1947,1512501.0618,45076874.6471,45076874.6471
601166.SH,20251127,21.24,21.44,21.11,21.39,21.3,0.09,0.4225,558515.32,1189138.08,0.2639,0.7,5.8633,0.5818,2.133,2116285.1947,2116285.1947,1512501.0618,45267340.3146,45267340.3146
601166.SH,20251128,21.34,21.36,21.1,21.11,21.39,-0.28,-1.309,567063.0,1202270.109,0.268,0.76,5.7865,0.5742,2.1051,2116285.1947,2116285.1947,1512501.0618,44674780.4601,44674780.4601
601166.SH,20251201,20.93,21.23,20.9,21.16,21.11,0.05,0.2369,773596.74,1631303.704,0.3655,1.19,5.8002,0.5755,2.11,2116285.1947,2116285.1947,1512501.0618,44780594.7199,44780594.7199
601166.SH,20251202,21.22,21.26,20.96,21.15,21.16,-0.01,-0.0473,531469.79,1121724.094,0.2511,0.85,5.7975,0.5521,2.109,2116285.1947,2116285.1947,1512501.0618,44759431.8679,44759431.8679
601166.SH,20251203,21.1,21.29,20.93,20.94,21.15,-0.21,-0.9929,591744.9,1248351.588,0.2796,1.0,5.7399,0.5466,2.0881,2116285.1947,2116285.1947,1512501.0618,44315011.977,44315011.977
601166.SH,20251204,20.94,21.03,20.82,20.87,20.94,-0.07,-0.3343,452229.27,944873.768,0.2137,0.75,5.7207,0.5448,2.0811,2116285.1947,2116285.1947,1512501.0618,44166872.0134,44166872.0134
601166.SH,20251205,20.83,20.89,20.58,20.8,20.87,-0.07,-0.3354,671356.07,1391780.995,0.3172,1.15,5.7015,0.543,2.0741,2116285.1947,2116285.1947,1512501.0618,44018732.0498,44018732.0498
601166.SH,20251208,20.8,21.04,20.76,20.88,20.8,0.08,0.3846,741995.58,1551897.043,0.3506,1.23,5.7235,0.5451,2.0821,2116285.1947,2116285.1947,1512501.0618,44188034.8653,44188034.8653
601166.SH,20251209,20.92,20.95,20.65,20.72,20.88,-0.16,-0.7663,614575.97,1275049.172,0.2904,1.03,5.6796,0.5409,2.0662,2116285.1947,2116285.1947,1512501.0618,43849429.2342,43849429.2342
601166.SH,20251210,20.68,20.71,20.26,20.35,20.72,-0.37,-1.7857,716148.6,1461613.882,0.3384,1.17,5.5782,0.5312,2.0293,2116285.1947,2116285.1947,1512501.0618,43066403.7121,43066403.7121
601166.SH,20251211,20.37,20.42,20.24,20.42,20.35,0.07,0.344,630223.68,1281591.161,0.2978,0.99,5.5974,0.5331,2.0363,2116285.1947,2116285.1947,1512501.0618,43214543.6758,43214543.6758
601166.SH,20251212,20.4,20.65,20.32,20.65,20.42,0.23,1.1263,958856.28,1967883.795,0.4531,1.42,5.6604,0.5391,2.0592,2116285.1947,2116285.1947,1512501.0618,43701289.2706,43701289.2706
601166.SH,20251215,20.6,20.86,20.58,20.69,20.65,0.04,0.1937,506771.88,1051157.428,0.2395,0.69,5.6714,0.5401,2.0632,2116285.1947,2116285.1947,1512501.0618,43785940.6783,43785940.6783
601166.SH,20251216,20.73,20.74,20.33,20.42,20.69,-0.27,-1.305,475216.92,972631.746,0.2246,0.69,5.5974,0.5331,2.0363,2116285.1947,2116285.1947,1512501.0618,43214543.6758,43214543.6758
601166.SH,20251217,20.41,20.62,20.23,20.48,20.42,0.06,0.2938,695326.03,1419135.975,0.3286,1.06,5.6138,0.5346,2.0422,2116285.1947,2116285.1947,1512501.0618,43341520.7875,43341520.7875
601166.SH,20251218,20.43,20.95,20.36,20.94,20.48,0.46,2.2461,670014.53,1388716.471,0.3166,1.03,5.7399,0.5466,2.0881,2116285.1947,2116285.1947,1512501.0618,44315011.977,44315011.977
601166.SH,20251219,20.9,21.18,20.81,21.09,20.94,0.15,0.7163,717066.44,1508595.195,0.3388,1.08,5.781,0.5505,2.1031,2116285.1947,2116285.1947,1512501.0618,44632454.7562,44632454.7562
601166.SH,20251222,21.1,21.23,20.96,20.99,21.09,-0.1,-0.4742,626549.4,1318552.861,0.2961,1.02,5.7536,0.5479,2.0931,2116285.1947,2116285.1947,1512501.0618,44420826.2368,44420826.2368
601166.SH,20251223,21.06,21.1,20.91,21.06,20.99,0.07,0.3335,447450.43,940645.542,0.2114,0.7,5.7728,0.5498,2.1001,2116285.1947,2116285.1947,1512501.0618,44568966.2004,44568966.2004
601166.SH,20251224,21.06,21.11,20.88,21.03,21.06,-0.03,-0.1425,499214.23,1048641.826,0.2359,0.79,5.7646,0.549,2.0971,2116285.1947,2116285.1947,1512501.0618,44505477.6445,44505477.6445
601166.SH,20251225,21.03,21.24,21.02,21.04,21.03,0.01,0.0476,545939.53,1154305.574,0.258,0.92,5.7673,0.5492,2.0981,2116285.1947,2116285.1947,1512501.0618,44526640.4965,44526640.4965
601166.SH,20251226,21.03,21.18,21.0,21.14,21.04,0.1,0.4753,502879.33,1061270.981,0.2376,0.89,5.7947,0.5518,2.108,2116285.1947,2116285.1947,1512501.0618,44738269.016,44738269.016
601166.SH,20251229,21.16,21.46,21.08,21.42,21.14,0.28,1.3245,751746.28,1602749.146,0.3552,1.43,5.8715,0.5592,2.136,2116285.1947,2116285.1947,1512501.0618,45330828.8705,45330828.8705
601166.SH,20251230,21.35,21.42,21.07,21.09,21.42,-0.33,-1.5406,675343.98,1429650.769,0.3191,1.23,5.781,0.5505,2.1031,2116285.1947,2116285.1947,1512501.0618,44632454.7562,44632454.7562
601166.SH,20251231,21.13,21.18,21.03,21.06,21.09,-0.03,-0.1422,516303.36,1089090.774,0.244,0.87,5.7728,0.5498,2.1001,2116285.1947,2116285.1947,1512501.0618,44568966.2004,44568966.2004
