ts_code,trade_date,open,high,low,close,pre_close,change,pct_chg,vol,amount,turnover_rate,volume_ratio,pe,pb,ps,total_share,float_share,free_share,total_mv,circ_mv
601398.SH,20180601,5.64,5.7,5.61,5.64,5.66,-0.02,-0.35,1750361.89,989445.886,0.0649,0.92,7.0272,0.9608,2.7669,35640625.7089,26961221.2539,2156398.6024,201013128.9982,152061287.872
601398.SH,20180604,5.66,5.72,5.64,5.7,5.64,0.06,1.06,2041340.85,1161090.034,0.0757,1.07,7.102,0.971,2.7963,35640625.7089,26961221.2539,2156398.6024,203151566.5407,153678961.1472
601398.SH,20180605,5.71,5.73,5.66,5.7,5.7,0.0,0.0,1468722.94,835579.978,0.0545,0.72,7.102,0.971,2.7963,35640625.7089,26961221.2539,2156398.6024,203151566.5407,153678961.1472
601398.SH,20180606,5.69,5.69,5.65,5.65,5.7,-0.05,-0.88,1280016.88,725281.259,0.0475,0.74,7.0397,0.9625,2.7718,35640625.7089,26961221.2539,2156398.6024,201369535.2553,152330900.0845
601398.SH,20180607,5.67,5.72,5.65,5.69,5.65,0.04,0.71,1634735.41,929255.91,0.0606,0.97,7.0895,0.9693,2.7914,35640625.7089,26961221.2539,2156398.6024,202795160.2836,153409348.9347
601398.SH,20180608,5.67,5.68,5.57,5.58,5.69,-0.11,-1.93,2019455.61,1131400.542,0.0749,1.24,6.9525,0.9506,2.7374,35640625.7089,26961221.2539,2156398.6024,198874691.4557,150443614.5968
601398.SH,20180611,5.57,5.6,5.52,5.58,5.58,0.0,0.0,1228751.73,682975.416,0.0456,0.73,6.9525,0.9506,2.7374,35640625.7089,26961221.2539,2156398.6024,198874691.4557,150443614.5968
601398.SH,20180612,5.58,5.61,5.55,5.6,5.58,0.02,0.36,1166799.96,651384.56,0.0433,0.76,6.9774,0.954,2.7472,35640625.7089,26961221.2539,2156398.6024,199587503.9698,150982839.0218
601398.SH,20180613,5.58,5.59,5.53,5.58,5.6,-0.02,-0.36,1363998.27,757652.1,0.0506,0.93,6.9525,0.9506,2.7374,35640625.7089,26961221.2539,2156398.6024,198874691.4557,150443614.5968
601398.SH,20180614,5.54,5.65,5.54,5.62,5.58,0.04,0.72,1403449.73,785016.596,0.0521,0.95,7.0023,0.9574,2.7571,35640625.7089,26961221.2539,2156398.6024,200300316.484,151522063.4469
601398.SH,20180615,5.61,5.73,5.6,5.7,5.62,0.08,1.42,2793783.92,1589976.53,0.1036,1.94,7.102,0.971,2.7963,35640625.7089,26961221.2539,2156398.6024,203151566.5407,153678961.1472
601398.SH,20180619,5.66,5.76,5.61,5.74,5.7,0.04,0.7,4736599.02,2701231.48,0.1757,2.98,7.1518,0.9778,2.8159,35640625.7089,26961221.2539,2156398.6024,204577191.5691,154757409.9974
601398.SH,20180620,5.7,5.72,5.65,5.69,5.74,-0.05,-0.87,1365347.86,775845.309,0.0506,0.6,7.0895,0.9693,2.7914,35640625.7089,26961221.2539,2156398.6024,202795160.2836,153409348.9347
601398.SH,20180621,5.69,5.73,5.66,5.68,5.69,-0.01,-0.18,1394836.71,795973.903,0.0517,0.6,7.0771,0.9676,2.7865,35640625.7089,26961221.2539,2156398.6024,202438754.0266,153139736.7222
601398.SH,20180622,5.65,5.68,5.63,5.67,5.68,-0.01,-0.18,1249003.86,705564.433,0.0463,0.53,7.0646,0.9659,2.7816,35640625.7089,26961221.2539,2156398.6024,202082347.7695,152870124.5096
601398.SH,20180625,5.69,5.71,5.52,5.54,5.67,-0.13,-2.29,1716884.98,962182.102,0.0637,0.74,6.9026,0.9438,2.7178,35640625.7089,26961221.2539,2156398.6024,197449066.4273,149365165.7466
601398.SH,20180626,5.51,5.51,5.36,5.42,5.54,-0.12,-2.17,2013273.06,1092349.079,0.0747,0.96,6.7531,0.9233,2.6589,35640625.7089,26961221.2539,2156398.6024,193172191.3422,146129819.1961
601398.SH,20180627,5.4,5.41,5.28,5.31,5.42,-0.11,-2.03,1936487.58,1031488.535,0.0718,1.25,6.6161,0.9046,2.605,35640625.7089,26961221.2539,2156398.6024,189251722.5143,143164084.8582
601398.SH,20180628,5.28,5.29,5.18,5.2,5.31,-0.11,-2.07,1587600.44,831716.813,0.0589,0.96,6.479,0.8858,2.551,35640625.7089,26961221.2539,2156398.6024,185331253.6863,140198350.5203
601398.SH,20180629,5.22,5.33,5.22,5.32,5.2,0.12,2.31,1303485.33,687593.339,0.0483,0.77,6.6285,0.9063,2.6099,35640625.7089,26961221.2539,2156398.6024,189608128.7713,143433697.0707
601398.SH,20180702,5.3,5.3,5.05,5.08,5.32,-0.24,-4.51,1815530.8,939745.712,0.0673,1.06,6.3295,0.8654,2.4921,35640625.7089,26961221.2539,2156398.6024,181054378.6012,136963003.9698
601398.SH,20180703,5.09,5.14,5.05,5.14,5.08,0.06,1.18,2210339.75,1127775.219,0.082,1.28,6.4042,0.8756,2.5216,35640625.7089,26961221.2539,2156398.6024,183192816.1437,138580677.245
601398.SH,20180704,5.13,5.2,5.11,5.16,5.14,0.02,0.39,1236145.02,639122.725,0.0458,0.7,6.4292,0.879,2.5314,35640625.7089,26961221.2539,2156398.6024,183905628.6579,139119901.6701
601398.SH,20180705,5.17,5.29,5.16,5.23,5.16,0.07,1.36,1865183.48,972388.008,0.0692,1.14,6.5164,0.891,2.5657,35640625.7089,26961221.2539,2156398.6024,186400472.4575,141007187.1579
601398.SH,20180706,5.23,5.34,5.18,5.29,5.23,0.06,1.15,1925443.72,1013399.712,0.0714,1.14,6.5911,0.9012,2.5952,35640625.7089,26961221.2539,2156398.6024,188538910.0001,142624860.4331
601398.SH,20180709,5.31,5.54,5.31,5.53,5.29,0.24,4.54,2155458.27,1174157.841,0.0799,1.19,6.8902,0.9421,2.7129,35640625.7089,26961221.2539,2156398.6024,197092660.1702,149095553.5341
601398.SH,20180710,5.56,5.57,5.46,5.52,5.53,-0.01,-0.18,1289900.44,709528.373,0.0478,0.69,6.8777,0.9404,2.708,35640625.7089,26961221.2539,2156398.6024,196736253.9131,148825941.3215
601398.SH,20180711,5.41,5.52,5.39,5.48,5.52,-0.04,-0.72,1520448.61,831407.573,0.0564,0.9,6.8279,0.9335,2.6884,35640625.7089,26961221.2539,2156398.6024,195310628.8848,147747492.4714
601398.SH,20180712,5.47,5.67,5.46,5.66,5.48,0.18,3.28,2134622.7,1199927.563,0.0792,1.22,7.0521,0.9642,2.7767,35640625.7089,26961221.2539,2156398.6024,201725941.5124,152600512.2971
601398.SH,20180713,5.45,5.46,5.34,5.36,5.42,-0.06,-1.11,1458769.76,783719.147,0.0541,0.81,6.6784,0.9522,2.6295,35640625.7089,26961221.2539,2156398.6024,191033753.7997,144512145.9209
601398.SH,20180716,5.33,5.35,5.21,5.23,5.36,-0.13,-2.43,1736925.2,912275.287,0.0644,1.01,6.5164,0.9291,2.5657,35640625.7089,26961221.2539,2156398.6024,186400472.4575,141007187.1579
601398.SH,20180717,5.23,5.24,5.17,5.23,5.23,0.0,0.0,1018467.79,530286.625,0.0378,0.63,6.5164,0.9291,2.5657,35640625.7089,26961221.2539,2156398.6024,186400472.4575,141007187.1579
601398.SH,20180718,5.24,5.32,5.23,5.23,5.23,0.0,0.0,963695.58,507877.468,0.0357,0.61,6.5164,0.9291,2.5657,35640625.7089,26961221.2539,2156398.6024,186400472.4575,141007187.1579
601398.SH,20180719,5.24,5.25,5.14,5.17,5.23,-0.06,-1.15,1086481.58,563235.878,0.0403,0.74,6.4416,0.9184,2.5363,35640625.7089,26961221.2539,2156398.6024,184262034.915,139389513.8827
601398.SH,20180720,5.16,5.51,5.13,5.47,5.17,0.3,5.8027,3585294.46,1922223.457,0.133,2.86,6.8154,0.9717,2.6835,35640625.7089,26961221.2539,2156398.6024,194954222.6277,147477880.2588
601398.SH,20180723,5.48,5.71,5.43,5.6,5.47,0.13,2.3766,3924490.34,2191821.315,0.1456,2.34,6.9774,0.9948,2.7472,35640625.7089,26961221.2539,2156398.6024,199587503.9698,150982839.0218
601398.SH,20180724,5.62,5.73,5.58,5.61,5.6,0.01,0.1786,2633342.77,1486706.112,0.0977,1.24,6.9898,0.9966,2.7521,35640625.7089,26961221.2539,2156398.6024,199943910.2269,151252451.2344
601398.SH,20180725,5.61,5.64,5.55,5.62,5.61,0.01,0.1783,1904414.57,1065617.545,0.0706,0.78,7.0023,0.9984,2.7571,35640625.7089,26961221.2539,2156398.6024,200300316.484,151522063.4469
601398.SH,20180726,5.62,5.68,5.5,5.55,5.62,-0.07,-1.2456,1997142.53,1111538.907,0.0741,0.76,6.9151,0.9859,2.7227,35640625.7089,26961221.2539,2156398.6024,197805472.6844,149634777.9591
601398.SH,20180727,5.53,5.57,5.5,5.54,5.55,-0.01,-0.1802,1142407.7,632774.801,0.0424,0.41,6.9026,0.9841,2.7178,35640625.7089,26961221.2539,2156398.6024,197449066.4273,149365165.7466
601398.SH,20180730,5.53,5.65,5.52,5.59,5.54,0.05,0.9025,1711754.64,956312.739,0.0635,0.74,6.9649,0.993,2.7423,35640625.7089,26961221.2539,2156398.6024,199231097.7128,150713226.8093
601398.SH,20180731,5.59,5.68,5.53,5.65,5.59,0.06,1.0733,1311608.8,736427.123,0.0486,0.7,7.0397,1.0037,2.7718,35640625.7089,26961221.2539,2156398.6024,201369535.2553,152330900.0845
601398.SH,20180801,5.65,5.71,5.54,5.55,5.65,-0.1,-1.7699,1648041.18,928819.142,0.0611,1.02,6.9151,0.9859,2.7227,35640625.7089,26961221.2539,2156398.6024,197805472.6844,149634777.9591
601398.SH,20180802,5.52,5.54,5.41,5.44,5.55,-0.11,-1.982,1498228.51,818683.972,0.0556,0.96,6.778,0.9664,2.6687,35640625.7089,26961221.2539,2156398.6024,193885003.8564,146669043.6212
601398.SH,20180803,5.44,5.54,5.43,5.48,5.44,0.04,0.7353,1617001.94,889834.111,0.06,1.11,6.8279,0.9735,2.6884,35640625.7089,26961221.2539,2156398.6024,195310628.8848,147747492.4714
601398.SH,20180806,5.51,5.6,5.46,5.51,5.48,0.03,0.5474,1377022.65,762142.31,0.0511,0.88,6.8653,0.9788,2.7031,35640625.7089,26961221.2539,2156398.6024,196379847.656,148556329.109
601398.SH,20180807,5.51,5.6,5.44,5.6,5.51,0.09,1.6334,2207547.91,1216576.016,0.0819,1.48,6.9774,0.9948,2.7472,35640625.7089,26961221.2539,2156398.6024,199587503.9698,150982839.0218
601398.SH,20180808,5.56,5.58,5.5,5.51,5.6,-0.09,-1.6071,1213143.7,671774.821,0.045,0.73,6.8653,0.9788,2.7031,35640625.7089,26961221.2539,2156398.6024,196379847.656,148556329.109
601398.SH,20180809,5.47,5.58,5.46,5.57,5.51,0.06,1.0889,1517006.25,840654.618,0.0563,0.96,6.94,0.9895,2.7325,35640625.7089,26961221.2539,2156398.6024,198518285.1986,150174002.3842
601398.SH,20180810,5.55,5.57,5.47,5.5,5.57,-0.07,-1.2567,1559059.95,858992.392,0.0578,0.98,6.8528,0.977,2.6982,35640625.7089,26961221.2539,2156398.6024,196023441.399,148286716.8965
601398.SH,20180813,5.47,5.47,5.31,5.4,5.5,-0.1,-1.8182,2190260.56,1177448.31,0.0812,1.39,6.7282,0.9593,2.6491,35640625.7089,26961221.2539,2156398.6024,192459378.8281,145590594.7711
601398.SH,20180814,5.37,5.39,5.31,5.38,5.4,-0.02,-0.3704,1520363.2,812656.956,0.0564,0.88,6.7033,0.9557,2.6393,35640625.7089,26961221.2539,2156398.6024,191746566.3139,145051370.346
601398.SH,20180815,5.36,5.36,5.28,5.29,5.38,-0.09,-1.6729,1560965.93,830116.651,0.0579,0.98,6.5911,0.9397,2.5952,35640625.7089,26961221.2539,2156398.6024,188538910.0001,142624860.4331
601398.SH,20180816,5.22,5.33,5.2,5.27,5.29,-0.02,-0.3781,1973864.55,1038415.577,0.0732,1.18,6.5662,0.9362,2.5853,35640625.7089,26961221.2539,2156398.6024,187826097.4859,142085636.0081
601398.SH,20180817,5.3,5.31,5.24,5.26,5.27,-0.01,-0.1898,1401296.78,739626.562,0.052,0.8,6.5538,0.9344,2.5804,35640625.7089,26961221.2539,2156398.6024,187469691.2288,141816023.7955
601398.SH,20180820,5.29,5.39,5.26,5.36,5.26,0.1,1.9011,1520699.38,810195.905,0.0564,0.88,6.6784,0.9522,2.6295,35640625.7089,26961221.2539,2156398.6024,191033753.7997,144512145.9209
601398.SH,20180821,5.38,5.43,5.35,5.4,5.36,0.04,0.7463,1487702.75,804435.697,0.0552,0.93,6.7282,0.9593,2.6491,35640625.7089,26961221.2539,2156398.6024,192459378.8281,145590594.7711
601398.SH,20180822,5.4,5.45,5.34,5.39,5.4,-0.01,-0.1852,776009.67,417623.0,0.0288,0.49,6.7157,0.9575,2.6442,35640625.7089,26961221.2539,2156398.6024,192102972.571,145320982.5585
601398.SH,20180823,5.38,5.45,5.37,5.4,5.39,0.01,0.1855,911500.13,492518.601,0.0338,0.64,6.7282,0.9593,2.6491,35640625.7089,26961221.2539,2156398.6024,192459378.8281,145590594.7711
601398.SH,20180824,5.39,5.53,5.35,5.49,5.4,0.09,1.6667,1711983.11,933085.403,0.0635,1.4,6.8403,0.9753,2.6933,35640625.7089,26961221.2539,2156398.6024,195667035.1419,148017104.6839
601398.SH,20180827,5.49,5.54,5.43,5.53,5.49,0.04,0.7286,1977216.35,1087290.304,0.0733,1.54,6.8902,0.9824,2.7129,35640625.7089,26961221.2539,2156398.6024,197092660.1702,149095553.5341
601398.SH,20180828,5.53,5.57,5.49,5.51,5.53,-0.02,-0.3617,1207773.18,667682.694,0.0448,0.88,6.8653,0.9788,2.7031,35640625.7089,26961221.2539,2156398.6024,196379847.656,148556329.109
601398.SH,20180829,5.5,5.51,5.45,5.49,5.51,-0.02,-0.363,709947.78,388541.937,0.0263,0.54,6.8403,0.9753,2.6933,35640625.7089,26961221.2539,2156398.6024,195667035.1419,148017104.6839
601398.SH,20180830,5.48,5.5,5.38,5.4,5.49,-0.09,-1.6393,1191030.58,646696.764,0.0442,0.91,6.7282,0.9593,2.6491,35640625.7089,26961221.2539,2156398.6024,192459378.8281,145590594.7711
601398.SH,20180831,5.36,5.48,5.36,5.44,5.4,0.04,0.7407,2154535.08,1168298.958,0.0799,1.58,6.778,0.963,2.6687,35640625.7089,26961221.2539,2156398.6024,193885003.8564,146669043.6212
601398.SH,20180903,5.42,5.47,5.39,5.43,5.44,-0.01,-0.1838,1089986.62,591034.971,0.0404,0.75,6.7656,0.9612,2.6638,35640625.7089,26961221.2539,2156398.6024,193528597.5993,146399431.4087
601398.SH,20180904,5.43,5.47,5.36,5.44,5.43,0.01,0.1842,1279523.61,692475.397,0.0475,1.01,6.778,0.963,2.6687,35640625.7089,26961221.2539,2156398.6024,193885003.8564,146669043.6212
601398.SH,20180905,5.41,5.43,5.35,5.35,5.44,-0.09,-1.6544,1176416.02,632498.333,0.0436,0.92,6.6659,0.947,2.6246,35640625.7089,26961221.2539,2156398.6024,190677347.5426,144242533.7084
601398.SH,20180906,5.33,5.37,5.3,5.33,5.35,-0.02,-0.3738,859739.6,458841.635,0.0319,0.62,6.641,0.9435,2.6148,35640625.7089,26961221.2539,2156398.6024,189964535.0284,143703309.2833
601398.SH,20180907,5.34,5.38,5.32,5.35,5.33,0.02,0.3752,862333.17,461299.835,0.032,0.66,6.6659,0.947,2.6246,35640625.7089,26961221.2539,2156398.6024,190677347.5426,144242533.7084
601398.SH,20180910,5.34,5.4,5.31,5.34,5.35,-0.01,-0.1869,1064815.53,570727.308,0.0395,1.01,6.6534,0.9453,2.6197,35640625.7089,26961221.2539,2156398.6024,190320941.2855,143972921.4958
601398.SH,20180911,5.34,5.39,5.31,5.34,5.34,0.0,0.0,931025.46,497613.979,0.0345,0.89,6.6534,0.9453,2.6197,35640625.7089,26961221.2539,2156398.6024,190320941.2855,143972921.4958
601398.SH,20180912,5.31,5.33,5.28,5.29,5.34,-0.05,-0.9363,1008677.36,534499.953,0.0374,1.03,6.5911,0.9364,2.5952,35640625.7089,26961221.2539,2156398.6024,188538910.0001,142624860.4331
601398.SH,20180913,5.34,5.38,5.3,5.37,5.29,0.08,1.5123,1148164.79,612783.452,0.0426,1.21,6.6908,0.9506,2.6344,35640625.7089,26961221.2539,2156398.6024,191390160.0568,144781758.1334
601398.SH,20180914,5.39,5.39,5.35,5.37,5.37,0.0,0.0,681130.05,365783.31,0.0253,0.68,6.6908,0.9506,2.6344,35640625.7089,26961221.2539,2156398.6024,191390160.0568,144781758.1334
601398.SH,20180917,5.36,5.37,5.31,5.32,5.37,-0.05,-0.9311,835209.49,445943.662,0.031,0.86,6.6285,0.9417,2.6099,35640625.7089,26961221.2539,2156398.6024,189608128.7713,143433697.0707
601398.SH,20180918,5.33,5.39,5.3,5.39,5.32,0.07,1.3158,1126595.07,601913.118,0.0418,1.22,6.7157,0.9541,2.6442,35640625.7089,26961221.2539,2156398.6024,192102972.571,145320982.5585
601398.SH,20180919,5.37,5.46,5.36,5.44,5.39,0.05,0.9276,1767880.92,959117.251,0.0656,1.84,6.778,0.963,2.6687,35640625.7089,26961221.2539,2156398.6024,193885003.8564,146669043.6212
601398.SH,20180920,5.44,5.52,5.44,5.49,5.44,0.05,0.9191,1477091.02,809829.138,0.0548,1.33,6.8403,0.9718,2.6933,35640625.7089,26961221.2539,2156398.6024,195667035.1419,148017104.6839
601398.SH,20180921,5.51,5.75,5.45,5.75,5.49,0.26,4.7359,3285182.06,1848963.749,0.1218,2.79,7.1643,1.0178,2.8208,35640625.7089,26961221.2539,2156398.6024,204933597.8262,155027022.2099
601398.SH,20180925,5.67,5.72,5.64,5.67,5.75,-0.08,-1.3913,2118049.37,1202612.205,0.0786,1.25,7.0646,1.0037,2.7816,35640625.7089,26961221.2539,2156398.6024,202082347.7695,152870124.5096
601398.SH,20180926,5.69,5.77,5.66,5.7,5.67,0.03,0.5291,2327120.67,1331842.938,0.0863,1.19,7.102,1.009,2.7963,35640625.7089,26961221.2539,2156398.6024,203151566.5407,153678961.1472
601398.SH,20180927,5.69,5.71,5.6,5.69,5.7,-0.01,-0.1754,1298206.26,735440.798,0.0482,0.59,7.0895,1.0072,2.7914,35640625.7089,26961221.2539,2156398.6024,202795160.2836,153409348.9347
601398.SH,20180928,5.69,5.8,5.68,5.77,5.69,0.08,1.406,2000095.58,1149909.897,0.0742,0.95,7.1892,1.0214,2.8306,35640625.7089,26961221.2539,2156398.6024,205646410.3404,155566246.635
601398.SH,20181008,5.63,5.64,5.52,5.56,5.77,-0.21,-3.6395,2195532.29,1224027.957,0.0814,1.0,6.9276,0.9842,2.7276,35640625.7089,26961221.2539,2156398.6024,198161878.9415,149904390.1717
601398.SH,20181009,5.52,5.58,5.5,5.53,5.56,-0.03,-0.5396,1478667.55,818145.013,0.0548,0.74,6.8902,0.9789,2.7129,35640625.7089,26961221.2539,2156398.6024,197092660.1702,149095553.5341
601398.SH,20181010,5.54,5.58,5.51,5.55,5.53,0.02,0.3617,1448229.35,802739.697,0.0537,0.78,6.9151,0.9824,2.7227,35640625.7089,26961221.2539,2156398.6024,197805472.6844,149634777.9591
601398.SH,20181011,5.42,5.49,5.36,5.4,5.55,-0.15,-2.7027,2371310.43,1286482.198,0.088,1.41,6.7282,0.9559,2.6491,35640625.7089,26961221.2539,2156398.6024,192459378.8281,145590594.7711
601398.SH,20181012,5.4,5.55,5.4,5.53,5.4,0.13,2.4074,1651175.81,902635.315,0.0612,0.87,6.8902,0.9789,2.7129,35640625.7089,26961221.2539,2156398.6024,197092660.1702,149095553.5341
601398.SH,20181015,5.52,5.52,5.43,5.43,5.53,-0.1,-1.8083,1055919.49,576406.049,0.0392,0.58,6.7656,0.9612,2.6638,35640625.7089,26961221.2539,2156398.6024,193528597.5993,146399431.4087
601398.SH,20181016,5.43,5.52,5.42,5.45,5.43,0.02,0.3683,1016670.05,556342.93,0.0377,0.63,6.7905,0.9647,2.6737,35640625.7089,26961221.2539,2156398.6024,194241410.1135,146938655.8338
601398.SH,20181017,5.5,5.52,5.38,5.43,5.45,-0.02,-0.367,1869574.21,1019074.792,0.0693,1.24,6.7656,0.9612,2.6638,35640625.7089,26961221.2539,2156398.6024,193528597.5993,146399431.4087
601398.SH,20181018,5.42,5.43,5.35,5.35,5.43,-0.08,-1.4733,1497852.99,807226.98,0.0556,0.94,6.6659,0.947,2.6246,35640625.7089,26961221.2539,2156398.6024,190677347.5426,144242533.7084
601398.SH,20181019,5.35,5.52,5.28,5.48,5.35,0.13,2.4299,2483320.11,1345285.816,0.0921,1.75,6.8279,0.9701,2.6884,35640625.7089,26961221.2539,2156398.6024,195310628.8848,147747492.4714
601398.SH,20181022,5.5,5.68,5.5,5.63,5.48,0.15,2.7372,2772704.72,1556976.411,0.1028,1.75,7.0148,0.9966,2.762,35640625.7089,26961221.2539,2156398.6024,200656722.7411,151791675.6595
601398.SH,20181023,5.63,5.66,5.45,5.47,5.63,-0.16,-2.8419,2045772.08,1134478.169,0.0759,1.06,6.8154,0.9683,2.6835,35640625.7089,26961221.2539,2156398.6024,194954222.6277,147477880.2588
601398.SH,20181024,5.46,5.67,5.45,5.62,5.47,0.15,2.7422,2634179.53,1474702.211,0.0977,1.23,7.0023,0.9948,2.7571,35640625.7089,26961221.2539,2156398.6024,200300316.484,151522063.4469
601398.SH,20181025,5.52,5.67,5.47,5.65,5.62,0.03,0.5338,2202105.8,1230959.597,0.0817,0.96,7.0397,1.0001,2.7718,35640625.7089,26961221.2539,2156398.6024,201369535.2553,152330900.0845
601398.SH,20181026,5.66,5.76,5.57,5.69,5.65,0.04,0.708,1992535.84,1122075.31,0.0739,0.82,7.0895,1.0072,2.7914,35640625.7089,26961221.2539,2156398.6024,202795160.2836,153409348.9347
601398.SH,20181029,5.67,5.74,5.53,5.58,5.69,-0.11,-1.9332,1862819.37,1046638.853,0.0691,0.8,6.9525,0.9878,2.7374,35640625.7089,26961221.2539,2156398.6024,198874691.4557,150443614.5968
601398.SH,20181030,5.61,5.68,5.56,5.63,5.58,0.05,0.8961,1517325.06,852383.405,0.0563,0.71,7.0148,0.9966,2.762,35640625.7089,26961221.2539,2156398.6024,200656722.7411,151791675.6595
601398.SH,20181031,5.61,5.65,5.58,5.63,5.63,0.0,0.0,1516160.71,851804.604,0.0562,0.74,7.0148,0.9173,2.762,35640625.7089,26961221.2539,2156398.6024,200656722.7411,151791675.6595
601398.SH,20181101,5.65,5.67,5.55,5.57,5.63,-0.06,-1.0657,1946329.49,1089281.16,0.0722,1.07,6.94,0.9075,2.7325,35640625.7089,26961221.2539,2156398.6024,198518285.1986,150174002.3842
601398.SH,20181102,5.63,5.66,5.54,5.64,5.57,0.07,1.2567,3405294.73,1910514.643,0.1263,1.93,7.0272,0.9189,2.7669,35640625.7089,26961221.2539,2156398.6024,201013128.9982,152061287.872
601398.SH,20181105,5.61,5.62,5.54,5.56,5.64,-0.08,-1.4184,1898292.31,1057512.736,0.0704,0.93,6.9276,0.9058,2.7276,35640625.7089,26961221.2539,2156398.6024,198161878.9415,149904390.1717
601398.SH,20181106,5.57,5.58,5.5,5.53,5.56,-0.03,-0.5396,1581505.7,873981.044,0.0587,0.77,6.8902,0.901,2.7129,35640625.7089,26961221.2539,2156398.6024,197092660.1702,149095553.5341
601398.SH,20181107,5.53,5.57,5.5,5.52,5.53,-0.01,-0.1808,1527558.09,844666.274,0.0567,0.74,6.8777,0.8993,2.708,35640625.7089,26961221.2539,2156398.6024,196736253.9131,148825941.3215
601398.SH,20181108,5.53,5.56,5.51,5.53,5.52,0.01,0.1812,1222918.27,676676.589,0.0454,0.59,6.8902,0.901,2.7129,35640625.7089,26961221.2539,2156398.6024,197092660.1702,149095553.5341
601398.SH,20181109,5.47,5.47,5.3,5.35,5.53,-0.18,-3.255,4099081.93,2191481.176,0.152,2.13,6.6659,0.8716,2.6246,35640625.7089,26961221.2539,2156398.6024,190677347.5426,144242533.7084
601398.SH,20181112,5.31,5.37,5.3,5.36,5.35,0.01,0.1869,1912826.53,1020680.555,0.0709,0.93,6.6784,0.8733,2.6295,35640625.7089,26961221.2539,2156398.6024,191033753.7997,144512145.9209
601398.SH,20181113,5.31,5.41,5.3,5.38,5.36,0.02,0.3731,1966675.07,1052653.345,0.0729,0.95,6.7033,0.8765,2.6393,35640625.7089,26961221.2539,2156398.6024,191746566.3139,145051370.346
601398.SH,20181114,5.37,5.37,5.3,5.31,5.38,-0.07,-1.3011,1771988.18,944287.68,0.0657,0.83,6.6161,0.8651,2.605,35640625.7089,26961221.2539,2156398.6024,189251722.5143,143164084.8582
601398.SH,20181115,5.31,5.35,5.3,5.35,5.31,0.04,0.7533,1208254.58,644050.3,0.0448,0.55,6.6659,0.8716,2.6246,35640625.7089,26961221.2539,2156398.6024,190677347.5426,144242533.7084
601398.SH,20181116,5.35,5.38,5.33,5.34,5.35,-0.01,-0.1869,1395429.89,747277.332,0.0518,0.64,6.6534,0.87,2.6197,35640625.7089,26961221.2539,2156398.6024,190320941.2855,143972921.4958
601398.SH,20181119,5.36,5.41,5.35,5.41,5.34,0.07,1.3109,1768291.25,952026.363,0.0656,1.07,6.7407,0.8814,2.654,35640625.7089,26961221.2539,2156398.6024,192815785.0851,145860206.9836
601398.SH,20181120,5.39,5.4,5.31,5.35,5.41,-0.06,-1.1091,1431497.17,766521.317,0.0531,0.88,6.6659,0.8716,2.6246,35640625.7089,26961221.2539,2156398.6024,190677347.5426,144242533.7084
601398.SH,20181121,5.31,5.37,5.31,5.36,5.35,0.01,0.1869,983231.6,526255.183,0.0365,0.65,6.6784,0.8733,2.6295,35640625.7089,26961221.2539,2156398.6024,191033753.7997,144512145.9209
601398.SH,20181122,5.37,5.38,5.33,5.36,5.36,0.0,0.0,793685.33,424623.56,0.0294,0.58,6.6784,0.8733,2.6295,35640625.7089,26961221.2539,2156398.6024,191033753.7997,144512145.9209
601398.SH,20181123,5.36,5.36,5.32,5.33,5.36,-0.03,-0.5597,897813.62,479130.038,0.0333,0.7,6.641,0.8684,2.6148,35640625.7089,26961221.2539,2156398.6024,189964535.0284,143703309.2833
601398.SH,20181126,5.35,5.38,5.33,5.35,5.33,0.02,0.3752,872378.81,466946.502,0.0324,0.74,6.6659,0.8716,2.6246,35640625.7089,26961221.2539,2156398.6024,190677347.5426,144242533.7084
601398.SH,20181127,5.35,5.35,5.32,5.33,5.35,-0.02,-0.3738,661139.48,352717.518,0.0245,0.66,6.641,0.8684,2.6148,35640625.7089,26961221.2539,2156398.6024,189964535.0284,143703309.2833
601398.SH,20181128,5.33,5.36,5.32,5.35,5.33,0.02,0.3752,779603.74,416929.666,0.0289,0.93,6.6659,0.8716,2.6246,35640625.7089,26961221.2539,2156398.6024,190677347.5426,144242533.7084
601398.SH,20181129,5.37,5.38,5.32,5.33,5.35,-0.02,-0.3738,814643.21,435063.214,0.0302,1.02,6.641,0.8684,2.6148,35640625.7089,26961221.2539,2156398.6024,189964535.0284,143703309.2833
601398.SH,20181130,5.32,5.35,5.31,5.33,5.33,0.0,0.0,611827.37,326057.56,0.0227,0.76,6.641,0.8684,2.6148,35640625.7089,26961221.2539,2156398.6024,189964535.0284,143703309.2833
601398.SH,20181203,5.41,5.44,5.38,5.41,5.33,0.08,1.5009,2223474.05,1203130.644,0.0825,2.97,6.7407,0.8814,2.654,35640625.7089,26961221.2539,2156398.6024,192815785.0851,145860206.9836
601398.SH,20181204,5.41,5.43,5.4,5.42,5.41,0.01,0.1848,963392.72,521579.413,0.0357,0.95,6.7531,0.883,2.6589,35640625.7089,26961221.2539,2156398.6024,193172191.3422,146129819.1961
601398.SH,20181205,5.38,5.41,5.37,5.4,5.42,-0.02,-0.369,948942.01,511551.963,0.0352,0.88,6.7282,0.8798,2.6491,35640625.7089,26961221.2539,2156398.6024,192459378.8281,145590594.7711
601398.SH,20181206,5.35,5.39,5.33,5.35,5.4,-0.05,-0.9259,1126755.87,602594.757,0.0418,1.01,6.6659,0.8716,2.6246,35640625.7089,26961221.2539,2156398.6024,190677347.5426,144242533.7084
601398.SH,20181207,5.35,5.37,5.33,5.35,5.35,0.0,0.0,595983.21,318833.133,0.0221,0.51,6.6659,0.8716,2.6246,35640625.7089,26961221.2539,2156398.6024,190677347.5426,144242533.7084
601398.SH,20181210,5.31,5.34,5.31,5.33,5.35,-0.02,-0.3738,808751.51,430647.457,0.03,0.69,6.641,0.871,2.6148,35640625.7089,26961221.2539,2156398.6024,189964535.0284,143703309.2833
601398.SH,20181211,5.33,5.34,5.31,5.33,5.33,0.0,0.0,607028.59,323017.442,0.0225,0.68,6.641,0.871,2.6148,35640625.7089,26961221.2539,2156398.6024,189964535.0284,143703309.2833
601398.SH,20181212,5.34,5.35,5.32,5.34,5.33,0.01,0.1876,622103.27,332160.888,0.0231,0.76,6.6534,0.8727,2.6197,35640625.7089,26961221.2539,2156398.6024,190320941.2855,143972921.4958
601398.SH,20181213,5.35,5.4,5.34,5.39,5.34,0.05,0.9363,976390.78,524792.111,0.0362,1.3,6.7157,0.8808,2.6442,35640625.7089,26961221.2539,2156398.6024,192102972.571,145320982.5585
601398.SH,20181214,5.36,5.38,5.34,5.35,5.39,-0.04,-0.7421,751594.34,402565.671,0.0279,1.04,6.6659,0.8743,2.6246,35640625.7089,26961221.2539,2156398.6024,190677347.5426,144242533.7084
601398.SH,20181217,5.33,5.37,5.32,5.37,5.35,0.02,0.3738,818948.7,438320.427,0.0304,1.09,6.6908,0.8776,2.6344,35640625.7089,26961221.2539,2156398.6024,191390160.0568,144781758.1334
601398.SH,20181218,5.35,5.36,5.33,5.35,5.37,-0.02,-0.3724,976967.36,522120.363,0.0362,1.29,6.6659,0.8743,2.6246,35640625.7089,26961221.2539,2156398.6024,190677347.5426,144242533.7084
601398.SH,20181219,5.36,5.37,5.32,5.33,5.35,-0.02,-0.3738,983026.93,526282.004,0.0365,1.19,6.641,0.871,2.6148,35640625.7089,26961221.2539,2156398.6024,189964535.0284,143703309.2833
601398.SH,20181220,5.33,5.35,5.2,5.23,5.33,-0.1,-1.8762,1853115.87,971134.825,0.0687,2.06,6.5164,0.8547,2.5657,35640625.7089,26961221.2539,2156398.6024,186400472.4575,141007187.1579
601398.SH,20181221,5.2,5.21,5.1,5.19,5.23,-0.04,-0.7648,2021416.64,1037461.964,0.075,1.88,6.4665,0.8482,2.5461,35640625.7089,26961221.2539,2156398.6024,184974847.4292,139928738.3077
601398.SH,20181224,5.14,5.23,5.12,5.22,5.19,0.03,0.578,1082039.25,559448.435,0.0401,0.81,6.5039,0.8531,2.5608,35640625.7089,26961221.2539,2156398.6024,186044066.2005,140737574.9454
601398.SH,20181225,5.16,5.26,5.16,5.23,5.22,0.01,0.1916,1662552.82,864574.243,0.0617,1.2,6.5164,0.8547,2.5657,35640625.7089,26961221.2539,2156398.6024,186400472.4575,141007187.1579
601398.SH,20181226,5.22,5.28,5.21,5.27,5.23,0.04,0.7648,898617.28,472229.363,0.0333,0.59,6.5662,0.8612,2.5853,35640625.7089,26961221.2539,2156398.6024,187826097.4859,142085636.0081
601398.SH,20181227,5.3,5.32,5.27,5.28,5.27,0.01,0.1898,1016874.85,538020.359,0.0377,0.68,6.5787,0.8629,2.5903,35640625.7089,26961221.2539,2156398.6024,188182503.743,142355248.2206
601398.SH,20181228,5.3,5.34,5.29,5.29,5.28,0.01,0.1894,1115319.0,592871.422,0.0414,0.83,6.5911,0.8645,2.5952,35640625.7089,26961221.2539,2156398.6024,188538910.0001,142624860.4331
601398.SH,20190102,5.3,5.31,5.17,5.2,5.29,-0.09,-1.7013,1131849.0,589032.055,0.042,0.98,6.479,0.8498,2.551,35640625.7089,26961221.2539,2156398.6024,185331253.6863,140198350.5203
601398.SH,20190103,5.18,5.23,5.17,5.2,5.2,0.0,0.0,943284.27,489960.755,0.035,0.81,6.479,0.8498,2.551,35640625.7089,26961221.2539,2156398.6024,185331253.6863,140198350.5203
601398.SH,20190104,5.18,5.28,5.15,5.27,5.2,0.07,1.3462,1224420.27,639955.298,0.0454,1.2,6.5662,0.8612,2.5853,35640625.7089,26961221.2539,2156398.6024,187826097.4859,142085636.0081
601398.SH,20190107,5.3,5.3,5.23,5.24,5.27,-0.03,-0.5693,999757.87,525367.219,0.0371,0.92,6.5288,0.8563,2.5706,35640625.7089,26961221.2539,2156398.6024,186756878.7146,141276799.3704
601398.SH,20190108,5.25,5.25,5.18,5.2,5.24,-0.04,-0.7634,1129184.31,586983.187,0.0419,1.04,6.479,0.8498,2.551,35640625.7089,26961221.2539,2156398.6024,185331253.6863,140198350.5203
601398.SH,20190109,5.21,5.29,5.2,5.26,5.2,0.06,1.1538,1761937.93,927673.984,0.0654,1.62,6.5538,0.8596,2.5804,35640625.7089,26961221.2539,2156398.6024,187469691.2288,141816023.7955
601398.SH,20190110,5.24,5.26,5.2,5.22,5.26,-0.04,-0.7605,839222.43,438941.576,0.0311,0.69,6.5039,0.8531,2.5608,35640625.7089,26961221.2539,2156398.6024,186044066.2005,140737574.9454
601398.SH,20190111,5.23,5.25,5.21,5.24,5.22,0.02,0.3831,838921.8,438851.591,0.0311,0.7,6.5288,0.8563,2.5706,35640625.7089,26961221.2539,2156398.6024,186756878.7146,141276799.3704
601398.SH,20190114,5.26,5.26,5.18,5.2,5.24,-0.04,-0.7634,951456.97,495446.484,0.0353,0.85,6.479,0.8498,2.551,35640625.7089,26961221.2539,2156398.6024,185331253.6863,140198350.5203
601398.SH,20190115,5.21,5.25,5.19,5.23,5.2,0.03,0.5769,1189012.04,620636.208,0.0441,1.08,6.5164,0.8547,2.5657,35640625.7089,26961221.2539,2156398.6024,186400472.4575,141007187.1579
601398.SH,20190116,5.23,5.24,5.21,5.24,5.23,0.01,0.1912,873639.57,456703.388,0.0324,0.78,6.5288,0.8563,2.5706,35640625.7089,26961221.2539,2156398.6024,186756878.7146,141276799.3704
601398.SH,20190117,5.25,5.31,5.22,5.25,5.24,0.01,0.1908,1673145.24,880743.74,0.0621,1.78,6.5413,0.858,2.5755,35640625.7089,26961221.2539,2156398.6024,187113284.9717,141546411.583
601398.SH,20190118,5.27,5.4,5.25,5.39,5.25,0.14,2.6667,2517758.98,1347139.882,0.0934,2.28,6.7157,0.8808,2.6442,35640625.7089,26961221.2539,2156398.6024,192102972.571,145320982.5585
601398.SH,20190121,5.41,5.48,5.4,5.45,5.39,0.06,1.1132,2126181.57,1155980.186,0.0789,1.48,6.7905,0.8906,2.6737,35640625.7089,26961221.2539,2156398.6024,194241410.1135,146938655.8338
601398.SH,20190122,5.46,5.46,5.37,5.39,5.45,-0.06,-1.1009,1395486.3,755135.234,0.0518,0.83,6.7157,0.8808,2.6442,35640625.7089,26961221.2539,2156398.6024,192102972.571,145320982.5585
601398.SH,20190123,5.4,5.45,5.39,5.44,5.39,0.05,0.9276,1253884.81,680815.339,0.0465,0.73,6.778,0.889,2.6687,35640625.7089,26961221.2539,2156398.6024,193885003.8564,146669043.6212
601398.SH,20190124,5.46,5.47,5.42,5.46,5.44,0.02,0.3676,888219.89,484066.271,0.0329,0.5,6.803,0.8923,2.6786,35640625.7089,26961221.2539,2156398.6024,194597816.3706,147208268.0463
601398.SH,20190125,5.48,5.58,5.48,5.52,5.46,0.06,1.0989,1666269.76,922146.109,0.0618,1.02,6.8777,0.9021,2.708,35640625.7089,26961221.2539,2156398.6024,196736253.9131,148825941.3215
601398.SH,20190128,5.6,5.64,5.48,5.5,5.52,-0.02,-0.3623,1639485.11,911337.389,0.0608,1.12,6.8528,0.8988,2.6982,35640625.7089,26961221.2539,2156398.6024,196023441.399,148286716.8965
601398.SH,20190129,5.51,5.56,5.48,5.54,5.5,0.04,0.7273,1300705.55,717789.267,0.0482,0.95,6.9026,0.9054,2.7178,35640625.7089,26961221.2539,2156398.6024,197449066.4273,149365165.7466
601398.SH,20190130,5.54,5.57,5.51,5.55,5.54,0.01,0.1805,1373696.58,762016.503,0.051,1.02,6.9151,0.907,2.7227,35640625.7089,26961221.2539,2156398.6024,197805472.6844,149634777.9591
601398.SH,20190131,5.57,5.7,5.55,5.66,5.55,0.11,1.982,2251050.48,1270118.548,0.0835,1.64,7.0521,0.925,2.7767,35640625.7089,26961221.2539,2156398.6024,201725941.5124,152600512.2971
601398.SH,20190201,5.68,5.7,5.61,5.65,5.66,-0.01,-0.1767,1436724.42,811725.29,0.0533,0.87,7.0397,0.9233,2.7718,35640625.7089,26961221.2539,2156398.6024,201369535.2553,152330900.0845
601398.SH,20190211,5.62,5.65,5.56,5.64,5.65,-0.01,-0.177,1195632.34,671400.319,0.0443,0.75,7.0272,0.9217,2.7669,35640625.7089,26961221.2539,2156398.6024,201013128.9982,152061287.872
601398.SH,20190212,5.64,5.66,5.59,5.65,5.64,0.01,0.1773,845872.0,476043.887,0.0314,0.56,7.0397,0.9233,2.7718,35640625.7089,26961221.2539,2156398.6024,201369535.2553,152330900.0845
601398.SH,20190213,5.65,5.74,5.61,5.71,5.65,0.06,1.0619,1757538.81,996024.2,0.0652,1.24,7.1144,0.9331,2.8012,35640625.7089,26961221.2539,2156398.6024,203507972.7978,153948573.3598
601398.SH,20190214,5.69,5.7,5.63,5.65,5.71,-0.06,-1.0508,1554184.76,878284.583,0.0576,1.04,7.0397,0.9233,2.7718,35640625.7089,26961221.2539,2156398.6024,201369535.2553,152330900.0845
601398.SH,20190215,5.63,5.63,5.48,5.51,5.65,-0.14,-2.4779,2130583.23,1182691.504,0.079,1.57,6.8653,0.9004,2.7031,35640625.7089,26961221.2539,2156398.6024,196379847.656,148556329.109
601398.SH,20190218,5.54,5.6,5.53,5.6,5.51,0.09,1.6334,1874015.57,1043454.663,0.0695,1.25,6.9774,0.9152,2.7472,35640625.7089,26961221.2539,2156398.6024,199587503.9698,150982839.0218
601398.SH,20190219,5.59,5.64,5.55,5.57,5.6,-0.03,-0.5357,2126730.98,1186283.471,0.0789,1.3,6.94,0.9103,2.7325,35640625.7089,26961221.2539,2156398.6024,198518285.1986,150174002.3842
601398.SH,20190220,5.58,5.6,5.55,5.57,5.57,0.0,0.0,1068611.46,595932.403,0.0396,0.57,6.94,0.9103,2.7325,35640625.7089,26961221.2539,2156398.6024,198518285.1986,150174002.3842
601398.SH,20190221,5.57,5.61,5.54,5.56,5.57,-0.01,-0.1795,1583102.23,881970.594,0.0587,0.9,6.9276,0.9086,2.7276,35640625.7089,26961221.2539,2156398.6024,198161878.9415,149904390.1717
601398.SH,20190222,5.55,5.55,5.47,5.55,5.56,-0.01,-0.1799,2983245.78,1643297.727,0.1106,1.7,6.9151,0.907,2.7227,35640625.7089,26961221.2539,2156398.6024,197805472.6844,149634777.9591
601398.SH,20190225,5.57,5.9,5.57,5.9,5.55,0.35,6.3063,6769225.45,3865185.131,0.2511,3.51,7.3512,0.9642,2.8944,35640625.7089,26961221.2539,2156398.6024,210279691.6825,159071205.398
601398.SH,20190226,5.89,5.9,5.74,5.77,5.9,-0.13,-2.2034,4585219.51,2666027.06,0.1701,1.58,7.1892,0.9429,2.8306,35640625.7089,26961221.2539,2156398.6024,205646410.3404,155566246.635
601398.SH,20190227,5.78,5.93,5.73,5.81,5.77,0.04,0.6932,4815141.88,2799706.27,0.1786,1.42,7.239,0.9495,2.8503,35640625.7089,26961221.2539,2156398.6024,207072035.3687,156644695.4852
601398.SH,20190228,5.79,5.83,5.71,5.75,5.81,-0.06,-1.0327,2787211.81,1607625.827,0.1034,0.67,7.1643,0.9397,2.8208,35640625.7089,26961221.2539,2156398.6024,204933597.8262,155027022.2099
601398.SH,20190301,5.77,5.86,5.71,5.85,5.75,0.1,1.7391,3372006.5,1946441.855,0.1251,0.77,7.2889,0.956,2.8699,35640625.7089,26961221.2539,2156398.6024,208497660.3971,157723144.3353
601398.SH,20190304,5.9,5.99,5.83,5.86,5.85,0.01,0.1709,6018263.96,3548348.327,0.2232,1.35,7.3013,0.9576,2.8748,35640625.7089,26961221.2539,2156398.6024,208854066.6542,157992756.5479
601398.SH,20190305,5.83,5.84,5.77,5.82,5.86,-0.04,-0.6826,3327884.98,1930794.205,0.1234,0.77,7.2515,0.9511,2.8552,35640625.7089,26961221.2539,2156398.6024,207428441.6258,156914307.6977
601398.SH,20190306,5.8,5.85,5.79,5.85,5.82,0.03,0.5155,3261569.6,1897117.848,0.121,0.8,7.2889,0.956,2.8699,35640625.7089,26961221.2539,2156398.6024,208497660.3971,157723144.3353
601398.SH,20190307,5.84,5.84,5.74,5.76,5.85,-0.09,-1.5385,4004888.19,2314378.722,0.1485,1.07,7.1767,0.9413,2.8257,35640625.7089,26961221.2539,2156398.6024,205290004.0833,155296634.4225
601398.SH,20190308,5.7,5.7,5.58,5.59,5.76,-0.17,-2.9514,3578249.97,2021357.634,0.1327,0.9,6.9649,0.9135,2.7423,35640625.7089,26961221.2539,2156398.6024,199231097.7128,150713226.8093
601398.SH,20190311,5.58,5.63,5.55,5.61,5.59,0.02,0.3578,2320634.38,1296366.8,0.0861,0.57,6.9898,0.9168,2.7521,35640625.7089,26961221.2539,2156398.6024,199943910.2269,151252451.2344
601398.SH,20190312,5.63,5.68,5.6,5.62,5.61,0.01,0.1783,2743039.42,1547955.028,0.1017,0.83,7.0023,0.9184,2.7571,35640625.7089,26961221.2539,2156398.6024,200300316.484,151522063.4469
601398.SH,20190313,5.61,5.61,5.54,5.58,5.62,-0.04,-0.7117,3065094.53,1706659.371,0.1137,0.96,6.9525,0.9119,2.7374,35640625.7089,26961221.2539,2156398.6024,198874691.4557,150443614.5968
601398.SH,20190314,5.57,5.61,5.54,5.57,5.58,-0.01,-0.1792,2263955.59,1262154.847,0.084,0.72,6.94,0.9103,2.7325,35640625.7089,26961221.2539,2156398.6024,198518285.1986,150174002.3842
601398.SH,20190315,5.56,5.62,5.56,5.58,5.57,0.01,0.1795,2500673.44,1396909.155,0.0928,0.89,6.9525,0.9119,2.7374,35640625.7089,26961221.2539,2156398.6024,198874691.4557,150443614.5968
601398.SH,20190318,5.57,5.65,5.56,5.65,5.58,0.07,1.2545,3633998.29,2037487.807,0.1348,1.41,7.0397,0.9233,2.7718,35640625.7089,26961221.2539,2156398.6024,201369535.2553,152330900.0845
601398.SH,20190319,5.67,5.67,5.62,5.65,5.65,0.0,0.0,2457470.81,1387001.937,0.0911,0.86,7.0397,0.9233,2.7718,35640625.7089,26961221.2539,2156398.6024,201369535.2553,152330900.0845
601398.SH,20190320,5.63,5.65,5.59,5.61,5.65,-0.04,-0.708,2362450.06,1327840.234,0.0876,0.85,6.9898,0.9168,2.7521,35640625.7089,26961221.2539,2156398.6024,199943910.2269,151252451.2344
601398.SH,20190321,5.61,5.62,5.58,5.59,5.61,-0.02,-0.3565,2315734.32,1296886.937,0.0859,0.88,6.9649,0.9135,2.7423,35640625.7089,26961221.2539,2156398.6024,199231097.7128,150713226.8093
601398.SH,20190322,5.59,5.6,5.55,5.58,5.59,-0.01,-0.1789,1912400.61,1065810.875,0.0709,0.72,6.9525,0.9119,2.7374,35640625.7089,26961221.2539,2156398.6024,198874691.4557,150443614.5968
601398.SH,20190325,5.53,5.55,5.46,5.47,5.58,-0.11,-1.9713,3218764.22,1773948.858,0.1194,1.27,6.8154,0.8939,2.6835,35640625.7089,26961221.2539,2156398.6024,194954222.6277,147477880.2588
601398.SH,20190326,5.49,5.49,5.43,5.45,5.47,-0.02,-0.3656,2079400.75,1134356.207,0.0771,0.85,6.7905,0.8906,2.6737,35640625.7089,26961221.2539,2156398.6024,194241410.1135,146938655.8338
601398.SH,20190327,5.46,5.54,5.45,5.51,5.45,0.06,1.1009,2633869.47,1448761.846,0.0977,1.11,6.8653,0.9004,2.7031,35640625.7089,26961221.2539,2156398.6024,196379847.656,148556329.109
601398.SH,20190328,5.49,5.5,5.44,5.45,5.51,-0.06,-1.0889,1922437.62,1048075.591,0.0713,0.79,6.7905,0.8906,2.6737,35640625.7089,26961221.2539,2156398.6024,194241410.1135,146938655.8338
601398.SH,20190329,5.47,5.58,5.46,5.57,5.45,0.12,2.2018,3916036.43,2167140.511,0.1452,1.66,6.6689,0.8847,2.5655,35640625.7089,26961221.2539,2156398.6024,198518285.1986,150174002.3842
601398.SH,20190401,5.59,5.66,5.59,5.64,5.57,0.07,1.2567,4879282.96,2746619.007,0.181,1.77,6.7527,0.8958,2.5978,35640625.7089,26961221.2539,2156398.6024,201013128.9982,152061287.872
601398.SH,20190402,5.66,5.7,5.64,5.66,5.64,0.02,0.3546,3924760.36,2224158.954,0.1456,1.27,6.7767,0.899,2.607,35640625.7089,26961221.2539,2156398.6024,201725941.5124,152600512.2971
601398.SH,20190403,5.6,5.71,5.6,5.7,5.66,0.04,0.7067,3262867.22,1849272.726,0.121,0.94,6.8246,0.9053,2.6254,35640625.7089,26961221.2539,2156398.6024,203151566.5407,153678961.1472
601398.SH,20190404,5.7,5.83,5.69,5.81,5.7,0.11,1.9298,4524539.54,2613628.429,0.1678,1.26,6.9563,0.9228,2.6761,35640625.7089,26961221.2539,2156398.6024,207072035.3687,156644695.4852
601398.SH,20190408,5.85,5.98,5.78,5.82,5.81,0.01,0.1721,4293673.64,2520826.723,0.1593,1.05,6.9683,0.9244,2.6807,35640625.7089,26961221.2539,2156398.6024,207428441.6258,156914307.6977
601398.SH,20190409,5.81,5.82,5.76,5.78,5.82,-0.04,-0.6873,2408015.73,1393045.154,0.0893,0.58,6.9204,0.918,2.6623,35640625.7089,26961221.2539,2156398.6024,206002816.5974,155835858.8475
601398.SH,20190410,5.75,5.79,5.7,5.75,5.78,-0.03,-0.519,2412362.89,1382006.765,0.0895,0.66,6.8845,0.9133,2.6484,35640625.7089,26961221.2539,2156398.6024,204933597.8262,155027022.2099
601398.SH,20190411,5.75,5.79,5.71,5.73,5.75,-0.02,-0.3478,2171263.6,1248620.756,0.0805,0.64,6.8605,0.9101,2.6392,35640625.7089,26961221.2539,2156398.6024,204220785.312,154487797.7848
601398.SH,20190412,5.72,5.74,5.7,5.73,5.73,0.0,0.0,1536137.61,879599.556,0.057,0.49,6.8605,0.9101,2.6392,35640625.7089,26961221.2539,2156398.6024,204220785.312,154487797.7848
601398.SH,20190415,5.81,5.93,5.8,5.81,5.73,0.08,1.3962,4734974.67,2779941.677,0.1756,1.85,6.9563,0.9228,2.6761,35640625.7089,26961221.2539,2156398.6024,207072035.3687,156644695.4852
601398.SH,20190416,5.78,6.03,5.75,6.0,5.81,0.19,3.2702,5512072.42,3278481.934,0.2044,2.08,7.1838,0.953,2.7636,35640625.7089,26961221.2539,2156398.6024,213843754.2534,161767327.5234
601398.SH,20190417,5.99,6.08,5.96,6.01,6.0,0.01,0.1667,3642938.94,2192184.239,0.1351,1.11,7.1957,0.9546,2.7682,35640625.7089,26961221.2539,2156398.6024,214200160.5105,162036939.7359
601398.SH,20190418,6.01,6.03,5.93,5.94,6.01,-0.07,-1.1647,2164783.99,1291541.522,0.0803,0.62,7.1119,0.9434,2.736,35640625.7089,26961221.2539,2156398.6024,211705316.7109,160149654.2482
601398.SH,20190419,5.94,6.01,5.94,5.98,5.94,0.04,0.6734,1845142.26,1102589.241,0.0684,0.52,7.1598,0.9498,2.7544,35640625.7089,26961221.2539,2156398.6024,213130941.7392,161228103.0983
601398.SH,20190422,5.99,6.0,5.81,5.83,5.98,-0.15,-2.5084,2731242.5,1604367.134,0.1013,0.76,6.9802,0.926,2.6853,35640625.7089,26961221.2539,2156398.6024,207784847.8829,157183919.9102
601398.SH,20190423,5.84,5.85,5.79,5.81,5.83,-0.02,-0.3431,1831041.12,1064237.189,0.0679,0.58,6.9563,0.9228,2.6761,35640625.7089,26961221.2539,2156398.6024,207072035.3687,156644695.4852
601398.SH,20190424,5.82,5.84,5.74,5.81,5.81,0.0,0.0,2091668.08,1213023.884,0.0776,0.86,6.9563,0.9228,2.6761,35640625.7089,26961221.2539,2156398.6024,207072035.3687,156644695.4852
601398.SH,20190425,5.79,5.8,5.71,5.73,5.81,-0.08,-1.3769,2259720.35,1300357.961,0.0838,1.06,6.8605,0.9101,2.6392,35640625.7089,26961221.2539,2156398.6024,204220785.312,154487797.7848
601398.SH,20190426,5.71,5.76,5.7,5.71,5.73,-0.02,-0.349,1840006.08,1053851.685,0.0682,0.86,6.8366,0.9069,2.63,35640625.7089,26961221.2539,2156398.6024,203507972.7978,153948573.3598
601398.SH,20190429,5.73,5.84,5.71,5.8,5.71,0.09,1.5762,2119529.69,1225789.011,0.0786,0.99,6.9443,0.9212,2.6715,35640625.7089,26961221.2539,2156398.6024,206715629.1116,156375083.2726
601398.SH,20190430,5.8,5.83,5.74,5.81,5.8,0.01,0.1724,1850456.85,1071096.005,0.0686,0.91,6.9563,0.8896,2.6761,35640625.7089,26961221.2539,2156398.6024,207072035.3687,156644695.4852
601398.SH,20190506,5.69,5.8,5.56,5.72,5.81,-0.09,-1.5491,3942109.1,2231092.909,0.1462,1.94,6.8485,0.8759,2.6346,35640625.7089,26961221.2539,2156398.6024,203864379.0549,154218185.5723
601398.SH,20190507,5.7,5.71,5.63,5.66,5.72,-0.06,-1.049,1680326.14,952166.816,0.0623,0.7,6.7767,0.8667,2.607,35640625.7089,26961221.2539,2156398.6024,201725941.5124,152600512.2971
601398.SH,20190508,5.6,5.64,5.57,5.59,5.66,-0.07,-1.2367,1355874.56,759565.823,0.0503,0.59,6.6929,0.856,2.5747,35640625.7089,26961221.2539,2156398.6024,199231097.7128,150713226.8093
601398.SH,20190509,5.57,5.58,5.5,5.52,5.59,-0.07,-1.2522,1676489.52,927332.814,0.0622,0.77,6.6091,0.8452,2.5425,35640625.7089,26961221.2539,2156398.6024,196736253.9131,148825941.3215
601398.SH,20190510,5.54,5.66,5.5,5.61,5.52,0.09,1.6304,2165359.05,1208207.525,0.0803,1.03,6.7168,0.859,2.584,35640625.7089,26961221.2539,2156398.6024,199943910.2269,151252451.2344
601398.SH,20190513,5.55,5.57,5.53,5.54,5.61,-0.07,-1.2478,1164306.74,645989.042,0.0432,0.54,6.633,0.8483,2.5517,35640625.7089,26961221.2539,2156398.6024,197449066.4273,149365165.7466
601398.SH,20190514,5.51,5.56,5.5,5.52,5.54,-0.02,-0.361,1248745.48,689966.955,0.0463,0.78,6.6091,0.8452,2.5425,35640625.7089,26961221.2539,2156398.6024,196736253.9131,148825941.3215
601398.SH,20190515,5.54,5.59,5.51,5.57,5.52,0.05,0.9058,1615658.26,896828.177,0.0599,1.06,6.6689,0.8529,2.5655,35640625.7089,26961221.2539,2156398.6024,198518285.1986,150174002.3842
601398.SH,20190516,5.54,5.61,5.53,5.59,5.57,0.02,0.3591,1546208.32,861855.987,0.0573,0.98,6.6929,0.856,2.5747,35640625.7089,26961221.2539,2156398.6024,199231097.7128,150713226.8093
601398.SH,20190517,5.6,5.61,5.54,5.57,5.59,-0.02,-0.3578,1594083.38,889465.004,0.0591,1.03,6.6689,0.8529,2.5655,35640625.7089,26961221.2539,2156398.6024,198518285.1986,150174002.3842
601398.SH,20190520,5.56,5.65,5.55,5.61,5.57,0.04,0.7181,2414575.52,1354096.098,0.0896,1.68,6.7168,0.859,2.584,35640625.7089,26961221.2539,2156398.6024,199943910.2269,151252451.2344
601398.SH,20190521,5.61,5.66,5.6,5.64,5.61,0.03,0.5348,1557976.78,878069.666,0.0578,0.93,6.7527,0.8636,2.5978,35640625.7089,26961221.2539,2156398.6024,201013128.9982,152061287.872
601398.SH,20190522,5.64,5.66,5.59,5.65,5.64,0.01,0.1773,1208877.09,681037.705,0.0448,0.69,6.7647,0.8651,2.6024,35640625.7089,26961221.2539,2156398.6024,201369535.2553,152330900.0845
601398.SH,20190523,5.65,5.66,5.62,5.65,5.65,0.0,0.0,1865486.0,1051733.274,0.0692,1.12,6.7647,0.8651,2.6024,35640625.7089,26961221.2539,2156398.6024,201369535.2553,152330900.0845
601398.SH,20190524,5.65,5.72,5.64,5.7,5.65,0.05,0.885,1400200.56,796791.416,0.0519,0.81,6.8246,0.8728,2.6254,35640625.7089,26961221.2539,2156398.6024,203151566.5407,153678961.1472
601398.SH,20190527,5.68,5.69,5.62,5.65,5.7,-0.05,-0.8772,1781055.39,1006664.975,0.0661,1.05,6.7647,0.8651,2.6024,35640625.7089,26961221.2539,2156398.6024,201369535.2553,152330900.0845
601398.SH,20190528,5.66,5.68,5.62,5.67,5.65,0.02,0.354,1893082.19,1070600.877,0.0702,1.21,6.7887,0.8682,2.6116,35640625.7089,26961221.2539,2156398.6024,202082347.7695,152870124.5096
601398.SH,20190529,5.64,5.67,5.62,5.65,5.67,-0.02,-0.3527,1165485.99,657781.033,0.0432,0.72,6.7647,0.8651,2.6024,35640625.7089,26961221.2539,2156398.6024,201369535.2553,152330900.0845
601398.SH,20190530,5.65,5.67,5.62,5.67,5.65,0.02,0.354,1205652.81,680596.423,0.0447,0.74,6.7887,0.8682,2.6116,35640625.7089,26961221.2539,2156398.6024,202082347.7695,152870124.5096
601398.SH,20190531,5.65,5.66,5.6,5.61,5.67,-0.06,-1.0582,1488230.56,837910.267,0.0552,1.0,6.7168,0.859,2.584,35640625.7089,26961221.2539,2156398.6024,199943910.2269,151252451.2344
601398.SH,20190603,5.62,5.7,5.62,5.7,5.61,0.09,1.6043,1869902.03,1059369.588,0.0694,1.24,6.8246,0.8728,2.6254,35640625.7089,26961221.2539,2156398.6024,203151566.5407,153678961.1472
601398.SH,20190604,5.7,5.74,5.68,5.73,5.7,0.03,0.5263,1643915.69,939313.934,0.061,1.08,6.8605,0.8774,2.6392,35640625.7089,26961221.2539,2156398.6024,204220785.312,154487797.7848
601398.SH,20190605,5.74,5.82,5.74,5.76,5.73,0.03,0.5236,1707521.19,987984.988,0.0633,1.16,6.8964,0.882,2.653,35640625.7089,26961221.2539,2156398.6024,205290004.0833,155296634.4225
601398.SH,20190606,5.78,5.79,5.73,5.73,5.76,-0.03,-0.5208,1543094.02,887887.833,0.0572,0.97,6.8605,0.8774,2.6392,35640625.7089,26961221.2539,2156398.6024,204220785.312,154487797.7848
601398.SH,20190610,5.74,5.82,5.74,5.78,5.73,0.05,0.8726,1852676.56,1072572.133,0.0687,1.12,6.9204,0.8851,2.6623,35640625.7089,26961221.2539,2156398.6024,206002816.5974,155835858.8475
601398.SH,20190611,5.78,5.8,5.76,5.79,5.78,0.01,0.173,2598938.16,1502386.897,0.0964,1.51,6.9323,0.8866,2.6669,35640625.7089,26961221.2539,2156398.6024,206359222.8545,156105471.0601
601398.SH,20190612,5.78,5.79,5.74,5.76,5.79,-0.03,-0.5181,1902212.21,1096083.193,0.0706,1.02,6.8964,0.882,2.653,35640625.7089,26961221.2539,2156398.6024,205290004.0833,155296634.4225
601398.SH,20190613,5.75,5.76,5.71,5.73,5.76,-0.03,-0.5208,1640528.94,940707.281,0.0608,0.85,6.8605,0.8774,2.6392,35640625.7089,26961221.2539,2156398.6024,204220785.312,154487797.7848
601398.SH,20190614,5.74,5.78,5.72,5.74,5.73,0.01,0.1745,1482278.28,851421.113,0.055,0.78,6.8725,0.8789,2.6438,35640625.7089,26961221.2539,2156398.6024,204577191.5691,154757409.9974
601398.SH,20190617,5.73,5.77,5.72,5.74,5.74,0.0,0.0,1582082.21,909396.131,0.0587,0.83,6.8725,0.8789,2.6438,35640625.7089,26961221.2539,2156398.6024,204577191.5691,154757409.9974
601398.SH,20190618,5.74,5.76,5.72,5.74,5.74,0.0,0.0,2611020.48,1497382.199,0.0968,1.42,6.8725,0.8789,2.6438,35640625.7089,26961221.2539,2156398.6024,204577191.5691,154757409.9974
601398.SH,20190619,5.81,5.84,5.76,5.78,5.74,0.04,0.6969,4025858.45,2330013.862,0.1493,2.18,6.9204,0.8851,2.6623,35640625.7089,26961221.2539,2156398.6024,206002816.5974,155835858.8475
601398.SH,20190620,5.78,5.9,5.77,5.84,5.78,0.06,1.0381,5875141.52,3422036.508,0.2179,2.59,6.9922,0.8942,2.6899,35640625.7089,26961221.2539,2156398.6024,208141254.14,157453532.1228
601398.SH,20190621,5.84,5.89,5.82,5.85,5.84,0.01,0.1712,3183815.25,1863369.476,0.1181,1.02,7.0042,0.8958,2.6945,35640625.7089,26961221.2539,2156398.6024,208497660.3971,157723144.3353
601398.SH,20190624,5.85,5.88,5.83,5.88,5.85,0.03,0.5128,1785277.88,1044893.557,0.0662,0.52,7.0401,0.9004,2.7083,35640625.7089,26961221.2539,2156398.6024,209566879.1683,158531980.9729
601398.SH,20190625,5.87,5.88,5.77,5.83,5.88,-0.05,-0.8503,2684932.83,1565106.769,0.0996,0.77,6.9802,0.8927,2.6853,35640625.7089,26961221.2539,2156398.6024,207784847.8829,157183919.9102
601398.SH,20190626,5.81,5.86,5.8,5.85,5.83,0.02,0.3431,1375845.93,803732.376,0.051,0.39,7.0042,0.8958,2.6945,35640625.7089,26961221.2539,2156398.6024,208497660.3971,157723144.3353
601398.SH,20190627,5.86,5.92,5.85,5.91,5.85,0.06,1.0256,2244569.16,1323644.589,0.0833,0.75,7.076,0.905,2.7221,35640625.7089,26961221.2539,2156398.6024,210636097.9396,159340817.6105
601398.SH,20190628,5.89,5.91,5.84,5.89,5.91,-0.02,-0.3384,1561974.46,917321.841,0.0579,0.69,7.0521,0.9019,2.7129,35640625.7089,26961221.2539,2156398.6024,209923285.4254,158801593.1855
601398.SH,20190701,5.94,5.97,5.9,5.92,5.89,0.03,0.5093,2927829.68,1733983.996,0.1086,1.52,7.088,0.9065,2.7267,35640625.7089,26961221.2539,2156398.6024,210992504.1967,159610429.8231
601398.SH,20190702,5.91,5.95,5.9,5.93,5.92,0.01,0.1689,2713569.68,1608451.266,0.1006,1.26,7.1,0.908,2.7314,35640625.7089,26961221.2539,2156398.6024,211348910.4538,159880042.0356
601398.SH,20190703,5.68,5.69,5.64,5.67,5.68,-0.01,-0.1761,2096733.68,1186312.926,0.0778,0.97,6.7887,0.9002,2.6116,35640625.7089,26961221.2539,2156398.6024,202082347.7695,152870124.5096
601398.SH,20190704,5.67,5.68,5.65,5.68,5.67,0.01,0.1764,1516906.47,859960.469,0.0563,0.66,6.8006,0.9018,2.6162,35640625.7089,26961221.2539,2156398.6024,202438754.0266,153139736.7222
601398.SH,20190705,5.66,5.68,5.65,5.67,5.68,-0.01,-0.1761,1289392.2,729920.554,0.0478,0.6,6.7887,0.9002,2.6116,35640625.7089,26961221.2539,2156398.6024,202082347.7695,152870124.5096
601398.SH,20190708,5.65,5.66,5.54,5.59,5.67,-0.08,-1.4109,1962590.34,1097056.866,0.0728,0.93,6.6929,0.8875,2.5747,35640625.7089,26961221.2539,2156398.6024,199231097.7128,150713226.8093
601398.SH,20190709,5.57,5.59,5.56,5.58,5.59,-0.01,-0.1789,1193934.89,666052.044,0.0443,0.62,6.6809,0.8859,2.5701,35640625.7089,26961221.2539,2156398.6024,198874691.4557,150443614.5968
601398.SH,20190710,5.58,5.59,5.54,5.55,5.58,-0.03,-0.5376,1056818.05,587125.216,0.0392,0.66,6.645,0.8811,2.5563,35640625.7089,26961221.2539,2156398.6024,197805472.6844,149634777.9591
601398.SH,20190711,5.56,5.58,5.55,5.57,5.55,0.02,0.3604,1062933.61,591679.257,0.0394,0.76,6.6689,0.8843,2.5655,35640625.7089,26961221.2539,2156398.6024,198518285.1986,150174002.3842
601398.SH,20190712,5.58,5.64,5.56,5.62,5.57,0.05,0.8977,1411107.88,790560.846,0.0523,1.07,6.7288,0.8922,2.5886,35640625.7089,26961221.2539,2156398.6024,200300316.484,151522063.4469
601398.SH,20190715,5.6,5.61,5.54,5.6,5.62,-0.02,-0.3559,1261611.57,703712.105,0.0468,0.94,6.7049,0.8891,2.5794,35640625.7089,26961221.2539,2156398.6024,199587503.9698,150982839.0218
601398.SH,20190716,5.6,5.62,5.57,5.61,5.6,0.01,0.1786,808805.41,453192.172,0.03,0.68,6.7168,0.8906,2.584,35640625.7089,26961221.2539,2156398.6024,199943910.2269,151252451.2344
601398.SH,20190717,5.59,5.6,5.55,5.56,5.61,-0.05,-0.8913,1449433.69,806704.397,0.0538,1.29,6.657,0.8827,2.5609,35640625.7089,26961221.2539,2156398.6024,198161878.9415,149904390.1717
601398.SH,20190718,5.54,5.58,5.54,5.57,5.56,0.01,0.1799,1208150.69,671927.101,0.0448,1.01,6.6689,0.8843,2.5655,35640625.7089,26961221.2539,2156398.6024,198518285.1986,150174002.3842
601398.SH,20190719,5.56,5.61,5.56,5.6,5.57,0.03,0.5386,1189488.18,665457.945,0.0441,0.97,6.7049,0.8891,2.5794,35640625.7089,26961221.2539,2156398.6024,199587503.9698,150982839.0218
601398.SH,20190722,5.59,5.65,5.59,5.64,5.6,0.04,0.7143,1604548.21,903329.968,0.0595,1.36,6.7527,0.8954,2.5978,35640625.7089,26961221.2539,2156398.6024,201013128.9982,152061287.872
601398.SH,20190723,5.63,5.66,5.61,5.66,5.64,0.02,0.3546,1210511.76,682694.451,0.0449,0.97,6.7767,0.8986,2.607,35640625.7089,26961221.2539,2156398.6024,201725941.5124,152600512.2971
601398.SH,20190724,5.66,5.7,5.65,5.69,5.66,0.03,0.53,1701762.04,967315.317,0.0631,1.28,6.8126,0.9033,2.6208,35640625.7089,26961221.2539,2156398.6024,202795160.2836,153409348.9347
601398.SH,20190725,5.69,5.69,5.66,5.69,5.69,0.0,0.0,1164247.04,660682.532,0.0432,0.84,6.8126,0.9033,2.6208,35640625.7089,26961221.2539,2156398.6024,202795160.2836,153409348.9347
601398.SH,20190726,5.67,5.7,5.66,5.69,5.69,0.0,0.0,1130750.7,642681.828,0.0419,0.82,6.8126,0.9033,2.6208,35640625.7089,26961221.2539,2156398.6024,202795160.2836,153409348.9347
601398.SH,20190729,5.69,5.69,5.64,5.65,5.69,-0.04,-0.703,1532497.76,866677.467,0.0568,1.12,6.7647,0.897,2.6024,35640625.7089,26961221.2539,2156398.6024,201369535.2553,152330900.0845
601398.SH,20190730,5.67,5.68,5.64,5.66,5.65,0.01,0.177,1340973.79,759884.552,0.0497,0.99,6.7767,0.8986,2.607,35640625.7089,26961221.2539,2156398.6024,201725941.5124,152600512.2971
601398.SH,20190731,5.65,5.66,5.62,5.64,5.66,-0.02,-0.3534,1093150.49,616467.314,0.0405,0.8,6.7527,0.8954,2.5978,35640625.7089,26961221.2539,2156398.6024,201013128.9982,152061287.872
601398.SH,20190801,5.62,5.64,5.6,5.61,5.64,-0.03,-0.5319,1041691.49,585216.834,0.0386,0.83,6.7168,0.8906,2.584,35640625.7089,26961221.2539,2156398.6024,199943910.2269,151252451.2344
601398.SH,20190802,5.56,5.59,5.5,5.56,5.61,-0.05,-0.8913,1636155.34,908481.761,0.0607,1.33,6.657,0.8827,2.5609,35640625.7089,26961221.2539,2156398.6024,198161878.9415,149904390.1717
601398.SH,20190805,5.54,5.55,5.48,5.48,5.56,-0.08,-1.4388,1473191.56,812704.127,0.0546,1.11,6.5612,0.87,2.5241,35640625.7089,26961221.2539,2156398.6024,195310628.8848,147747492.4714
601398.SH,20190806,5.43,5.44,5.4,5.41,5.48,-0.07,-1.2774,1741383.85,943338.864,0.0646,1.32,6.4774,0.8589,2.4918,35640625.7089,26961221.2539,2156398.6024,192815785.0851,145860206.9836
601398.SH,20190807,5.43,5.44,5.38,5.39,5.41,-0.02,-0.3697,1121974.85,605815.403,0.0416,0.8,6.4534,0.8557,2.4826,35640625.7089,26961221.2539,2156398.6024,192102972.571,145320982.5585
601398.SH,20190808,5.41,5.45,5.39,5.43,5.39,0.04,0.7421,1308395.72,709635.128,0.0485,0.93,6.5013,0.8621,2.5011,35640625.7089,26961221.2539,2156398.6024,193528597.5993,146399431.4087
601398.SH,20190809,5.44,5.49,5.43,5.46,5.43,0.03,0.5525,1509768.36,824562.308,0.056,1.04,6.5372,0.8668,2.5149,35640625.7089,26961221.2539,2156398.6024,194597816.3706,147208268.0463
601398.SH,20190812,5.46,5.53,5.45,5.51,5.46,0.05,0.9158,1138926.66,625444.071,0.0422,0.8,6.5971,0.8748,2.5379,35640625.7089,26961221.2539,2156398.6024,196379847.656,148556329.109
601398.SH,20190813,5.49,5.53,5.48,5.51,5.51,0.0,0.0,1008889.18,555891.366,0.0374,0.74,6.5971,0.8748,2.5379,35640625.7089,26961221.2539,2156398.6024,196379847.656,148556329.109
601398.SH,20190814,5.54,5.56,5.53,5.53,5.51,0.02,0.363,1075702.83,596398.429,0.0399,0.88,6.621,0.8779,2.5471,35640625.7089,26961221.2539,2156398.6024,197092660.1702,149095553.5341
601398.SH,20190815,5.48,5.56,5.46,5.56,5.53,0.03,0.5425,1024084.53,566358.431,0.038,0.85,6.657,0.8827,2.5609,35640625.7089,26961221.2539,2156398.6024,198161878.9415,149904390.1717
601398.SH,20190816,5.56,5.56,5.5,5.5,5.56,-0.06,-1.0791,1152927.63,637791.324,0.0428,1.0,6.5851,0.8732,2.5333,35640625.7089,26961221.2539,2156398.6024,196023441.399,148286716.8965
601398.SH,20190819,5.47,5.5,5.38,5.47,5.5,-0.03,-0.5455,3309679.57,1797812.975,0.1228,3.06,6.5492,0.8684,2.5195,35640625.7089,26961221.2539,2156398.6024,194954222.6277,147477880.2588
601398.SH,20190820,5.46,5.46,5.41,5.42,5.47,-0.05,-0.9141,2349322.25,1273619.748,0.0871,1.55,6.4893,0.8605,2.4964,35640625.7089,26961221.2539,2156398.6024,193172191.3422,146129819.1961
601398.SH,20190821,5.41,5.44,5.4,5.43,5.42,0.01,0.1845,1058217.83,573831.805,0.0392,0.59,6.5013,0.8621,2.5011,35640625.7089,26961221.2539,2156398.6024,193528597.5993,146399431.4087
601398.SH,20190822,5.44,5.44,5.38,5.39,5.43,-0.04,-0.7366,1643501.74,887219.738,0.061,0.92,6.4534,0.8557,2.4826,35640625.7089,26961221.2539,2156398.6024,192102972.571,145320982.5585
601398.SH,20190823,5.4,5.43,5.38,5.42,5.39,0.03,0.5566,1263582.67,683684.532,0.0469,0.66,6.4893,0.8605,2.4964,35640625.7089,26961221.2539,2156398.6024,193172191.3422,146129819.1961
601398.SH,20190826,5.36,5.4,5.36,5.38,5.42,-0.04,-0.738,1390794.15,747568.384,0.0516,0.72,6.4415,0.8541,2.478,35640625.7089,26961221.2539,2156398.6024,191746566.3139,145051370.346
601398.SH,20190827,5.4,5.44,5.38,5.42,5.38,0.04,0.7435,2189476.97,1185475.198,0.0812,1.42,6.4893,0.8605,2.4964,35640625.7089,26961221.2539,2156398.6024,193172191.3422,146129819.1961
601398.SH,20190828,5.41,5.42,5.38,5.4,5.42,-0.02,-0.369,1125786.16,607677.06,0.0418,0.75,6.4654,0.8573,2.4872,35640625.7089,26961221.2539,2156398.6024,192459378.8281,145590594.7711
601398.SH,20190829,5.39,5.42,5.38,5.42,5.4,0.02,0.3704,1285365.86,694284.311,0.0477,0.84,6.4893,0.8605,2.4964,35640625.7089,26961221.2539,2156398.6024,193172191.3422,146129819.1961
601398.SH,20190830,5.44,5.44,5.38,5.39,5.42,-0.03,-0.5535,1528963.91,826775.233,0.0567,1.05,6.4534,0.8558,2.4826,35640625.7089,26961221.2539,2156398.6024,192102972.571,145320982.5585
601398.SH,20190902,5.4,5.42,5.38,5.39,5.39,0.0,0.0,1892707.69,1020599.247,0.0702,1.26,6.4534,0.8558,2.4826,35640625.7089,26961221.2539,2156398.6024,192102972.571,145320982.5585
601398.SH,20190903,5.38,5.4,5.37,5.4,5.39,0.01,0.1855,1232397.49,663234.36,0.0457,0.77,6.4654,0.8574,2.4872,35640625.7089,26961221.2539,2156398.6024,192459378.8281,145590594.7711
601398.SH,20190904,5.4,5.47,5.38,5.47,5.4,0.07,1.2963,2198547.65,1193234.818,0.0815,1.56,6.5492,0.8685,2.5195,35640625.7089,26961221.2539,2156398.6024,194954222.6277,147477880.2588
601398.SH,20190905,5.48,5.54,5.47,5.5,5.47,0.03,0.5484,2959461.64,1630622.336,0.1098,1.82,6.5851,0.8733,2.5333,35640625.7089,26961221.2539,2156398.6024,196023441.399,148286716.8965
601398.SH,20190906,5.51,5.53,5.49,5.52,5.5,0.02,0.3636,1398795.41,771476.211,0.0519,0.71,6.6091,0.8765,2.5425,35640625.7089,26961221.2539,2156398.6024,196736253.9131,148825941.3215
601398.SH,20190909,5.54,5.56,5.49,5.51,5.52,-0.01,-0.1812,1979916.88,1091900.683,0.0734,1.02,6.5971,0.8749,2.5379,35640625.7089,26961221.2539,2156398.6024,196379847.656,148556329.109
601398.SH,20190910,5.51,5.52,5.48,5.5,5.51,-0.01,-0.1815,1621300.15,891826.027,0.0601,0.83,6.5851,0.8733,2.5333,35640625.7089,26961221.2539,2156398.6024,196023441.399,148286716.8965
601398.SH,20190911,5.52,5.56,5.5,5.55,5.5,0.05,0.9091,2026820.89,1121044.832,0.0752,1.0,6.645,0.8812,2.5563,35640625.7089,26961221.2539,2156398.6024,197805472.6844,149634777.9591
601398.SH,20190912,5.55,5.57,5.53,5.57,5.55,0.02,0.3604,1327617.19,736481.643,0.0492,0.66,6.6689,0.8844,2.5655,35640625.7089,26961221.2539,2156398.6024,198518285.1986,150174002.3842
601398.SH,20190916,5.57,5.58,5.55,5.57,5.57,0.0,0.0,1414432.07,786981.778,0.0525,0.85,6.6689,0.8844,2.5655,35640625.7089,26961221.2539,2156398.6024,198518285.1986,150174002.3842
601398.SH,20190917,5.56,5.57,5.49,5.51,5.57,-0.06,-1.0772,1372554.14,758429.381,0.0509,0.82,6.5971,0.8749,2.5379,35640625.7089,26961221.2539,2156398.6024,196379847.656,148556329.109
601398.SH,20190918,5.52,5.53,5.49,5.5,5.51,-0.01,-0.1815,932774.8,513953.055,0.0346,0.6,6.5851,0.8733,2.5333,35640625.7089,26961221.2539,2156398.6024,196023441.399,148286716.8965
601398.SH,20190919,5.51,5.51,5.47,5.5,5.5,0.0,0.0,865239.07,474638.527,0.0321,0.61,6.5851,0.8733,2.5333,35640625.7089,26961221.2539,2156398.6024,196023441.399,148286716.8965
601398.SH,20190920,5.51,5.53,5.48,5.53,5.5,0.03,0.5455,1422582.52,784177.784,0.0528,1.2,6.621,0.878,2.5471,35640625.7089,26961221.2539,2156398.6024,197092660.1702,149095553.5341
601398.SH,20190923,5.51,5.52,5.45,5.48,5.53,-0.05,-0.9042,1520159.34,832298.517,0.0564,1.27,6.5612,0.8701,2.5241,35640625.7089,26961221.2539,2156398.6024,195310628.8848,147747492.4714
601398.SH,20190924,5.48,5.52,5.47,5.5,5.48,0.02,0.365,1013885.91,557207.488,0.0376,0.83,6.5851,0.8733,2.5333,35640625.7089,26961221.2539,2156398.6024,196023441.399,148286716.8965
601398.SH,20190925,5.49,5.52,5.47,5.49,5.5,-0.01,-0.1818,999090.55,549254.645,0.0371,0.87,6.5732,0.8717,2.5287,35640625.7089,26961221.2539,2156398.6024,195667035.1419,148017104.6839
601398.SH,20190926,5.51,5.56,5.5,5.55,5.49,0.06,1.0929,2119003.05,1174808.257,0.0786,1.82,6.645,0.8812,2.5563,35640625.7089,26961221.2539,2156398.6024,197805472.6844,149634777.9591
601398.SH,20190927,5.55,5.58,5.48,5.54,5.55,-0.01,-0.1802,1910227.95,1056834.869,0.0709,1.35,6.633,0.8796,2.5517,35640625.7089,26961221.2539,2156398.6024,197449066.4273,149365165.7466
601398.SH,20190930,5.53,5.6,5.52,5.53,5.54,-0.01,-0.1805,1499032.94,833912.971,0.0556,0.99,6.621,0.878,2.5471,35640625.7089,26961221.2539,2156398.6024,197092660.1702,149095553.5341
601398.SH,20191008,5.51,5.58,5.48,5.56,5.53,0.03,0.5425,1253175.91,694816.959,0.0465,0.83,6.657,0.8828,2.5609,35640625.7089,26961221.2539,2156398.6024,198161878.9415,149904390.1717
601398.SH,20191009,5.53,5.6,5.53,5.58,5.56,0.02,0.3597,1231203.36,686629.146,0.0457,0.79,6.6809,0.886,2.5701,35640625.7089,26961221.2539,2156398.6024,198874691.4557,150443614.5968
601398.SH,20191010,5.58,5.58,5.55,5.57,5.58,-0.01,-0.1792,760767.42,423452.59,0.0282,0.47,6.6689,0.8844,2.5655,35640625.7089,26961221.2539,2156398.6024,198518285.1986,150174002.3842
601398.SH,20191011,5.56,5.65,5.56,5.64,5.57,0.07,1.2567,1643201.2,922238.774,0.0609,1.23,6.7527,0.8955,2.5978,35640625.7089,26961221.2539,2156398.6024,201013128.9982,152061287.872
601398.SH,20191014,5.65,5.77,5.64,5.72,5.64,0.08,1.4184,2195180.46,1254701.74,0.0814,1.72,6.8485,0.9082,2.6346,35640625.7089,26961221.2539,2156398.6024,203864379.0549,154218185.5723
601398.SH,20191015,5.71,5.74,5.69,5.72,5.72,0.0,0.0,1143438.34,652994.101,0.0424,0.81,6.8485,0.9082,2.6346,35640625.7089,26961221.2539,2156398.6024,203864379.0549,154218185.5723
601398.SH,20191016,5.75,5.79,5.67,5.72,5.72,0.0,0.0,1414081.81,810716.159,0.0524,1.01,6.8485,0.9082,2.6346,35640625.7089,26961221.2539,2156398.6024,203864379.0549,154218185.5723
601398.SH,20191017,5.71,5.72,5.69,5.71,5.72,-0.01,-0.1748,706609.79,403474.493,0.0262,0.49,6.8366,0.9066,2.63,35640625.7089,26961221.2539,2156398.6024,203507972.7978,153948573.3598
601398.SH,20191018,5.72,5.76,5.66,5.67,5.71,-0.04,-0.7005,1264915.58,721838.808,0.0469,0.89,6.7887,0.9003,2.6116,35640625.7089,26961221.2539,2156398.6024,202082347.7695,152870124.5096
601398.SH,20191021,5.68,5.79,5.67,5.79,5.67,0.12,2.1164,1941045.35,1116127.966,0.072,1.44,6.9323,0.9193,2.6669,35640625.7089,26961221.2539,2156398.6024,206359222.8545,156105471.0601
601398.SH,20191022,5.8,5.81,5.75,5.81,5.79,0.02,0.3454,1107654.65,640665.454,0.0411,0.86,6.9563,0.9225,2.6761,35640625.7089,26961221.2539,2156398.6024,207072035.3687,156644695.4852
601398.SH,20191023,5.79,5.89,5.78,5.87,5.81,0.06,1.0327,1638487.1,957097.644,0.0608,1.27,7.0281,0.932,2.7037,35640625.7089,26961221.2539,2156398.6024,209210472.9112,158262368.7604
601398.SH,20191024,5.87,6.01,5.86,5.92,5.87,0.05,0.8518,2230287.0,1325648.418,0.0827,1.67,7.088,0.94,2.7267,35640625.7089,26961221.2539,2156398.6024,210992504.1967,159610429.8231
601398.SH,20191025,5.91,5.99,5.84,5.98,5.92,0.06,1.0135,1766530.86,1046629.18,0.0655,1.08,7.1598,0.9495,2.7544,35640625.7089,26961221.2539,2156398.6024,213130941.7392,161228103.0983
601398.SH,20191028,6.0,6.02,5.91,5.93,5.98,-0.05,-0.8361,1707052.43,1014224.887,0.0633,0.98,7.1,0.8737,2.7314,35640625.7089,26961221.2539,2156398.6024,211348910.4538,159880042.0356
601398.SH,20191029,5.93,5.97,5.88,5.91,5.93,-0.02,-0.3373,1198014.94,709827.271,0.0444,0.71,7.076,0.8708,2.7221,35640625.7089,26961221.2539,2156398.6024,210636097.9396,159340817.6105
601398.SH,20191030,5.92,5.98,5.9,5.95,5.91,0.04,0.6768,1233569.13,733775.252,0.0458,0.72,7.1239,0.8767,2.7406,35640625.7089,26961221.2539,2156398.6024,212061722.968,160419266.4607
601398.SH,20191031,5.97,5.97,5.87,5.91,5.95,-0.04,-0.6723,969326.43,572353.999,0.036,0.6,7.076,0.8708,2.7221,35640625.7089,26961221.2539,2156398.6024,210636097.9396,159340817.6105
601398.SH,20191101,5.9,5.97,5.82,5.94,5.91,0.03,0.5076,1331794.14,785011.338,0.0494,0.97,7.1119,0.8752,2.736,35640625.7089,26961221.2539,2156398.6024,211705316.7109,160149654.2482
601398.SH,20191104,5.94,5.97,5.9,5.9,5.94,-0.04,-0.6734,1121642.13,664293.605,0.0416,0.87,7.064,0.8693,2.7175,35640625.7089,26961221.2539,2156398.6024,210279691.6825,159071205.398
601398.SH,20191105,5.91,6.0,5.89,5.92,5.9,0.02,0.339,2021852.18,1202831.879,0.075,1.73,7.088,0.8723,2.7267,35640625.7089,26961221.2539,2156398.6024,210992504.1967,159610429.8231
601398.SH,20191106,5.91,6.0,5.9,5.98,5.92,0.06,1.0135,1566204.23,932669.708,0.0581,1.17,7.1598,0.8811,2.7544,35640625.7089,26961221.2539,2156398.6024,213130941.7392,161228103.0983
601398.SH,20191107,5.98,5.99,5.93,5.95,5.98,-0.03,-0.5017,1102570.31,657380.18,0.0409,0.79,7.1239,0.8767,2.7406,35640625.7089,26961221.2539,2156398.6024,212061722.968,160419266.4607
601398.SH,20191108,5.98,5.99,5.86,5.87,5.95,-0.08,-1.3445,1704203.98,1006735.31,0.0632,1.19,7.0281,0.8649,2.7037,35640625.7089,26961221.2539,2156398.6024,209210472.9112,158262368.7604
601398.SH,20191111,5.84,5.85,5.75,5.77,5.87,-0.1,-1.7036,1356370.22,785921.491,0.0503,0.9,6.9084,0.8502,2.6577,35640625.7089,26961221.2539,2156398.6024,205646410.3404,155566246.635
601398.SH,20191112,5.77,5.82,5.75,5.8,5.77,0.03,0.5199,875125.54,506219.092,0.0325,0.56,6.9443,0.8546,2.6715,35640625.7089,26961221.2539,2156398.6024,206715629.1116,156375083.2726
601398.SH,20191113,5.79,5.82,5.74,5.78,5.8,-0.02,-0.3448,1066182.66,616839.59,0.0395,0.81,6.9204,0.8516,2.6623,35640625.7089,26961221.2539,2156398.6024,206002816.5974,155835858.8475
601398.SH,20191114,5.77,5.8,5.74,5.75,5.78,-0.03,-0.519,780185.38,449636.131,0.0289,0.64,6.8845,0.8472,2.6484,35640625.7089,26961221.2539,2156398.6024,204933597.8262,155027022.2099
601398.SH,20191115,5.76,5.81,5.75,5.79,5.75,0.04,0.6957,930179.06,537829.174,0.0345,0.8,6.9323,0.8531,2.6669,35640625.7089,26961221.2539,2156398.6024,206359222.8545,156105471.0601
601398.SH,20191118,5.78,5.82,5.76,5.82,5.79,0.03,0.5181,838837.82,486225.054,0.0311,0.84,6.9683,0.8575,2.6807,35640625.7089,26961221.2539,2156398.6024,207428441.6258,156914307.6977
601398.SH,20191119,5.81,5.85,5.8,5.85,5.82,0.03,0.5155,1010758.35,589556.586,0.0375,1.13,7.0042,0.862,2.6945,35640625.7089,26961221.2539,2156398.6024,208497660.3971,157723144.3353
601398.SH,20191120,5.83,5.85,5.79,5.8,5.85,-0.05,-0.8547,707739.95,411396.344,0.0263,0.76,6.9443,0.8546,2.6715,35640625.7089,26961221.2539,2156398.6024,206715629.1116,156375083.2726
601398.SH,20191121,5.77,5.78,5.71,5.73,5.8,-0.07,-1.2069,1420982.83,814571.213,0.0527,1.66,6.8605,0.8443,2.6392,35640625.7089,26961221.2539,2156398.6024,204220785.312,154487797.7848
601398.SH,20191122,5.73,5.75,5.71,5.71,5.73,-0.02,-0.349,1115087.37,639050.192,0.0414,1.14,6.8366,0.8413,2.63,35640625.7089,26961221.2539,2156398.6024,203507972.7978,153948573.3598
601398.SH,20191125,5.72,5.85,5.71,5.83,5.71,0.12,2.1016,1916305.2,1112388.234,0.0711,1.88,6.9802,0.859,2.6853,35640625.7089,26961221.2539,2156398.6024,207784847.8829,157183919.9102
601398.SH,20191126,5.85,5.89,5.83,5.85,5.83,0.02,0.3431,1536792.3,900597.531,0.057,1.25,7.0042,0.862,2.6945,35640625.7089,26961221.2539,2156398.6024,208497660.3971,157723144.3353
601398.SH,20191127,5.86,5.89,5.83,5.88,5.85,0.03,0.5128,863818.62,506920.677,0.032,0.64,7.0401,0.8664,2.7083,35640625.7089,26961221.2539,2156398.6024,209566879.1683,158531980.9729
601398.SH,20191128,5.87,5.88,5.82,5.84,5.88,-0.04,-0.6803,754976.65,441313.058,0.028,0.55,6.9922,0.8605,2.6899,35640625.7089,26961221.2539,2156398.6024,208141254.14,157453532.1228
601398.SH,20191129,5.82,5.88,5.79,5.79,5.84,-0.05,-0.8562,1032189.13,601912.619,0.0383,0.83,6.9323,0.8531,2.6669,35640625.7089,26961221.2539,2156398.6024,206359222.8545,156105471.0601
601398.SH,20191202,5.8,5.83,5.8,5.81,5.79,0.02,0.3454,850038.34,493980.584,0.0315,0.7,6.9563,0.8561,2.6761,35640625.7089,26961221.2539,2156398.6024,207072035.3687,156644695.4852
601398.SH,20191203,5.8,5.82,5.76,5.79,5.81,-0.02,-0.3442,747954.77,433027.81,0.0277,0.74,6.9323,0.8531,2.6669,35640625.7089,26961221.2539,2156398.6024,206359222.8545,156105471.0601
601398.SH,20191204,5.79,5.79,5.74,5.76,5.79,-0.03,-0.5181,929448.79,535386.415,0.0345,1.09,6.8964,0.8487,2.653,35640625.7089,26961221.2539,2156398.6024,205290004.0833,155296634.4225
601398.SH,20191205,5.78,5.8,5.75,5.77,5.76,0.01,0.1736,790213.95,456172.044,0.0293,0.92,6.9084,0.8502,2.6577,35640625.7089,26961221.2539,2156398.6024,205646410.3404,155566246.635
601398.SH,20191206,5.77,5.79,5.72,5.75,5.77,-0.02,-0.3466,1096040.45,629666.588,0.0407,1.26,6.8845,0.8472,2.6484,35640625.7089,26961221.2539,2156398.6024,204933597.8262,155027022.2099
601398.SH,20191209,5.74,5.76,5.7,5.74,5.75,-0.01,-0.1739,1104982.01,632087.933,0.041,1.25,6.8725,0.8458,2.6438,35640625.7089,26961221.2539,2156398.6024,204577191.5691,154757409.9974
601398.SH,20191210,5.73,5.73,5.69,5.7,5.74,-0.04,-0.6969,977657.65,557745.079,0.0363,1.05,6.8246,0.8399,2.6254,35640625.7089,26961221.2539,2156398.6024,203151566.5407,153678961.1472
601398.SH,20191211,5.71,5.75,5.69,5.75,5.7,0.05,0.8772,1128807.54,646313.686,0.0419,1.15,6.8845,0.8472,2.6484,35640625.7089,26961221.2539,2156398.6024,204933597.8262,155027022.2099
601398.SH,20191212,5.75,5.76,5.72,5.74,5.75,-0.01,-0.1739,909605.65,522169.061,0.0337,0.89,6.8725,0.8458,2.6438,35640625.7089,26961221.2539,2156398.6024,204577191.5691,154757409.9974
601398.SH,20191213,5.78,5.82,5.75,5.82,5.74,0.08,1.3937,1494336.87,864842.609,0.0554,1.43,6.9683,0.8575,2.6807,35640625.7089,26961221.2539,2156398.6024,207428441.6258,156914307.6977
601398.SH,20191216,5.81,5.81,5.76,5.78,5.82,-0.04,-0.6873,1411578.62,815376.177,0.0524,1.26,6.9204,0.8516,2.6623,35640625.7089,26961221.2539,2156398.6024,206002816.5974,155835858.8475
601398.SH,20191217,5.79,5.88,5.75,5.84,5.78,0.06,1.0381,2384927.11,1386519.848,0.0885,2.01,6.9922,0.8605,2.6899,35640625.7089,26961221.2539,2156398.6024,208141254.14,157453532.1228
601398.SH,20191218,5.83,5.92,5.82,5.87,5.84,0.03,0.5137,1844467.06,1083556.133,0.0684,1.26,7.0281,0.8649,2.7037,35640625.7089,26961221.2539,2156398.6024,209210472.9112,158262368.7604
601398.SH,20191219,5.87,5.95,5.87,5.93,5.87,0.06,1.0221,1668417.19,986230.754,0.0619,1.04,7.1,0.8737,2.7314,35640625.7089,26961221.2539,2156398.6024,211348910.4538,159880042.0356
601398.SH,20191220,5.92,5.95,5.89,5.94,5.93,0.01,0.1686,1201617.86,710919.147,0.0446,0.68,7.1119,0.8752,2.736,35640625.7089,26961221.2539,2156398.6024,211705316.7109,160149654.2482
601398.SH,20191223,5.93,5.93,5.86,5.88,5.94,-0.06,-1.0101,1191389.84,702161.148,0.0442,0.7,7.0401,0.8664,2.7083,35640625.7089,26961221.2539,2156398.6024,209566879.1683,158531980.9729
601398.SH,20191224,5.86,5.88,5.84,5.86,5.88,-0.02,-0.3401,682187.61,400001.44,0.0253,0.41,7.0162,0.8634,2.6991,35640625.7089,26961221.2539,2156398.6024,208854066.6542,157992756.5479
601398.SH,20191225,5.86,5.87,5.83,5.83,5.86,-0.03,-0.5119,781478.48,456919.139,0.029,0.59,6.9802,0.859,2.6853,35640625.7089,26961221.2539,2156398.6024,207784847.8829,157183919.9102
601398.SH,20191226,5.85,5.87,5.82,5.86,5.83,0.03,0.5146,895144.69,523540.97,0.0332,0.81,7.0162,0.8634,2.6991,35640625.7089,26961221.2539,2156398.6024,208854066.6542,157992756.5479
601398.SH,20191227,5.85,5.94,5.85,5.9,5.86,0.04,0.6826,1303194.42,769054.268,0.0483,1.37,7.064,0.8693,2.7175,35640625.7089,26961221.2539,2156398.6024,210279691.6825,159071205.398
601398.SH,20191230,5.88,5.89,5.81,5.89,5.9,-0.01,-0.1695,2106664.99,1233513.921,0.0781,2.17,7.0521,0.8679,2.7129,35640625.7089,26961221.2539,2156398.6024,209923285.4254,158801593.1855
601398.SH,20191231,5.87,5.91,5.84,5.88,5.89,-0.01,-0.1698,1400559.36,821744.258,0.0519,1.21,7.0401,0.8664,2.7083,35640625.7089,26961221.2539,2156398.6024,209566879.1683,158531980.9729
601398.SH,20200102,5.92,6.03,5.91,5.97,5.88,0.09,1.5306,2349493.97,1404442.753,0.0871,1.81,7.1479,0.8796,2.7498,35640625.7089,26961221.2539,2156398.6024,212774535.4821,160958490.8858
601398.SH,20200103,5.97,6.02,5.96,5.99,5.97,0.02,0.335,1522130.47,911951.562,0.0565,0.94,7.1718,0.8826,2.759,35640625.7089,26961221.2539,2156398.6024,213487347.9963,161497715.3109
601398.SH,20200106,5.96,6.05,5.95,5.97,5.99,-0.02,-0.3339,2265097.05,1359917.424,0.084,1.3,7.1479,0.8796,2.7498,35640625.7089,26961221.2539,2156398.6024,212774535.4821,160958490.8858
601398.SH,20200107,5.98,6.04,5.98,6.01,5.97,0.04,0.67,1168043.53,701615.827,0.0433,0.61,7.1957,0.8855,2.7682,35640625.7089,26961221.2539,2156398.6024,214200160.5105,162036939.7359
601398.SH,20200108,5.96,5.97,5.9,5.91,6.01,-0.1,-1.6639,1585590.9,940552.725,0.0588,0.91,7.076,0.8708,2.7221,35640625.7089,26961221.2539,2156398.6024,210636097.9396,159340817.6105
601398.SH,20200109,5.95,5.96,5.88,5.91,5.91,0.0,0.0,1377134.29,813806.686,0.0511,0.77,7.076,0.8708,2.7221,35640625.7089,26961221.2539,2156398.6024,210636097.9396,159340817.6105
601398.SH,20200110,5.91,5.93,5.86,5.91,5.91,0.0,0.0,978377.73,576580.178,0.0363,0.62,7.076,0.8708,2.7221,35640625.7089,26961221.2539,2156398.6024,210636097.9396,159340817.6105
601398.SH,20200113,5.9,5.93,5.87,5.93,5.91,0.02,0.3384,1089910.03,642791.834,0.0404,0.74,7.1,0.8737,2.7314,35640625.7089,26961221.2539,2156398.6024,211348910.4538,159880042.0356
601398.SH,20200114,5.92,5.96,5.91,5.94,5.93,0.01,0.1686,1367700.59,812389.848,0.0507,1.1,7.1119,0.8752,2.736,35640625.7089,26961221.2539,2156398.6024,211705316.7109,160149654.2482
601398.SH,20200115,5.93,5.94,5.87,5.88,5.94,-0.06,-1.0101,1288907.56,759512.875,0.0478,1.01,7.0401,0.8664,2.7083,35640625.7089,26961221.2539,2156398.6024,209566879.1683,158531980.9729
601398.SH,20200116,5.87,5.89,5.79,5.8,5.88,-0.08,-1.3605,2690313.51,1572007.903,0.0998,2.2,6.9443,0.8546,2.6715,35640625.7089,26961221.2539,2156398.6024,206715629.1116,156375083.2726
601398.SH,20200117,5.81,5.84,5.8,5.82,5.8,0.02,0.3448,1039490.27,605076.653,0.0386,0.7,6.9683,0.8575,2.6807,35640625.7089,26961221.2539,2156398.6024,207428441.6258,156914307.6977
601398.SH,20200120,5.81,5.86,5.8,5.84,5.82,0.02,0.3436,1033399.62,602786.615,0.0383,0.69,6.9922,0.8605,2.6899,35640625.7089,26961221.2539,2156398.6024,208141254.14,157453532.1228
601398.SH,20200121,5.82,5.83,5.76,5.77,5.84,-0.07,-1.1986,1432236.69,828268.482,0.0531,0.97,6.9084,0.8502,2.6577,35640625.7089,26961221.2539,2156398.6024,205646410.3404,155566246.635
601398.SH,20200122,5.76,5.79,5.71,5.79,5.77,0.02,0.3466,1283707.88,738870.049,0.0476,0.86,6.9323,0.8531,2.6669,35640625.7089,26961221.2539,2156398.6024,206359222.8545,156105471.0601
601398.SH,20200123,5.76,5.78,5.7,5.72,5.79,-0.07,-1.209,2000376.55,1146238.55,0.0742,1.34,6.8485,0.8428,2.6346,35640625.7089,26961221.2539,2156398.6024,203864379.0549,154218185.5723
601398.SH,20200203,5.3,5.58,5.3,5.42,5.72,-0.3,-5.2448,4680399.02,2524272.183,0.1736,3.45,6.4893,0.7986,2.4964,35640625.7089,26961221.2539,2156398.6024,193172191.3422,146129819.1961
601398.SH,20200204,5.39,5.53,5.36,5.5,5.42,0.08,1.476,4013852.61,2178867.252,0.1489,1.92,6.5851,0.8104,2.5333,35640625.7089,26961221.2539,2156398.6024,196023441.399,148286716.8965
601398.SH,20200205,5.49,5.52,5.42,5.49,5.5,-0.01,-0.1818,2508538.05,1374458.723,0.093,0.94,6.5732,0.8089,2.5287,35640625.7089,26961221.2539,2156398.6024,195667035.1419,148017104.6839
601398.SH,20200206,5.5,5.53,5.44,5.5,5.49,0.01,0.1821,2809954.29,1538957.671,0.1042,0.97,6.5851,0.8104,2.5333,35640625.7089,26961221.2539,2156398.6024,196023441.399,148286716.8965
601398.SH,20200207,5.47,5.47,5.4,5.44,5.5,-0.06,-1.0909,2373189.96,1288428.158,0.088,0.74,6.5133,0.8015,2.5057,35640625.7089,26961221.2539,2156398.6024,193885003.8564,146669043.6212
601398.SH,20200210,5.41,5.43,5.38,5.42,5.44,-0.02,-0.3676,1902386.33,1027646.561,0.0706,0.58,6.4893,0.7986,2.4964,35640625.7089,26961221.2539,2156398.6024,193172191.3422,146129819.1961
601398.SH,20200211,5.43,5.47,5.41,5.46,5.42,0.04,0.738,1984984.5,1081002.724,0.0736,0.73,6.5372,0.8045,2.5149,35640625.7089,26961221.2539,2156398.6024,194597816.3706,147208268.0463
601398.SH,20200212,5.46,5.47,5.42,5.46,5.46,0.0,0.0,2039144.33,1109148.701,0.0756,0.88,6.5372,0.8045,2.5149,35640625.7089,26961221.2539,2156398.6024,194597816.3706,147208268.0463
601398.SH,20200213,5.45,5.45,5.4,5.41,5.46,-0.05,-0.9158,1995657.62,1082005.691,0.074,0.9,6.4774,0.7971,2.4918,35640625.7089,26961221.2539,2156398.6024,192815785.0851,145860206.9836
601398.SH,20200214,5.4,5.44,5.39,5.43,5.41,0.02,0.3697,1415764.48,767126.663,0.0525,0.69,6.5013,0.8001,2.5011,35640625.7089,26961221.2539,2156398.6024,193528597.5993,146399431.4087
601398.SH,20200217,5.42,5.49,5.41,5.49,5.43,0.06,1.105,2141949.06,1169117.31,0.0794,1.15,6.5732,0.8089,2.5287,35640625.7089,26961221.2539,2156398.6024,195667035.1419,148017104.6839
601398.SH,20200218,5.47,5.48,5.44,5.46,5.49,-0.03,-0.5464,1845424.4,1007061.194,0.0684,0.96,6.5372,0.8045,2.5149,35640625.7089,26961221.2539,2156398.6024,194597816.3706,147208268.0463
601398.SH,20200219,5.45,5.5,5.45,5.48,5.46,0.02,0.3663,2040523.82,1115986.859,0.0757,1.08,6.5612,0.8074,2.5241,35640625.7089,26961221.2539,2156398.6024,195310628.8848,147747492.4714
601398.SH,20200220,5.48,5.52,5.44,5.51,5.48,0.03,0.5474,2836680.91,1552477.582,0.1052,1.5,6.5971,0.8119,2.5379,35640625.7089,26961221.2539,2156398.6024,196379847.656,148556329.109
601398.SH,20200221,5.49,5.52,5.47,5.49,5.51,-0.02,-0.363,2237102.93,1228187.059,0.083,1.09,6.5732,0.8089,2.5287,35640625.7089,26961221.2539,2156398.6024,195667035.1419,148017104.6839
601398.SH,20200224,5.48,5.49,5.43,5.44,5.49,-0.05,-0.9107,1933291.9,1053685.893,0.0717,0.87,6.5133,0.8015,2.5057,35640625.7089,26961221.2539,2156398.6024,193885003.8564,146669043.6212
601398.SH,20200225,5.4,5.42,5.39,5.41,5.44,-0.03,-0.5515,2301332.75,1243466.243,0.0854,1.06,6.4774,0.7971,2.4918,35640625.7089,26961221.2539,2156398.6024,192815785.0851,145860206.9836
601398.SH,20200226,5.38,5.44,5.36,5.41,5.41,0.0,0.0,2579688.13,1393315.557,0.0957,1.14,6.4774,0.7971,2.4918,35640625.7089,26961221.2539,2156398.6024,192815785.0851,145860206.9836
601398.SH,20200227,5.4,5.42,5.39,5.4,5.41,-0.01,-0.1848,2225556.23,1202215.361,0.0825,0.94,6.4654,0.7957,2.4872,35640625.7089,26961221.2539,2156398.6024,192459378.8281,145590594.7711
601398.SH,20200228,5.37,5.38,5.28,5.3,5.4,-0.1,-1.8519,4229371.46,2256218.764,0.1569,1.88,6.3457,0.7809,2.4412,35640625.7089,26961221.2539,2156398.6024,188895316.2572,142894472.6457
601398.SH,20200302,5.3,5.36,5.29,5.36,5.3,0.06,1.1321,2399023.17,1279829.481,0.089,0.9,6.4175,0.7898,2.4688,35640625.7089,26961221.2539,2156398.6024,191033753.7997,144512145.9209
601398.SH,20200303,5.37,5.4,5.35,5.38,5.36,0.02,0.3731,2554031.93,1374004.536,0.0947,0.93,6.4415,0.7927,2.478,35640625.7089,26961221.2539,2156398.6024,191746566.3139,145051370.346
601398.SH,20200304,5.37,5.39,5.36,5.39,5.38,0.01,0.1859,1342815.89,721906.815,0.0498,0.48,6.4534,0.7942,2.4826,35640625.7089,26961221.2539,2156398.6024,192102972.571,145320982.5585
601398.SH,20200305,5.4,5.46,5.38,5.46,5.39,0.07,1.2987,3305397.55,1794965.702,0.1226,1.3,6.5372,0.8045,2.5149,35640625.7089,26961221.2539,2156398.6024,194597816.3706,147208268.0463
601398.SH,20200306,5.42,5.43,5.39,5.41,5.46,-0.05,-0.9158,1959498.73,1059304.456,0.0727,0.71,6.4774,0.7971,2.4918,35640625.7089,26961221.2539,2156398.6024,192815785.0851,145860206.9836
601398.SH,20200309,5.34,5.35,5.3,5.31,5.41,-0.1,-1.8484,2880620.25,1532677.429,0.1068,1.25,6.3576,0.7824,2.4458,35640625.7089,26961221.2539,2156398.6024,189251722.5143,143164084.8582
601398.SH,20200310,5.29,5.37,5.29,5.36,5.31,0.05,0.9416,2508207.67,1336201.306,0.093,1.04,6.4175,0.7898,2.4688,35640625.7089,26961221.2539,2156398.6024,191033753.7997,144512145.9209
601398.SH,20200311,5.35,5.37,5.32,5.32,5.36,-0.04,-0.7463,1694069.55,904475.654,0.0628,0.71,6.3696,0.7839,2.4504,35640625.7089,26961221.2539,2156398.6024,189608128.7713,143433697.0707
601398.SH,20200312,5.3,5.32,5.27,5.29,5.32,-0.03,-0.5639,2462964.88,1303003.586,0.0914,1.0,6.3337,0.7794,2.4366,35640625.7089,26961221.2539,2156398.6024,188538910.0001,142624860.4331
601398.SH,20200313,5.16,5.27,5.13,5.22,5.29,-0.07,-1.3233,2997241.07,1553653.695,0.1112,1.3,6.2499,0.7691,2.4043,35640625.7089,26961221.2539,2156398.6024,186044066.2005,140737574.9454
601398.SH,20200316,5.22,5.29,5.14,5.17,5.22,-0.05,-0.9579,3044663.05,1586443.7,0.1129,1.21,6.19,0.7618,2.3813,35640625.7089,26961221.2539,2156398.6024,184262034.915,139389513.8827
601398.SH,20200317,5.16,5.23,5.12,5.17,5.17,0.0,0.0,2577129.32,1329255.603,0.0956,1.01,6.19,0.7618,2.3813,35640625.7089,26961221.2539,2156398.6024,184262034.915,139389513.8827
601398.SH,20200318,5.18,5.2,5.11,5.11,5.17,-0.06,-1.1605,2025068.11,1045181.428,0.0751,0.79,6.1182,0.7529,2.3537,35640625.7089,26961221.2539,2156398.6024,182123597.3725,137771840.6074
601398.SH,20200319,5.11,5.12,4.93,4.99,5.11,-0.12,-2.3483,2898849.68,1452206.739,0.1075,1.11,5.9745,0.7352,2.2984,35640625.7089,26961221.2539,2156398.6024,177846722.2874,134536494.057
601398.SH,20200320,5.02,5.11,5.0,5.08,4.99,0.09,1.8036,2125136.11,1073508.058,0.0788,0.78,6.0823,0.7485,2.3398,35640625.7089,26961221.2539,2156398.6024,181054378.6012,136963003.9698
601398.SH,20200323,5.0,5.03,4.98,4.99,5.08,-0.09,-1.7717,1399893.11,699169.083,0.0519,0.55,5.9745,0.7352,2.2984,35640625.7089,26961221.2539,2156398.6024,177846722.2874,134536494.057
601398.SH,20200324,5.02,5.12,5.02,5.12,4.99,0.13,2.6052,2303316.06,1166514.215,0.0854,1.04,6.1302,0.7544,2.3583,35640625.7089,26961221.2539,2156398.6024,182480003.6296,138041452.82
601398.SH,20200325,5.17,5.18,5.1,5.18,5.12,0.06,1.1719,2321786.19,1195478.388,0.0861,1.08,6.202,0.7632,2.3859,35640625.7089,26961221.2539,2156398.6024,184618441.1721,139659126.0952
601398.SH,20200326,5.13,5.22,5.11,5.18,5.18,0.0,0.0,1556128.48,805142.973,0.0577,0.7,6.202,0.7632,2.3859,35640625.7089,26961221.2539,2156398.6024,184618441.1721,139659126.0952
601398.SH,20200327,5.21,5.25,5.18,5.21,5.18,0.03,0.5792,1727364.92,901046.977,0.0641,0.89,6.2379,0.7677,2.3997,35640625.7089,26961221.2539,2156398.6024,185687659.9434,140467962.7328
601398.SH,20200330,5.18,5.24,5.15,5.22,5.21,0.01,0.1919,1953884.77,1016609.263,0.0725,1.05,5.9587,0.7532,2.1755,35640625.7089,26961221.2539,2156398.6024,186044066.2005,140737574.9454
601398.SH,20200331,5.22,5.24,5.12,5.15,5.22,-0.07,-1.341,1761031.97,912323.378,0.0653,0.89,5.8788,0.7431,2.1464,35640625.7089,26961221.2539,3389563.121,183549222.4008,138850289.4576
601398.SH,20200401,5.15,5.19,5.13,5.16,5.15,0.01,0.1942,1018584.47,525623.743,0.0378,0.55,5.8902,0.7445,2.1505,35640625.7089,26961221.2539,3389563.121,183905628.6579,139119901.6701
601398.SH,20200402,5.14,5.19,5.11,5.19,5.16,0.03,0.5814,1228856.37,632366.527,0.0456,0.77,5.9244,0.7489,2.163,35640625.7089,26961221.2539,3389563.121,184974847.4292,139928738.3077
601398.SH,20200403,5.16,5.18,5.12,5.14,5.19,-0.05,-0.9634,1096046.24,564119.678,0.0407,0.71,5.8674,0.7417,2.1422,35640625.7089,26961221.2539,3389563.121,183192816.1437,138580677.245
601398.SH,20200407,5.18,5.19,5.13,5.16,5.14,0.02,0.3891,1703016.28,878022.933,0.0632,1.21,5.8902,0.7445,2.1505,35640625.7089,26961221.2539,3389563.121,183905628.6579,139119901.6701
601398.SH,20200408,5.14,5.15,5.12,5.14,5.16,-0.02,-0.3876,1034743.15,531023.692,0.0384,0.76,5.8674,0.7417,2.1422,35640625.7089,26961221.2539,3389563.121,183192816.1437,138580677.245
601398.SH,20200409,5.14,5.15,5.12,5.13,5.14,-0.01,-0.1946,735820.92,377790.164,0.0273,0.6,5.8559,0.7402,2.138,35640625.7089,26961221.2539,3389563.121,182836409.8867,138311065.0325
601398.SH,20200410,5.13,5.14,5.1,5.11,5.13,-0.02,-0.3899,978068.9,500477.715,0.0363,0.84,5.8331,0.7373,2.1297,35640625.7089,26961221.2539,3389563.121,182123597.3725,137771840.6074
601398.SH,20200413,5.1,5.13,5.09,5.1,5.11,-0.01,-0.1957,855087.09,436405.778,0.0317,0.77,5.8217,0.7359,2.1255,35640625.7089,26961221.2539,3389563.121,181767191.1154,137502228.3949
601398.SH,20200414,5.11,5.13,5.1,5.12,5.1,0.02,0.3922,883217.71,451932.583,0.0328,0.83,5.8445,0.7388,2.1339,35640625.7089,26961221.2539,3389563.121,182480003.6296,138041452.82
601398.SH,20200415,5.11,5.13,5.1,5.13,5.12,0.01,0.1953,946035.41,484407.191,0.0351,1.05,5.8559,0.7402,2.138,35640625.7089,26961221.2539,3389563.121,182836409.8867,138311065.0325
601398.SH,20200416,5.11,5.13,5.1,5.12,5.13,-0.01,-0.1949,700631.72,358394.225,0.026,0.8,5.8445,0.7388,2.1339,35640625.7089,26961221.2539,3389563.121,182480003.6296,138041452.82
601398.SH,20200417,5.13,5.17,5.11,5.15,5.12,0.03,0.5859,1382448.72,710819.554,0.0513,1.58,5.8788,0.7431,2.1464,35640625.7089,26961221.2539,3389563.121,183549222.4008,138850289.4576
601398.SH,20200420,5.14,5.15,5.12,5.12,5.15,-0.03,-0.5825,1038087.22,532094.032,0.0385,1.09,5.8445,0.7388,2.1339,35640625.7089,26961221.2539,3389563.121,182480003.6296,138041452.82
601398.SH,20200421,5.11,5.12,5.07,5.08,5.12,-0.04,-0.7813,1176048.88,598287.912,0.0436,1.19,5.7989,0.733,2.1172,35640625.7089,26961221.2539,3389563.121,181054378.6012,136963003.9698
601398.SH,20200422,5.07,5.1,5.05,5.09,5.08,0.01,0.1969,876583.56,445105.983,0.0325,0.84,5.8103,0.7344,2.1214,35640625.7089,26961221.2539,3389563.121,181410784.8583,137232616.1824
601398.SH,20200423,5.09,5.09,5.05,5.07,5.09,-0.02,-0.3929,1033422.43,523778.033,0.0383,1.0,5.7874,0.7316,2.113,35640625.7089,26961221.2539,3389563.121,180697972.3441,136693391.7573
601398.SH,20200424,5.06,5.07,5.04,5.05,5.07,-0.02,-0.3945,687952.21,347600.182,0.0255,0.62,5.7646,0.7287,2.1047,35640625.7089,26961221.2539,3389563.121,179985159.8299,136154167.3322
601398.SH,20200427,5.05,5.11,5.05,5.09,5.05,0.04,0.7921,1172996.82,596976.653,0.0435,1.22,5.8103,0.7344,2.1214,35640625.7089,26961221.2539,3389563.121,181410784.8583,137232616.1824
601398.SH,20200428,5.09,5.12,5.04,5.11,5.09,0.02,0.3929,1505136.12,766309.872,0.0558,1.52,5.8331,0.7373,2.1297,35640625.7089,26961221.2539,3389563.121,182123597.3725,137771840.6074
601398.SH,20200429,5.1,5.15,5.08,5.15,5.11,0.04,0.7828,1210796.35,621183.01,0.0449,1.15,5.8788,0.7176,2.1464,35640625.7089,26961221.2539,3389563.121,183549222.4008,138850289.4576
601398.SH,20200430,5.15,5.18,5.14,5.17,5.15,0.02,0.3883,1040639.1,537925.254,0.0386,0.93,5.9016,0.7204,2.1547,35640625.7089,26961221.2539,3389563.121,184262034.915,139389513.8827
601398.SH,20200506,5.12,5.12,5.08,5.11,5.17,-0.06,-1.1605,1620612.17,826750.78,0.0601,1.44,5.8331,0.7121,2.1297,35640625.7089,26961221.2539,3389563.121,182123597.3725,137771840.6074
601398.SH,20200507,5.1,5.11,5.09,5.1,5.11,-0.01,-0.1957,788981.87,402339.514,0.0293,0.6,5.8217,0.7107,2.1255,35640625.7089,26961221.2539,3389563.121,181767191.1154,137502228.3949
601398.SH,20200508,5.1,5.12,5.09,5.1,5.1,0.0,0.0,1148277.97,586300.547,0.0426,0.93,5.8217,0.7107,2.1255,35640625.7089,26961221.2539,3389563.121,181767191.1154,137502228.3949
601398.SH,20200511,5.11,5.14,5.1,5.14,5.1,0.04,0.7843,1130518.85,579421.726,0.0419,0.97,5.8674,0.7162,2.1422,35640625.7089,26961221.2539,3389563.121,183192816.1437,138580677.245
601398.SH,20200512,5.13,5.15,5.11,5.13,5.14,-0.01,-0.1946,1016320.81,521289.496,0.0377,0.89,5.8559,0.7148,2.138,35640625.7089,26961221.2539,3389563.121,182836409.8867,138311065.0325
601398.SH,20200513,5.12,5.13,5.11,5.13,5.13,0.0,0.0,556280.21,284796.153,0.0206,0.49,5.8559,0.7148,2.138,35640625.7089,26961221.2539,3389563.121,182836409.8867,138311065.0325
601398.SH,20200514,5.12,5.13,5.09,5.1,5.13,-0.03,-0.5848,811525.0,414442.713,0.0301,0.87,5.8217,0.7107,2.1255,35640625.7089,26961221.2539,3389563.121,181767191.1154,137502228.3949
601398.SH,20200515,5.1,5.12,5.08,5.09,5.1,-0.01,-0.1961,959061.3,488458.006,0.0356,1.03,5.8103,0.7093,2.1214,35640625.7089,26961221.2539,3389563.121,181410784.8583,137232616.1824
601398.SH,20200518,5.09,5.1,5.07,5.1,5.09,0.01,0.1965,936178.81,476194.382,0.0347,1.05,5.8217,0.7107,2.1255,35640625.7089,26961221.2539,3389563.121,181767191.1154,137502228.3949
601398.SH,20200519,5.12,5.13,5.1,5.12,5.1,0.02,0.3922,1361800.96,696256.254,0.0505,1.59,5.8445,0.7134,2.1339,35640625.7089,26961221.2539,3389563.121,182480003.6296,138041452.82
601398.SH,20200520,5.11,5.12,5.1,5.12,5.12,0.0,0.0,867648.68,443325.188,0.0322,0.94,5.8445,0.7134,2.1339,35640625.7089,26961221.2539,3389563.121,182480003.6296,138041452.82
601398.SH,20200521,5.12,5.13,5.1,5.1,5.12,-0.02,-0.3906,810031.05,414491.659,0.03,0.82,5.8217,0.7107,2.1255,35640625.7089,26961221.2539,3389563.121,181767191.1154,137502228.3949
601398.SH,20200522,5.1,5.11,5.05,5.05,5.1,-0.05,-0.9804,1433770.84,727859.693,0.0532,1.45,5.7646,0.7037,2.1047,35640625.7089,26961221.2539,3389563.121,179985159.8299,136154167.3322
601398.SH,20200525,5.06,5.1,5.04,5.09,5.05,0.04,0.7921,1055064.93,535413.169,0.0391,0.98,5.8103,0.7093,2.1214,35640625.7089,26961221.2539,3389563.121,181410784.8583,137232616.1824
601398.SH,20200526,5.1,5.11,5.08,5.08,5.09,-0.01,-0.1965,925221.25,471204.943,0.0343,0.84,5.7989,0.7079,2.1172,35640625.7089,26961221.2539,3389563.121,181054378.6012,136963003.9698
601398.SH,20200527,5.08,5.13,5.08,5.12,5.08,0.04,0.7874,1195940.05,611685.99,0.0444,1.17,5.8445,0.7134,2.1339,35640625.7089,26961221.2539,3389563.121,182480003.6296,138041452.82
601398.SH,20200528,5.12,5.18,5.12,5.17,5.12,0.05,0.9766,1457287.39,751332.007,0.0541,1.34,5.9016,0.7204,2.1547,35640625.7089,26961221.2539,3389563.121,184262034.915,139389513.8827
601398.SH,20200529,5.14,5.15,5.1,5.12,5.17,-0.05,-0.9671,1257614.11,644333.222,0.0466,1.04,5.8445,0.7134,2.1339,35640625.7089,26961221.2539,3389563.121,182480003.6296,138041452.82
601398.SH,20200601,5.13,5.16,5.12,5.16,5.12,0.04,0.7813,1050078.87,540140.879,0.0389,0.89,5.8902,0.719,2.1505,35640625.7089,26961221.2539,3389563.121,183905628.6579,139119901.6701
601398.SH,20200602,5.15,5.19,5.13,5.19,5.16,0.03,0.5814,1528291.99,788749.046,0.0567,1.3,5.9244,0.7232,2.163,35640625.7089,26961221.2539,3389563.121,184974847.4292,139928738.3077
601398.SH,20200603,5.2,5.24,5.18,5.19,5.19,0.0,0.0,1345467.79,700101.34,0.0499,1.04,5.9244,0.7232,2.163,35640625.7089,26961221.2539,3389563.121,184974847.4292,139928738.3077
601398.SH,20200604,5.2,5.21,5.17,5.18,5.19,-0.01,-0.1927,763941.15,396059.493,0.0283,0.58,5.913,0.7218,2.1589,35640625.7089,26961221.2539,3389563.121,184618441.1721,139659126.0952
601398.SH,20200605,5.19,5.22,5.16,5.21,5.18,0.03,0.5792,1098657.57,569906.514,0.0407,0.92,5.9473,0.726,2.1714,35640625.7089,26961221.2539,3389563.121,185687659.9434,140467962.7328
601398.SH,20200608,5.22,5.26,5.2,5.24,5.21,0.03,0.5758,1709294.14,894672.989,0.0634,1.48,5.9815,0.7302,2.1839,35640625.7089,26961221.2539,3389563.121,186756878.7146,141276799.3704
601398.SH,20200609,5.24,5.28,5.23,5.26,5.24,0.02,0.3817,1186765.21,624176.016,0.044,0.92,6.0043,0.733,2.1922,35640625.7089,26961221.2539,3389563.121,187469691.2288,141816023.7955
601398.SH,20200610,5.27,5.28,5.25,5.27,5.26,0.01,0.1901,1301161.67,685774.219,0.0483,1.07,6.0157,0.7343,2.1964,35640625.7089,26961221.2539,3389563.121,187826097.4859,142085636.0081
601398.SH,20200611,5.27,5.3,5.24,5.27,5.27,0.0,0.0,2019545.47,1065079.808,0.0749,1.67,6.0157,0.7343,2.1964,35640625.7089,26961221.2539,3389563.121,187826097.4859,142085636.0081
601398.SH,20200612,5.23,5.32,5.2,5.22,5.27,-0.05,-0.9488,3797260.25,2002673.521,0.1408,2.6,5.9587,0.7274,2.1755,35640625.7089,26961221.2539,3389563.121,186044066.2005,140737574.9454
601398.SH,20200615,5.24,5.31,5.23,5.24,5.22,0.02,0.3831,2160776.01,1137899.837,0.0801,1.08,5.9815,0.7302,2.1839,35640625.7089,26961221.2539,3389563.121,186756878.7146,141276799.3704
601398.SH,20200616,5.27,5.31,5.26,5.3,5.24,0.06,1.145,1230379.83,650847.977,0.0456,0.59,6.05,0.7385,2.2089,35640625.7089,26961221.2539,3389563.121,188895316.2572,142894472.6457
601398.SH,20200617,5.28,5.3,5.25,5.26,5.3,-0.04,-0.7547,879844.68,463475.83,0.0326,0.42,6.0043,0.733,2.1922,35640625.7089,26961221.2539,3389563.121,187469691.2288,141816023.7955
601398.SH,20200618,5.2,5.22,5.16,5.19,5.26,-0.07,-1.3308,2109655.06,1095065.086,0.0782,1.05,5.9244,0.7232,2.163,35640625.7089,26961221.2539,3389563.121,184974847.4292,139928738.3077
601398.SH,20200619,5.18,5.21,5.15,5.2,5.19,0.01,0.1927,1986050.88,1029454.851,0.0737,0.98,5.9358,0.7246,2.1672,35640625.7089,26961221.2539,3389563.121,185331253.6863,140198350.5203
601398.SH,20200622,5.2,5.22,5.16,5.16,5.2,-0.04,-0.7692,1569839.57,814365.099,0.0582,0.94,5.8902,0.719,2.1505,35640625.7089,26961221.2539,3389563.121,183905628.6579,139119901.6701
601398.SH,20200623,5.16,5.16,5.12,5.14,5.16,-0.02,-0.3876,1798935.42,924358.314,0.0667,1.16,5.8674,0.7162,2.1422,35640625.7089,26961221.2539,3389563.121,183192816.1437,138580677.245
601398.SH,20200624,5.15,5.24,5.14,5.22,5.14,0.08,1.5564,1941727.76,1008333.086,0.072,1.16,5.9587,0.7274,2.1755,35640625.7089,26961221.2539,3389563.121,186044066.2005,140737574.9454
601398.SH,20200629,5.28,5.31,5.2,5.25,5.22,0.03,0.5747,3000963.04,1574885.416,0.1113,1.6,5.9929,0.7316,2.188,35640625.7089,26961221.2539,3389563.121,187113284.9717,141546411.583
601398.SH,20200630,5.0,5.03,4.96,4.98,4.99,-0.01,-0.2004,2135599.08,1064429.272,0.0792,1.04,5.6847,0.6958,2.0755,35640625.7089,26961221.2539,3389563.121,177490316.0303,134266881.8444
601398.SH,20200701,4.98,4.99,4.92,4.99,4.98,0.01,0.2008,1953424.3,968080.285,0.0725,0.93,5.6961,0.6972,2.0797,35640625.7089,26961221.2539,3389563.121,177846722.2874,134536494.057
601398.SH,20200702,4.98,5.07,4.96,5.06,4.99,0.07,1.4028,3336395.08,1672846.064,0.1237,1.54,5.776,0.707,2.1089,35640625.7089,26961221.2539,3389563.121,180341566.087,136423779.5447
601398.SH,20200703,5.06,5.18,5.06,5.16,5.06,0.1,1.9763,3494607.78,1791281.772,0.1296,1.41,5.8902,0.721,2.1505,35640625.7089,26961221.2539,3389563.121,183905628.6579,139119901.6701
601398.SH,20200706,5.2,5.61,5.19,5.6,5.16,0.44,8.5271,7463596.38,4044172.401,0.2768,2.68,6.3924,0.7825,2.3339,35640625.7089,26961221.2539,3389563.121,199587503.9698,150982839.0218
601398.SH,20200707,5.67,5.85,5.56,5.56,5.6,-0.04,-0.7143,6224564.8,3518396.225,0.2309,1.69,6.3468,0.7769,2.3172,35640625.7089,26961221.2539,3389563.121,198161878.9415,149904390.1717
601398.SH,20200708,5.52,5.59,5.38,5.47,5.56,-0.09,-1.6187,6130510.56,3357353.297,0.2274,1.36,6.244,0.7643,2.2797,35640625.7089,26961221.2539,3389563.121,194954222.6277,147477880.2588
601398.SH,20200709,5.43,5.45,5.35,5.38,5.47,-0.09,-1.6453,5693420.48,3064469.064,0.2112,1.07,6.1413,0.7517,2.2422,35640625.7089,26961221.2539,3389563.121,191746566.3139,145051370.346
601398.SH,20200710,5.36,5.37,5.2,5.22,5.38,-0.16,-2.974,6260793.27,3302585.366,0.2322,1.08,5.9587,0.7294,2.1755,35640625.7089,26961221.2539,3389563.121,186044066.2005,140737574.9454
601398.SH,20200713,5.2,5.25,5.16,5.21,5.22,-0.01,-0.1916,6089284.1,3167529.369,0.2259,0.96,5.9473,0.728,2.1714,35640625.7089,26961221.2539,3389563.121,185687659.9434,140467962.7328
601398.SH,20200714,5.19,5.2,5.13,5.14,5.21,-0.07,-1.3436,4639220.5,2397441.231,0.1721,0.76,5.8674,0.7182,2.1422,35640625.7089,26961221.2539,3389563.121,183192816.1437,138580677.245
601398.SH,20200715,5.16,5.18,5.07,5.08,5.14,-0.06,-1.1673,4611494.14,2355023.798,0.171,0.8,5.7989,0.7098,2.1172,35640625.7089,26961221.2539,3389563.121,181054378.6012,136963003.9698
601398.SH,20200716,5.08,5.13,5.05,5.06,5.08,-0.02,-0.3937,4922858.09,2505984.42,0.1826,0.9,5.776,0.707,2.1089,35640625.7089,26961221.2539,3389563.121,180341566.087,136423779.5447
601398.SH,20200717,5.06,5.08,5.03,5.06,5.06,0.0,0.0,2975297.98,1504161.297,0.1104,0.56,5.776,0.707,2.1089,35640625.7089,26961221.2539,3389563.121,180341566.087,136423779.5447
601398.SH,20200720,5.07,5.14,5.05,5.13,5.06,0.07,1.3834,3865923.63,1974500.422,0.1434,0.83,5.8559,0.7168,2.138,35640625.7089,26961221.2539,3389563.121,182836409.8867,138311065.0325
601398.SH,20200721,5.13,5.14,5.09,5.1,5.13,-0.03,-0.5848,2262537.59,1154453.551,0.0839,0.54,5.8217,0.7126,2.1255,35640625.7089,26961221.2539,3389563.121,181767191.1154,137502228.3949
601398.SH,20200722,5.1,5.14,5.07,5.09,5.1,-0.01,-0.1961,2926611.07,1493366.737,0.1085,0.79,5.8103,0.7112,2.1214,35640625.7089,26961221.2539,3389563.121,181410784.8583,137232616.1824
601398.SH,20200723,5.07,5.08,5.02,5.03,5.09,-0.06,-1.1788,3751365.63,1890158.446,0.1391,1.11,5.7418,0.7028,2.0964,35640625.7089,26961221.2539,3389563.121,179272347.3158,135614942.9071
601398.SH,20200724,5.03,5.03,4.96,4.98,5.03,-0.05,-0.994,3637610.06,1817042.791,0.1349,1.15,5.6847,0.6958,2.0755,35640625.7089,26961221.2539,3389563.121,177490316.0303,134266881.8444
601398.SH,20200727,4.98,5.0,4.95,4.97,4.98,-0.01,-0.2008,2176344.9,1082016.314,0.0807,0.66,5.6733,0.7189,2.0713,35640625.7089,26961221.2539,3389563.121,177133909.7732,133997269.6319
601398.SH,20200728,4.99,5.0,4.96,4.98,4.97,0.01,0.2012,1748445.91,870345.478,0.0649,0.59,5.6847,0.7203,2.0755,35640625.7089,26961221.2539,3389563.121,177490316.0303,134266881.8444
601398.SH,20200729,4.97,5.02,4.93,5.02,4.98,0.04,0.8032,2758566.64,1375574.099,0.1023,0.97,5.7304,0.7261,2.0922,35640625.7089,26961221.2539,3389563.121,178915941.0587,135345330.6946
601398.SH,20200730,5.02,5.02,4.98,4.98,5.02,-0.04,-0.7968,1537828.61,768439.793,0.057,0.55,5.6847,0.7203,2.0755,35640625.7089,26961221.2539,3389563.121,177490316.0303,134266881.8444
601398.SH,20200731,4.98,5.01,4.95,4.96,4.98,-0.02,-0.4016,2549672.87,1268345.18,0.0946,1.08,5.6619,0.7174,2.0672,35640625.7089,26961221.2539,3389563.121,176777503.5161,133727657.4193
601398.SH,20200803,4.98,5.0,4.96,4.98,4.96,0.02,0.4032,2446867.81,1217707.58,0.0908,1.14,5.6847,0.7203,2.0755,35640625.7089,26961221.2539,3389563.121,177490316.0303,134266881.8444
601398.SH,20200804,4.99,5.07,4.97,5.05,4.98,0.07,1.4056,4012204.69,2015491.478,0.1488,1.82,5.7646,0.7304,2.1047,35640625.7089,26961221.2539,3389563.121,179985159.8299,136154167.3322
601398.SH,20200805,5.02,5.03,4.99,5.0,5.05,-0.05,-0.9901,2052320.06,1027991.586,0.0761,0.77,5.7075,0.7232,2.0838,35640625.7089,26961221.2539,3389563.121,178203128.5445,134806106.2695
601398.SH,20200806,5.01,5.03,4.98,5.02,5.0,0.02,0.4,2099270.52,1049299.499,0.0779,0.83,5.7304,0.7261,2.0922,35640625.7089,26961221.2539,3389563.121,178915941.0587,135345330.6946
601398.SH,20200807,5.01,5.01,4.97,4.98,5.02,-0.04,-0.7968,1921432.81,957716.708,0.0713,0.73,5.6847,0.7203,2.0755,35640625.7089,26961221.2539,3389563.121,177490316.0303,134266881.8444
601398.SH,20200810,4.97,5.0,4.96,4.99,4.98,0.01,0.2008,2009869.17,1001722.875,0.0745,0.8,5.6961,0.7218,2.0797,35640625.7089,26961221.2539,3389563.121,177846722.2874,134536494.057
601398.SH,20200811,4.98,5.02,4.97,4.98,4.99,-0.01,-0.2004,2767245.52,1383596.404,0.1026,1.14,5.6847,0.7203,2.0755,35640625.7089,26961221.2539,3389563.121,177490316.0303,134266881.8444
601398.SH,20200812,4.97,4.99,4.96,4.99,4.98,0.01,0.2008,2256124.04,1121910.727,0.0837,1.04,5.6961,0.7218,2.0797,35640625.7089,26961221.2539,3389563.121,177846722.2874,134536494.057
601398.SH,20200813,4.98,5.0,4.97,4.98,4.99,-0.01,-0.2004,1163829.32,580121.567,0.0432,0.53,5.6847,0.7203,2.0755,35640625.7089,26961221.2539,3389563.121,177490316.0303,134266881.8444
601398.SH,20200814,4.98,5.02,4.97,5.02,4.98,0.04,0.8032,2085844.53,1042149.48,0.0774,1.03,5.7304,0.7261,2.0922,35640625.7089,26961221.2539,3389563.121,178915941.0587,135345330.6946
601398.SH,20200817,5.02,5.11,5.02,5.09,5.02,0.07,1.3944,5486933.26,2783708.791,0.2035,2.67,5.8103,0.7362,2.1214,35640625.7089,26961221.2539,3389563.121,181410784.8583,137232616.1824
601398.SH,20200818,5.09,5.09,5.04,5.05,5.09,-0.04,-0.7859,2371955.04,1199875.631,0.088,0.86,5.7646,0.7304,2.1047,35640625.7089,26961221.2539,3389563.121,179985159.8299,136154167.3322
601398.SH,20200819,5.06,5.07,5.03,5.03,5.05,-0.02,-0.396,1630051.4,821836.841,0.0605,0.61,5.7418,0.7275,2.0964,35640625.7089,26961221.2539,3389563.121,179272347.3158,135614942.9071
601398.SH,20200820,5.02,5.03,4.99,5.0,5.03,-0.03,-0.5964,1642453.23,821731.215,0.0609,0.64,5.7075,0.7232,2.0838,35640625.7089,26961221.2539,3389563.121,178203128.5445,134806106.2695
601398.SH,20200821,5.01,5.02,4.99,5.01,5.0,0.01,0.2,1301844.83,651086.296,0.0483,0.49,5.719,0.7247,2.088,35640625.7089,26961221.2539,3389563.121,178559534.8016,135075718.482
601398.SH,20200824,5.01,5.02,4.99,4.99,5.01,-0.02,-0.3992,1200786.07,600551.218,0.0445,0.48,5.6961,0.7218,2.0797,35640625.7089,26961221.2539,3389563.121,177846722.2874,134536494.057
601398.SH,20200825,5.0,5.01,4.98,5.0,4.99,0.01,0.2004,1548987.45,773465.195,0.0575,0.95,5.7075,0.7232,2.0838,35640625.7089,26961221.2539,3389563.121,178203128.5445,134806106.2695
601398.SH,20200826,5.0,5.0,4.97,4.98,5.0,-0.02,-0.4,1514622.46,754742.689,0.0562,1.03,5.6847,0.7203,2.0755,35640625.7089,26961221.2539,3389563.121,177490316.0303,134266881.8444
601398.SH,20200827,4.98,4.98,4.96,4.97,4.98,-0.01,-0.2008,1416656.58,703831.745,0.0525,0.98,5.6733,0.7189,2.0713,35640625.7089,26961221.2539,3389563.121,177133909.7732,133997269.6319
601398.SH,20200828,4.97,5.01,4.96,5.0,4.97,0.03,0.6036,2103678.49,1048187.711,0.078,1.51,5.7075,0.7232,2.0838,35640625.7089,26961221.2539,3389563.121,178203128.5445,134806106.2695
601398.SH,20200831,4.99,5.01,4.96,4.96,5.0,-0.04,-0.8,2631484.38,1312043.186,0.0976,1.69,5.6619,0.7002,2.0672,35640625.7089,26961221.2539,3389563.121,176777503.5161,133727657.4193
601398.SH,20200901,4.96,4.97,4.94,4.96,4.96,0.0,0.0,1566483.75,776360.132,0.0581,0.85,5.6619,0.7002,2.0672,35640625.7089,26961221.2539,3389563.121,176777503.5161,133727657.4193
601398.SH,20200902,4.96,4.96,4.92,4.92,4.96,-0.04,-0.8065,2729008.52,1345657.21,0.1012,1.48,5.6162,0.6945,2.0505,35640625.7089,26961221.2539,3389563.121,175351878.4878,132649208.5692
601398.SH,20200903,4.92,4.94,4.89,4.91,4.92,-0.01,-0.2033,1839671.79,903223.968,0.0682,0.88,5.6048,0.6931,2.0463,35640625.7089,26961221.2539,3389563.121,174995472.2307,132379596.3566
601398.SH,20200904,4.89,4.91,4.88,4.9,4.91,-0.01,-0.2037,1409393.98,689451.433,0.0523,0.65,5.5934,0.6917,2.0422,35640625.7089,26961221.2539,3389563.121,174639065.9736,132109984.1441
601398.SH,20200907,4.89,4.92,4.88,4.9,4.9,0.0,0.0,1525627.38,748340.493,0.0566,0.75,5.5934,0.6917,2.0422,35640625.7089,26961221.2539,3389563.121,174639065.9736,132109984.1441
601398.SH,20200908,4.9,4.96,4.89,4.95,4.9,0.05,1.0204,1995480.82,984987.767,0.074,1.1,5.6505,0.6988,2.063,35640625.7089,26961221.2539,3389563.121,176421097.2591,133458045.2068
601398.SH,20200909,4.93,4.95,4.92,4.94,4.95,-0.01,-0.202,1613340.69,796614.938,0.0598,0.85,5.6391,0.6974,2.0588,35640625.7089,26961221.2539,3389563.121,176064691.002,133188432.9943
601398.SH,20200910,4.94,4.95,4.9,4.91,4.94,-0.03,-0.6073,1444378.36,710761.036,0.0536,0.86,5.6048,0.6931,2.0463,35640625.7089,26961221.2539,3389563.121,174995472.2307,132379596.3566
601398.SH,20200911,4.9,4.95,4.9,4.93,4.91,0.02,0.4073,1494302.13,735936.771,0.0554,0.94,5.6276,0.6959,2.0547,35640625.7089,26961221.2539,3389563.121,175708284.7449,132918820.7817
601398.SH,20200914,4.93,4.94,4.91,4.93,4.93,0.0,0.0,1027571.21,505351.326,0.0381,0.64,5.6276,0.6959,2.0547,35640625.7089,26961221.2539,3389563.121,175708284.7449,132918820.7817
601398.SH,20200915,4.92,4.93,4.91,4.92,4.93,-0.01,-0.2028,828081.03,407040.417,0.0307,0.55,5.6162,0.6945,2.0505,35640625.7089,26961221.2539,3389563.121,175351878.4878,132649208.5692
601398.SH,20200916,4.92,4.94,4.9,4.94,4.92,0.02,0.4065,1076156.27,530226.172,0.0399,0.84,5.6391,0.6974,2.0588,35640625.7089,26961221.2539,3389563.121,176064691.002,133188432.9943
601398.SH,20200917,4.94,4.95,4.92,4.94,4.94,0.0,0.0,1208863.68,596571.628,0.0448,1.03,5.6391,0.6974,2.0588,35640625.7089,26961221.2539,3389563.121,176064691.002,133188432.9943
601398.SH,20200918,4.95,4.98,4.93,4.98,4.94,0.04,0.8097,2607344.28,1293690.927,0.0967,2.3135,5.6847,0.703,2.0755,35640625.7089,26961221.2539,3389563.121,177490316.0303,134266881.8444
601398.SH,20200921,4.97,4.99,4.94,4.96,4.98,-0.02,-0.4016,1217665.22,604081.552,0.0452,0.9,5.6619,0.7002,2.0672,35640625.7089,26961221.2539,3389563.121,176777503.5161,133727657.4193
601398.SH,20200922,4.95,4.96,4.92,4.93,4.96,-0.03,-0.6048,1097050.2,542057.884,0.0407,0.79,5.6276,0.6959,2.0547,35640625.7089,26961221.2539,3389563.121,175708284.7449,132918820.7817
601398.SH,20200923,4.93,4.94,4.91,4.92,4.93,-0.01,-0.2028,1005836.16,495260.688,0.0373,0.7,5.6162,0.6945,2.0505,35640625.7089,26961221.2539,3389563.121,175351878.4878,132649208.5692
601398.SH,20200924,4.91,4.92,4.88,4.9,4.92,-0.02,-0.4065,1265965.12,619885.384,0.047,0.89,5.5934,0.6917,2.0422,35640625.7089,26961221.2539,3389563.121,174639065.9736,132109984.1441
601398.SH,20200925,4.9,4.91,4.88,4.89,4.9,-0.01,-0.2041,1080017.5,528791.477,0.0401,0.75,5.582,0.6903,2.038,35640625.7089,26961221.2539,3389563.121,174282659.7165,131840371.9316
601398.SH,20200928,4.9,4.94,4.88,4.94,4.89,0.05,1.0225,1634647.01,803113.059,0.0606,1.44,5.6391,0.6974,2.0588,35640625.7089,26961221.2539,3389563.121,176064691.002,133188432.9943
601398.SH,20200929,4.94,4.95,4.91,4.91,4.94,-0.03,-0.6073,1156134.49,570003.173,0.0429,0.95,5.6048,0.6931,2.0463,35640625.7089,26961221.2539,3389563.121,174995472.2307,132379596.3566
601398.SH,20200930,4.92,4.95,4.91,4.92,4.91,0.01,0.2037,1512342.71,745278.042,0.0561,1.23,5.6162,0.6945,2.0505,35640625.7089,26961221.2539,3389563.121,175351878.4878,132649208.5692
601398.SH,20201009,4.94,4.94,4.91,4.91,4.92,-0.01,-0.2033,1289984.22,635218.844,0.0478,0.97,5.6048,0.6931,2.0463,35640625.7089,26961221.2539,3389563.121,174995472.2307,132379596.3566
601398.SH,20201012,4.92,4.97,4.91,4.96,4.91,0.05,1.0183,2525438.47,1248536.339,0.0937,1.89,5.6619,0.7002,2.0672,35640625.7089,26961221.2539,3389563.121,176777503.5161,133727657.4193
601398.SH,20201013,4.95,4.96,4.91,4.92,4.96,-0.04,-0.8065,1674336.69,825268.306,0.0621,1.03,5.6162,0.6945,2.0505,35640625.7089,26961221.2539,3389563.121,175351878.4878,132649208.5692
601398.SH,20201014,4.92,4.93,4.91,4.92,4.92,0.0,0.0,1408489.26,692484.41,0.0522,0.86,5.6162,0.6945,2.0505,35640625.7089,26961221.2539,3389563.121,175351878.4878,132649208.5692
601398.SH,20201015,4.92,4.95,4.9,4.93,4.92,0.01,0.2033,2011509.32,992203.997,0.0746,1.2,5.6276,0.6959,2.0547,35640625.7089,26961221.2539,3389563.121,175708284.7449,132918820.7817
601398.SH,20201016,4.92,5.02,4.92,4.99,4.93,0.06,1.217,5009557.53,2496968.034,0.1858,2.81,5.6961,0.7044,2.0797,35640625.7089,26961221.2539,3389563.121,177846722.2874,134536494.057
601398.SH,20201019,4.99,5.08,4.98,5.02,4.99,0.03,0.6012,3458162.76,1741740.68,0.1283,1.37,5.7304,0.7087,2.0922,35640625.7089,26961221.2539,3389563.121,178915941.0587,135345330.6946
601398.SH,20201020,5.01,5.01,4.95,4.98,5.02,-0.04,-0.7968,2406896.29,1197285.748,0.0893,0.89,5.6847,0.703,2.0755,35640625.7089,26961221.2539,3389563.121,177490316.0303,134266881.8444
601398.SH,20201021,4.98,5.07,4.95,5.05,4.98,0.07,1.4056,3258761.82,1637539.375,0.1209,1.14,5.7646,0.7129,2.1047,35640625.7089,26961221.2539,3389563.121,179985159.8299,136154167.3322
601398.SH,20201022,5.05,5.07,5.02,5.06,5.05,0.01,0.198,1910634.54,963485.741,0.0709,0.59,5.776,0.7143,2.1089,35640625.7089,26961221.2539,3389563.121,180341566.087,136423779.5447
601398.SH,20201023,5.05,5.08,5.03,5.06,5.06,0.0,0.0,2356155.63,1193368.824,0.0874,0.73,5.776,0.7143,2.1089,35640625.7089,26961221.2539,3389563.121,180341566.087,136423779.5447
601398.SH,20201026,5.06,5.07,5.01,5.02,5.06,-0.04,-0.7905,1797835.63,905802.521,0.0667,0.67,5.7304,0.7087,2.0922,35640625.7089,26961221.2539,3389563.121,178915941.0587,135345330.6946
601398.SH,20201027,5.01,5.04,5.0,5.03,5.02,0.01,0.1992,1597958.96,801971.542,0.0593,0.68,5.7418,0.7101,2.0964,35640625.7089,26961221.2539,3389563.121,179272347.3158,135614942.9071
601398.SH,20201028,5.02,5.03,4.98,5.0,5.03,-0.03,-0.5964,1820638.73,910381.917,0.0675,0.83,5.7075,0.7058,2.0838,35640625.7089,26961221.2539,3389563.121,178203128.5445,134806106.2695
601398.SH,20201029,4.98,4.99,4.95,4.96,5.0,-0.04,-0.8,1674461.5,831255.143,0.0621,0.88,5.6619,0.7002,2.0672,35640625.7089,26961221.2539,3389563.121,176777503.5161,133727657.4193
601398.SH,20201030,4.96,4.98,4.91,4.92,4.96,-0.04,-0.8065,2107643.27,1040631.799,0.0782,1.14,5.6162,0.6945,2.0505,35640625.7089,26961221.2539,3389563.121,175351878.4878,132649208.5692
601398.SH,20201102,4.92,4.95,4.91,4.94,4.92,0.02,0.4065,1572267.09,775279.272,0.0583,0.87,5.6391,0.6823,2.0588,35640625.7089,26961221.2539,3389563.121,176064691.002,133188432.9943
601398.SH,20201103,4.95,4.98,4.94,4.95,4.94,0.01,0.2024,1353574.06,671170.596,0.0502,0.77,5.6505,0.6837,2.063,35640625.7089,26961221.2539,3389563.121,176421097.2591,133458045.2068
601398.SH,20201104,4.97,4.98,4.93,4.95,4.95,0.0,0.0,1464984.96,726041.151,0.0543,0.86,5.6505,0.6837,2.063,35640625.7089,26961221.2539,3389563.121,176421097.2591,133458045.2068
601398.SH,20201105,4.97,4.99,4.94,4.95,4.95,0.0,0.0,1637349.75,811620.262,0.0607,1.0,5.6505,0.6837,2.063,35640625.7089,26961221.2539,3389563.121,176421097.2591,133458045.2068
601398.SH,20201106,4.95,4.98,4.93,4.96,4.95,0.01,0.202,1659587.43,822468.06,0.0616,1.02,5.6619,0.6851,2.0672,35640625.7089,26961221.2539,3389563.121,176777503.5161,133727657.4193
601398.SH,20201109,4.97,4.99,4.96,4.98,4.96,0.02,0.4032,2256021.24,1122494.987,0.0837,1.47,5.6847,0.6878,2.0755,35640625.7089,26961221.2539,3389563.121,177490316.0303,134266881.8444
601398.SH,20201110,5.01,5.05,5.0,5.02,4.98,0.04,0.8032,2591683.87,1300974.713,0.0961,1.55,5.7304,0.6933,2.0922,35640625.7089,26961221.2539,3389563.121,178915941.0587,135345330.6946
601398.SH,20201111,5.01,5.08,5.0,5.07,5.02,0.05,0.996,3096115.02,1564938.518,0.1148,1.61,5.7874,0.7003,2.113,35640625.7089,26961221.2539,3389563.121,180697972.3441,136693391.7573
601398.SH,20201112,5.06,5.06,5.01,5.01,5.07,-0.06,-1.1834,1398752.2,702982.495,0.0519,0.62,5.719,0.692,2.088,35640625.7089,26961221.2539,3389563.121,178559534.8016,135075718.482
601398.SH,20201113,5.01,5.01,4.95,4.96,5.01,-0.05,-0.998,1922654.08,955481.766,0.0713,0.87,5.6619,0.6851,2.0672,35640625.7089,26961221.2539,3389563.121,176777503.5161,133727657.4193
601398.SH,20201116,4.97,4.99,4.96,4.98,4.96,0.02,0.4032,1282415.96,637821.655,0.0476,0.57,5.6847,0.6878,2.0755,35640625.7089,26961221.2539,3389563.121,177490316.0303,134266881.8444
601398.SH,20201117,4.98,5.0,4.97,5.0,4.98,0.02,0.4016,1220332.8,608551.314,0.0453,0.59,5.7075,0.6906,2.0838,35640625.7089,26961221.2539,3389563.121,178203128.5445,134806106.2695
601398.SH,20201118,5.0,5.05,4.98,5.03,5.0,0.03,0.6,1935618.19,972693.582,0.0718,1.08,5.7418,0.6947,2.0964,35640625.7089,26961221.2539,3389563.121,179272347.3158,135614942.9071
601398.SH,20201119,5.02,5.05,5.02,5.04,5.03,0.01,0.1988,1545693.94,778151.977,0.0573,1.0,5.7532,0.6961,2.1005,35640625.7089,26961221.2539,3389563.121,179628753.5729,135884555.1197
601398.SH,20201120,5.05,5.06,5.01,5.03,5.04,-0.01,-0.1984,1265720.54,636625.58,0.0469,0.8,5.7418,0.6947,2.0964,35640625.7089,26961221.2539,3389563.121,179272347.3158,135614942.9071
601398.SH,20201123,5.01,5.08,5.01,5.07,5.03,0.04,0.7952,2825800.46,1428218.316,0.1048,1.95,5.7874,0.7003,2.113,35640625.7089,26961221.2539,3389563.121,180697972.3441,136693391.7573
601398.SH,20201124,5.07,5.09,5.05,5.05,5.07,-0.02,-0.3945,1893180.43,959879.197,0.0702,1.08,5.7646,0.6975,2.1047,35640625.7089,26961221.2539,3389563.121,179985159.8299,136154167.3322
601398.SH,20201125,5.08,5.11,5.04,5.04,5.05,-0.01,-0.198,2002929.65,1017147.724,0.0743,1.06,5.7532,0.6961,2.1005,35640625.7089,26961221.2539,3389563.121,179628753.5729,135884555.1197
601398.SH,20201126,5.04,5.1,5.03,5.09,5.04,0.05,0.9921,1973922.78,1002567.142,0.0732,1.04,5.8103,0.703,2.1214,35640625.7089,26961221.2539,3389563.121,181410784.8583,137232616.1824
601398.SH,20201127,5.11,5.39,5.11,5.39,5.09,0.3,5.8939,9297495.13,4879296.144,0.3448,4.67,6.1527,0.7445,2.2464,35640625.7089,26961221.2539,3389563.121,192102972.571,145320982.5585
601398.SH,20201130,5.46,5.64,5.31,5.32,5.39,-0.07,-1.2987,12456636.54,6850764.187,0.462,3.46,6.0728,0.7348,2.2172,35640625.7089,26961221.2539,3389563.121,189608128.7713,143433697.0707
601398.SH,20201201,5.31,5.5,5.28,5.47,5.32,0.15,2.8195,5303736.31,2868661.473,0.1967,0.96,6.244,0.7555,2.2797,35640625.7089,26961221.2539,3389563.121,194954222.6277,147477880.2588
601398.SH,20201202,5.44,5.53,5.35,5.45,5.47,-0.02,-0.3656,3518096.33,1915490.212,0.1305,0.57,6.2212,0.7527,2.2714,35640625.7089,26961221.2539,3389563.121,194241410.1135,146938655.8338
601398.SH,20201203,5.45,5.48,5.34,5.38,5.45,-0.07,-1.2844,2788019.3,1502313.598,0.1034,0.43,6.1413,0.7431,2.2422,35640625.7089,26961221.2539,3389563.121,191746566.3139,145051370.346
601398.SH,20201204,5.38,5.38,5.22,5.31,5.38,-0.07,-1.3011,3302805.02,1743943.25,0.1225,0.49,6.0614,0.7334,2.213,35640625.7089,26961221.2539,3389563.121,189251722.5143,143164084.8582
601398.SH,20201207,5.29,5.33,5.17,5.19,5.31,-0.12,-2.2599,2754023.06,1438818.983,0.1021,0.5,5.9244,0.7168,2.163,35640625.7089,26961221.2539,3389563.121,184974847.4292,139928738.3077
601398.SH,20201208,5.19,5.22,5.11,5.12,5.19,-0.07,-1.3487,2661064.33,1368985.714,0.0987,0.75,5.8445,0.7072,2.1339,35640625.7089,26961221.2539,3389563.121,182480003.6296,138041452.82
601398.SH,20201209,5.14,5.16,5.09,5.1,5.12,-0.02,-0.3906,2437226.31,1248006.372,0.0904,0.81,5.8217,0.7044,2.1255,35640625.7089,26961221.2539,3389563.121,181767191.1154,137502228.3949
601398.SH,20201210,5.1,5.11,5.04,5.06,5.1,-0.04,-0.7843,2594726.52,1313829.152,0.0962,0.93,5.776,0.6989,2.1089,35640625.7089,26961221.2539,3389563.121,180341566.087,136423779.5447
601398.SH,20201211,5.06,5.08,5.02,5.08,5.06,0.02,0.3953,2792732.63,1408322.766,0.1036,1.02,5.7989,0.7016,2.1172,35640625.7089,26961221.2539,3389563.121,181054378.6012,136963003.9698
601398.SH,20201214,5.07,5.09,5.03,5.05,5.08,-0.03,-0.5906,2721059.52,1375565.026,0.1009,1.03,5.7646,0.6975,2.1047,35640625.7089,26961221.2539,3389563.121,179985159.8299,136154167.3322
601398.SH,20201215,5.05,5.05,4.98,5.01,5.05,-0.04,-0.7921,3407518.2,1703696.313,0.1264,1.29,5.719,0.692,2.088,35640625.7089,26961221.2539,3389563.121,178559534.8016,135075718.482
601398.SH,20201216,5.01,5.05,4.99,5.0,5.01,-0.01,-0.1996,2660674.96,1333083.487,0.0987,0.95,5.7075,0.6906,2.0838,35640625.7089,26961221.2539,3389563.121,178203128.5445,134806106.2695
601398.SH,20201217,5.0,5.04,4.96,5.03,5.0,0.03,0.6,3311278.67,1653433.805,0.1228,1.17,5.7418,0.6947,2.0964,35640625.7089,26961221.2539,3389563.121,179272347.3158,135614942.9071
601398.SH,20201218,5.01,5.03,4.98,5.0,5.03,-0.03,-0.5964,2197721.7,1098952.028,0.0815,0.74,5.7075,0.6906,2.0838,35640625.7089,26961221.2539,3389563.121,178203128.5445,134806106.2695
601398.SH,20201221,5.01,5.02,4.98,5.0,5.0,0.0,0.0,2058288.22,1029138.053,0.0763,0.72,5.7075,0.6906,2.0838,35640625.7089,26961221.2539,3389563.121,178203128.5445,134806106.2695
601398.SH,20201222,4.99,5.0,4.92,4.94,5.0,-0.06,-1.2,3657493.94,1813673.04,0.1357,1.34,5.6391,0.6823,2.0588,35640625.7089,26961221.2539,3389563.121,176064691.002,133188432.9943
601398.SH,20201223,4.94,4.97,4.93,4.96,4.94,0.02,0.4049,2191463.83,1083275.738,0.0813,0.79,5.6619,0.6851,2.0672,35640625.7089,26961221.2539,3389563.121,176777503.5161,133727657.4193
601398.SH,20201224,4.96,4.98,4.94,4.96,4.96,0.0,0.0,1222627.63,606453.338,0.0453,0.46,5.6619,0.6851,2.0672,35640625.7089,26961221.2539,3389563.121,176777503.5161,133727657.4193
601398.SH,20201225,4.96,4.97,4.95,4.97,4.96,0.01,0.2016,1532838.72,760124.137,0.0569,0.68,5.6733,0.6864,2.0713,35640625.7089,26961221.2539,3389563.121,177133909.7732,133997269.6319
601398.SH,20201228,4.96,4.97,4.93,4.97,4.97,0.0,0.0,2319268.12,1148788.802,0.086,1.09,5.6733,0.6864,2.0713,35640625.7089,26961221.2539,3389563.121,177133909.7732,133997269.6319
601398.SH,20201229,4.97,4.98,4.95,4.98,4.97,0.01,0.2012,2542023.19,1262344.538,0.0943,1.16,5.6847,0.6878,2.0755,35640625.7089,26961221.2539,3389563.121,177490316.0303,134266881.8444
601398.SH,20201230,4.97,4.98,4.94,4.96,4.98,-0.02,-0.4016,2540784.89,1258737.039,0.0942,1.3,5.6619,0.6851,2.0672,35640625.7089,26961221.2539,3389563.121,176777503.5161,133727657.4193
601398.SH,20201231,4.95,5.01,4.95,4.99,4.96,0.03,0.6048,3100039.9,1545155.692,0.115,1.53,5.6961,0.6892,2.0797,35640625.7089,26961221.2539,3389563.121,177846722.2874,134536494.057
601398.SH,20210104,4.97,5.01,4.95,5.01,4.99,0.02,0.4008,3539511.77,1762309.487,0.1313,1.47,5.719,0.692,2.088,35640625.7089,26961221.2539,3389563.121,178559534.8016,135075718.482
601398.SH,20210105,4.99,4.99,4.94,4.97,5.01,-0.04,-0.7984,3710103.7,1839470.542,0.1376,1.32,5.6733,0.6864,2.0713,35640625.7089,26961221.2539,3389563.121,177133909.7732,133997269.6319
601398.SH,20210106,4.96,4.98,4.95,4.97,4.97,0.0,0.0,3463183.59,1717383.498,0.1285,1.12,5.6733,0.6864,2.0713,35640625.7089,26961221.2539,3389563.121,177133909.7732,133997269.6319
601398.SH,20210107,4.97,5.0,4.95,5.0,4.97,0.03,0.6036,3190474.0,1587574.808,0.1183,0.98,5.7075,0.6906,2.0838,35640625.7089,26961221.2539,3389563.121,178203128.5445,134806106.2695
601398.SH,20210108,5.0,5.03,4.98,5.0,5.0,0.0,0.0,3422029.83,1710555.285,0.1269,1.01,5.7075,0.6906,2.0838,35640625.7089,26961221.2539,3389563.121,178203128.5445,134806106.2695
601398.SH,20210111,5.0,5.04,4.98,4.99,5.0,-0.01,-0.2,4956515.0,2483547.36,0.1838,1.43,5.6961,0.6892,2.0797,35640625.7089,26961221.2539,3389563.121,177846722.2874,134536494.057
601398.SH,20210112,4.99,5.02,4.96,5.02,4.99,0.03,0.6012,3504956.97,1745570.165,0.13,0.94,5.7304,0.6933,2.0922,35640625.7089,26961221.2539,3389563.121,178915941.0587,135345330.6946
601398.SH,20210113,5.03,5.06,5.0,5.06,5.02,0.04,0.7968,4046442.02,2037164.963,0.1501,1.09,5.776,0.6989,2.1089,35640625.7089,26961221.2539,3389563.121,180341566.087,136423779.5447
601398.SH,20210114,5.05,5.15,5.04,5.08,5.06,0.02,0.3953,3884095.48,1975738.477,0.1441,1.02,5.7989,0.7016,2.1172,35640625.7089,26961221.2539,3389563.121,181054378.6012,136963003.9698
601398.SH,20210115,5.1,5.26,5.1,5.15,5.08,0.07,1.378,7006634.1,3629241.419,0.2599,1.77,5.8788,0.7113,2.1464,35640625.7089,26961221.2539,3389563.121,183549222.4008,138850289.4576
601398.SH,20210118,5.13,5.18,5.08,5.14,5.15,-0.01,-0.1942,3981897.84,2039374.953,0.1477,0.85,5.8674,0.7099,2.1422,35640625.7089,26961221.2539,3389563.121,183192816.1437,138580677.245
601398.SH,20210119,5.14,5.22,5.1,5.2,5.14,0.06,1.1673,4330690.19,2239901.452,0.1606,0.97,5.9358,0.7182,2.1672,35640625.7089,26961221.2539,3389563.121,185331253.6863,140198350.5203
601398.SH,20210120,5.18,5.25,5.13,5.15,5.2,-0.05,-0.9615,3145664.69,1629660.426,0.1167,0.68,5.8788,0.7113,2.1464,35640625.7089,26961221.2539,3389563.121,183549222.4008,138850289.4576
601398.SH,20210121,5.16,5.17,5.1,5.13,5.15,-0.02,-0.3883,2456775.13,1259494.67,0.0911,0.55,5.8559,0.7085,2.138,35640625.7089,26961221.2539,3389563.121,182836409.8867,138311065.0325
601398.SH,20210122,5.12,5.12,5.03,5.04,5.13,-0.09,-1.7544,2774286.48,1402382.795,0.1029,0.66,5.7532,0.6961,2.1005,35640625.7089,26961221.2539,3389563.121,179628753.5729,135884555.1197
601398.SH,20210125,5.03,5.05,4.99,5.05,5.04,0.01,0.1984,2190551.8,1097970.398,0.0812,0.66,5.7646,0.6975,2.1047,35640625.7089,26961221.2539,3389563.121,179985159.8299,136154167.3322
601398.SH,20210126,5.03,5.07,5.01,5.03,5.05,-0.02,-0.396,2103793.85,1060814.307,0.078,0.71,5.7418,0.6947,2.0964,35640625.7089,26961221.2539,3389563.121,179272347.3158,135614942.9071
601398.SH,20210127,5.04,5.15,5.03,5.07,5.03,0.04,0.7952,3709866.33,1891316.03,0.1376,1.46,5.7874,0.7003,2.113,35640625.7089,26961221.2539,3389563.121,180697972.3441,136693391.7573
601398.SH,20210128,5.05,5.07,5.01,5.03,5.07,-0.04,-0.789,2850794.92,1432841.334,0.1057,1.08,5.7418,0.6947,2.0964,35640625.7089,26961221.2539,3389563.121,179272347.3158,135614942.9071
601398.SH,20210129,5.03,5.12,5.02,5.09,5.03,0.06,1.1928,4111437.04,2088594.441,0.1525,1.51,5.8103,0.703,2.1214,35640625.7089,26961221.2539,3389563.121,181410784.8583,137232616.1824
601398.SH,20210201,5.08,5.15,5.05,5.14,5.09,0.05,0.9823,3813222.01,1949170.573,0.1414,1.27,5.8674,0.7099,2.1422,35640625.7089,26961221.2539,3389563.121,183192816.1437,138580677.245
601398.SH,20210202,5.14,5.18,5.08,5.09,5.14,-0.05,-0.9728,2599985.88,1334133.657,0.0964,0.78,5.8103,0.703,2.1214,35640625.7089,26961221.2539,3389563.121,181410784.8583,137232616.1824
601398.SH,20210203,5.09,5.12,5.03,5.04,5.09,-0.05,-0.9823,3375579.15,1711432.806,0.1252,0.99,5.7532,0.6961,2.1005,35640625.7089,26961221.2539,3389563.121,179628753.5729,135884555.1197
601398.SH,20210204,5.04,5.12,5.03,5.07,5.04,0.03,0.5952,2524440.08,1280634.53,0.0936,0.75,5.7874,0.7003,2.113,35640625.7089,26961221.2539,3389563.121,180697972.3441,136693391.7573
601398.SH,20210205,5.07,5.21,5.06,5.18,5.07,0.11,2.1696,5937442.34,3063814.604,0.2202,1.81,5.913,0.7154,2.1589,35640625.7089,26961221.2539,3389563.121,184618441.1721,139659126.0952
601398.SH,20210208,5.18,5.2,5.12,5.16,5.18,-0.02,-0.3861,3671269.32,1896286.395,0.1362,1.01,5.8902,0.7127,2.1505,35640625.7089,26961221.2539,3389563.121,183905628.6579,139119901.6701
601398.SH,20210209,5.14,5.15,5.11,5.15,5.16,-0.01,-0.1938,2782988.45,1427909.673,0.1032,0.77,5.8788,0.7113,2.1464,35640625.7089,26961221.2539,3389563.121,183549222.4008,138850289.4576
601398.SH,20210210,5.24,5.37,5.21,5.25,5.15,0.1,1.9417,6647042.24,3503636.815,0.2465,1.82,5.9929,0.7251,2.188,35640625.7089,26961221.2539,3389563.121,187113284.9717,141546411.583
601398.SH,20210218,5.33,5.33,5.22,5.24,5.25,-0.01,-0.1905,3284009.33,1729904.261,0.1218,0.76,5.9815,0.7237,2.1839,35640625.7089,26961221.2539,3389563.121,186756878.7146,141276799.3704
601398.SH,20210219,5.22,5.3,5.21,5.24,5.24,0.0,0.0,2424131.24,1272825.16,0.0899,0.54,5.9815,0.7237,2.1839,35640625.7089,26961221.2539,3389563.121,186756878.7146,141276799.3704
601398.SH,20210222,5.25,5.41,5.24,5.37,5.24,0.13,2.4809,6020820.16,3210856.211,0.2233,1.6,6.1299,0.7417,2.2381,35640625.7089,26961221.2539,3389563.121,191390160.0568,144781758.1334
601398.SH,20210223,5.35,5.45,5.32,5.38,5.37,0.01,0.1862,4671505.23,2515406.549,0.1733,1.1,6.1413,0.7431,2.2422,35640625.7089,26961221.2539,3389563.121,191746566.3139,145051370.346
601398.SH,20210224,5.37,5.42,5.24,5.3,5.38,-0.08,-1.487,3850657.47,2050842.778,0.1428,0.84,6.05,0.732,2.2089,35640625.7089,26961221.2539,3389563.121,188895316.2572,142894472.6457
601398.SH,20210225,5.29,5.48,5.28,5.44,5.3,0.14,2.6415,5097002.17,2755175.018,0.189,1.26,6.2098,0.7514,2.2672,35640625.7089,26961221.2539,3389563.121,193885003.8564,146669043.6212
601398.SH,20210226,5.39,5.49,5.35,5.37,5.44,-0.07,-1.2868,4351701.21,2353185.888,0.1614,0.99,6.1299,0.7417,2.2381,35640625.7089,26961221.2539,3389563.121,191390160.0568,144781758.1334
601398.SH,20210301,5.36,5.42,5.32,5.34,5.37,-0.03,-0.5587,2406633.15,1289476.168,0.0893,0.5,6.0957,0.7375,2.2255,35640625.7089,26961221.2539,3389563.121,190320941.2855,143972921.4958
601398.SH,20210302,5.35,5.35,5.24,5.29,5.34,-0.05,-0.9363,2500312.65,1322171.845,0.0927,0.61,6.0386,0.7306,2.2047,35640625.7089,26961221.2539,3389563.121,188538910.0001,142624860.4331
601398.SH,20210303,5.28,5.48,5.26,5.45,5.29,0.16,3.0246,4469111.21,2420613.521,0.1658,1.23,6.2212,0.7527,2.2714,35640625.7089,26961221.2539,3389563.121,194241410.1135,146938655.8338
601398.SH,20210304,5.43,5.51,5.41,5.45,5.45,0.0,0.0,3734192.53,2041014.989,0.1385,0.99,6.2212,0.7527,2.2714,35640625.7089,26961221.2539,3389563.121,194241410.1135,146938655.8338
601398.SH,20210305,5.43,5.59,5.37,5.57,5.45,0.12,2.2018,4787743.56,2629997.848,0.1776,1.37,6.3582,0.7693,2.3214,35640625.7089,26961221.2539,3389563.121,198518285.1986,150174002.3842
601398.SH,20210308,5.58,5.61,5.51,5.53,5.57,-0.04,-0.7181,4291683.05,2390324.693,0.1592,1.2,6.3125,0.7638,2.3047,35640625.7089,26961221.2539,3389563.121,197092660.1702,149095553.5341
601398.SH,20210309,5.57,5.63,5.43,5.46,5.53,-0.07,-1.2658,4663950.21,2577277.082,0.173,1.18,6.2326,0.7541,2.2756,35640625.7089,26961221.2539,3389563.121,194597816.3706,147208268.0463
601398.SH,20210310,5.44,5.46,5.35,5.4,5.46,-0.06,-1.0989,3067843.16,1658235.909,0.1138,0.7,6.1641,0.7458,2.2506,35640625.7089,26961221.2539,3389563.121,192459378.8281,145590594.7711
601398.SH,20210311,5.45,5.54,5.43,5.48,5.4,0.08,1.4815,2824228.15,1547729.634,0.1048,0.69,6.2555,0.7569,2.2839,35640625.7089,26961221.2539,3389563.121,195310628.8848,147747492.4714
601398.SH,20210312,5.47,5.5,5.43,5.44,5.48,-0.04,-0.7299,1848416.36,1009519.475,0.0686,0.47,6.2098,0.7514,2.2672,35640625.7089,26961221.2539,3389563.121,193885003.8564,146669043.6212
601398.SH,20210315,5.45,5.58,5.42,5.55,5.44,0.11,2.0221,3037976.06,1680121.698,0.1127,0.91,6.3354,0.7666,2.3131,35640625.7089,26961221.2539,3389563.121,197805472.6844,149634777.9591
601398.SH,20210316,5.56,5.63,5.54,5.6,5.55,0.05,0.9009,2730799.94,1529009.421,0.1013,0.88,6.3924,0.7735,2.3339,35640625.7089,26961221.2539,3389563.121,199587503.9698,150982839.0218
601398.SH,20210317,5.58,5.6,5.48,5.53,5.6,-0.07,-1.25,2037134.43,1125314.257,0.0756,0.75,6.3125,0.7638,2.3047,35640625.7089,26961221.2539,3389563.121,197092660.1702,149095553.5341
601398.SH,20210318,5.52,5.54,5.46,5.48,5.53,-0.05,-0.9042,2245441.99,1232892.978,0.0833,0.9,6.2555,0.7569,2.2839,35640625.7089,26961221.2539,3389563.121,195310628.8848,147747492.4714
601398.SH,20210319,5.49,5.5,5.32,5.36,5.48,-0.12,-2.1898,3325305.19,1790956.578,0.1233,1.4,6.1185,0.7403,2.2339,35640625.7089,26961221.2539,3389563.121,191033753.7997,144512145.9209
601398.SH,20210322,5.32,5.45,5.32,5.42,5.36,0.06,1.1194,2325313.4,1256741.319,0.0862,0.87,6.187,0.7486,2.2589,35640625.7089,26961221.2539,3389563.121,193172191.3422,146129819.1961
601398.SH,20210323,5.4,5.5,5.35,5.4,5.42,-0.02,-0.369,3259731.3,1762122.172,0.1209,1.29,6.1641,0.7458,2.2506,35640625.7089,26961221.2539,3389563.121,192459378.8281,145590594.7711
601398.SH,20210324,5.37,5.43,5.33,5.41,5.4,0.01,0.1852,1899836.67,1023433.745,0.0705,0.72,6.1756,0.7472,2.2547,35640625.7089,26961221.2539,3389563.121,192815785.0851,145860206.9836
601398.SH,20210325,5.41,5.46,5.35,5.36,5.41,-0.05,-0.9242,2073948.17,1119656.596,0.0769,0.79,6.1185,0.7403,2.2339,35640625.7089,26961221.2539,3389563.121,191033753.7997,144512145.9209
601398.SH,20210326,5.37,5.38,5.3,5.35,5.36,-0.01,-0.1866,2471983.68,1318532.528,0.0917,0.96,6.1071,0.7389,2.2297,35640625.7089,26961221.2539,3389563.121,190677347.5426,144242533.7084
601398.SH,20210329,5.37,5.47,5.33,5.46,5.35,0.11,2.0561,3479499.8,1883572.374,0.1291,1.45,6.16,0.7295,2.2047,35640625.7089,26961221.2539,3389563.121,194597816.3706,147208268.0463
601398.SH,20210330,5.46,5.48,5.43,5.48,5.46,0.02,0.3663,1932973.81,1055760.163,0.0717,0.73,6.1826,0.7321,2.2127,35640625.7089,26961221.2539,3389563.121,195310628.8848,147747492.4714
601398.SH,20210331,5.47,5.55,5.44,5.54,5.48,0.06,1.0949,2424348.67,1333971.679,0.0899,1.02,6.2502,0.7402,2.237,35640625.7089,26961221.2539,3389563.121,197449066.4273,149365165.7466
601398.SH,20210401,5.51,5.54,5.47,5.5,5.54,-0.04,-0.722,1324761.54,729322.831,0.0491,0.53,6.2051,0.7348,2.2208,35640625.7089,26961221.2539,3389563.121,196023441.399,148286716.8965
601398.SH,20210402,5.5,5.51,5.4,5.42,5.5,-0.08,-1.4545,1847807.4,1004165.175,0.0685,0.79,6.1149,0.7241,2.1885,35640625.7089,26961221.2539,3389563.121,193172191.3422,146129819.1961
601398.SH,20210406,5.42,5.43,5.37,5.42,5.42,0.0,0.0,1228942.35,663506.407,0.0456,0.56,6.1149,0.7241,2.1885,35640625.7089,26961221.2539,3389563.121,193172191.3422,146129819.1961
601398.SH,20210407,5.42,5.46,5.4,5.45,5.42,0.03,0.5535,1756961.99,954364.771,0.0652,1.0,6.1487,0.7281,2.2006,35640625.7089,26961221.2539,3389563.121,194241410.1135,146938655.8338
601398.SH,20210408,5.46,5.47,5.41,5.44,5.45,-0.01,-0.1835,1239713.65,673843.054,0.046,0.72,6.1374,0.7268,2.1966,35640625.7089,26961221.2539,3389563.121,193885003.8564,146669043.6212
601398.SH,20210409,5.44,5.44,5.4,5.42,5.44,-0.02,-0.3676,1311275.92,710198.881,0.0486,0.89,6.1149,0.7241,2.1885,35640625.7089,26961221.2539,3389563.121,193172191.3422,146129819.1961
601398.SH,20210412,5.42,5.5,5.39,5.48,5.42,0.06,1.107,2196348.06,1197623.267,0.0815,1.49,6.1826,0.7321,2.2127,35640625.7089,26961221.2539,3389563.121,195310628.8848,147747492.4714
601398.SH,20210413,5.48,5.53,5.45,5.51,5.48,0.03,0.5474,1739371.09,955601.023,0.0645,1.12,6.2164,0.7361,2.2249,35640625.7089,26961221.2539,3389563.121,196379847.656,148556329.109
601398.SH,20210414,5.51,5.52,5.43,5.45,5.51,-0.06,-1.0889,1533739.1,838785.29,0.0569,0.93,6.1487,0.7281,2.2006,35640625.7089,26961221.2539,3389563.121,194241410.1135,146938655.8338
601398.SH,20210415,5.43,5.45,5.39,5.45,5.45,0.0,0.0,1572157.97,851588.448,0.0583,0.98,6.1487,0.7281,2.2006,35640625.7089,26961221.2539,3389563.121,194241410.1135,146938655.8338
601398.SH,20210416,5.43,5.46,5.41,5.43,5.45,-0.02,-0.367,1108743.02,602808.763,0.0411,0.66,6.1261,0.7255,2.1925,35640625.7089,26961221.2539,3389563.121,193528597.5993,146399431.4087
601398.SH,20210419,5.44,5.46,5.41,5.44,5.43,0.01,0.1842,1757543.3,955148.031,0.0652,1.08,6.1374,0.7268,2.1966,35640625.7089,26961221.2539,3389563.121,193885003.8564,146669043.6212
601398.SH,20210420,5.43,5.44,5.38,5.39,5.44,-0.05,-0.9191,1770716.74,956571.771,0.0657,1.15,6.081,0.7201,2.1764,35640625.7089,26961221.2539,3389563.121,192102972.571,145320982.5585
601398.SH,20210421,5.38,5.41,5.37,5.37,5.39,-0.02,-0.3711,1353647.63,729408.438,0.0502,0.87,6.0585,0.7174,2.1683,35640625.7089,26961221.2539,3389563.121,191390160.0568,144781758.1334
601398.SH,20210422,5.38,5.39,5.31,5.33,5.37,-0.04,-0.7449,2114983.49,1128744.302,0.0784,1.4,6.0133,0.7121,2.1522,35640625.7089,26961221.2539,3389563.121,189964535.0284,143703309.2833
601398.SH,20210423,5.31,5.34,5.27,5.29,5.33,-0.04,-0.7505,1648980.57,873476.386,0.0612,1.02,5.9682,0.7068,2.136,35640625.7089,26961221.2539,3389563.121,188538910.0001,142624860.4331
601398.SH,20210426,5.31,5.32,5.26,5.27,5.29,-0.02,-0.3781,1706931.35,901989.201,0.0633,0.99,5.9456,0.7041,2.1279,35640625.7089,26961221.2539,3389563.121,187826097.4859,142085636.0081
601398.SH,20210427,5.26,5.27,5.22,5.24,5.27,-0.03,-0.5693,1491237.7,781815.67,0.0553,0.87,5.9118,0.7001,2.1158,35640625.7089,26961221.2539,3389563.121,186756878.7146,141276799.3704
601398.SH,20210428,5.24,5.25,5.18,5.2,5.24,-0.04,-0.7634,1829764.37,951527.126,0.0679,1.1,5.8667,0.6947,2.0997,35640625.7089,26961221.2539,3389563.121,185331253.6863,140198350.5203
601398.SH,20210429,5.2,5.24,5.18,5.22,5.2,0.02,0.3846,1889873.15,984719.706,0.0701,1.07,5.8892,0.6974,2.1078,35640625.7089,26961221.2539,3389563.121,186044066.2005,140737574.9454
601398.SH,20210430,5.21,5.22,5.08,5.13,5.22,-0.09,-1.7241,3957487.28,2029640.682,0.1468,2.31,5.7877,0.6644,2.0714,35640625.7089,26961221.2539,3389563.121,182836409.8867,138311065.0325
601398.SH,20210506,5.11,5.18,5.1,5.12,5.13,-0.01,-0.1949,2160396.82,1111237.174,0.0801,0.99,5.7764,0.6631,2.0674,35640625.7089,26961221.2539,3389563.121,182480003.6296,138041452.82
601398.SH,20210507,5.12,5.23,5.11,5.22,5.12,0.1,1.9531,2819970.42,1463579.747,0.1046,1.24,5.8892,0.6761,2.1078,35640625.7089,26961221.2539,3389563.121,186044066.2005,140737574.9454
601398.SH,20210510,5.21,5.25,5.18,5.25,5.22,0.03,0.5747,2074711.44,1082434.696,0.077,0.82,5.9231,0.68,2.1199,35640625.7089,26961221.2539,3389563.121,187113284.9717,141546411.583
601398.SH,20210511,5.24,5.25,5.21,5.23,5.25,-0.02,-0.381,1392521.41,728865.905,0.0516,0.54,5.9005,0.6774,2.1118,35640625.7089,26961221.2539,3389563.121,186400472.4575,141007187.1579
601398.SH,20210512,5.22,5.28,5.21,5.26,5.23,0.03,0.5736,1500463.33,788520.443,0.0557,0.6,5.9344,0.6812,2.1239,35640625.7089,26961221.2539,3389563.121,187469691.2288,141816023.7955
601398.SH,20210513,5.25,5.28,5.21,5.24,5.26,-0.02,-0.3802,1460695.72,764148.328,0.0542,0.73,5.9118,0.6787,2.1158,35640625.7089,26961221.2539,3389563.121,186756878.7146,141276799.3704
601398.SH,20210514,5.24,5.28,5.21,5.28,5.24,0.04,0.7634,1550005.39,813767.333,0.0575,0.84,5.9569,0.6838,2.132,35640625.7089,26961221.2539,3389563.121,188182503.743,142355248.2206
601398.SH,20210517,5.26,5.29,5.24,5.27,5.28,-0.01,-0.1894,1708819.7,899549.356,0.0634,1.07,5.9456,0.6825,2.1279,35640625.7089,26961221.2539,3389563.121,187826097.4859,142085636.0081
601398.SH,20210518,5.27,5.27,5.23,5.26,5.27,-0.01,-0.1898,1016399.97,533290.393,0.0377,0.67,5.9344,0.6812,2.1239,35640625.7089,26961221.2539,3389563.121,187469691.2288,141816023.7955
601398.SH,20210519,5.25,5.26,5.2,5.21,5.26,-0.05,-0.9506,1481871.87,772568.444,0.055,1.02,5.8779,0.6748,2.1037,35640625.7089,26961221.2539,3389563.121,185687659.9434,140467962.7328
601398.SH,20210520,5.2,5.23,5.18,5.23,5.21,0.02,0.3839,1282338.76,666829.935,0.0476,0.89,5.9005,0.6774,2.1118,35640625.7089,26961221.2539,3389563.121,186400472.4575,141007187.1579
601398.SH,20210521,5.21,5.22,5.16,5.17,5.23,-0.06,-1.1472,1519668.14,787505.846,0.0564,1.08,5.8328,0.6696,2.0876,35640625.7089,26961221.2539,3389563.121,184262034.915,139389513.8827
601398.SH,20210524,5.17,5.2,5.16,5.19,5.17,0.02,0.3868,1065409.01,552108.955,0.0395,0.76,5.8554,0.6722,2.0956,35640625.7089,26961221.2539,3389563.121,184974847.4292,139928738.3077
601398.SH,20210525,5.19,5.26,5.16,5.26,5.19,0.07,1.3487,2666746.19,1392450.021,0.0989,2.09,5.9344,0.6812,2.1239,35640625.7089,26961221.2539,3389563.121,187469691.2288,141816023.7955
601398.SH,20210526,5.25,5.29,5.23,5.26,5.26,0.0,0.0,2056034.06,1081284.307,0.0763,1.28,5.9344,0.6812,2.1239,35640625.7089,26961221.2539,3389563.121,187469691.2288,141816023.7955
601398.SH,20210527,5.26,5.28,5.23,5.26,5.26,0.0,0.0,1831175.91,963010.881,0.0679,1.07,5.9344,0.6812,2.1239,35640625.7089,26961221.2539,3389563.121,187469691.2288,141816023.7955
601398.SH,20210528,5.26,5.27,5.23,5.27,5.26,0.01,0.1901,1700005.19,892744.989,0.0631,0.93,5.9456,0.6825,2.1279,35640625.7089,26961221.2539,3389563.121,187826097.4859,142085636.0081
601398.SH,20210531,5.25,5.26,5.19,5.21,5.27,-0.06,-1.1385,2919607.61,1520925.681,0.1083,1.57,5.8779,0.6748,2.1037,35640625.7089,26961221.2539,3389563.121,185687659.9434,140467962.7328
601398.SH,20210601,5.21,5.21,5.17,5.18,5.21,-0.03,-0.5758,2245141.02,1162897.689,0.0833,1.0,5.8441,0.6709,2.0916,35640625.7089,26961221.2539,3389563.121,184618441.1721,139659126.0952
601398.SH,20210602,5.18,5.21,5.14,5.19,5.18,0.01,0.1931,2577451.54,1330994.609,0.0956,1.2,5.8554,0.6722,2.0956,35640625.7089,26961221.2539,3389563.121,184974847.4292,139928738.3077
601398.SH,20210603,5.19,5.2,5.15,5.15,5.19,-0.04,-0.7707,1937089.44,1001184.002,0.0718,0.86,5.8102,0.667,2.0795,35640625.7089,26961221.2539,3389563.121,183549222.4008,138850289.4576
601398.SH,20210604,5.16,5.2,5.15,5.17,5.15,0.02,0.3883,2397084.28,1240163.844,0.0889,1.05,5.8328,0.6696,2.0876,35640625.7089,26961221.2539,3389563.121,184262034.915,139389513.8827
601398.SH,20210607,5.18,5.18,5.16,5.17,5.17,0.0,0.0,1476962.07,763427.211,0.0548,0.61,5.8328,0.6696,2.0876,35640625.7089,26961221.2539,3389563.121,184262034.915,139389513.8827
601398.SH,20210608,5.17,5.2,5.16,5.2,5.17,0.03,0.5803,1963000.35,1017275.136,0.0728,0.92,5.8667,0.6735,2.0997,35640625.7089,26961221.2539,3389563.121,185331253.6863,140198350.5203
601398.SH,20210609,5.19,5.22,5.18,5.19,5.2,-0.01,-0.1923,2061471.47,1071905.449,0.0765,1.0,5.8554,0.6722,2.0956,35640625.7089,26961221.2539,3389563.121,184974847.4292,139928738.3077
601398.SH,20210610,5.19,5.22,5.18,5.2,5.19,0.01,0.1927,2052732.27,1067542.199,0.0761,1.04,5.8667,0.6735,2.0997,35640625.7089,26961221.2539,3389563.121,185331253.6863,140198350.5203
601398.SH,20210611,5.2,5.2,5.17,5.19,5.2,-0.01,-0.1923,1735732.58,899678.382,0.0644,0.87,5.8554,0.6722,2.0956,35640625.7089,26961221.2539,3389563.121,184974847.4292,139928738.3077
601398.SH,20210615,5.18,5.19,5.15,5.16,5.19,-0.03,-0.578,1812073.62,935309.205,0.0672,0.98,5.8215,0.6683,2.0835,35640625.7089,26961221.2539,3389563.121,183905628.6579,139119901.6701
601398.SH,20210616,5.16,5.19,5.15,5.17,5.16,0.01,0.1938,1486551.27,768523.574,0.0551,0.77,5.8328,0.6696,2.0876,35640625.7089,26961221.2539,3389563.121,184262034.915,139389513.8827
601398.SH,20210617,5.17,5.2,5.15,5.18,5.17,0.01,0.1934,1958783.37,1015002.289,0.0727,1.07,5.8441,0.6709,2.0916,35640625.7089,26961221.2539,3389563.121,184618441.1721,139659126.0952
601398.SH,20210618,5.17,5.18,5.16,5.18,5.18,0.0,0.0,1532488.58,792203.51,0.0568,0.85,5.8441,0.6709,2.0916,35640625.7089,26961221.2539,3389563.121,184618441.1721,139659126.0952
601398.SH,20210621,5.17,5.18,5.15,5.15,5.18,-0.03,-0.5792,1996642.7,1030022.536,0.0741,1.17,5.8102,0.667,2.0795,35640625.7089,26961221.2539,3389563.121,183549222.4008,138850289.4576
601398.SH,20210622,5.16,5.18,5.15,5.16,5.15,0.01,0.1942,1789340.78,924193.353,0.0664,1.02,5.8215,0.6683,2.0835,35640625.7089,26961221.2539,3389563.121,183905628.6579,139119901.6701
601398.SH,20210623,5.16,5.17,5.14,5.14,5.16,-0.02,-0.3876,2522193.54,1299166.847,0.0935,1.44,5.799,0.6657,2.0755,35640625.7089,26961221.2539,3389563.121,183192816.1437,138580677.245
601398.SH,20210624,5.14,5.2,5.14,5.2,5.14,0.06,1.1673,2465297.21,1275936.039,0.0914,1.26,5.8667,0.6735,2.0997,35640625.7089,26961221.2539,3389563.121,185331253.6863,140198350.5203
601398.SH,20210625,5.19,5.25,5.18,5.23,5.2,0.03,0.5769,2460594.6,1286463.194,0.0913,1.19,5.9005,0.6774,2.1118,35640625.7089,26961221.2539,3389563.121,186400472.4575,141007187.1579
601398.SH,20210628,5.23,5.23,5.16,5.18,5.23,-0.05,-0.956,2576344.69,1337751.545,0.0956,1.15,5.8441,0.6709,2.0916,35640625.7089,26961221.2539,3389563.121,184618441.1721,139659126.0952
601398.SH,20210629,5.18,5.2,5.16,5.17,5.18,-0.01,-0.1931,2226935.06,1151485.062,0.0826,0.94,5.8328,0.6696,2.0876,35640625.7089,26961221.2539,3389563.121,184262034.915,139389513.8827
601398.SH,20210630,5.18,5.18,5.16,5.17,5.17,0.0,0.0,1549342.53,800438.588,0.0575,0.63,5.8328,0.6696,2.0876,35640625.7089,26961221.2539,3389563.121,184262034.915,139389513.8827
601398.SH,20210701,5.17,5.26,5.16,5.26,5.17,0.09,1.7408,2770137.4,1441176.257,0.1027,1.23,5.9344,0.6812,2.1239,35640625.7089,26961221.2539,3389563.121,187469691.2288,141816023.7955
601398.SH,20210702,5.21,5.27,5.19,5.25,5.26,-0.01,-0.1901,3551892.84,1854458.893,0.1317,1.53,5.9231,0.68,2.1199,35640625.7089,26961221.2539,3389563.121,187113284.9717,141546411.583
601398.SH,20210705,5.23,5.24,5.18,5.2,5.25,-0.05,-0.9524,2761719.05,1438307.913,0.1024,1.09,5.8667,0.6735,2.0997,35640625.7089,26961221.2539,3389563.121,185331253.6863,140198350.5203
601398.SH,20210706,4.96,4.96,4.93,4.95,4.93,0.02,0.4057,2657630.47,1314029.712,0.0986,1.03,5.5846,0.664,1.9987,35640625.7089,26961221.2539,3389563.121,176421097.2591,133458045.2068
601398.SH,20210707,4.95,4.96,4.92,4.94,4.95,-0.01,-0.202,1776707.65,877305.343,0.0659,0.67,5.5733,0.6626,1.9947,35640625.7089,26961221.2539,3389563.121,176064691.002,133188432.9943
601398.SH,20210708,4.94,4.95,4.88,4.89,4.94,-0.05,-1.0121,2883648.12,1412588.548,0.107,1.07,5.5169,0.6559,1.9745,35640625.7089,26961221.2539,3389563.121,174282659.7165,131840371.9316
601398.SH,20210709,4.89,4.91,4.83,4.85,4.89,-0.04,-0.818,2737420.38,1330231.107,0.1015,1.0,5.4718,0.6506,1.9584,35640625.7089,26961221.2539,3389563.121,172857034.6882,130761923.0814
601398.SH,20210712,4.87,4.88,4.75,4.77,4.85,-0.08,-1.6495,5056773.67,2426435.426,0.1876,1.97,5.3815,0.6398,1.9261,35640625.7089,26961221.2539,3389563.121,170005784.6315,128605025.3811
601398.SH,20210713,4.77,4.78,4.74,4.75,4.77,-0.02,-0.4193,2932780.41,1394984.363,0.1088,0.97,5.359,0.6371,1.918,35640625.7089,26961221.2539,3389563.121,169292972.1173,128065800.956
601398.SH,20210714,4.75,4.75,4.68,4.71,4.75,-0.04,-0.8421,3020828.55,1420168.143,0.112,0.98,5.3138,0.6318,1.9018,35640625.7089,26961221.2539,3389563.121,167867347.0889,126987352.1059
601398.SH,20210715,4.71,4.77,4.69,4.75,4.71,0.04,0.8493,2775908.51,1316100.926,0.103,0.83,5.359,0.6371,1.918,35640625.7089,26961221.2539,3389563.121,169292972.1173,128065800.956
601398.SH,20210716,4.75,4.75,4.71,4.74,4.75,-0.01,-0.2105,1704073.98,805756.077,0.0632,0.52,5.3477,0.6358,1.9139,35640625.7089,26961221.2539,3389563.121,168936565.8602,127796188.7435
601398.SH,20210719,4.73,4.74,4.7,4.73,4.74,-0.01,-0.211,1683757.95,793714.596,0.0625,0.54,5.3364,0.6345,1.9099,35640625.7089,26961221.2539,3389563.121,168580159.6031,127526576.5309
601398.SH,20210720,4.71,4.72,4.7,4.71,4.73,-0.02,-0.4228,1025529.24,483183.662,0.038,0.42,5.3138,0.6318,1.9018,35640625.7089,26961221.2539,3389563.121,167867347.0889,126987352.1059
601398.SH,20210721,4.72,4.73,4.69,4.69,4.71,-0.02,-0.4246,1646258.57,773916.484,0.0611,0.81,5.2913,0.6291,1.8937,35640625.7089,26961221.2539,3389563.121,167154534.5747,126448127.6808
601398.SH,20210722,4.7,4.72,4.69,4.71,4.69,0.02,0.4264,1476369.65,695491.005,0.0548,0.84,5.3138,0.6318,1.9018,35640625.7089,26961221.2539,3389563.121,167867347.0889,126987352.1059
601398.SH,20210723,4.71,4.72,4.69,4.7,4.71,-0.01,-0.2123,1390745.61,653652.762,0.0516,0.92,5.3026,0.6304,1.8978,35640625.7089,26961221.2539,3389563.121,167510940.8318,126717739.8933
601398.SH,20210726,4.69,4.7,4.65,4.67,4.7,-0.03,-0.6383,2245916.33,1047502.898,0.0833,1.55,5.2687,0.6264,1.8857,35640625.7089,26961221.2539,3389563.121,166441722.0606,125908903.2557
601398.SH,20210727,4.66,4.67,4.61,4.62,4.67,-0.05,-1.0707,2088992.0,969160.413,0.0775,1.34,5.2123,0.6197,1.8655,35640625.7089,26961221.2539,3389563.121,164659690.7751,124560842.193
601398.SH,20210728,4.61,4.68,4.6,4.67,4.62,0.05,1.0823,2479934.18,1154474.144,0.092,1.4,5.2687,0.6264,1.8857,35640625.7089,26961221.2539,3389563.121,166441722.0606,125908903.2557
601398.SH,20210729,4.67,4.67,4.61,4.62,4.67,-0.05,-1.0707,1716806.34,794734.066,0.0637,0.89,5.2123,0.6197,1.8655,35640625.7089,26961221.2539,3389563.121,164659690.7751,124560842.193
601398.SH,20210730,4.62,4.62,4.57,4.59,4.62,-0.03,-0.6494,1847471.54,847608.533,0.0685,0.93,5.1785,0.6157,1.8534,35640625.7089,26961221.2539,3389563.121,163590472.0039,123752005.5554
601398.SH,20210802,4.58,4.61,4.53,4.6,4.59,0.01,0.2179,2143222.62,980307.727,0.0795,1.03,5.1897,0.617,1.8574,35640625.7089,26961221.2539,3389563.121,163946878.2609,124021617.7679
601398.SH,20210803,4.59,4.59,4.55,4.58,4.6,-0.02,-0.4348,1352457.87,617612.567,0.0502,0.66,5.1672,0.6143,1.8493,35640625.7089,26961221.2539,3389563.121,163234065.7468,123482393.3429
601398.SH,20210804,4.58,4.58,4.54,4.55,4.58,-0.03,-0.655,1483019.02,675234.462,0.055,0.78,5.1333,0.6103,1.8372,35640625.7089,26961221.2539,3389563.121,162164846.9755,122673556.7052
601398.SH,20210805,4.55,4.57,4.53,4.54,4.55,-0.01,-0.2198,1097471.57,499522.161,0.0407,0.64,5.122,0.609,1.8332,35640625.7089,26961221.2539,3389563.121,161808440.7184,122403944.4927
601398.SH,20210806,4.55,4.55,4.51,4.53,4.54,-0.01,-0.2203,1587328.42,717679.984,0.0589,1.0,5.1108,0.6076,1.8291,35640625.7089,26961221.2539,3389563.121,161452034.4613,122134332.2802
601398.SH,20210809,4.52,4.57,4.51,4.55,4.53,0.02,0.4415,1925600.63,876596.527,0.0714,1.26,5.1333,0.6103,1.8372,35640625.7089,26961221.2539,3389563.121,162164846.9755,122673556.7052
601398.SH,20210810,4.55,4.57,4.52,4.56,4.55,0.01,0.2198,1773891.03,805586.221,0.0658,1.19,5.1446,0.6117,1.8413,35640625.7089,26961221.2539,3389563.121,162521253.2326,122943168.9178
601398.SH,20210811,4.57,4.66,4.57,4.65,4.56,0.09,1.9737,3307272.49,1532111.349,0.1227,2.1,5.2461,0.6237,1.8776,35640625.7089,26961221.2539,3389563.121,165728909.5464,125369678.8306
601398.SH,20210812,4.63,4.67,4.62,4.63,4.65,-0.02,-0.4301,1182781.36,548759.52,0.0439,0.61,5.2236,0.621,1.8695,35640625.7089,26961221.2539,3389563.121,165016097.0322,124830454.4056
601398.SH,20210813,4.63,4.64,4.6,4.61,4.63,-0.02,-0.432,935428.19,431809.85,0.0347,0.48,5.201,0.6184,1.8614,35640625.7089,26961221.2539,3389563.121,164303284.518,124291229.9805
601398.SH,20210816,4.61,4.64,4.6,4.62,4.61,0.01,0.2169,1161093.33,536195.505,0.0431,0.64,5.2123,0.6197,1.8655,35640625.7089,26961221.2539,3389563.121,164659690.7751,124560842.193
601398.SH,20210817,4.61,4.64,4.6,4.62,4.62,0.0,0.0,1951383.06,901396.444,0.0724,1.17,5.2123,0.6197,1.8655,35640625.7089,26961221.2539,3389563.121,164659690.7751,124560842.193
601398.SH,20210818,4.61,4.68,4.6,4.67,4.62,0.05,1.0823,2598466.18,1206854.887,0.0964,1.52,5.2687,0.6264,1.8857,35640625.7089,26961221.2539,3389563.121,166441722.0606,125908903.2557
601398.SH,20210819,4.66,4.67,4.62,4.64,4.67,-0.03,-0.6424,1482787.26,687957.237,0.055,0.95,5.2349,0.6224,1.8736,35640625.7089,26961221.2539,3389563.121,165372503.2893,125100066.6181
601398.SH,20210820,4.64,4.67,4.62,4.66,4.64,0.02,0.431,1903425.77,884926.716,0.0706,1.17,5.2574,0.6251,1.8816,35640625.7089,26961221.2539,3389563.121,166085315.8035,125639291.0432
601398.SH,20210823,4.64,4.67,4.63,4.63,4.66,-0.03,-0.6438,1177076.75,546712.339,0.0437,0.65,5.2236,0.621,1.8695,35640625.7089,26961221.2539,3389563.121,165016097.0322,124830454.4056
601398.SH,20210824,4.63,4.65,4.63,4.63,4.63,0.0,0.0,954530.98,442656.393,0.0354,0.52,5.2236,0.621,1.8695,35640625.7089,26961221.2539,3389563.121,165016097.0322,124830454.4056
601398.SH,20210825,4.64,4.64,4.62,4.63,4.63,0.0,0.0,1003847.89,464385.845,0.0372,0.62,5.2236,0.621,1.8695,35640625.7089,26961221.2539,3389563.121,165016097.0322,124830454.4056
601398.SH,20210826,4.62,4.63,4.6,4.62,4.63,-0.01,-0.216,1176893.09,542560.911,0.0437,0.9,5.2123,0.5984,1.8655,35640625.7089,26961221.2539,3389563.121,164659690.7751,124560842.193
601398.SH,20210827,4.61,4.64,4.6,4.64,4.62,0.02,0.4329,1161297.16,536676.655,0.0431,0.93,5.2349,0.6224,1.8736,35640625.7089,26961221.2539,3389563.121,165372503.2893,125100066.6181
601398.SH,20210830,4.63,4.64,4.56,4.58,4.64,-0.06,-1.2931,2034266.05,933775.426,0.0755,1.86,5.1672,0.597,1.8493,35640625.7089,26961221.2539,3389563.121,163234065.7468,123482393.3429
601398.SH,20210831,4.59,4.62,4.57,4.62,4.58,0.04,0.8734,1917114.5,880980.368,0.0711,1.51,5.2123,0.6022,1.8655,35640625.7089,26961221.2539,3389563.121,164659690.7751,124560842.193
601398.SH,20210901,4.61,4.69,4.6,4.68,4.62,0.06,1.2987,2681033.61,1249115.489,0.0994,1.84,5.28,0.6101,1.8897,35640625.7089,26961221.2539,3389563.121,166798128.3177,126178515.4683
601398.SH,20210902,4.68,4.69,4.66,4.69,4.68,0.01,0.2137,1467903.56,686983.93,0.0544,0.82,5.2913,0.6114,1.8937,35640625.7089,26961221.2539,3389563.121,167154534.5747,126448127.6808
601398.SH,20210903,4.69,4.75,4.66,4.73,4.69,0.04,0.8529,2025437.2,954773.062,0.0751,1.09,5.3364,0.6166,1.9099,35640625.7089,26961221.2539,3389563.121,168580159.6031,127526576.5309
601398.SH,20210906,4.7,4.75,4.7,4.73,4.73,0.0,0.0,1605364.98,758568.371,0.0595,0.79,5.3364,0.6166,1.9099,35640625.7089,26961221.2539,3389563.121,168580159.6031,127526576.5309
601398.SH,20210907,4.73,4.77,4.7,4.75,4.73,0.02,0.4228,1948513.19,921859.134,0.0723,1.0,5.359,0.6192,1.918,35640625.7089,26961221.2539,3389563.121,169292972.1173,128065800.956
601398.SH,20210908,4.74,4.78,4.73,4.77,4.75,0.02,0.4211,1747800.48,832426.92,0.0648,0.9,5.3815,0.6218,1.9261,35640625.7089,26961221.2539,3389563.121,170005784.6315,128605025.3811
601398.SH,20210909,4.76,4.77,4.72,4.75,4.77,-0.02,-0.4193,1553117.48,737594.016,0.0576,0.88,5.359,0.6192,1.918,35640625.7089,26961221.2539,3389563.121,169292972.1173,128065800.956
601398.SH,20210910,4.75,4.83,4.74,4.79,4.75,0.04,0.8421,2503592.69,1200536.537,0.0929,1.41,5.4041,0.6244,1.9341,35640625.7089,26961221.2539,3389563.121,170718597.1456,129144249.8062
601398.SH,20210913,4.78,4.78,4.75,4.77,4.79,-0.02,-0.4175,1688548.99,804351.061,0.0626,0.9,5.3815,0.6218,1.9261,35640625.7089,26961221.2539,3389563.121,170005784.6315,128605025.3811
601398.SH,20210914,4.76,4.78,4.7,4.71,4.77,-0.06,-1.2579,1854203.45,877628.018,0.0688,0.98,5.3138,0.614,1.9018,35640625.7089,26961221.2539,3389563.121,167867347.0889,126987352.1059
601398.SH,20210915,4.7,4.72,4.66,4.68,4.71,-0.03,-0.6369,1751216.28,820551.878,0.065,0.94,5.28,0.6101,1.8897,35640625.7089,26961221.2539,3389563.121,166798128.3177,126178515.4683
601398.SH,20210916,4.68,4.71,4.67,4.68,4.68,0.0,0.0,1678220.42,787701.858,0.0622,0.9,5.28,0.6101,1.8897,35640625.7089,26961221.2539,3389563.121,166798128.3177,126178515.4683
601398.SH,20210917,4.68,4.71,4.68,4.7,4.68,0.02,0.4274,1102571.7,517329.961,0.0409,0.58,5.3026,0.6127,1.8978,35640625.7089,26961221.2539,3389563.121,167510940.8318,126717739.8933
601398.SH,20210922,4.65,4.66,4.62,4.63,4.7,-0.07,-1.4894,2176460.13,1008833.745,0.0807,1.35,5.2236,0.6036,1.8695,35640625.7089,26961221.2539,3389563.121,165016097.0322,124830454.4056
601398.SH,20210923,4.65,4.68,4.63,4.66,4.63,0.03,0.6479,1325156.69,616352.62,0.0492,0.77,5.2574,0.6075,1.8816,35640625.7089,26961221.2539,3389563.121,166085315.8035,125639291.0432
601398.SH,20210924,4.64,4.67,4.63,4.64,4.66,-0.02,-0.4292,1098914.31,510211.553,0.0408,0.68,5.2349,0.6049,1.8736,35640625.7089,26961221.2539,3389563.121,165372503.2893,125100066.6181
601398.SH,20210927,4.63,4.65,4.6,4.63,4.64,-0.01,-0.2155,1644683.54,759535.614,0.061,1.11,5.2236,0.6036,1.8695,35640625.7089,26961221.2539,3389563.121,165016097.0322,124830454.4056
601398.SH,20210928,4.62,4.68,4.61,4.66,4.63,0.03,0.6479,1633795.42,759632.535,0.0606,1.11,5.2574,0.6075,1.8816,35640625.7089,26961221.2539,3389563.121,166085315.8035,125639291.0432
601398.SH,20210929,4.65,4.7,4.62,4.68,4.66,0.02,0.4292,2438136.54,1138094.98,0.0904,1.55,5.28,0.6101,1.8897,35640625.7089,26961221.2539,3389563.121,166798128.3177,126178515.4683
601398.SH,20210930,4.68,4.68,4.63,4.66,4.68,-0.02,-0.4274,1504131.52,698898.764,0.0558,0.92,5.2574,0.6075,1.8816,35640625.7089,26961221.2539,3389563.121,166085315.8035,125639291.0432
601398.SH,20211008,4.66,4.73,4.65,4.71,4.66,0.05,1.073,1859946.25,872488.109,0.069,1.12,5.3138,0.614,1.9018,35640625.7089,26961221.2539,3389563.121,167867347.0889,126987352.1059
601398.SH,20211011,4.72,4.77,4.71,4.74,4.71,0.03,0.6369,1818624.63,863201.212,0.0675,1.0,5.3477,0.6179,1.9139,35640625.7089,26961221.2539,3389563.121,168936565.8602,127796188.7435
601398.SH,20211012,4.74,4.76,4.71,4.75,4.74,0.01,0.211,1449305.9,686903.968,0.0538,0.78,5.359,0.6192,1.918,35640625.7089,26961221.2539,3389563.121,169292972.1173,128065800.956
601398.SH,20211013,4.74,4.75,4.71,4.72,4.75,-0.03,-0.6316,1123056.96,530545.726,0.0417,0.62,5.3251,0.6153,1.9059,35640625.7089,26961221.2539,3389563.121,168223753.346,127256964.3184
601398.SH,20211014,4.72,4.73,4.71,4.71,4.72,-0.01,-0.2119,719637.08,339578.661,0.0267,0.46,5.3138,0.614,1.9018,35640625.7089,26961221.2539,3389563.121,167867347.0889,126987352.1059
601398.SH,20211015,4.72,4.75,4.71,4.75,4.71,0.04,0.8493,1255588.56,594356.222,0.0466,0.9,5.359,0.6192,1.918,35640625.7089,26961221.2539,3389563.121,169292972.1173,128065800.956
601398.SH,20211018,4.75,4.77,4.71,4.73,4.75,-0.02,-0.4211,1173696.21,555326.047,0.0435,0.92,5.3364,0.6166,1.9099,35640625.7089,26961221.2539,3389563.121,168580159.6031,127526576.5309
601398.SH,20211019,4.72,4.74,4.71,4.72,4.73,-0.01,-0.2114,1058826.12,499759.095,0.0393,0.93,5.3251,0.6153,1.9059,35640625.7089,26961221.2539,3389563.121,168223753.346,127256964.3184
601398.SH,20211020,4.73,4.73,4.68,4.7,4.72,-0.02,-0.4237,1074596.35,504948.858,0.0399,1.01,5.3026,0.6127,1.8978,35640625.7089,26961221.2539,3389563.121,167510940.8318,126717739.8933
601398.SH,20211021,4.7,4.74,4.69,4.74,4.7,0.04,0.8511,1351316.27,637824.658,0.0501,1.28,5.3477,0.6179,1.9139,35640625.7089,26961221.2539,3389563.121,168936565.8602,127796188.7435
601398.SH,20211022,4.74,4.76,4.71,4.73,4.74,-0.01,-0.211,931086.29,440144.708,0.0345,0.79,5.3364,0.6166,1.9099,35640625.7089,26961221.2539,3389563.121,168580159.6031,127526576.5309
601398.SH,20211025,4.71,4.73,4.69,4.72,4.73,-0.01,-0.2114,1033423.97,486689.967,0.0383,0.92,5.3251,0.6153,1.9059,35640625.7089,26961221.2539,3389563.121,168223753.346,127256964.3184
601398.SH,20211026,4.72,4.74,4.69,4.7,4.72,-0.02,-0.4237,1187350.03,559100.062,0.044,1.09,5.3026,0.6127,1.8978,35640625.7089,26961221.2539,3389563.121,167510940.8318,126717739.8933
601398.SH,20211027,4.7,4.71,4.65,4.7,4.7,0.0,0.0,1257712.16,588428.87,0.0466,1.13,5.3026,0.6127,1.8978,35640625.7089,26961221.2539,3389563.121,167510940.8318,126717739.8933
601398.SH,20211028,4.68,4.7,4.67,4.67,4.7,-0.03,-0.6383,783008.44,366506.428,0.029,0.68,5.2687,0.6088,1.8857,35640625.7089,26961221.2539,3389563.121,166441722.0606,125908903.2557
601398.SH,20211029,4.67,4.69,4.66,4.67,4.67,0.0,0.0,1149807.98,537655.506,0.0426,1.11,5.2687,0.6088,1.8857,35640625.7089,26961221.2539,3389563.121,166441722.0606,125908903.2557
601398.SH,20211101,4.68,4.73,4.67,4.73,4.67,0.06,1.2848,1876235.31,881706.429,0.0696,1.73,5.3364,0.5984,1.9099,35640625.7089,26961221.2539,3389563.121,168580159.6031,127526576.5309
601398.SH,20211102,4.73,4.73,4.64,4.65,4.73,-0.08,-1.6913,2115693.0,989837.39,0.0785,1.69,5.2461,0.5883,1.8776,35640625.7089,26961221.2539,3389563.121,165728909.5464,125369678.8306
601398.SH,20211103,4.67,4.67,4.63,4.64,4.65,-0.01,-0.2151,1460297.8,678038.229,0.0542,1.02,5.2349,0.587,1.8736,35640625.7089,26961221.2539,3389563.121,165372503.2893,125100066.6181
601398.SH,20211104,4.64,4.65,4.63,4.65,4.64,0.01,0.2155,1001580.9,464799.864,0.0371,0.68,5.2461,0.5883,1.8776,35640625.7089,26961221.2539,3389563.121,165728909.5464,125369678.8306
601398.SH,20211105,4.64,4.67,4.63,4.66,4.65,0.01,0.2151,1113016.84,517754.657,0.0413,0.73,5.2574,0.5895,1.8816,35640625.7089,26961221.2539,3389563.121,166085315.8035,125639291.0432
601398.SH,20211108,4.65,4.66,4.63,4.63,4.66,-0.03,-0.6438,1473507.23,684049.048,0.0547,0.97,5.2236,0.5857,1.8695,35640625.7089,26961221.2539,3389563.121,165016097.0322,124830454.4056
601398.SH,20211109,4.64,4.65,4.63,4.64,4.63,0.01,0.216,866896.19,402174.123,0.0322,0.61,5.2349,0.587,1.8736,35640625.7089,26961221.2539,3389563.121,165372503.2893,125100066.6181
601398.SH,20211110,4.64,4.64,4.61,4.62,4.64,-0.02,-0.431,1250475.3,577396.261,0.0464,1.06,5.2123,0.5845,1.8655,35640625.7089,26961221.2539,3389563.121,164659690.7751,124560842.193
601398.SH,20211111,4.62,4.66,4.61,4.66,4.62,0.04,0.8658,1131059.25,525090.262,0.042,0.99,5.2574,0.5895,1.8816,35640625.7089,26961221.2539,3389563.121,166085315.8035,125639291.0432
601398.SH,20211112,4.66,4.66,4.63,4.65,4.66,-0.01,-0.2146,1016837.94,472333.219,0.0377,0.87,5.2461,0.5883,1.8776,35640625.7089,26961221.2539,3389563.121,165728909.5464,125369678.8306
601398.SH,20211115,4.65,4.68,4.64,4.67,4.65,0.02,0.4301,900470.27,419795.012,0.0334,0.78,5.2687,0.5908,1.8857,35640625.7089,26961221.2539,3389563.121,166441722.0606,125908903.2557
601398.SH,20211116,4.66,4.68,4.64,4.65,4.67,-0.02,-0.4283,962814.73,448267.809,0.0357,0.93,5.2461,0.5883,1.8776,35640625.7089,26961221.2539,3389563.121,165728909.5464,125369678.8306
601398.SH,20211117,4.64,4.66,4.64,4.65,4.65,0.0,0.0,912332.73,423989.911,0.0338,0.87,5.2461,0.5883,1.8776,35640625.7089,26961221.2539,3389563.121,165728909.5464,125369678.8306
601398.SH,20211118,4.64,4.65,4.63,4.64,4.65,-0.01,-0.2151,764673.98,354706.417,0.0284,0.78,5.2349,0.587,1.8736,35640625.7089,26961221.2539,3389563.121,165372503.2893,125100066.6181
601398.SH,20211119,4.64,4.67,4.63,4.66,4.64,0.02,0.431,1005572.57,467427.071,0.0373,1.1,5.2574,0.5895,1.8816,35640625.7089,26961221.2539,3389563.121,166085315.8035,125639291.0432
601398.SH,20211122,4.65,4.66,4.63,4.63,4.66,-0.03,-0.6438,1205829.21,559173.673,0.0447,1.33,5.2236,0.5857,1.8695,35640625.7089,26961221.2539,3389563.121,165016097.0322,124830454.4056
601398.SH,20211123,4.63,4.65,4.62,4.63,4.63,0.0,0.0,878259.91,406963.202,0.0326,0.91,5.2236,0.5857,1.8695,35640625.7089,26961221.2539,3389563.121,165016097.0322,124830454.4056
601398.SH,20211124,4.63,4.64,4.62,4.64,4.63,0.01,0.216,699612.34,324057.98,0.0259,0.73,5.2349,0.587,1.8736,35640625.7089,26961221.2539,3389563.121,165372503.2893,125100066.6181
601398.SH,20211125,4.64,4.64,4.63,4.63,4.64,-0.01,-0.2155,596923.52,276623.127,0.0221,0.66,5.2236,0.5857,1.8695,35640625.7089,26961221.2539,3389563.121,165016097.0322,124830454.4056
601398.SH,20211126,4.63,4.64,4.61,4.61,4.63,-0.02,-0.432,978877.39,451910.174,0.0363,1.12,5.201,0.5832,1.8614,35640625.7089,26961221.2539,3389563.121,164303284.518,124291229.9805
601398.SH,20211129,4.6,4.61,4.56,4.58,4.61,-0.03,-0.6508,1822575.81,836194.182,0.0676,2.09,5.1672,0.5794,1.8493,35640625.7089,26961221.2539,3389563.121,163234065.7468,123482393.3429
601398.SH,20211130,4.58,4.59,4.57,4.58,4.58,0.0,0.0,1076841.86,492804.575,0.0399,1.08,5.1672,0.5794,1.8493,35640625.7089,26961221.2539,3389563.121,163234065.7468,123482393.3429
601398.SH,20211201,4.58,4.6,4.57,4.6,4.58,0.02,0.4367,1113050.51,511084.679,0.0413,1.08,5.1897,0.5819,1.8574,35640625.7089,26961221.2539,3389563.121,163946878.2609,124021617.7679
601398.SH,20211202,4.6,4.62,4.58,4.61,4.6,0.01,0.2174,1784682.19,820135.168,0.0662,1.6,5.201,0.5832,1.8614,35640625.7089,26961221.2539,3389563.121,164303284.518,124291229.9805
601398.SH,20211203,4.6,4.61,4.58,4.61,4.61,0.0,0.0,1127866.48,518341.585,0.0418,0.83,5.201,0.5832,1.8614,35640625.7089,26961221.2539,3389563.121,164303284.518,124291229.9805
601398.SH,20211206,4.61,4.64,4.6,4.63,4.61,0.02,0.4338,1795706.77,830641.841,0.0666,1.3,5.2236,0.5857,1.8695,35640625.7089,26961221.2539,3389563.121,165016097.0322,124830454.4056
601398.SH,20211207,4.64,4.67,4.62,4.66,4.63,0.03,0.6479,2057104.91,956152.03,0.0763,1.49,5.2574,0.5895,1.8816,35640625.7089,26961221.2539,3389563.121,166085315.8035,125639291.0432
601398.SH,20211208,4.66,4.66,4.63,4.64,4.66,-0.02,-0.4292,1377156.79,638961.849,0.0511,0.87,5.2349,0.587,1.8736,35640625.7089,26961221.2539,3389563.121,165372503.2893,125100066.6181
601398.SH,20211209,4.65,4.68,4.63,4.66,4.64,0.02,0.431,1956554.82,911941.954,0.0726,1.2,5.2574,0.5895,1.8816,35640625.7089,26961221.2539,3389563.121,166085315.8035,125639291.0432
601398.SH,20211210,4.65,4.66,4.62,4.66,4.66,0.0,0.0,2154203.4,999479.302,0.0799,1.3,5.2574,0.5895,1.8816,35640625.7089,26961221.2539,3389563.121,166085315.8035,125639291.0432
601398.SH,20211213,4.64,4.66,4.63,4.63,4.66,-0.03,-0.6438,1346737.15,625469.69,0.05,0.72,5.2236,0.5857,1.8695,35640625.7089,26961221.2539,3389563.121,165016097.0322,124830454.4056
601398.SH,20211214,4.63,4.64,4.61,4.62,4.63,-0.01,-0.216,1276969.43,589757.693,0.0474,0.72,5.2123,0.5845,1.8655,35640625.7089,26961221.2539,3389563.121,164659690.7751,124560842.193
601398.SH,20211215,4.61,4.62,4.6,4.61,4.62,-0.01,-0.2165,1041596.89,479973.462,0.0386,0.64,5.201,0.5832,1.8614,35640625.7089,26961221.2539,3389563.121,164303284.518,124291229.9805
601398.SH,20211216,4.61,4.63,4.59,4.62,4.61,0.01,0.2169,1457255.14,671821.104,0.0541,0.94,5.2123,0.5845,1.8655,35640625.7089,26961221.2539,3389563.121,164659690.7751,124560842.193
601398.SH,20211217,4.61,4.62,4.6,4.61,4.62,-0.01,-0.2165,1247899.48,575345.954,0.0463,0.86,5.201,0.5832,1.8614,35640625.7089,26961221.2539,3389563.121,164303284.518,124291229.9805
601398.SH,20211220,4.6,4.63,4.6,4.61,4.61,0.0,0.0,1486145.61,686198.264,0.0551,1.17,5.201,0.5832,1.8614,35640625.7089,26961221.2539,3389563.121,164303284.518,124291229.9805
601398.SH,20211221,4.61,4.66,4.6,4.65,4.61,0.04,0.8677,2029723.72,942740.126,0.0753,1.56,5.2461,0.5883,1.8776,35640625.7089,26961221.2539,3389563.121,165728909.5464,125369678.8306
601398.SH,20211222,4.65,4.66,4.63,4.64,4.65,-0.01,-0.2151,1411400.4,655780.551,0.0523,0.97,5.2349,0.587,1.8736,35640625.7089,26961221.2539,3389563.121,165372503.2893,125100066.6181
601398.SH,20211223,4.64,4.65,4.63,4.65,4.64,0.01,0.2155,980909.9,455450.242,0.0364,0.64,5.2461,0.5883,1.8776,35640625.7089,26961221.2539,3389563.121,165728909.5464,125369678.8306
601398.SH,20211224,4.65,4.67,4.64,4.65,4.65,0.0,0.0,1279087.97,595172.746,0.0474,0.89,5.2461,0.5883,1.8776,35640625.7089,26961221.2539,3389563.121,165728909.5464,125369678.8306
601398.SH,20211227,4.64,4.66,4.64,4.66,4.65,0.01,0.2151,905033.12,421103.238,0.0336,0.63,5.2574,0.5895,1.8816,35640625.7089,26961221.2539,3389563.121,166085315.8035,125639291.0432
601398.SH,20211228,4.66,4.68,4.65,4.68,4.66,0.02,0.4292,2005504.69,936086.065,0.0744,1.52,5.28,0.5921,1.8897,35640625.7089,26961221.2539,3389563.121,166798128.3177,126178515.4683
601398.SH,20211229,4.66,4.67,4.64,4.66,4.68,-0.02,-0.4274,976646.53,454516.937,0.0362,0.74,5.2574,0.5895,1.8816,35640625.7089,26961221.2539,3389563.121,166085315.8035,125639291.0432
601398.SH,20211230,4.65,4.66,4.63,4.64,4.66,-0.02,-0.4292,1412750.58,655490.356,0.0524,1.15,5.2349,0.587,1.8736,35640625.7089,26961221.2539,3389563.121,165372503.2893,125100066.6181
601398.SH,20211231,4.63,4.65,4.63,4.63,4.64,-0.01,-0.2155,959022.15,444544.835,0.0356,0.73,5.2236,0.5857,1.8695,35640625.7089,26961221.2539,3389563.121,165016097.0322,124830454.4056
601398.SH,20220104,4.64,4.67,4.63,4.67,4.63,0.04,0.8639,1688756.35,785143.329,0.0626,1.35,5.2687,0.5908,1.8857,35640625.7089,26961221.2539,3389563.121,166441722.0606,125908903.2557
601398.SH,20220105,4.66,4.72,4.65,4.71,4.67,0.04,0.8565,2839546.21,1332859.587,0.1053,2.02,5.3138,0.5959,1.9018,35640625.7089,26961221.2539,3389563.121,167867347.0889,126987352.1059
601398.SH,20220106,4.7,4.73,4.68,4.7,4.71,-0.01,-0.2123,1903143.59,894943.768,0.0706,1.21,5.3026,0.5946,1.8978,35640625.7089,26961221.2539,3389563.121,167510940.8318,126717739.8933
601398.SH,20220107,4.69,4.75,4.68,4.74,4.7,0.04,0.8511,1939649.55,916673.916,0.0719,1.1,5.3477,0.5997,1.9139,35640625.7089,26961221.2539,3389563.121,168936565.8602,127796188.7435
601398.SH,20220110,4.74,4.76,4.72,4.75,4.74,0.01,0.211,1583293.03,750737.778,0.0587,0.85,5.359,0.6009,1.918,35640625.7089,26961221.2539,3389563.121,169292972.1173,128065800.956
601398.SH,20220111,4.73,4.77,4.73,4.75,4.75,0.0,0.0,1670262.97,794398.037,0.062,0.84,5.359,0.6009,1.918,35640625.7089,26961221.2539,3389563.121,169292972.1173,128065800.956
601398.SH,20220112,4.75,4.75,4.7,4.72,4.75,-0.03,-0.6316,1857315.19,876687.477,0.0689,0.93,5.3251,0.5971,1.9059,35640625.7089,26961221.2539,3389563.121,168223753.346,127256964.3184
601398.SH,20220113,4.71,4.78,4.71,4.73,4.72,0.01,0.2119,1793135.0,851827.613,0.0665,1.0,5.3364,0.5984,1.9099,35640625.7089,26961221.2539,3389563.121,168580159.6031,127526576.5309
601398.SH,20220114,4.74,4.74,4.67,4.68,4.73,-0.05,-1.0571,2251970.35,1057017.144,0.0835,1.27,5.28,0.5921,1.8897,35640625.7089,26961221.2539,3389563.121,166798128.3177,126178515.4683
601398.SH,20220117,4.67,4.7,4.64,4.65,4.68,-0.03,-0.641,1787226.62,832701.574,0.0663,0.98,5.2461,0.5883,1.8776,35640625.7089,26961221.2539,3389563.121,165728909.5464,125369678.8306
601398.SH,20220118,4.65,4.7,4.63,4.69,4.65,0.04,0.8602,2169500.22,1011704.453,0.0805,1.16,5.2913,0.5933,1.8937,35640625.7089,26961221.2539,3389563.121,167154534.5747,126448127.6808
601398.SH,20220119,4.67,4.71,4.66,4.7,4.69,0.01,0.2132,1729131.75,810536.135,0.0641,0.88,5.3026,0.5946,1.8978,35640625.7089,26961221.2539,3389563.121,167510940.8318,126717739.8933
601398.SH,20220120,4.7,4.76,4.69,4.75,4.7,0.05,1.0638,3131274.49,1482850.094,0.1161,1.61,5.359,0.6009,1.918,35640625.7089,26961221.2539,3389563.121,169292972.1173,128065800.956
601398.SH,20220121,4.73,4.74,4.69,4.7,4.75,-0.05,-1.0526,1735280.7,816856.403,0.0644,0.78,5.3026,0.5946,1.8978,35640625.7089,26961221.2539,3389563.121,167510940.8318,126717739.8933
601398.SH,20220124,4.7,4.72,4.68,4.7,4.7,0.0,0.0,1418871.3,665972.927,0.0526,0.67,5.3026,0.5946,1.8978,35640625.7089,26961221.2539,3389563.121,167510940.8318,126717739.8933
601398.SH,20220125,4.69,4.7,4.67,4.67,4.7,-0.03,-0.6383,1703836.68,798145.267,0.0632,0.84,5.2687,0.5908,1.8857,35640625.7089,26961221.2539,3389563.121,166441722.0606,125908903.2557
601398.SH,20220126,4.66,4.7,4.66,4.69,4.67,0.02,0.4283,1189948.14,557705.783,0.0441,0.61,5.2913,0.5933,1.8937,35640625.7089,26961221.2539,3389563.121,167154534.5747,126448127.6808
601398.SH,20220127,4.68,4.71,4.66,4.68,4.69,-0.01,-0.2132,1436955.02,672949.233,0.0533,0.78,5.28,0.5921,1.8897,35640625.7089,26961221.2539,3389563.121,166798128.3177,126178515.4683
601398.SH,20220128,4.68,4.73,4.66,4.66,4.68,-0.02,-0.4274,2210438.8,1037472.492,0.082,1.48,5.2574,0.5895,1.8816,35640625.7089,26961221.2539,3389563.121,166085315.8035,125639291.0432
601398.SH,20220207,4.69,4.75,4.67,4.74,4.66,0.08,1.7167,2575288.6,1216216.07,0.0955,1.62,5.3477,0.5997,1.9139,35640625.7089,26961221.2539,3389563.121,168936565.8602,127796188.7435
601398.SH,20220208,4.74,4.87,4.73,4.85,4.74,0.11,2.3207,4919720.42,2367215.816,0.1825,2.7,5.4718,0.6136,1.9584,35640625.7089,26961221.2539,3389563.121,172857034.6882,130761923.0814
601398.SH,20220209,4.85,4.9,4.81,4.84,4.85,-0.01,-0.2062,3522095.36,1710473.977,0.1306,1.43,5.4605,0.6123,1.9543,35640625.7089,26961221.2539,3389563.121,172500628.4311,130492310.8689
601398.SH,20220210,4.85,4.87,4.8,4.86,4.84,0.02,0.4132,2527509.88,1222399.402,0.0937,0.86,5.4831,0.6148,1.9624,35640625.7089,26961221.2539,3389563.121,173213440.9453,131031535.294
601398.SH,20220211,4.84,4.89,4.83,4.87,4.86,0.01,0.2058,2168130.19,1055659.518,0.0804,0.69,5.4944,0.6161,1.9664,35640625.7089,26961221.2539,3389563.121,173569847.2023,131301147.5065
601398.SH,20220214,4.85,4.86,4.77,4.8,4.87,-0.07,-1.4374,2639674.46,1267336.371,0.0979,0.84,5.4154,0.6072,1.9382,35640625.7089,26961221.2539,3389563.121,171075003.4027,129413862.0187
601398.SH,20220215,4.79,4.82,4.75,4.76,4.8,-0.04,-0.8333,1957490.99,935314.542,0.0726,0.62,5.3702,0.6022,1.922,35640625.7089,26961221.2539,3389563.121,169649378.3744,128335413.1686
601398.SH,20220216,4.77,4.81,4.75,4.78,4.76,0.02,0.4202,1554567.01,743663.746,0.0577,0.61,5.3928,0.6047,1.9301,35640625.7089,26961221.2539,3389563.121,170362190.8885,128874637.5936
601398.SH,20220217,4.78,4.81,4.77,4.78,4.78,0.0,0.0,1275750.79,610866.291,0.0473,0.59,5.3928,0.6047,1.9301,35640625.7089,26961221.2539,3389563.121,170362190.8885,128874637.5936
601398.SH,20220218,4.77,4.82,4.76,4.81,4.78,0.03,0.6276,1598895.48,766743.186,0.0593,0.83,5.4267,0.6085,1.9422,35640625.7089,26961221.2539,3389563.121,171431409.6598,129683474.2313
601398.SH,20220221,4.8,4.82,4.77,4.82,4.81,0.01,0.2079,1594033.65,764397.601,0.0591,0.88,5.4379,0.6098,1.9462,35640625.7089,26961221.2539,3389563.121,171787815.9169,129953086.4438
601398.SH,20220222,4.8,4.81,4.76,4.78,4.82,-0.04,-0.8299,1708437.55,816340.653,0.0634,1.07,5.3928,0.6047,1.9301,35640625.7089,26961221.2539,3389563.121,170362190.8885,128874637.5936
601398.SH,20220223,4.78,4.78,4.74,4.77,4.78,-0.01,-0.2092,2358015.79,1121673.859,0.0875,1.52,5.3815,0.6035,1.9261,35640625.7089,26961221.2539,3389563.121,170005784.6315,128605025.3811
601398.SH,20220224,4.75,4.77,4.69,4.7,4.77,-0.07,-1.4675,2566266.28,1211414.666,0.0952,1.5,5.3026,0.5946,1.8978,35640625.7089,26961221.2539,3389563.121,167510940.8318,126717739.8933
601398.SH,20220225,4.7,4.72,4.66,4.67,4.7,-0.03,-0.6383,2506018.2,1174239.875,0.0929,1.28,5.2687,0.5908,1.8857,35640625.7089,26961221.2539,3389563.121,166441722.0606,125908903.2557
601398.SH,20220228,4.67,4.68,4.64,4.66,4.67,-0.01,-0.2141,1949269.63,908084.763,0.0723,0.91,5.2574,0.5895,1.8816,35640625.7089,26961221.2539,3389563.121,166085315.8035,125639291.0432
601398.SH,20220301,4.67,4.7,4.65,4.68,4.66,0.02,0.4292,1942545.62,906672.524,0.072,0.88,5.28,0.5921,1.8897,35640625.7089,26961221.2539,3389563.121,166798128.3177,126178515.4683
601398.SH,20220302,4.67,4.71,4.66,4.7,4.68,0.02,0.4274,1520514.4,712736.651,0.0564,0.67,5.3026,0.5946,1.8978,35640625.7089,26961221.2539,3389563.121,167510940.8318,126717739.8933
601398.SH,20220303,4.69,4.76,4.69,4.74,4.7,0.04,0.8511,2273311.98,1075452.463,0.0843,1.08,5.3477,0.5997,1.9139,35640625.7089,26961221.2539,3389563.121,168936565.8602,127796188.7435
601398.SH,20220304,4.73,4.73,4.67,4.72,4.74,-0.02,-0.4219,1624987.74,764539.209,0.0603,0.8,5.3251,0.5971,1.9059,35640625.7089,26961221.2539,3389563.121,168223753.346,127256964.3184
601398.SH,20220307,4.7,4.73,4.63,4.65,4.72,-0.07,-1.4831,3529409.72,1647036.756,0.1309,1.9,5.2461,0.5883,1.8776,35640625.7089,26961221.2539,3389563.121,165728909.5464,125369678.8306
601398.SH,20220308,4.65,4.66,4.6,4.62,4.65,-0.03,-0.6452,2811335.58,1302919.792,0.1043,1.29,5.2123,0.5845,1.8655,35640625.7089,26961221.2539,3389563.121,164659690.7751,124560842.193
601398.SH,20220309,4.61,4.64,4.5,4.56,4.62,-0.06,-1.2987,4620584.76,2116239.86,0.1714,1.96,5.1446,0.5769,1.8413,35640625.7089,26961221.2539,3389563.121,162521253.2326,122943168.9178
601398.SH,20220310,4.59,4.61,4.55,4.56,4.56,0.0,0.0,2306743.82,1055255.232,0.0856,0.78,5.1446,0.5769,1.8413,35640625.7089,26961221.2539,3389563.121,162521253.2326,122943168.9178
601398.SH,20220311,4.55,4.61,4.52,4.61,4.56,0.05,1.0965,2707875.31,1233914.619,0.1004,0.91,5.201,0.5832,1.8614,35640625.7089,26961221.2539,3389563.121,164303284.518,124291229.9805
601398.SH,20220314,4.58,4.64,4.56,4.59,4.61,-0.02,-0.4338,2290872.59,1053445.742,0.085,0.72,5.1785,0.5807,1.8534,35640625.7089,26961221.2539,3389563.121,163590472.0039,123752005.5554
601398.SH,20220315,4.57,4.6,4.51,4.54,4.59,-0.05,-1.0893,5130132.85,2327503.095,0.1903,1.74,5.122,0.5744,1.8332,35640625.7089,26961221.2539,3389563.121,161808440.7184,122403944.4927
601398.SH,20220316,4.54,4.57,4.47,4.55,4.54,0.01,0.2203,4212432.43,1904496.884,0.1562,1.23,5.1333,0.5756,1.8372,35640625.7089,26961221.2539,3389563.121,162164846.9755,122673556.7052
601398.SH,20220317,4.57,4.57,4.51,4.52,4.55,-0.03,-0.6593,3098209.72,1403531.229,0.1149,0.93,5.0995,0.5718,1.8251,35640625.7089,26961221.2539,3389563.121,161095628.2042,121864720.0676
601398.SH,20220318,4.52,4.6,4.51,4.55,4.52,0.03,0.6637,3627797.32,1650775.565,0.1346,1.04,5.1333,0.5756,1.8372,35640625.7089,26961221.2539,3389563.121,162164846.9755,122673556.7052
601398.SH,20220321,4.56,4.57,4.53,4.54,4.55,-0.01,-0.2198,2069417.62,940187.354,0.0768,0.56,5.122,0.5744,1.8332,35640625.7089,26961221.2539,3389563.121,161808440.7184,122403944.4927
601398.SH,20220322,4.54,4.6,4.53,4.59,4.54,0.05,1.1013,2193054.6,1003988.139,0.0813,0.6,5.1785,0.5807,1.8534,35640625.7089,26961221.2539,3389563.121,163590472.0039,123752005.5554
601398.SH,20220323,4.58,4.59,4.55,4.57,4.59,-0.02,-0.4357,2068590.15,945355.931,0.0767,0.68,5.1559,0.5782,1.8453,35640625.7089,26961221.2539,3389563.121,162877659.4897,123212781.1303
601398.SH,20220324,4.55,4.6,4.54,4.58,4.57,0.01,0.2188,1505590.56,689799.168,0.0558,0.58,5.1672,0.5794,1.8493,35640625.7089,26961221.2539,3389563.121,163234065.7468,123482393.3429
601398.SH,20220325,4.58,4.64,4.58,4.62,4.58,0.04,0.8734,2277815.41,1051862.686,0.0845,0.99,5.2123,0.5845,1.8655,35640625.7089,26961221.2539,3389563.121,164659690.7751,124560842.193
601398.SH,20220328,4.62,4.7,4.6,4.69,4.62,0.07,1.5152,2870476.05,1338663.837,0.1065,1.42,5.2913,0.5933,1.8937,35640625.7089,26961221.2539,3389563.121,167154534.5747,126448127.6808
601398.SH,20220329,4.69,4.73,4.67,4.72,4.69,0.03,0.6397,1939580.79,912905.215,0.0719,0.89,5.3251,0.5971,1.9059,35640625.7089,26961221.2539,3389563.121,168223753.346,127256964.3184
601398.SH,20220330,4.72,4.73,4.66,4.71,4.72,-0.01,-0.2119,2330530.21,1093920.777,0.0864,1.09,5.3138,0.5959,1.9018,35640625.7089,26961221.2539,3389563.121,167867347.0889,126987352.1059
601398.SH,20220331,4.7,4.78,4.68,4.77,4.71,0.06,1.2739,2876908.88,1367102.536,0.1067,1.32,4.8805,0.5855,1.8033,35640625.7089,26961221.2539,3389563.121,170005784.6315,128605025.3811
601398.SH,20220401,4.75,4.81,4.74,4.79,4.77,0.02,0.4193,2648250.48,1264764.211,0.0982,1.08,4.9009,0.588,1.8108,35640625.7089,26961221.2539,3389563.121,170718597.1456,129144249.8062
601398.SH,20220406,4.78,4.85,4.77,4.83,4.79,0.04,0.8351,3493007.01,1680190.64,0.1296,1.38,4.9419,0.5929,1.826,35640625.7089,26961221.2539,3389563.121,172144222.174,130222698.6563
601398.SH,20220407,4.82,4.85,4.78,4.82,4.83,-0.01,-0.207,3045433.31,1467777.843,0.113,1.15,4.9316,0.5917,1.8222,35640625.7089,26961221.2539,3389563.121,171787815.9169,129953086.4438
601398.SH,20220408,4.82,4.83,4.77,4.81,4.82,-0.01,-0.2075,2501732.55,1201783.976,0.0928,0.87,4.9214,0.5904,1.8184,35640625.7089,26961221.2539,3389563.121,171431409.6598,129683474.2313
601398.SH,20220411,4.8,4.82,4.76,4.78,4.81,-0.03,-0.6237,2726414.54,1304536.36,0.1011,0.94,4.8907,0.5868,1.8071,35640625.7089,26961221.2539,3389563.121,170362190.8885,128874637.5936
601398.SH,20220412,4.78,4.81,4.73,4.78,4.78,0.0,0.0,2761167.79,1319247.558,0.1024,0.96,4.8907,0.5868,1.8071,35640625.7089,26961221.2539,3389563.121,170362190.8885,128874637.5936
601398.SH,20220413,4.78,4.82,4.77,4.79,4.78,0.01,0.2092,1971223.6,946500.715,0.0731,0.68,4.9009,0.588,1.8108,35640625.7089,26961221.2539,3389563.121,170718597.1456,129144249.8062
601398.SH,20220414,4.8,4.81,4.76,4.77,4.79,-0.02,-0.4175,1484144.96,708983.833,0.055,0.57,4.8805,0.5855,1.8033,35640625.7089,26961221.2539,3389563.121,170005784.6315,128605025.3811
601398.SH,20220415,4.76,4.8,4.76,4.76,4.77,-0.01,-0.2096,1934877.75,924020.571,0.0718,0.85,4.8703,0.5843,1.7995,35640625.7089,26961221.2539,3389563.121,169649378.3744,128335413.1686
601398.SH,20220418,4.75,4.78,4.71,4.72,4.76,-0.04,-0.8403,1829658.37,866264.047,0.0679,0.84,4.8293,0.5794,1.7844,35640625.7089,26961221.2539,3389563.121,168223753.346,127256964.3184
601398.SH,20220419,4.72,4.74,4.69,4.73,4.72,0.01,0.2119,1582093.54,745770.596,0.0587,0.79,4.8396,0.5806,1.7882,35640625.7089,26961221.2539,3389563.121,168580159.6031,127526576.5309
601398.SH,20220420,4.72,4.76,4.71,4.74,4.73,0.01,0.2114,1453319.08,688799.566,0.0539,0.83,4.8498,0.5819,1.7919,35640625.7089,26961221.2539,3389563.121,168936565.8602,127796188.7435
601398.SH,20220421,4.74,4.81,4.73,4.78,4.74,0.04,0.8439,3297911.38,1578338.095,0.1223,1.99,4.8907,0.5868,1.8071,35640625.7089,26961221.2539,3389563.121,170362190.8885,128874637.5936
601398.SH,20220422,4.76,4.85,4.76,4.84,4.78,0.06,1.2552,3904377.87,1885993.944,0.1448,1.93,4.9521,0.5941,1.8297,35640625.7089,26961221.2539,3389563.121,172500628.4311,130492310.8689
601398.SH,20220425,4.82,4.86,4.75,4.75,4.84,-0.09,-1.8595,4717826.13,2276075.261,0.175,1.95,4.86,0.5831,1.7957,35640625.7089,26961221.2539,3389563.121,169292972.1173,128065800.956
601398.SH,20220426,4.75,4.83,4.73,4.81,4.75,0.06,1.2632,3636708.92,1741895.884,0.1349,1.22,4.9214,0.5904,1.8184,35640625.7089,26961221.2539,3389563.121,171431409.6598,129683474.2313
601398.SH,20220427,4.8,4.83,4.68,4.71,4.81,-0.1,-2.079,3835451.63,1821850.807,0.1423,1.13,4.8191,0.5782,1.7806,35640625.7089,26961221.2539,3389563.121,167867347.0889,126987352.1059
601398.SH,20220428,4.71,4.77,4.7,4.77,4.71,0.06,1.2739,2959970.69,1401689.37,0.1098,0.76,4.8805,0.5855,1.8033,35640625.7089,26961221.2539,3389563.121,170005784.6315,128605025.3811
601398.SH,20220429,4.76,4.8,4.72,4.78,4.77,0.01,0.2096,2639416.6,1258379.971,0.0979,0.69,4.8907,0.5868,1.8071,35640625.7089,26961221.2539,3389563.121,170362190.8885,128874637.5936
601398.SH,20220505,4.78,4.8,4.72,4.75,4.78,-0.03,-0.6276,2402048.34,1143770.289,0.0891,0.68,4.86,0.5676,1.7957,35640625.7089,26961221.2539,3389563.121,169292972.1173,128065800.956
601398.SH,20220506,4.74,4.77,4.71,4.74,4.75,-0.01,-0.2105,1690447.34,800177.342,0.0627,0.55,4.8498,0.5664,1.7919,35640625.7089,26961221.2539,3389563.121,168936565.8602,127796188.7435
601398.SH,20220509,4.73,4.77,4.71,4.76,4.74,0.02,0.4219,1613516.38,766272.587,0.0598,0.6,4.8703,0.5688,1.7995,35640625.7089,26961221.2539,3389563.121,169649378.3744,128335413.1686
601398.SH,20220510,4.75,4.77,4.72,4.73,4.76,-0.03,-0.6303,1942057.06,919233.037,0.072,0.86,4.8396,0.5652,1.7882,35640625.7089,26961221.2539,3389563.121,168580159.6031,127526576.5309
601398.SH,20220511,4.73,4.74,4.66,4.66,4.73,-0.07,-1.4799,3534060.95,1656391.757,0.1311,1.72,4.7679,0.5569,1.7617,35640625.7089,26961221.2539,3389563.121,166085315.8035,125639291.0432
601398.SH,20220512,4.66,4.67,4.64,4.65,4.66,-0.01,-0.2146,1446944.24,673675.865,0.0537,0.65,4.7577,0.5557,1.7579,35640625.7089,26961221.2539,3389563.121,165728909.5464,125369678.8306
601398.SH,20220513,4.66,4.7,4.65,4.7,4.65,0.05,1.0753,1754111.95,822079.154,0.0651,0.86,4.8089,0.5617,1.7768,35640625.7089,26961221.2539,3389563.121,167510940.8318,126717739.8933
601398.SH,20220516,4.7,4.7,4.65,4.68,4.7,-0.02,-0.4255,1668263.15,779376.703,0.0619,0.81,4.7884,0.5593,1.7692,35640625.7089,26961221.2539,3389563.121,166798128.3177,126178515.4683
601398.SH,20220517,4.69,4.69,4.65,4.66,4.68,-0.02,-0.4274,2168890.33,1012483.465,0.0804,1.05,4.7679,0.5569,1.7617,35640625.7089,26961221.2539,3389563.121,166085315.8035,125639291.0432
601398.SH,20220518,4.66,4.67,4.61,4.62,4.66,-0.04,-0.8584,2260084.27,1045435.059,0.0838,1.07,4.727,0.5521,1.7466,35640625.7089,26961221.2539,3389563.121,164659690.7751,124560842.193
601398.SH,20220519,4.61,4.62,4.59,4.61,4.62,-0.01,-0.2165,1691556.29,778801.637,0.0627,0.91,4.7168,0.5509,1.7428,35640625.7089,26961221.2539,3389563.121,164303284.518,124291229.9805
601398.SH,20220520,4.62,4.63,4.59,4.63,4.61,0.02,0.4338,2406916.32,1111835.552,0.0893,1.26,4.7372,0.5533,1.7503,35640625.7089,26961221.2539,3389563.121,165016097.0322,124830454.4056
601398.SH,20220523,4.62,4.64,4.62,4.62,4.63,-0.01,-0.216,1732243.51,801421.866,0.0642,0.85,4.727,0.5521,1.7466,35640625.7089,26961221.2539,3389563.121,164659690.7751,124560842.193
601398.SH,20220524,4.63,4.68,4.62,4.67,4.62,0.05,1.0823,2437748.64,1133742.35,0.0904,1.19,4.7782,0.5581,1.7655,35640625.7089,26961221.2539,3389563.121,166441722.0606,125908903.2557
601398.SH,20220525,4.67,4.68,4.65,4.66,4.67,-0.01,-0.2141,1523156.56,710288.253,0.0565,0.72,4.7679,0.5569,1.7617,35640625.7089,26961221.2539,3389563.121,166085315.8035,125639291.0432
601398.SH,20220526,4.66,4.67,4.63,4.65,4.66,-0.01,-0.2146,1917670.89,892015.484,0.0711,0.98,4.7577,0.5557,1.7579,35640625.7089,26961221.2539,3389563.121,165728909.5464,125369678.8306
601398.SH,20220527,4.66,4.67,4.64,4.67,4.65,0.02,0.4301,1249997.58,582773.258,0.0464,0.62,4.7782,0.5581,1.7655,35640625.7089,26961221.2539,3389563.121,166441722.0606,125908903.2557
601398.SH,20220530,4.67,4.69,4.64,4.65,4.67,-0.02,-0.4283,1588274.31,740859.756,0.0589,0.9,4.7577,0.5557,1.7579,35640625.7089,26961221.2539,3389563.121,165728909.5464,125369678.8306
601398.SH,20220531,4.64,4.68,4.63,4.66,4.65,0.01,0.2151,2513657.47,1171009.193,0.0932,1.44,4.7679,0.5569,1.7617,35640625.7089,26961221.2539,3389563.121,166085315.8035,125639291.0432
601398.SH,20220601,4.65,4.67,4.63,4.65,4.66,-0.01,-0.2146,1400676.61,651076.588,0.052,0.8,4.7577,0.5557,1.7579,35640625.7089,26961221.2539,3389563.121,165728909.5464,125369678.8306
601398.SH,20220602,4.64,4.65,4.62,4.63,4.65,-0.02,-0.4301,1521638.07,704972.367,0.0564,0.88,4.7372,0.5533,1.7503,35640625.7089,26961221.2539,3389563.121,165016097.0322,124830454.4056
601398.SH,20220606,4.63,4.64,4.58,4.6,4.63,-0.03,-0.6479,2954334.37,1359071.286,0.1096,1.79,4.7065,0.5497,1.739,35640625.7089,26961221.2539,3389563.121,163946878.2609,124021617.7679
601398.SH,20220607,4.6,4.63,4.59,4.61,4.6,0.01,0.2174,1873120.09,863790.898,0.0695,0.94,4.7168,0.5509,1.7428,35640625.7089,26961221.2539,3389563.121,164303284.518,124291229.9805
601398.SH,20220608,4.62,4.64,4.61,4.64,4.61,0.03,0.6508,1736302.19,803663.719,0.0644,0.85,4.7475,0.5545,1.7541,35640625.7089,26961221.2539,3389563.121,165372503.2893,125100066.6181
601398.SH,20220609,4.63,4.67,4.62,4.66,4.64,0.02,0.431,2193619.73,1020144.722,0.0814,1.16,4.7679,0.5569,1.7617,35640625.7089,26961221.2539,3389563.121,166085315.8035,125639291.0432
601398.SH,20220610,4.66,4.69,4.65,4.69,4.66,0.03,0.6438,2647090.44,1236607.464,0.0982,1.29,4.7986,0.5605,1.773,35640625.7089,26961221.2539,3389563.121,167154534.5747,126448127.6808
601398.SH,20220613,4.68,4.69,4.63,4.67,4.69,-0.02,-0.4264,2282411.27,1062970.281,0.0847,1.0,4.7782,0.5581,1.7655,35640625.7089,26961221.2539,3389563.121,166441722.0606,125908903.2557
601398.SH,20220614,4.66,4.73,4.65,4.72,4.67,0.05,1.0707,2271488.53,1065769.46,0.0843,1.06,4.8293,0.564,1.7844,35640625.7089,26961221.2539,3389563.121,168223753.346,127256964.3184
601398.SH,20220615,4.72,4.77,4.7,4.73,4.72,0.01,0.2119,2981358.89,1413770.158,0.1106,1.34,4.8396,0.5652,1.7882,35640625.7089,26961221.2539,3389563.121,168580159.6031,127526576.5309
601398.SH,20220616,4.73,4.74,4.69,4.7,4.73,-0.03,-0.6342,2101488.4,989353.107,0.0779,0.85,4.8089,0.5617,1.7768,35640625.7089,26961221.2539,3389563.121,167510940.8318,126717739.8933
601398.SH,20220617,4.7,4.75,4.69,4.75,4.7,0.05,1.0638,1810638.22,857162.918,0.0672,0.74,4.86,0.5676,1.7957,35640625.7089,26961221.2539,3389563.121,169292972.1173,128065800.956
601398.SH,20220620,4.75,4.75,4.7,4.7,4.75,-0.05,-1.0526,1864115.17,879332.783,0.0691,0.81,4.8089,0.5617,1.7768,35640625.7089,26961221.2539,3389563.121,167510940.8318,126717739.8933
601398.SH,20220621,4.71,4.77,4.7,4.76,4.7,0.06,1.2766,2094053.97,992313.781,0.0777,0.95,4.8703,0.5688,1.7995,35640625.7089,26961221.2539,3389563.121,169649378.3744,128335413.1686
601398.SH,20220622,4.75,4.79,4.74,4.75,4.76,-0.01,-0.2101,1567201.49,746302.086,0.0581,0.72,4.86,0.5676,1.7957,35640625.7089,26961221.2539,3389563.121,169292972.1173,128065800.956
601398.SH,20220623,4.76,4.78,4.75,4.77,4.75,0.02,0.4211,1754362.11,836115.739,0.0651,0.93,4.8805,0.57,1.8033,35640625.7089,26961221.2539,3389563.121,170005784.6315,128605025.3811
601398.SH,20220624,4.76,4.78,4.72,4.74,4.77,-0.03,-0.6289,1838538.97,872916.586,0.0682,1.01,4.8498,0.5664,1.7919,35640625.7089,26961221.2539,3389563.121,168936565.8602,127796188.7435
601398.SH,20220627,4.74,4.75,4.7,4.71,4.74,-0.03,-0.6329,2315190.67,1092328.379,0.0859,1.27,4.8191,0.5628,1.7806,35640625.7089,26961221.2539,3389563.121,167867347.0889,126987352.1059
601398.SH,20220628,4.71,4.74,4.69,4.73,4.71,0.02,0.4246,1707371.01,805395.28,0.0633,0.89,4.8396,0.5652,1.7882,35640625.7089,26961221.2539,3389563.121,168580159.6031,127526576.5309
601398.SH,20220629,4.73,4.77,4.72,4.77,4.73,0.04,0.8457,2155490.58,1023870.244,0.0799,1.17,4.8805,0.57,1.8033,35640625.7089,26961221.2539,3389563.121,170005784.6315,128605025.3811
601398.SH,20220630,4.76,4.78,4.74,4.77,4.77,0.0,0.0,1783255.35,849607.081,0.0661,0.91,4.8805,0.57,1.8033,35640625.7089,26961221.2539,3389563.121,170005784.6315,128605025.3811
601398.SH,20220701,4.77,4.78,4.74,4.77,4.77,0.0,0.0,1349358.17,642345.557,0.05,0.69,4.8805,0.57,1.8033,35640625.7089,26961221.2539,3389563.121,170005784.6315,128605025.3811
601398.SH,20220704,4.77,4.79,4.75,4.77,4.77,0.0,0.0,1306120.61,622821.601,0.0484,0.7,4.8805,0.57,1.8033,35640625.7089,26961221.2539,3389563.121,170005784.6315,128605025.3811
601398.SH,20220705,4.78,4.81,4.77,4.8,4.77,0.03,0.6289,2036720.06,975769.265,0.0755,1.23,4.9112,0.5736,1.8146,35640625.7089,26961221.2539,3389563.121,171075003.4027,129413862.0187
601398.SH,20220706,4.8,4.81,4.76,4.78,4.8,-0.02,-0.4167,1768551.07,844420.041,0.0656,1.02,4.8907,0.5712,1.8071,35640625.7089,26961221.2539,3389563.121,170362190.8885,128874637.5936
601398.SH,20220707,4.78,4.79,4.76,4.76,4.78,-0.02,-0.4184,1616038.98,771362.416,0.0599,0.98,4.8703,0.5688,1.7995,35640625.7089,26961221.2539,3389563.121,169649378.3744,128335413.1686
601398.SH,20220708,4.77,4.78,4.74,4.77,4.76,0.01,0.2101,1620288.79,771025.598,0.0601,1.0,4.8805,0.57,1.8033,35640625.7089,26961221.2539,3389563.121,170005784.6315,128605025.3811
601398.SH,20220711,4.77,4.8,4.75,4.79,4.77,0.02,0.4193,3319089.02,1588548.779,0.1231,1.99,4.9009,0.5724,1.8108,35640625.7089,26961221.2539,3389563.121,170718597.1456,129144249.8062
601398.SH,20220712,4.52,4.53,4.5,4.51,4.5,0.01,0.2222,3134478.42,1415371.773,0.1163,1.51,4.6145,0.5585,1.705,35640625.7089,26961221.2539,3389563.121,160739221.9471,121595107.8551
601398.SH,20220713,4.51,4.51,4.41,4.42,4.51,-0.09,-1.9956,3393612.24,1509312.922,0.1259,1.48,4.5224,0.5474,1.671,35640625.7089,26961221.2539,3389563.121,157531565.6333,119168597.9422
601398.SH,20220714,4.42,4.42,4.32,4.37,4.42,-0.05,-1.1312,3430233.31,1493674.363,0.1272,1.31,4.4712,0.5412,1.6521,35640625.7089,26961221.2539,3389563.121,155749534.3479,117820536.8795
601398.SH,20220715,4.36,4.38,4.33,4.33,4.37,-0.04,-0.9153,2188862.6,953165.921,0.0812,0.73,4.4303,0.5362,1.6369,35640625.7089,26961221.2539,3389563.121,154323909.3195,116742088.0294
601398.SH,20220718,4.34,4.37,4.34,4.37,4.33,0.04,0.9238,1770539.74,771591.237,0.0657,0.57,4.4712,0.5412,1.6521,35640625.7089,26961221.2539,3389563.121,155749534.3479,117820536.8795
601398.SH,20220719,4.36,4.41,4.35,4.39,4.37,0.02,0.4577,1747358.65,766493.792,0.0648,0.63,4.4917,0.5437,1.6596,35640625.7089,26961221.2539,3389563.121,156462346.8621,118359761.3046
601398.SH,20220720,4.4,4.45,4.39,4.44,4.39,0.05,1.139,1629580.37,721830.507,0.0604,0.65,4.5428,0.5499,1.6785,35640625.7089,26961221.2539,3389563.121,158244378.1475,119707822.3673
601398.SH,20220721,4.45,4.45,4.39,4.39,4.44,-0.05,-1.1261,1486550.38,655999.435,0.0551,0.69,4.4917,0.5437,1.6596,35640625.7089,26961221.2539,3389563.121,156462346.8621,118359761.3046
601398.SH,20220722,4.39,4.43,4.39,4.41,4.39,0.02,0.4556,1438737.36,634607.518,0.0534,0.82,4.5121,0.5461,1.6672,35640625.7089,26961221.2539,3389563.121,157175159.3762,118898985.7297
601398.SH,20220725,4.41,4.44,4.4,4.44,4.41,0.03,0.6803,1315203.7,582040.207,0.0488,0.81,4.5428,0.5499,1.6785,35640625.7089,26961221.2539,3389563.121,158244378.1475,119707822.3673
601398.SH,20220726,4.44,4.45,4.42,4.42,4.44,-0.02,-0.4505,1382246.01,612318.085,0.0513,0.91,4.5224,0.5474,1.671,35640625.7089,26961221.2539,3389563.121,157531565.6333,119168597.9422
601398.SH,20220727,4.42,4.43,4.39,4.39,4.42,-0.03,-0.6787,1259740.61,553990.999,0.0467,0.87,4.4917,0.5437,1.6596,35640625.7089,26961221.2539,3389563.121,156462346.8621,118359761.3046
601398.SH,20220728,4.39,4.42,4.39,4.39,4.39,0.0,0.0,1198583.7,527011.553,0.0445,0.87,4.4917,0.5437,1.6596,35640625.7089,26961221.2539,3389563.121,156462346.8621,118359761.3046
601398.SH,20220729,4.4,4.42,4.37,4.38,4.39,-0.01,-0.2278,1433017.79,629578.816,0.0532,1.09,4.4815,0.5424,1.6558,35640625.7089,26961221.2539,3389563.121,156105940.605,118090149.0921
601398.SH,20220801,4.37,4.4,4.36,4.37,4.38,-0.01,-0.2283,1336474.35,585326.909,0.0496,1.01,4.4712,0.5412,1.6521,35640625.7089,26961221.2539,3389563.121,155749534.3479,117820536.8795
601398.SH,20220802,4.36,4.37,4.33,4.35,4.37,-0.02,-0.4577,1803066.67,782945.384,0.0669,1.36,4.4508,0.5387,1.6445,35640625.7089,26961221.2539,3389563.121,155036721.8337,117281312.4545
601398.SH,20220803,4.34,4.36,4.32,4.32,4.35,-0.03,-0.6897,1415814.5,614187.517,0.0525,1.01,4.4201,0.535,1.6332,35640625.7089,26961221.2539,3389563.121,153967503.0624,116472475.8168
601398.SH,20220804,4.34,4.38,4.32,4.37,4.32,0.05,1.1574,1858632.44,809091.671,0.0689,1.29,4.4712,0.5412,1.6521,35640625.7089,26961221.2539,3389563.121,155749534.3479,117820536.8795
601398.SH,20220805,4.38,4.4,4.36,4.39,4.37,0.02,0.4577,1226915.18,537331.729,0.0455,0.78,4.4917,0.5437,1.6596,35640625.7089,26961221.2539,3389563.121,156462346.8621,118359761.3046
601398.SH,20220808,4.39,4.39,4.34,4.35,4.39,-0.04,-0.9112,1294709.48,564029.561,0.048,0.85,4.4508,0.5387,1.6445,35640625.7089,26961221.2539,3389563.121,155036721.8337,117281312.4545
601398.SH,20220809,4.35,4.37,4.34,4.34,4.35,-0.01,-0.2299,820212.25,356859.073,0.0304,0.54,4.4405,0.5375,1.6407,35640625.7089,26961221.2539,3389563.121,154680315.5766,117011700.2419
601398.SH,20220810,4.34,4.35,4.32,4.33,4.34,-0.01,-0.2304,907585.27,393451.05,0.0337,0.69,4.4303,0.5362,1.6369,35640625.7089,26961221.2539,3389563.121,154323909.3195,116742088.0294
601398.SH,20220811,4.34,4.37,4.33,4.36,4.33,0.03,0.6928,1526533.08,664667.705,0.0566,1.25,4.461,0.5399,1.6483,35640625.7089,26961221.2539,3389563.121,155393128.0908,117550924.667
601398.SH,20220812,4.36,4.37,4.34,4.36,4.36,0.0,0.0,1126271.34,490393.04,0.0418,0.97,4.461,0.5399,1.6483,35640625.7089,26961221.2539,3389563.121,155393128.0908,117550924.667
601398.SH,20220815,4.35,4.36,4.33,4.34,4.36,-0.02,-0.4587,1193889.44,518417.996,0.0443,1.05,4.4405,0.5375,1.6407,35640625.7089,26961221.2539,3389563.121,154680315.5766,117011700.2419
601398.SH,20220816,4.34,4.35,4.33,4.33,4.34,-0.01,-0.2304,1292595.34,561093.999,0.0479,1.16,4.4303,0.5362,1.6369,35640625.7089,26961221.2539,3389563.121,154323909.3195,116742088.0294
601398.SH,20220817,4.34,4.35,4.32,4.34,4.33,0.01,0.2309,1737077.62,752698.402,0.0644,1.44,4.4405,0.5375,1.6407,35640625.7089,26961221.2539,3389563.121,154680315.5766,117011700.2419
601398.SH,20220818,4.34,4.34,4.32,4.32,4.34,-0.02,-0.4608,1079770.56,467337.83,0.04,0.79,4.4201,0.535,1.6332,35640625.7089,26961221.2539,3389563.121,153967503.0624,116472475.8168
601398.SH,20220819,4.33,4.35,4.32,4.33,4.32,0.01,0.2315,1065557.2,462040.416,0.0395,0.83,4.4303,0.5362,1.6369,35640625.7089,26961221.2539,3389563.121,154323909.3195,116742088.0294
601398.SH,20220822,4.33,4.35,4.32,4.33,4.33,0.0,0.0,1022983.46,443494.667,0.0379,0.8,4.4303,0.5174,1.6369,35640625.7089,26961221.2539,3389563.121,154323909.3195,116742088.0294
601398.SH,20220823,4.33,4.34,4.32,4.32,4.33,-0.01,-0.2309,1062128.2,459477.326,0.0394,0.86,4.4201,0.5162,1.6332,35640625.7089,26961221.2539,3389563.121,153967503.0624,116472475.8168
601398.SH,20220824,4.33,4.34,4.32,4.32,4.32,0.0,0.0,1102185.03,476974.353,0.0409,0.92,4.4201,0.5162,1.6332,35640625.7089,26961221.2539,3389563.121,153967503.0624,116472475.8168
601398.SH,20220825,4.33,4.34,4.32,4.34,4.32,0.02,0.463,1164669.1,504127.533,0.0432,1.09,4.4405,0.5186,1.6407,35640625.7089,26961221.2539,3389563.121,154680315.5766,117011700.2419
601398.SH,20220826,4.34,4.35,4.33,4.35,4.34,0.01,0.2304,981045.72,426084.963,0.0364,0.91,4.4508,0.5198,1.6445,35640625.7089,26961221.2539,3389563.121,155036721.8337,117281312.4545
601398.SH,20220829,4.34,4.35,4.32,4.33,4.35,-0.02,-0.4598,1029063.53,445969.001,0.0382,0.96,4.4303,0.5174,1.6369,35640625.7089,26961221.2539,3389563.121,154323909.3195,116742088.0294
601398.SH,20220830,4.34,4.36,4.33,4.36,4.33,0.03,0.6928,1340225.25,582803.339,0.0497,1.26,4.461,0.521,1.6483,35640625.7089,26961221.2539,3389563.121,155393128.0908,117550924.667
601398.SH,20220831,4.35,4.38,4.34,4.38,4.36,0.02,0.4587,2592392.09,1132180.169,0.0962,2.31,4.4815,0.5274,1.6558,35640625.7089,26961221.2539,3389563.121,156105940.605,118090149.0921
601398.SH,20220901,4.36,4.37,4.35,4.36,4.38,-0.02,-0.4566,1056918.15,460792.946,0.0392,0.74,4.461,0.525,1.6483,35640625.7089,26961221.2539,3389563.121,155393128.0908,117550924.667
601398.SH,20220902,4.35,4.37,4.34,4.35,4.36,-0.01,-0.2294,1297846.55,565116.18,0.0481,0.93,4.4508,0.5238,1.6445,35640625.7089,26961221.2539,3389563.121,155036721.8337,117281312.4545
601398.SH,20220905,4.35,4.36,4.33,4.36,4.35,0.01,0.2299,1259091.16,547119.545,0.0467,0.86,4.461,0.525,1.6483,35640625.7089,26961221.2539,3389563.121,155393128.0908,117550924.667
601398.SH,20220906,4.36,4.38,4.34,4.36,4.36,0.0,0.0,1845802.31,805772.141,0.0685,1.22,4.461,0.525,1.6483,35640625.7089,26961221.2539,3389563.121,155393128.0908,117550924.667
601398.SH,20220907,4.36,4.36,4.34,4.35,4.36,-0.01,-0.2294,1189129.21,517187.728,0.0441,0.74,4.4508,0.5238,1.6445,35640625.7089,26961221.2539,3389563.121,155036721.8337,117281312.4545
601398.SH,20220908,4.36,4.36,4.34,4.35,4.35,0.0,0.0,1086742.4,472815.83,0.0403,0.82,4.4508,0.5238,1.6445,35640625.7089,26961221.2539,3389563.121,155036721.8337,117281312.4545
601398.SH,20220909,4.36,4.38,4.35,4.36,4.35,0.01,0.2299,1627950.22,710715.972,0.0604,1.22,4.461,0.525,1.6483,35640625.7089,26961221.2539,3389563.121,155393128.0908,117550924.667
601398.SH,20220913,4.37,4.39,4.36,4.38,4.36,0.02,0.4587,2076228.55,908320.747,0.077,1.48,4.4815,0.5274,1.6558,35640625.7089,26961221.2539,3389563.121,156105940.605,118090149.0921
601398.SH,20220914,4.36,4.38,4.36,4.36,4.38,-0.02,-0.4566,1195215.47,521881.472,0.0443,0.76,4.461,0.525,1.6483,35640625.7089,26961221.2539,3389563.121,155393128.0908,117550924.667
601398.SH,20220915,4.37,4.4,4.36,4.39,4.36,0.03,0.6881,2994070.17,1312876.135,0.1111,2.09,4.4917,0.5286,1.6596,35640625.7089,26961221.2539,3389563.121,156462346.8621,118359761.3046
601398.SH,20220916,4.39,4.4,4.36,4.36,4.39,-0.03,-0.6834,2427171.38,1062487.993,0.09,1.35,4.461,0.525,1.6483,35640625.7089,26961221.2539,3389563.121,155393128.0908,117550924.667
601398.SH,20220919,4.37,4.39,4.36,4.38,4.36,0.02,0.4587,2167207.03,948114.394,0.0804,1.05,4.4815,0.5274,1.6558,35640625.7089,26961221.2539,3389563.121,156105940.605,118090149.0921
601398.SH,20220920,4.39,4.39,4.36,4.37,4.38,-0.01,-0.2283,1485249.42,650364.279,0.0551,0.68,4.4712,0.5262,1.6521,35640625.7089,26961221.2539,3389563.121,155749534.3479,117820536.8795
601398.SH,20220921,4.37,4.39,4.35,4.37,4.37,0.0,0.0,1578483.49,689565.518,0.0585,0.77,4.4712,0.5262,1.6521,35640625.7089,26961221.2539,3389563.121,155749534.3479,117820536.8795
601398.SH,20220922,4.36,4.4,4.35,4.39,4.37,0.02,0.4577,2857305.08,1248539.894,0.106,1.34,4.4917,0.5286,1.6596,35640625.7089,26961221.2539,3389563.121,156462346.8621,118359761.3046
601398.SH,20220923,4.38,4.41,4.37,4.4,4.39,0.01,0.2278,2812241.6,1237026.682,0.1043,1.34,4.5019,0.5298,1.6634,35640625.7089,26961221.2539,3389563.121,156818753.1192,118629373.5172
601398.SH,20220926,4.39,4.4,4.35,4.35,4.4,-0.05,-1.1364,2626983.03,1147676.709,0.0974,1.2,4.4508,0.5238,1.6445,35640625.7089,26961221.2539,3389563.121,155036721.8337,117281312.4545
601398.SH,20220927,4.35,4.36,4.33,4.34,4.35,-0.01,-0.2299,1900358.23,825325.572,0.0705,0.84,4.4405,0.5226,1.6407,35640625.7089,26961221.2539,3389563.121,154680315.5766,117011700.2419
601398.SH,20220928,4.34,4.36,4.33,4.35,4.34,0.01,0.2304,1805772.77,784503.628,0.067,0.77,4.4508,0.5238,1.6445,35640625.7089,26961221.2539,3389563.121,155036721.8337,117281312.4545
601398.SH,20220929,4.36,4.36,4.33,4.33,4.35,-0.02,-0.4598,1758825.32,763036.787,0.0652,0.73,4.4303,0.5214,1.6369,35640625.7089,26961221.2539,3389563.121,154323909.3195,116742088.0294
601398.SH,20220930,4.34,4.36,4.33,4.35,4.33,0.02,0.4619,1578628.46,686074.089,0.0586,0.72,4.4508,0.5238,1.6445,35640625.7089,26961221.2539,3389563.121,155036721.8337,117281312.4545
601398.SH,20221010,4.35,4.38,4.33,4.36,4.35,0.01,0.2299,3177781.53,1385758.856,0.1179,1.64,4.461,0.525,1.6483,35640625.7089,26961221.2539,3389563.121,155393128.0908,117550924.667
601398.SH,20221011,4.36,4.38,4.34,4.37,4.36,0.01,0.2294,2071206.32,903371.612,0.0768,1.01,4.4712,0.5262,1.6521,35640625.7089,26961221.2539,3389563.121,155749534.3479,117820536.8795
601398.SH,20221012,4.37,4.4,4.36,4.4,4.37,0.03,0.6865,2592391.8,1135992.155,0.0962,1.25,4.5019,0.5298,1.6634,35640625.7089,26961221.2539,3389563.121,156818753.1192,118629373.5172
601398.SH,20221013,4.39,4.39,4.34,4.35,4.4,-0.05,-1.1364,2700348.47,1174850.511,0.1002,1.21,4.4508,0.5238,1.6445,35640625.7089,26961221.2539,3389563.121,155036721.8337,117281312.4545
601398.SH,20221014,4.35,4.36,4.33,4.34,4.35,-0.01,-0.2299,2629692.9,1142713.536,0.0975,1.08,4.4405,0.5226,1.6407,35640625.7089,26961221.2539,3389563.121,154680315.5766,117011700.2419
601398.SH,20221017,4.34,4.38,4.33,4.35,4.34,0.01,0.2304,2562545.27,1115347.729,0.095,0.97,4.4508,0.5238,1.6445,35640625.7089,26961221.2539,3389563.121,155036721.8337,117281312.4545
601398.SH,20221018,4.36,4.36,4.34,4.35,4.35,0.0,0.0,1533381.79,666628.309,0.0569,0.61,4.4508,0.5238,1.6445,35640625.7089,26961221.2539,3389563.121,155036721.8337,117281312.4545
601398.SH,20221019,4.34,4.36,4.34,4.34,4.35,-0.01,-0.2299,1679225.86,730221.419,0.0623,0.7,4.4405,0.5226,1.6407,35640625.7089,26961221.2539,3389563.121,154680315.5766,117011700.2419
601398.SH,20221020,4.35,4.36,4.34,4.35,4.34,0.01,0.2304,1712897.85,745032.525,0.0635,0.77,4.4508,0.5238,1.6445,35640625.7089,26961221.2539,3389563.121,155036721.8337,117281312.4545
601398.SH,20221021,4.35,4.36,4.34,4.35,4.35,0.0,0.0,1846239.59,802815.21,0.0685,0.91,4.4508,0.5238,1.6445,35640625.7089,26961221.2539,3389563.121,155036721.8337,117281312.4545
601398.SH,20221024,4.35,4.36,4.33,4.36,4.35,0.01,0.2299,3982764.2,1731708.676,0.1477,2.13,4.461,0.525,1.6483,35640625.7089,26961221.2539,3389563.121,155393128.0908,117550924.667
601398.SH,20221025,4.35,4.36,4.34,4.34,4.36,-0.02,-0.4587,2059834.43,895581.873,0.0764,0.96,4.4405,0.5226,1.6407,35640625.7089,26961221.2539,3389563.121,154680315.5766,117011700.2419
601398.SH,20221026,4.34,4.35,4.28,4.28,4.34,-0.06,-1.3825,4305151.47,1859606.05,0.1597,1.91,4.3791,0.5154,1.618,35640625.7089,26961221.2539,3389563.121,152541878.0341,115394026.9667
601398.SH,20221027,4.28,4.29,4.24,4.25,4.28,-0.03,-0.7009,2614569.57,1114168.572,0.097,0.94,4.3484,0.5118,1.6067,35640625.7089,26961221.2539,3389563.121,151472659.2628,114585190.3291
601398.SH,20221028,4.26,4.27,4.24,4.25,4.25,0.0,0.0,2322386.17,989014.765,0.0861,0.78,4.3484,0.5118,1.6067,35640625.7089,26961221.2539,3389563.121,151472659.2628,114585190.3291
601398.SH,20221031,4.25,4.26,4.14,4.15,4.25,-0.1,-2.3529,3136808.62,1315941.98,0.1163,1.03,4.2461,0.4841,1.5689,35640625.7089,26961221.2539,3389563.121,147908596.6919,111889068.2037
601398.SH,20221101,4.15,4.16,4.01,4.08,4.15,-0.07,-1.6867,6428447.8,2617808.617,0.2384,2.23,4.1745,0.4759,1.5424,35640625.7089,26961221.2539,3389563.121,145413752.8923,110001782.7159
601398.SH,20221102,4.05,4.07,4.01,4.07,4.08,-0.01,-0.2451,3450626.79,1394694.899,0.128,0.92,4.1643,0.4747,1.5386,35640625.7089,26961221.2539,3389563.121,145057346.6352,109732170.5034
601398.SH,20221103,4.05,4.06,4.04,4.06,4.07,-0.01,-0.2457,1564672.37,634051.041,0.058,0.44,4.154,0.4736,1.5349,35640625.7089,26961221.2539,3389563.121,144700940.3781,109462558.2908
601398.SH,20221104,4.05,4.12,4.05,4.09,4.06,0.03,0.7389,3380993.45,1382391.65,0.1254,1.0,4.1847,0.4771,1.5462,35640625.7089,26961221.2539,3389563.121,145770159.1494,110271394.9285
601398.SH,20221107,4.09,4.09,4.06,4.08,4.09,-0.01,-0.2445,2420763.34,986337.817,0.0898,0.67,4.1745,0.4759,1.5424,35640625.7089,26961221.2539,3389563.121,145413752.8923,110001782.7159
601398.SH,20221108,4.08,4.09,4.07,4.09,4.08,0.01,0.2451,1266710.07,517079.54,0.047,0.37,4.1847,0.4771,1.5462,35640625.7089,26961221.2539,3389563.121,145770159.1494,110271394.9285
601398.SH,20221109,4.09,4.11,4.08,4.1,4.09,0.01,0.2445,1368752.57,560691.18,0.0508,0.57,4.195,0.4782,1.55,35640625.7089,26961221.2539,3389563.121,146126565.4065,110541007.141
601398.SH,20221110,4.09,4.11,4.08,4.11,4.1,0.01,0.2439,1423974.57,582648.249,0.0528,0.71,4.2052,0.4794,1.5538,35640625.7089,26961221.2539,3389563.121,146482971.6636,110810619.3535
601398.SH,20221111,4.12,4.16,4.11,4.15,4.11,0.04,0.9732,2768352.88,1144895.641,0.1027,1.4,4.2461,0.4841,1.5689,35640625.7089,26961221.2539,3389563.121,147908596.6919,111889068.2037
601398.SH,20221114,4.16,4.19,4.15,4.15,4.15,0.0,0.0,2708150.58,1129702.478,0.1004,1.46,4.2461,0.4841,1.5689,35640625.7089,26961221.2539,3389563.121,147908596.6919,111889068.2037
601398.SH,20221115,4.16,4.18,4.15,4.17,4.15,0.02,0.4819,1564140.1,651544.034,0.058,0.82,4.2666,0.4864,1.5764,35640625.7089,26961221.2539,3389563.121,148621409.2061,112428292.6288
601398.SH,20221116,4.17,4.18,4.16,4.16,4.17,-0.01,-0.2398,1132770.31,472113.067,0.042,0.58,4.2564,0.4852,1.5727,35640625.7089,26961221.2539,3389563.121,148265002.949,112158680.4162
601398.SH,20221117,4.16,4.17,4.14,4.17,4.16,0.01,0.2404,1681716.59,698816.838,0.0624,0.88,4.2666,0.4864,1.5764,35640625.7089,26961221.2539,3389563.121,148621409.2061,112428292.6288
601398.SH,20221118,4.17,4.19,4.16,4.17,4.17,0.0,0.0,1785481.49,745303.163,0.0662,0.91,4.2666,0.4864,1.5764,35640625.7089,26961221.2539,3389563.121,148621409.2061,112428292.6288
601398.SH,20221121,4.17,4.19,4.15,4.18,4.17,0.01,0.2398,1805231.96,753341.792,0.067,1.02,4.2768,0.4876,1.5802,35640625.7089,26961221.2539,3389563.121,148977815.4632,112697904.8413
601398.SH,20221122,4.18,4.25,4.17,4.23,4.18,0.05,1.1962,2702553.18,1140835.266,0.1002,1.7,4.328,0.4934,1.5991,35640625.7089,26961221.2539,3389563.121,150759846.7486,114045965.904
601398.SH,20221123,4.23,4.29,4.22,4.26,4.23,0.03,0.7092,3210906.57,1369621.339,0.1191,1.76,4.3587,0.4969,1.6105,35640625.7089,26961221.2539,3389563.121,151829065.5199,114854802.5416
601398.SH,20221124,4.27,4.28,4.24,4.25,4.26,-0.01,-0.2347,1413653.86,602139.323,0.0524,0.63,4.3484,0.4957,1.6067,35640625.7089,26961221.2539,3389563.121,151472659.2628,114585190.3291
601398.SH,20221125,4.25,4.33,4.25,4.32,4.25,0.07,1.6471,3698254.16,1591516.138,0.1372,1.69,4.4201,0.5039,1.6332,35640625.7089,26961221.2539,3389563.121,153967503.0624,116472475.8168
601398.SH,20221128,4.29,4.3,4.22,4.24,4.32,-0.08,-1.8519,2927271.24,1241390.938,0.1086,1.14,4.3382,0.4946,1.6029,35640625.7089,26961221.2539,3389563.121,151116253.0057,114315578.1165
601398.SH,20221129,4.25,4.34,4.24,4.32,4.24,0.08,1.8868,4116956.33,1769804.553,0.1527,1.48,4.4201,0.5039,1.6332,35640625.7089,26961221.2539,3389563.121,153967503.0624,116472475.8168
601398.SH,20221130,4.3,4.33,4.28,4.3,4.32,-0.02,-0.463,3121823.07,1342258.893,0.1158,1.02,4.3996,0.5016,1.6256,35640625.7089,26961221.2539,3389563.121,153254690.5483,115933251.3918
601398.SH,20221201,4.32,4.33,4.24,4.25,4.3,-0.05,-1.1628,3527083.71,1508271.593,0.1308,1.15,4.3484,0.4957,1.6067,35640625.7089,26961221.2539,3389563.121,151472659.2628,114585190.3291
601398.SH,20221202,4.25,4.26,4.23,4.24,4.25,-0.01,-0.2353,1998981.23,848573.118,0.0741,0.57,4.3382,0.4946,1.6029,35640625.7089,26961221.2539,3389563.121,151116253.0057,114315578.1165
601398.SH,20221205,4.26,4.32,4.25,4.3,4.24,0.06,1.4151,3497316.92,1499555.627,0.1297,1.11,4.3996,0.5016,1.6256,35640625.7089,26961221.2539,3389563.121,153254690.5483,115933251.3918
601398.SH,20221206,4.3,4.32,4.29,4.31,4.3,0.01,0.2326,2597515.49,1117747.056,0.0963,0.8,4.4098,0.5027,1.6294,35640625.7089,26961221.2539,3389563.121,153611096.8054,116202863.6043
601398.SH,20221207,4.31,4.32,4.28,4.29,4.31,-0.02,-0.464,2223357.63,956706.139,0.0825,0.75,4.3894,0.5004,1.6218,35640625.7089,26961221.2539,3389563.121,152898284.2912,115663639.1792
601398.SH,20221208,4.29,4.31,4.28,4.3,4.29,0.01,0.2331,1966006.46,845283.418,0.0729,0.71,4.3996,0.5016,1.6256,35640625.7089,26961221.2539,3389563.121,153254690.5483,115933251.3918
601398.SH,20221209,4.3,4.32,4.29,4.3,4.3,0.0,0.0,2564903.65,1103145.219,0.0951,1.04,4.3996,0.5016,1.6256,35640625.7089,26961221.2539,3389563.121,153254690.5483,115933251.3918
601398.SH,20221212,4.3,4.3,4.27,4.27,4.3,-0.03,-0.6977,1967081.31,843407.173,0.073,0.77,4.3689,0.4981,1.6143,35640625.7089,26961221.2539,3389563.121,152185471.777,115124414.7542
601398.SH,20221213,4.28,4.31,4.27,4.3,4.27,0.03,0.7026,1640735.77,704235.151,0.0609,0.72,4.3996,0.5016,1.6256,35640625.7089,26961221.2539,3389563.121,153254690.5483,115933251.3918
601398.SH,20221214,4.3,4.31,4.27,4.29,4.3,-0.01,-0.2326,1975053.51,845926.525,0.0733,0.95,4.3894,0.5004,1.6218,35640625.7089,26961221.2539,3389563.121,152898284.2912,115663639.1792
601398.SH,20221215,4.28,4.29,4.25,4.26,4.29,-0.03,-0.6993,1793039.37,763572.928,0.0665,0.89,4.3587,0.4969,1.6105,35640625.7089,26961221.2539,3389563.121,151829065.5199,114854802.5416
601398.SH,20221216,4.26,4.29,4.24,4.29,4.26,0.03,0.7042,1982171.66,846358.171,0.0735,1.0,4.3894,0.5004,1.6218,35640625.7089,26961221.2539,3389563.121,152898284.2912,115663639.1792
601398.SH,20221219,4.28,4.31,4.25,4.26,4.29,-0.03,-0.6993,1647837.22,704842.464,0.0611,0.88,4.3587,0.4969,1.6105,35640625.7089,26961221.2539,3389563.121,151829065.5199,114854802.5416
601398.SH,20221220,4.25,4.27,4.23,4.23,4.26,-0.03,-0.7042,1769707.42,751668.831,0.0656,0.98,4.328,0.4934,1.5991,35640625.7089,26961221.2539,3389563.121,150759846.7486,114045965.904
601398.SH,20221221,4.23,4.26,4.23,4.25,4.23,0.02,0.4728,1188930.37,504895.105,0.0441,0.65,4.3484,0.4957,1.6067,35640625.7089,26961221.2539,3389563.121,151472659.2628,114585190.3291
601398.SH,20221222,4.26,4.28,4.25,4.27,4.25,0.02,0.4706,1296888.69,553757.271,0.0481,0.77,4.3689,0.4981,1.6143,35640625.7089,26961221.2539,3389563.121,152185471.777,115124414.7542
601398.SH,20221223,4.27,4.27,4.25,4.25,4.27,-0.02,-0.4684,904597.86,385322.879,0.0336,0.57,4.3484,0.4957,1.6067,35640625.7089,26961221.2539,3389563.121,151472659.2628,114585190.3291
601398.SH,20221226,4.26,4.28,4.24,4.26,4.25,0.01,0.2353,1470701.24,626352.011,0.0545,1.08,4.3587,0.4969,1.6105,35640625.7089,26961221.2539,3389563.121,151829065.5199,114854802.5416
601398.SH,20221227,4.27,4.31,4.26,4.3,4.26,0.04,0.939,1849633.29,793633.877,0.0686,1.39,4.3996,0.5016,1.6256,35640625.7089,26961221.2539,3389563.121,153254690.5483,115933251.3918
601398.SH,20221228,4.3,4.33,4.29,4.32,4.3,0.02,0.4651,1755915.54,757611.069,0.0651,1.31,4.4201,0.5039,1.6332,35640625.7089,26961221.2539,3389563.121,153967503.0624,116472475.8168
601398.SH,20221229,4.31,4.32,4.26,4.3,4.32,-0.02,-0.463,1885665.53,809605.996,0.0699,1.3,4.3996,0.5016,1.6256,35640625.7089,26961221.2539,3389563.121,153254690.5483,115933251.3918
601398.SH,20221230,4.31,4.35,4.3,4.34,4.3,0.04,0.9302,2983386.66,1293431.442,0.1107,1.9,4.4405,0.5062,1.6407,35640625.7089,26961221.2539,3389563.121,154680315.5766,117011700.2419
601398.SH,20230103,4.34,4.34,4.3,4.31,4.34,-0.03,-0.6912,2428809.7,1047725.002,0.0901,1.22,4.4098,0.5027,1.6294,35640625.7089,26961221.2539,3389563.121,153611096.8054,116202863.6043
601398.SH,20230104,4.32,4.36,4.31,4.36,4.31,0.05,1.1601,2351477.35,1022070.423,0.0872,1.08,4.461,0.5086,1.6483,35640625.7089,26961221.2539,3389563.121,155393128.0908,117550924.667
601398.SH,20230105,4.36,4.38,4.33,4.33,4.36,-0.03,-0.6881,2017797.78,877204.366,0.0748,0.88,4.4303,0.5051,1.6369,35640625.7089,26961221.2539,3389563.121,154323909.3195,116742088.0294
601398.SH,20230106,4.33,4.35,4.31,4.34,4.33,0.01,0.2309,1687138.02,731034.157,0.0626,0.72,4.4405,0.5062,1.6407,35640625.7089,26961221.2539,3389563.121,154680315.5766,117011700.2419
601398.SH,20230109,4.35,4.36,4.33,4.33,4.34,-0.01,-0.2304,1666791.6,723302.384,0.0618,0.73,4.4303,0.5051,1.6369,35640625.7089,26961221.2539,3389563.121,154323909.3195,116742088.0294
601398.SH,20230110,4.34,4.34,4.3,4.3,4.33,-0.03,-0.6928,1751258.73,755033.29,0.065,0.86,4.3996,0.5016,1.6256,35640625.7089,26961221.2539,3389563.121,153254690.5483,115933251.3918
601398.SH,20230111,4.3,4.32,4.29,4.31,4.3,0.01,0.2326,1349496.38,581583.428,0.0501,0.71,4.4098,0.5027,1.6294,35640625.7089,26961221.2539,3389563.121,153611096.8054,116202863.6043
601398.SH,20230112,4.31,4.32,4.29,4.3,4.31,-0.01,-0.232,1095530.61,471371.597,0.0406,0.65,4.3996,0.5016,1.6256,35640625.7089,26961221.2539,3389563.121,153254690.5483,115933251.3918
601398.SH,20230113,4.3,4.34,4.3,4.34,4.3,0.04,0.9302,1310556.43,566908.49,0.0486,0.87,4.4405,0.5062,1.6407,35640625.7089,26961221.2539,3389563.121,154680315.5766,117011700.2419
601398.SH,20230116,4.34,4.36,4.33,4.34,4.34,0.0,0.0,2239500.53,972719.257,0.0831,1.56,4.4405,0.5062,1.6407,35640625.7089,26961221.2539,3389563.121,154680315.5766,117011700.2419
601398.SH,20230117,4.34,4.35,4.31,4.33,4.34,-0.01,-0.2304,1348396.46,583427.985,0.05,0.87,4.4303,0.5051,1.6369,35640625.7089,26961221.2539,3389563.121,154323909.3195,116742088.0294
601398.SH,20230118,4.33,4.35,4.33,4.34,4.33,0.01,0.2309,1290402.2,559746.084,0.0479,0.88,4.4405,0.5062,1.6407,35640625.7089,26961221.2539,3389563.121,154680315.5766,117011700.2419
601398.SH,20230119,4.33,4.34,4.31,4.33,4.34,-0.01,-0.2304,1311153.98,566876.473,0.0486,0.9,4.4303,0.5051,1.6369,35640625.7089,26961221.2539,3389563.121,154323909.3195,116742088.0294
601398.SH,20230120,4.33,4.34,4.32,4.33,4.33,0.0,0.0,1423233.56,615310.375,0.0528,0.95,4.4303,0.5051,1.6369,35640625.7089,26961221.2539,3389563.121,154323909.3195,116742088.0294
601398.SH,20230130,4.34,4.35,4.31,4.32,4.33,-0.01,-0.2309,2451083.79,1060660.579,0.0909,1.61,4.4201,0.5039,1.6332,35640625.7089,26961221.2539,3389563.121,153967503.0624,116472475.8168
601398.SH,20230131,4.32,4.33,4.31,4.32,4.32,0.0,0.0,1687635.24,729242.573,0.0626,1.08,4.4201,0.5039,1.6332,35640625.7089,26961221.2539,3389563.121,153967503.0624,116472475.8168
601398.SH,20230201,4.32,4.33,4.3,4.31,4.32,-0.01,-0.2315,1729252.59,745664.75,0.0641,1.06,4.4098,0.5027,1.6294,35640625.7089,26961221.2539,3389563.121,153611096.8054,116202863.6043
601398.SH,20230202,4.32,4.32,4.3,4.3,4.31,-0.01,-0.232,2020736.28,870185.102,0.0749,1.17,4.3996,0.5016,1.6256,35640625.7089,26961221.2539,3389563.121,153254690.5483,115933251.3918
601398.SH,20230203,4.3,4.31,4.29,4.3,4.3,0.0,0.0,1974191.01,848654.204,0.0732,1.06,4.3996,0.5016,1.6256,35640625.7089,26961221.2539,3389563.121,153254690.5483,115933251.3918
601398.SH,20230206,4.3,4.3,4.28,4.29,4.3,-0.01,-0.2326,2162137.5,926939.859,0.0802,1.1,4.3894,0.5004,1.6218,35640625.7089,26961221.2539,3389563.121,152898284.2912,115663639.1792
601398.SH,20230207,4.29,4.31,4.28,4.29,4.29,0.0,0.0,1583521.42,680140.869,0.0587,0.83,4.3894,0.5004,1.6218,35640625.7089,26961221.2539,3389563.121,152898284.2912,115663639.1792
601398.SH,20230208,4.3,4.31,4.29,4.3,4.29,0.01,0.2331,1294928.29,556550.72,0.048,0.68,4.3996,0.5016,1.6256,35640625.7089,26961221.2539,3389563.121,153254690.5483,115933251.3918
601398.SH,20230209,4.29,4.31,4.29,4.3,4.3,0.0,0.0,1307659.09,562487.646,0.0485,0.72,4.3996,0.5016,1.6256,35640625.7089,26961221.2539,3389563.121,153254690.5483,115933251.3918
601398.SH,20230210,4.31,4.31,4.29,4.31,4.3,0.01,0.2326,1202376.2,517287.828,0.0446,0.72,4.4098,0.5027,1.6294,35640625.7089,26961221.2539,3389563.121,153611096.8054,116202863.6043
601398.SH,20230213,4.3,4.31,4.29,4.29,4.31,-0.02,-0.464,1902540.36,817263.325,0.0706,1.26,4.3894,0.5004,1.6218,35640625.7089,26961221.2539,3389563.121,152898284.2912,115663639.1792
601398.SH,20230214,4.3,4.31,4.29,4.3,4.29,0.01,0.2331,1064557.57,457865.981,0.0395,0.73,4.3996,0.5016,1.6256,35640625.7089,26961221.2539,3389563.121,153254690.5483,115933251.3918
601398.SH,20230215,4.3,4.31,4.28,4.29,4.3,-0.01,-0.2326,2040446.17,875087.611,0.0757,1.51,4.3894,0.5004,1.6218,35640625.7089,26961221.2539,3389563.121,152898284.2912,115663639.1792
601398.SH,20230216,4.29,4.3,4.28,4.28,4.29,-0.01,-0.2331,1894246.99,812550.64,0.0703,1.26,4.3791,0.4992,1.618,35640625.7089,26961221.2539,3389563.121,152541878.0341,115394026.9667
601398.SH,20230217,4.28,4.3,4.28,4.28,4.28,0.0,0.0,1786395.16,766064.99,0.0663,1.1,4.3791,0.4992,1.618,35640625.7089,26961221.2539,3389563.121,152541878.0341,115394026.9667
601398.SH,20230220,4.29,4.31,4.28,4.31,4.28,0.03,0.7009,2339844.07,1004838.515,0.0868,1.35,4.4098,0.5027,1.6294,35640625.7089,26961221.2539,3389563.121,153611096.8054,116202863.6043
601398.SH,20230221,4.3,4.32,4.3,4.32,4.31,0.01,0.232,1678930.37,724398.198,0.0623,0.92,4.4201,0.5039,1.6332,35640625.7089,26961221.2539,3389563.121,153967503.0624,116472475.8168
601398.SH,20230222,4.32,4.32,4.3,4.3,4.32,-0.02,-0.463,937519.93,404187.271,0.0348,0.48,4.3996,0.5016,1.6256,35640625.7089,26961221.2539,3389563.121,153254690.5483,115933251.3918
601398.SH,20230223,4.31,4.32,4.3,4.3,4.3,0.0,0.0,1215628.07,523722.564,0.0451,0.7,4.3996,0.5016,1.6256,35640625.7089,26961221.2539,3389563.121,153254690.5483,115933251.3918
601398.SH,20230224,4.31,4.31,4.29,4.29,4.3,-0.01,-0.2326,1391182.56,597341.18,0.0516,0.87,4.3894,0.5004,1.6218,35640625.7089,26961221.2539,3389563.121,152898284.2912,115663639.1792
601398.SH,20230227,4.29,4.3,4.28,4.29,4.29,0.0,0.0,1201801.77,515168.67,0.0446,0.79,4.3894,0.5004,1.6218,35640625.7089,26961221.2539,3389563.121,152898284.2912,115663639.1792
601398.SH,20230228,4.29,4.3,4.28,4.3,4.29,0.01,0.2331,1580501.25,677615.166,0.0586,1.23,4.3996,0.5016,1.6256,35640625.7089,26961221.2539,3389563.121,153254690.5483,115933251.3918
601398.SH,20230301,4.3,4.31,4.29,4.3,4.3,0.0,0.0,2575566.7,1107847.947,0.0955,2.04,4.3996,0.5016,1.6256,35640625.7089,26961221.2539,3389563.121,153254690.5483,115933251.3918
601398.SH,20230302,4.3,4.32,4.29,4.32,4.3,0.02,0.4651,2209294.25,952727.208,0.0819,1.39,4.4201,0.5039,1.6332,35640625.7089,26961221.2539,3389563.121,153967503.0624,116472475.8168
601398.SH,20230303,4.32,4.37,4.32,4.36,4.32,0.04,0.9259,3222511.25,1399659.368,0.1195,1.8,4.461,0.5086,1.6483,35640625.7089,26961221.2539,3389563.121,155393128.0908,117550924.667
601398.SH,20230306,4.37,4.38,4.34,4.35,4.36,-0.01,-0.2294,3218611.78,1401037.315,0.1194,1.49,4.4508,0.5074,1.6445,35640625.7089,26961221.2539,3389563.121,155036721.8337,117281312.4545
601398.SH,20230307,4.35,4.48,4.34,4.39,4.35,0.04,0.9195,6770934.04,2992988.03,0.2511,2.64,4.4917,0.5121,1.6596,35640625.7089,26961221.2539,3389563.121,156462346.8621,118359761.3046
601398.SH,20230308,4.37,4.41,4.35,4.4,4.39,0.01,0.2278,2513977.16,1098665.504,0.0932,0.7,4.5019,0.5132,1.6634,35640625.7089,26961221.2539,3389563.121,156818753.1192,118629373.5172
601398.SH,20230309,4.4,4.44,4.38,4.38,4.4,-0.02,-0.4545,2410878.53,1062348.001,0.0894,0.67,4.4815,0.5109,1.6558,35640625.7089,26961221.2539,3389563.121,156105940.605,118090149.0921
601398.SH,20230310,4.36,4.38,4.34,4.34,4.38,-0.04,-0.9132,2221254.32,968749.011,0.0824,0.61,4.4405,0.5062,1.6407,35640625.7089,26961221.2539,3389563.121,154680315.5766,117011700.2419
601398.SH,20230313,4.34,4.41,4.33,4.4,4.34,0.06,1.3825,2491912.4,1092169.163,0.0924,0.73,4.5019,0.5132,1.6634,35640625.7089,26961221.2539,3389563.121,156818753.1192,118629373.5172
601398.SH,20230314,4.39,4.44,4.38,4.41,4.4,0.01,0.2273,2542644.76,1122413.927,0.0943,0.77,4.5121,0.5144,1.6672,35640625.7089,26961221.2539,3389563.121,157175159.3762,118898985.7297
601398.SH,20230315,4.43,4.47,4.41,4.46,4.41,0.05,1.1338,2896830.79,1288387.303,0.1074,1.19,4.5633,0.5202,1.6861,35640625.7089,26961221.2539,3389563.121,158957190.6617,120247046.7924
601398.SH,20230316,4.45,4.57,4.44,4.52,4.46,0.06,1.3453,5873947.44,2655044.111,0.2179,2.34,4.6247,0.5272,1.7088,35640625.7089,26961221.2539,3389563.121,161095628.2042,121864720.0676
601398.SH,20230317,4.53,4.58,4.49,4.52,4.52,0.0,0.0,3428580.62,1553254.966,0.1272,1.07,4.6247,0.5272,1.7088,35640625.7089,26961221.2539,3389563.121,161095628.2042,121864720.0676
601398.SH,20230320,4.52,4.6,4.5,4.51,4.52,-0.01,-0.2212,3386446.15,1541399.77,0.1256,0.98,4.6145,0.5261,1.705,35640625.7089,26961221.2539,3389563.121,160739221.9471,121595107.8551
601398.SH,20230321,4.52,4.55,4.44,4.45,4.51,-0.06,-1.3304,2735102.46,1222842.097,0.1014,0.75,4.5531,0.5191,1.6823,35640625.7089,26961221.2539,3389563.121,158600784.4046,119977434.5799
601398.SH,20230322,4.46,4.52,4.45,4.52,4.45,0.07,1.573,2218087.82,998009.99,0.0823,0.61,4.6247,0.5272,1.7088,35640625.7089,26961221.2539,3389563.121,161095628.2042,121864720.0676
601398.SH,20230323,4.51,4.53,4.48,4.52,4.52,0.0,0.0,1898473.48,855390.079,0.0704,0.54,4.6247,0.5272,1.7088,35640625.7089,26961221.2539,3389563.121,161095628.2042,121864720.0676
601398.SH,20230324,4.51,4.51,4.47,4.48,4.52,-0.04,-0.885,1619528.87,726293.38,0.0601,0.59,4.5838,0.5226,1.6936,35640625.7089,26961221.2539,3389563.121,159670003.1759,120786271.2175
601398.SH,20230327,4.47,4.48,4.41,4.46,4.48,-0.02,-0.4464,2126959.3,944911.324,0.0789,0.9,4.5633,0.5202,1.6861,35640625.7089,26961221.2539,3389563.121,158957190.6617,120247046.7924
601398.SH,20230328,4.47,4.5,4.44,4.49,4.46,0.03,0.6726,1718590.69,768256.378,0.0637,0.81,4.594,0.5237,1.6974,35640625.7089,26961221.2539,3389563.121,160026409.433,121055883.43
601398.SH,20230329,4.5,4.53,4.46,4.51,4.49,0.02,0.4454,2153324.56,969916.345,0.0799,1.12,4.6145,0.5261,1.705,35640625.7089,26961221.2539,3389563.121,160739221.9471,121595107.8551
601398.SH,20230330,4.51,4.55,4.48,4.52,4.51,0.01,0.2217,1810266.32,816555.471,0.0671,0.95,4.6247,0.5272,1.7088,35640625.7089,26961221.2539,3389563.121,161095628.2042,121864720.0676
601398.SH,20230331,4.52,4.52,4.45,4.46,4.52,-0.06,-1.3274,2345624.82,1050304.784,0.087,1.24,4.4096,0.5061,1.7316,35640625.7089,26961221.2539,3389563.121,158957190.6617,120247046.7924
601398.SH,20230403,4.46,4.47,4.44,4.45,4.46,-0.01,-0.2242,2005186.09,892555.875,0.0744,0.99,4.3997,0.505,1.7277,35640625.7089,26961221.2539,3389563.121,158600784.4046,119977434.5799
601398.SH,20230404,4.45,4.52,4.44,4.52,4.45,0.07,1.573,3061591.33,1376907.554,0.1136,1.53,4.4689,0.5129,1.7549,35640625.7089,26961221.2539,3389563.121,161095628.2042,121864720.0676
601398.SH,20230406,4.51,4.54,4.49,4.53,4.52,0.01,0.2212,1958216.08,884878.223,0.0726,0.86,4.4788,0.514,1.7588,35640625.7089,26961221.2539,3389563.121,161452034.4613,122134332.2802
601398.SH,20230407,4.52,4.54,4.51,4.53,4.53,0.0,0.0,1247347.68,564750.744,0.0463,0.56,4.4788,0.514,1.7588,35640625.7089,26961221.2539,3389563.121,161452034.4613,122134332.2802
601398.SH,20230410,4.53,4.56,4.5,4.55,4.53,0.02,0.4415,2403449.17,1090106.743,0.0891,1.13,4.4985,0.5163,1.7665,35640625.7089,26961221.2539,3389563.121,162164846.9755,122673556.7052
601398.SH,20230411,4.55,4.57,4.53,4.55,4.55,0.0,0.0,1852176.53,843163.088,0.0687,0.87,4.4985,0.5163,1.7665,35640625.7089,26961221.2539,3389563.121,162164846.9755,122673556.7052
601398.SH,20230412,4.56,4.64,4.55,4.61,4.55,0.06,1.3187,3198518.03,1472027.339,0.1186,1.52,4.5579,0.5231,1.7898,35640625.7089,26961221.2539,3389563.121,164303284.518,124291229.9805
601398.SH,20230413,4.6,4.65,4.58,4.63,4.61,0.02,0.4338,2187342.68,1012149.962,0.0811,1.03,4.5776,0.5254,1.7976,35640625.7089,26961221.2539,3389563.121,165016097.0322,124830454.4056
601398.SH,20230414,4.65,4.65,4.61,4.63,4.63,0.0,0.0,1514960.89,701396.46,0.0562,0.7,4.5776,0.5254,1.7976,35640625.7089,26961221.2539,3389563.121,165016097.0322,124830454.4056
601398.SH,20230417,4.63,4.74,4.62,4.73,4.63,0.1,2.1598,3556291.81,1666156.219,0.1319,1.59,4.6765,0.5367,1.8364,35640625.7089,26961221.2539,3389563.121,168580159.6031,127526576.5309
601398.SH,20230418,4.73,4.81,4.72,4.77,4.73,0.04,0.8457,3952574.34,1882106.553,0.1466,1.61,4.7161,0.5413,1.8519,35640625.7089,26961221.2539,3389563.121,170005784.6315,128605025.3811
601398.SH,20230419,4.77,4.8,4.75,4.76,4.77,-0.01,-0.2096,2699213.78,1288443.209,0.1001,0.94,4.7062,0.5401,1.8481,35640625.7089,26961221.2539,3389563.121,169649378.3744,128335413.1686
601398.SH,20230420,4.76,4.79,4.68,4.74,4.76,-0.02,-0.4202,3180013.41,1502667.18,0.1179,1.14,4.6864,0.5379,1.8403,35640625.7089,26961221.2539,3389563.121,168936565.8602,127796188.7435
601398.SH,20230421,4.74,4.79,4.69,4.7,4.74,-0.04,-0.8439,3158540.05,1496588.9,0.1172,1.06,4.6468,0.5333,1.8248,35640625.7089,26961221.2539,3389563.121,167510940.8318,126717739.8933
601398.SH,20230424,4.7,4.75,4.68,4.72,4.7,0.02,0.4255,3062068.1,1443750.723,0.1136,0.93,4.6666,0.5356,1.8325,35640625.7089,26961221.2539,3389563.121,168223753.346,127256964.3184
601398.SH,20230425,4.71,4.78,4.71,4.75,4.72,0.03,0.6356,3915674.75,1857660.019,0.1452,1.22,4.6963,0.539,1.8442,35640625.7089,26961221.2539,3389563.121,169292972.1173,128065800.956
601398.SH,20230426,4.74,4.78,4.65,4.75,4.75,0.0,0.0,4009611.15,1891851.111,0.1487,1.25,4.6963,0.539,1.8442,35640625.7089,26961221.2539,3389563.121,169292972.1173,128065800.956
601398.SH,20230427,4.74,4.75,4.7,4.75,4.75,0.0,0.0,2657079.62,1256636.714,0.0986,0.77,4.6963,0.539,1.8442,35640625.7089,26961221.2539,3389563.121,169292972.1173,128065800.956
601398.SH,20230428,4.74,4.78,4.7,4.72,4.75,-0.03,-0.6316,2503244.0,1185262.424,0.0928,0.74,4.6666,0.5356,1.8325,35640625.7089,26961221.2539,3389563.121,168223753.346,127256964.3184
601398.SH,20230504,4.7,4.96,4.68,4.95,4.72,0.23,4.8729,7289708.42,3541568.882,0.2704,2.26,4.894,0.5467,1.9218,35640625.7089,26961221.2539,3389563.121,176421097.2591,133458045.2068
601398.SH,20230505,4.94,5.1,4.94,4.99,4.95,0.04,0.8081,6828810.0,3428249.976,0.2533,1.68,4.9336,0.5511,1.9374,35640625.7089,26961221.2539,3389563.121,177846722.2874,134536494.057
601398.SH,20230508,5.02,5.36,5.01,5.3,4.99,0.31,6.2124,10488613.02,5490372.106,0.389,2.25,5.2401,0.5853,2.0577,35640625.7089,26961221.2539,3389563.121,188895316.2572,142894472.6457
601398.SH,20230509,5.37,5.47,5.22,5.27,5.3,-0.03,-0.566,9334986.15,4986593.624,0.3462,1.57,5.2104,0.582,2.0461,35640625.7089,26961221.2539,3389563.121,187826097.4859,142085636.0081
601398.SH,20230510,5.22,5.26,4.99,5.03,5.27,-0.24,-4.5541,7516354.46,3815734.476,0.2788,1.03,4.9731,0.5555,1.9529,35640625.7089,26961221.2539,3389563.121,179272347.3158,135614942.9071
601398.SH,20230511,5.03,5.11,4.99,5.0,5.03,-0.03,-0.5964,4037362.61,2028244.04,0.1497,0.49,4.9435,0.5522,1.9412,35640625.7089,26961221.2539,3389563.121,178203128.5445,134806106.2695
601398.SH,20230512,4.99,5.05,4.95,4.98,5.0,-0.02,-0.4,3651839.27,1822660.939,0.1354,0.48,4.9237,0.55,1.9335,35640625.7089,26961221.2539,3389563.121,177490316.0303,134266881.8444
601398.SH,20230515,4.99,5.06,4.85,5.04,4.98,0.06,1.2048,5121251.41,2529284.812,0.1899,0.73,4.983,0.5566,1.9568,35640625.7089,26961221.2539,3389563.121,179628753.5729,135884555.1197
601398.SH,20230516,5.04,5.14,4.98,5.01,5.04,-0.03,-0.5952,3238579.0,1638354.828,0.1201,0.55,4.9533,0.5533,1.9451,35640625.7089,26961221.2539,3389563.121,178559534.8016,135075718.482
601398.SH,20230517,4.99,5.04,4.93,4.99,5.01,-0.02,-0.3992,2615395.51,1303973.179,0.097,0.55,4.9336,0.5511,1.9374,35640625.7089,26961221.2539,3389563.121,177846722.2874,134536494.057
601398.SH,20230518,5.0,5.18,4.99,5.12,4.99,0.13,2.6052,4402893.21,2247012.011,0.1633,1.18,5.0621,0.5655,1.9878,35640625.7089,26961221.2539,3389563.121,182480003.6296,138041452.82
601398.SH,20230519,5.11,5.14,5.04,5.04,5.12,-0.08,-1.5625,3082250.32,1566953.441,0.1143,0.81,4.983,0.5566,1.9568,35640625.7089,26961221.2539,3389563.121,179628753.5729,135884555.1197
601398.SH,20230522,5.04,5.15,5.02,5.07,5.04,0.03,0.5952,2578695.76,1312745.93,0.0956,0.7,5.0127,0.5599,1.9684,35640625.7089,26961221.2539,3389563.121,180697972.3441,136693391.7573
601398.SH,20230523,5.06,5.11,4.91,4.93,5.07,-0.14,-2.7613,4411799.99,2195648.031,0.1636,1.39,4.8742,0.5445,1.9141,35640625.7089,26961221.2539,3389563.121,175708284.7449,132918820.7817
601398.SH,20230524,4.95,4.96,4.75,4.76,4.93,-0.17,-3.4483,5227541.45,2512302.395,0.1939,1.53,4.7062,0.5257,1.8481,35640625.7089,26961221.2539,3389563.121,169649378.3744,128335413.1686
601398.SH,20230525,4.73,4.77,4.7,4.74,4.76,-0.02,-0.4202,3461347.35,1637454.759,0.1284,0.88,4.6864,0.5235,1.8403,35640625.7089,26961221.2539,3389563.121,168936565.8602,127796188.7435
601398.SH,20230526,4.74,4.84,4.72,4.8,4.74,0.06,1.2658,2346930.92,1123359.457,0.087,0.63,4.7457,0.5301,1.8636,35640625.7089,26961221.2539,3389563.121,171075003.4027,129413862.0187
601398.SH,20230529,4.81,4.88,4.8,4.85,4.8,0.05,1.0417,2980559.48,1441539.23,0.1105,0.83,4.7952,0.5356,1.883,35640625.7089,26961221.2539,3389563.121,172857034.6882,130761923.0814
601398.SH,20230530,4.84,4.88,4.79,4.82,4.85,-0.03,-0.6186,2689175.49,1298717.694,0.0997,0.73,4.7655,0.5323,1.8713,35640625.7089,26961221.2539,3389563.121,171787815.9169,129953086.4438
601398.SH,20230531,4.81,4.87,4.78,4.83,4.82,0.01,0.2075,2513541.53,1215088.902,0.0932,0.75,4.7754,0.5334,1.8752,35640625.7089,26961221.2539,3389563.121,172144222.174,130222698.6563
601398.SH,20230601,4.82,4.92,4.8,4.86,4.83,0.03,0.6211,2708660.17,1316044.948,0.1005,0.97,4.805,0.5368,1.8869,35640625.7089,26961221.2539,3389563.121,173213440.9453,131031535.294
601398.SH,20230602,4.86,4.9,4.84,4.88,4.86,0.02,0.4115,1594868.42,775899.59,0.0592,0.6,4.8248,0.539,1.8946,35640625.7089,26961221.2539,3389563.121,173926253.4594,131570759.719
601398.SH,20230605,4.88,4.98,4.86,4.96,4.88,0.08,1.6393,1961820.25,969318.119,0.0728,0.79,4.9039,0.5478,1.9257,35640625.7089,26961221.2539,3389563.121,176777503.5161,133727657.4193
601398.SH,20230606,4.96,5.05,4.94,4.96,4.96,0.0,0.0,2501764.9,1251780.679,0.0928,1.09,4.9039,0.5478,1.9257,35640625.7089,26961221.2539,3389563.121,176777503.5161,133727657.4193
601398.SH,20230607,4.97,5.05,4.97,5.01,4.96,0.05,1.0081,2192964.42,1099411.845,0.0813,0.97,4.9533,0.5533,1.9451,35640625.7089,26961221.2539,3389563.121,178559534.8016,135075718.482
601398.SH,20230608,5.01,5.1,4.98,5.09,5.01,0.08,1.5968,2413816.83,1219117.768,0.0895,1.1,5.0324,0.5622,1.9762,35640625.7089,26961221.2539,3389563.121,181410784.8583,137232616.1824
601398.SH,20230609,5.08,5.12,5.06,5.07,5.09,-0.02,-0.3929,2114255.48,1075351.684,0.0784,0.99,5.0127,0.5599,1.9684,35640625.7089,26961221.2539,3389563.121,180697972.3441,136693391.7573
601398.SH,20230612,5.08,5.09,4.95,4.97,5.07,-0.1,-1.9724,2706656.25,1353794.292,0.1004,1.21,4.9138,0.5489,1.9296,35640625.7089,26961221.2539,3389563.121,177133909.7732,133997269.6319
601398.SH,20230613,4.96,5.01,4.95,5.0,4.97,0.03,0.6036,1622393.81,809442.49,0.0602,0.68,4.9435,0.5522,1.9412,35640625.7089,26961221.2539,3389563.121,178203128.5445,134806106.2695
601398.SH,20230614,4.99,5.02,4.86,4.87,5.0,-0.13,-2.6,3504577.16,1728125.975,0.13,1.59,4.8149,0.5379,1.8908,35640625.7089,26961221.2539,3389563.121,173569847.2023,131301147.5065
601398.SH,20230615,4.9,4.96,4.87,4.91,4.87,0.04,0.8214,2252519.16,1105624.109,0.0835,0.91,4.8545,0.5423,1.9063,35640625.7089,26961221.2539,3389563.121,174995472.2307,132379596.3566
601398.SH,20230616,4.91,4.92,4.88,4.88,4.91,-0.03,-0.611,2177238.33,1066214.514,0.0808,0.89,4.8248,0.539,1.8946,35640625.7089,26961221.2539,3389563.121,173926253.4594,131570759.719
601398.SH,20230619,4.88,4.89,4.81,4.83,4.88,-0.05,-1.0246,2294115.14,1110369.621,0.0851,0.94,4.7754,0.5334,1.8752,35640625.7089,26961221.2539,3389563.121,172144222.174,130222698.6563
601398.SH,20230620,4.83,4.87,4.8,4.83,4.83,0.0,0.0,1754802.58,847809.825,0.0651,0.74,4.7754,0.5334,1.8752,35640625.7089,26961221.2539,3389563.121,172144222.174,130222698.6563
601398.SH,20230621,4.82,4.93,4.81,4.85,4.83,0.02,0.4141,2736087.67,1333802.3,0.1015,1.14,4.7952,0.5356,1.883,35640625.7089,26961221.2539,3389563.121,172857034.6882,130761923.0814
601398.SH,20230626,4.85,4.86,4.75,4.77,4.85,-0.08,-1.6495,2989837.96,1430494.631,0.1109,1.33,4.7161,0.5268,1.8519,35640625.7089,26961221.2539,3389563.121,170005784.6315,128605025.3811
601398.SH,20230627,4.77,4.82,4.73,4.81,4.77,0.04,0.8386,2129214.48,1020036.538,0.079,0.89,4.7556,0.5312,1.8675,35640625.7089,26961221.2539,3389563.121,171431409.6598,129683474.2313
601398.SH,20230628,4.8,4.84,4.78,4.82,4.81,0.01,0.2079,1914026.17,921642.614,0.071,0.8,4.7655,0.5323,1.8713,35640625.7089,26961221.2539,3389563.121,171787815.9169,129953086.4438
601398.SH,20230629,4.81,4.82,4.78,4.78,4.82,-0.04,-0.8299,1768647.0,848123.797,0.0656,0.77,4.7259,0.5279,1.8558,35640625.7089,26961221.2539,3389563.121,170362190.8885,128874637.5936
601398.SH,20230630,4.79,4.84,4.79,4.82,4.78,0.04,0.8368,1789393.86,861972.306,0.0664,0.78,4.7655,0.5323,1.8713,35640625.7089,26961221.2539,3389563.121,171787815.9169,129953086.4438
601398.SH,20230703,4.84,4.89,4.8,4.88,4.82,0.06,1.2448,2885172.37,1401397.653,0.107,1.36,4.8248,0.539,1.8946,35640625.7089,26961221.2539,3389563.121,173926253.4594,131570759.719
601398.SH,20230704,4.87,4.88,4.82,4.83,4.88,-0.05,-1.0246,2236081.29,1083994.704,0.0829,1.07,4.7754,0.5334,1.8752,35640625.7089,26961221.2539,3389563.121,172144222.174,130222698.6563
601398.SH,20230705,4.83,4.85,4.79,4.82,4.83,-0.01,-0.207,1650508.24,795131.316,0.0612,0.78,4.7655,0.5323,1.8713,35640625.7089,26961221.2539,3389563.121,171787815.9169,129953086.4438
601398.SH,20230706,4.8,4.83,4.76,4.77,4.82,-0.05,-1.0373,2402678.18,1150747.048,0.0891,1.16,4.7161,0.5268,1.8519,35640625.7089,26961221.2539,3389563.121,170005784.6315,128605025.3811
601398.SH,20230707,4.76,4.81,4.75,4.76,4.77,-0.01,-0.2096,2204643.4,1052383.642,0.0818,1.01,4.7062,0.5257,1.8481,35640625.7089,26961221.2539,3389563.121,169649378.3744,128335413.1686
601398.SH,20230710,4.77,4.79,4.75,4.77,4.76,0.01,0.2101,1259393.4,600869.277,0.0467,0.55,4.7161,0.5268,1.8519,35640625.7089,26961221.2539,3389563.121,170005784.6315,128605025.3811
601398.SH,20230711,4.79,4.84,4.78,4.83,4.77,0.06,1.2579,1810361.38,872812.383,0.0671,0.93,4.7754,0.5334,1.8752,35640625.7089,26961221.2539,3389563.121,172144222.174,130222698.6563
601398.SH,20230712,4.83,4.86,4.8,4.81,4.83,-0.02,-0.4141,1862673.15,899237.41,0.0691,1.0,4.7556,0.5312,1.8675,35640625.7089,26961221.2539,3389563.121,171431409.6598,129683474.2313
601398.SH,20230713,4.82,4.89,4.82,4.87,4.81,0.06,1.2474,2581133.39,1252501.956,0.0957,1.35,4.8149,0.5379,1.8908,35640625.7089,26961221.2539,3389563.121,173569847.2023,131301147.5065
601398.SH,20230714,4.88,4.9,4.84,4.87,4.87,0.0,0.0,3056799.51,1490328.854,0.1134,1.57,4.8149,0.5379,1.8908,35640625.7089,26961221.2539,3389563.121,173569847.2023,131301147.5065
601398.SH,20230717,4.6,4.61,4.55,4.57,4.57,0.0,0.0,2872925.76,1313140.48,0.1066,1.36,4.5183,0.5222,1.7743,35640625.7089,26961221.2539,3389563.121,162877659.4897,123212781.1303
601398.SH,20230718,4.57,4.58,4.52,4.54,4.57,-0.03,-0.6565,2104102.78,955282.786,0.078,0.86,4.4887,0.5188,1.7626,35640625.7089,26961221.2539,3389563.121,161808440.7184,122403944.4927
601398.SH,20230719,4.53,4.57,4.52,4.56,4.54,0.02,0.4405,1451546.82,659323.287,0.0538,0.58,4.5084,0.5211,1.7704,35640625.7089,26961221.2539,3389563.121,162521253.2326,122943168.9178
601398.SH,20230720,4.57,4.6,4.56,4.58,4.56,0.02,0.4386,1444105.38,661920.422,0.0536,0.6,4.5282,0.5234,1.7782,35640625.7089,26961221.2539,3389563.121,163234065.7468,123482393.3429
601398.SH,20230721,4.57,4.59,4.56,4.58,4.58,0.0,0.0,1303226.32,596118.856,0.0483,0.6,4.5282,0.5234,1.7782,35640625.7089,26961221.2539,3389563.121,163234065.7468,123482393.3429
601398.SH,20230724,4.57,4.59,4.54,4.57,4.58,-0.01,-0.2183,1158905.83,528908.86,0.043,0.63,4.5183,0.5222,1.7743,35640625.7089,26961221.2539,3389563.121,162877659.4897,123212781.1303
601398.SH,20230725,4.59,4.63,4.58,4.62,4.57,0.05,1.0941,1924507.6,887398.435,0.0714,1.29,4.5678,0.5279,1.7937,35640625.7089,26961221.2539,3389563.121,164659690.7751,124560842.193
601398.SH,20230726,4.62,4.64,4.6,4.63,4.62,0.01,0.2165,1154337.68,533491.432,0.0428,0.79,4.5776,0.5291,1.7976,35640625.7089,26961221.2539,3389563.121,165016097.0322,124830454.4056
601398.SH,20230727,4.63,4.75,4.63,4.7,4.63,0.07,1.5119,2404240.94,1130511.654,0.0892,1.72,4.6468,0.5371,1.8248,35640625.7089,26961221.2539,3389563.121,167510940.8318,126717739.8933
601398.SH,20230728,4.68,4.8,4.67,4.79,4.7,0.09,1.9149,2585045.18,1229649.771,0.0959,1.63,4.7358,0.5474,1.8597,35640625.7089,26961221.2539,3389563.121,170718597.1456,129144249.8062
601398.SH,20230731,4.8,4.86,4.74,4.77,4.79,-0.02,-0.4175,2822097.05,1351064.41,0.1047,1.53,4.7161,0.5451,1.8519,35640625.7089,26961221.2539,3389563.121,170005784.6315,128605025.3811
601398.SH,20230801,4.77,4.8,4.75,4.78,4.77,0.01,0.2096,1849948.17,883177.021,0.0686,0.85,4.7259,0.5462,1.8558,35640625.7089,26961221.2539,3389563.121,170362190.8885,128874637.5936
601398.SH,20230802,4.75,4.76,4.65,4.67,4.78,-0.11,-2.3013,3016435.61,1414477.098,0.1119,1.39,4.6172,0.5337,1.8131,35640625.7089,26961221.2539,3389563.121,166441722.0606,125908903.2557
601398.SH,20230803,4.67,4.74,4.64,4.72,4.67,0.05,1.0707,2110533.35,991496.643,0.0783,0.83,4.6666,0.5394,1.8325,35640625.7089,26961221.2539,3389563.121,168223753.346,127256964.3184
601398.SH,20230804,4.74,4.78,4.7,4.74,4.72,0.02,0.4237,2359550.82,1118833.388,0.0875,0.95,4.6864,0.5417,1.8403,35640625.7089,26961221.2539,3389563.121,168936565.8602,127796188.7435
601398.SH,20230807,4.73,4.73,4.67,4.71,4.74,-0.03,-0.6329,1899890.34,892038.939,0.0705,0.78,4.6567,0.5382,1.8286,35640625.7089,26961221.2539,3389563.121,167867347.0889,126987352.1059
601398.SH,20230808,4.7,4.71,4.67,4.68,4.71,-0.03,-0.6369,1292974.86,605700.032,0.048,0.58,4.6271,0.5348,1.817,35640625.7089,26961221.2539,3389563.121,166798128.3177,126178515.4683
601398.SH,20230809,4.67,4.71,4.67,4.71,4.68,0.03,0.641,1275891.57,599028.493,0.0473,0.6,4.6567,0.5382,1.8286,35640625.7089,26961221.2539,3389563.121,167867347.0889,126987352.1059
601398.SH,20230810,4.7,4.71,4.67,4.69,4.71,-0.02,-0.4246,1251263.26,586262.307,0.0464,0.7,4.637,0.5359,1.8209,35640625.7089,26961221.2539,3389563.121,167154534.5747,126448127.6808
601398.SH,20230811,4.69,4.69,4.61,4.61,4.69,-0.08,-1.7058,2065553.65,958427.435,0.0766,1.28,4.5579,0.5268,1.7898,35640625.7089,26961221.2539,3389563.121,164303284.518,124291229.9805
601398.SH,20230814,4.59,4.59,4.54,4.56,4.61,-0.05,-1.0846,2062904.37,940677.037,0.0765,1.32,4.5084,0.5211,1.7704,35640625.7089,26961221.2539,3389563.121,162521253.2326,122943168.9178
601398.SH,20230815,4.57,4.66,4.56,4.64,4.56,0.08,1.7544,1901957.41,876696.048,0.0705,1.2,4.5875,0.5302,1.8015,35640625.7089,26961221.2539,3389563.121,165372503.2893,125100066.6181
601398.SH,20230816,4.62,4.65,4.6,4.64,4.64,0.0,0.0,1319587.2,610777.724,0.0489,0.77,4.5875,0.5302,1.8015,35640625.7089,26961221.2539,3389563.121,165372503.2893,125100066.6181
601398.SH,20230817,4.63,4.63,4.57,4.6,4.64,-0.04,-0.8621,1777380.13,816332.097,0.0659,1.03,4.548,0.5257,1.7859,35640625.7089,26961221.2539,3389563.121,163946878.2609,124021617.7679
601398.SH,20230818,4.59,4.67,4.58,4.61,4.6,0.01,0.2174,2106844.2,975878.347,0.0781,1.15,4.5579,0.5268,1.7898,35640625.7089,26961221.2539,3389563.121,164303284.518,124291229.9805
601398.SH,20230821,4.61,4.63,4.56,4.56,4.61,-0.05,-1.0846,2008059.66,919967.016,0.0745,1.1,4.5084,0.5211,1.7704,35640625.7089,26961221.2539,3389563.121,162521253.2326,122943168.9178
601398.SH,20230822,4.57,4.64,4.55,4.62,4.56,0.06,1.3158,2591200.96,1189461.33,0.0961,1.42,4.5678,0.5279,1.7937,35640625.7089,26961221.2539,3389563.121,164659690.7751,124560842.193
601398.SH,20230823,4.61,4.68,4.59,4.64,4.62,0.02,0.4329,2519848.55,1170788.998,0.0935,1.29,4.5875,0.5302,1.8015,35640625.7089,26961221.2539,3389563.121,165372503.2893,125100066.6181
601398.SH,20230824,4.65,4.66,4.59,4.59,4.64,-0.05,-1.0776,2117788.09,976867.24,0.0785,0.96,4.5381,0.5245,1.7821,35640625.7089,26961221.2539,3389563.121,163590472.0039,123752005.5554
601398.SH,20230825,4.58,4.68,4.58,4.66,4.59,0.07,1.5251,2670931.85,1238221.615,0.0991,1.18,4.6073,0.5325,1.8092,35640625.7089,26961221.2539,3389563.121,166085315.8035,125639291.0432
601398.SH,20230828,4.8,4.8,4.68,4.73,4.66,0.07,1.5021,4335473.77,2047848.273,0.1608,1.82,4.6765,0.5405,1.8364,35640625.7089,26961221.2539,3389563.121,168580159.6031,127526576.5309
601398.SH,20230829,4.71,4.72,4.61,4.63,4.73,-0.1,-2.1142,3805806.67,1766953.944,0.1412,1.34,4.5776,0.5291,1.7976,35640625.7089,26961221.2539,3389563.121,165016097.0322,124830454.4056
601398.SH,20230830,4.63,4.63,4.57,4.59,4.63,-0.04,-0.8639,3254210.81,1492263.143,0.1207,1.05,4.5381,0.5245,1.7821,35640625.7089,26961221.2539,3389563.121,163590472.0039,123752005.5554
601398.SH,20230831,4.58,4.64,4.56,4.62,4.59,0.03,0.6536,2894279.34,1328761.084,0.1073,0.89,4.5678,0.5111,1.7937,35640625.7089,26961221.2539,3389563.121,164659690.7751,124560842.193
601398.SH,20230901,4.59,4.61,4.55,4.57,4.62,-0.05,-1.0823,2968283.99,1357727.426,0.1101,0.88,4.5183,0.5056,1.7743,35640625.7089,26961221.2539,3389563.121,162877659.4897,123212781.1303
601398.SH,20230904,4.58,4.61,4.56,4.6,4.57,0.03,0.6565,2511760.29,1153387.625,0.0932,0.73,4.548,0.5089,1.7859,35640625.7089,26961221.2539,3389563.121,163946878.2609,124021617.7679
601398.SH,20230905,4.59,4.6,4.58,4.59,4.6,-0.01,-0.2174,1665329.13,764627.604,0.0618,0.54,4.5381,0.5078,1.7821,35640625.7089,26961221.2539,3389563.121,163590472.0039,123752005.5554
601398.SH,20230906,4.58,4.62,4.58,4.61,4.59,0.02,0.4357,1565622.16,721190.246,0.0581,0.59,4.5579,0.51,1.7898,35640625.7089,26961221.2539,3389563.121,164303284.518,124291229.9805
601398.SH,20230907,4.61,4.64,4.6,4.62,4.61,0.01,0.2169,2110284.8,975710.53,0.0783,0.91,4.5678,0.5111,1.7937,35640625.7089,26961221.2539,3389563.121,164659690.7751,124560842.193
601398.SH,20230908,4.62,4.62,4.58,4.59,4.62,-0.03,-0.6494,1228218.74,563775.965,0.0456,0.57,4.5381,0.5078,1.7821,35640625.7089,26961221.2539,3389563.121,163590472.0039,123752005.5554
601398.SH,20230911,4.59,4.61,4.58,4.59,4.59,0.0,0.0,1734103.68,796563.541,0.0643,0.95,4.5381,0.5078,1.7821,35640625.7089,26961221.2539,3389563.121,163590472.0039,123752005.5554
601398.SH,20230912,4.59,4.6,4.58,4.6,4.59,0.01,0.2179,1260714.89,578873.994,0.0468,0.76,4.548,0.5089,1.7859,35640625.7089,26961221.2539,3389563.121,163946878.2609,124021617.7679
601398.SH,20230913,4.6,4.63,4.59,4.62,4.6,0.02,0.4348,2062878.57,951230.236,0.0765,1.31,4.5678,0.5111,1.7937,35640625.7089,26961221.2539,3389563.121,164659690.7751,124560842.193
601398.SH,20230914,4.63,4.68,4.62,4.68,4.62,0.06,1.2987,3511706.7,1638629.281,0.1303,2.09,4.6271,0.5177,1.817,35640625.7089,26961221.2539,3389563.121,166798128.3177,126178515.4683
601398.SH,20230915,4.68,4.7,4.63,4.63,4.68,-0.05,-1.0684,2397323.57,1116627.267,0.0889,1.22,4.5776,0.5122,1.7976,35640625.7089,26961221.2539,3389563.121,165016097.0322,124830454.4056
601398.SH,20230918,4.64,4.65,4.61,4.64,4.63,0.01,0.216,1661257.86,768769.281,0.0616,0.76,4.5875,0.5133,1.8015,35640625.7089,26961221.2539,3389563.121,165372503.2893,125100066.6181
601398.SH,20230919,4.64,4.68,4.63,4.68,4.64,0.04,0.8621,2066133.2,963619.723,0.0766,0.95,4.6271,0.5177,1.817,35640625.7089,26961221.2539,3389563.121,166798128.3177,126178515.4683
601398.SH,20230920,4.67,4.71,4.66,4.69,4.68,0.01,0.2137,2844159.41,1334624.084,0.1055,1.22,4.637,0.5188,1.8209,35640625.7089,26961221.2539,3389563.121,167154534.5747,126448127.6808
601398.SH,20230921,4.69,4.74,4.68,4.69,4.69,0.0,0.0,2981619.43,1401644.984,0.1106,1.19,4.637,0.5188,1.8209,35640625.7089,26961221.2539,3389563.121,167154534.5747,126448127.6808
601398.SH,20230922,4.69,4.74,4.67,4.74,4.69,0.05,1.0661,3099886.4,1460209.787,0.115,1.3,4.6864,0.5244,1.8403,35640625.7089,26961221.2539,3389563.121,168936565.8602,127796188.7435
601398.SH,20230925,4.74,4.76,4.72,4.73,4.74,-0.01,-0.211,2372227.11,1124713.307,0.088,0.94,4.6765,0.5233,1.8364,35640625.7089,26961221.2539,3389563.121,168580159.6031,127526576.5309
601398.SH,20230926,4.74,4.75,4.68,4.7,4.73,-0.03,-0.6342,2148475.45,1011746.717,0.0797,0.8,4.6468,0.52,1.8248,35640625.7089,26961221.2539,3389563.121,167510940.8318,126717739.8933
601398.SH,20230927,4.7,4.71,4.65,4.65,4.7,-0.05,-1.0638,2258028.62,1054101.377,0.0838,0.84,4.5974,0.5144,1.8053,35640625.7089,26961221.2539,3389563.121,165728909.5464,125369678.8306
601398.SH,20230928,4.67,4.7,4.66,4.68,4.65,0.03,0.6452,1569716.96,734762.892,0.0582,0.61,4.6271,0.5177,1.817,35640625.7089,26961221.2539,3389563.121,166798128.3177,126178515.4683
601398.SH,20231009,4.65,4.7,4.63,4.67,4.68,-0.01,-0.2137,2148065.59,1002756.576,0.0797,0.94,4.6172,0.5166,1.8131,35640625.7089,26961221.2539,3389563.121,166441722.0606,125908903.2557
601398.SH,20231010,4.69,4.72,4.67,4.68,4.67,0.01,0.2141,1860356.24,873180.32,0.069,0.89,4.6271,0.5177,1.817,35640625.7089,26961221.2539,3389563.121,166798128.3177,126178515.4683
601398.SH,20231011,4.69,4.73,4.69,4.72,4.68,0.04,0.8547,2692050.11,1269006.831,0.0998,1.35,4.6666,0.5222,1.8325,35640625.7089,26961221.2539,3389563.121,168223753.346,127256964.3184
601398.SH,20231012,4.8,4.85,4.78,4.84,4.72,0.12,2.5424,5677657.57,2734640.605,0.2106,2.7,4.7853,0.5354,1.8791,35640625.7089,26961221.2539,3386801.9221,172500628.4311,130492310.8689
601398.SH,20231013,4.81,4.94,4.8,4.89,4.84,0.05,1.0331,4282273.31,2094706.164,0.1588,1.54,4.8347,0.541,1.8985,35640625.7089,26961221.2539,3386801.9221,174282659.7165,131840371.9316
601398.SH,20231016,4.88,4.94,4.85,4.92,4.89,0.03,0.6135,2823494.73,1381506.632,0.1047,0.85,4.8644,0.5443,1.9102,35640625.7089,26961221.2539,3386801.9221,175351878.4878,132649208.5692
601398.SH,20231017,4.91,4.93,4.89,4.92,4.92,0.0,0.0,1900438.65,932409.041,0.0705,0.55,4.8644,0.5443,1.9102,35640625.7089,26961221.2539,3386801.9221,175351878.4878,132649208.5692
601398.SH,20231018,4.91,4.98,4.9,4.93,4.92,0.01,0.2033,2757790.4,1360530.618,0.1023,0.79,4.8742,0.5454,1.9141,35640625.7089,26961221.2539,3386801.9221,175708284.7449,132918820.7817
601398.SH,20231019,4.91,4.92,4.81,4.83,4.93,-0.1,-2.0284,3631633.94,1759426.129,0.1347,1.04,4.7754,0.5343,1.8752,35640625.7089,26961221.2539,3386801.9221,172144222.174,130222698.6563
601398.SH,20231020,4.8,4.84,4.76,4.79,4.83,-0.04,-0.8282,2747824.94,1317398.881,0.1019,0.89,4.7358,0.5299,1.8597,35640625.7089,26961221.2539,3386801.9221,170718597.1456,129144249.8062
601398.SH,20231023,4.78,4.85,4.77,4.82,4.79,0.03,0.6263,2687135.43,1295265.514,0.0997,0.97,4.7655,0.5332,1.8713,35640625.7089,26961221.2539,3386801.9221,171787815.9169,129953086.4438
601398.SH,20231024,4.82,4.83,4.73,4.76,4.82,-0.06,-1.2448,3355482.67,1596617.824,0.1245,1.22,4.7062,0.5266,1.8481,35640625.7089,26961221.2539,3386801.9221,169649378.3744,128335413.1686
601398.SH,20231025,4.77,4.79,4.71,4.71,4.76,-0.05,-1.0504,3489260.2,1648499.684,0.1294,1.15,4.6567,0.5211,1.8286,35640625.7089,26961221.2539,3386801.9221,167867347.0889,126987352.1059
601398.SH,20231026,4.71,4.8,4.71,4.79,4.71,0.08,1.6985,3065313.2,1460187.893,0.1137,0.96,4.7358,0.5299,1.8597,35640625.7089,26961221.2539,3386801.9221,170718597.1456,129144249.8062
601398.SH,20231027,4.8,4.83,4.75,4.77,4.79,-0.02,-0.4175,2929633.33,1401153.452,0.1087,0.95,4.7161,0.5277,1.8519,35640625.7089,26961221.2539,3386801.9221,170005784.6315,128605025.3811
601398.SH,20231030,4.75,4.76,4.66,4.69,4.77,-0.08,-1.6771,4686115.43,2199149.845,0.1738,1.51,4.637,0.5063,1.8209,35640625.7089,26961221.2539,3386801.9221,167154534.5747,126448127.6808
601398.SH,20231031,4.69,4.74,4.67,4.73,4.69,0.04,0.8529,2411116.06,1136787.73,0.0894,0.69,4.6765,0.5106,1.8364,35640625.7089,26961221.2539,3386801.9221,168580159.6031,127526576.5309
601398.SH,20231101,4.74,4.78,4.7,4.77,4.73,0.04,0.8457,2166782.45,1029343.589,0.0804,0.65,4.7161,0.5149,1.8519,35640625.7089,26961221.2539,3386801.9221,170005784.6315,128605025.3811
601398.SH,20231102,4.78,4.82,4.77,4.78,4.77,0.01,0.2096,2132217.16,1023208.913,0.0791,0.7,4.7259,0.516,1.8558,35640625.7089,26961221.2539,3386801.9221,170362190.8885,128874637.5936
601398.SH,20231103,4.78,4.79,4.73,4.74,4.78,-0.04,-0.8368,1995544.43,948809.75,0.074,0.7,4.6864,0.5117,1.8403,35640625.7089,26961221.2539,3386801.9221,168936565.8602,127796188.7435
601398.SH,20231106,4.74,4.76,4.7,4.71,4.74,-0.03,-0.6329,3155535.62,1487054.517,0.117,1.18,4.6567,0.5084,1.8286,35640625.7089,26961221.2539,3386801.9221,167867347.0889,126987352.1059
601398.SH,20231107,4.71,4.75,4.69,4.72,4.71,0.01,0.2123,1762681.14,831535.432,0.0654,0.74,4.6666,0.5095,1.8325,35640625.7089,26961221.2539,3386801.9221,168223753.346,127256964.3184
601398.SH,20231108,4.71,4.74,4.69,4.71,4.72,-0.01,-0.2119,2307978.03,1088088.168,0.0856,1.03,4.6567,0.5084,1.8286,35640625.7089,26961221.2539,3386801.9221,167867347.0889,126987352.1059
601398.SH,20231109,4.7,4.79,4.7,4.78,4.71,0.07,1.4862,2774644.05,1319361.414,0.1029,1.22,4.7259,0.516,1.8558,35640625.7089,26961221.2539,3386801.9221,170362190.8885,128874637.5936
601398.SH,20231110,4.77,4.82,4.74,4.78,4.78,0.0,0.0,2157019.07,1030812.616,0.08,0.9,4.7259,0.516,1.8558,35640625.7089,26961221.2539,3386801.9221,170362190.8885,128874637.5936
601398.SH,20231113,4.78,4.78,4.72,4.76,4.78,-0.02,-0.4184,1784472.23,845699.968,0.0662,0.73,4.7062,0.5138,1.8481,35640625.7089,26961221.2539,3386801.9221,169649378.3744,128335413.1686
601398.SH,20231114,4.75,4.79,4.73,4.79,4.76,0.03,0.6303,2065392.73,983406.086,0.0766,0.96,4.7358,0.5171,1.8597,35640625.7089,26961221.2539,3386801.9221,170718597.1456,129144249.8062
601398.SH,20231115,4.78,4.8,4.77,4.79,4.79,0.0,0.0,1510144.82,722371.077,0.056,0.68,4.7358,0.5171,1.8597,35640625.7089,26961221.2539,3386801.9221,170718597.1456,129144249.8062
601398.SH,20231116,4.78,4.82,4.77,4.8,4.79,0.01,0.2088,1783049.21,856430.948,0.0661,0.87,4.7457,0.5181,1.8636,35640625.7089,26961221.2539,3386801.9221,171075003.4027,129413862.0187
601398.SH,20231117,4.8,4.81,4.76,4.78,4.8,-0.02,-0.4167,1733745.18,828856.95,0.0643,0.93,4.7259,0.516,1.8558,35640625.7089,26961221.2539,3386801.9221,170362190.8885,128874637.5936
601398.SH,20231120,4.78,4.82,4.77,4.81,4.78,0.03,0.6276,1737244.26,833340.524,0.0644,0.98,4.7556,0.5192,1.8675,35640625.7089,26961221.2539,3386801.9221,171431409.6598,129683474.2313
601398.SH,20231121,4.81,4.84,4.8,4.81,4.81,0.0,0.0,1855786.21,893722.004,0.0688,1.05,4.7556,0.5192,1.8675,35640625.7089,26961221.2539,3386801.9221,171431409.6598,129683474.2313
601398.SH,20231122,4.8,4.83,4.79,4.8,4.81,-0.01,-0.2079,1426232.61,685928.359,0.0529,0.83,4.7457,0.5181,1.8636,35640625.7089,26961221.2539,3386801.9221,171075003.4027,129413862.0187
601398.SH,20231123,4.81,4.81,4.77,4.8,4.8,0.0,0.0,1713015.15,820169.689,0.0635,1.0,4.7457,0.5181,1.8636,35640625.7089,26961221.2539,3386801.9221,171075003.4027,129413862.0187
601398.SH,20231124,4.8,4.82,4.79,4.8,4.8,0.0,0.0,1862324.46,895099.924,0.0691,1.1,4.7457,0.5181,1.8636,35640625.7089,26961221.2539,3386801.9221,171075003.4027,129413862.0187
601398.SH,20231127,4.79,4.8,4.75,4.78,4.8,-0.02,-0.4167,2183710.03,1041992.127,0.081,1.27,4.7259,0.516,1.8558,35640625.7089,26961221.2539,3386801.9221,170362190.8885,128874637.5936
601398.SH,20231128,4.78,4.8,4.77,4.79,4.78,0.01,0.2092,1333511.04,638025.597,0.0495,0.74,4.7358,0.5171,1.8597,35640625.7089,26961221.2539,3386801.9221,170718597.1456,129144249.8062
601398.SH,20231129,4.78,4.79,4.76,4.77,4.79,-0.02,-0.4175,1608007.36,767506.443,0.0596,0.94,4.7161,0.5149,1.8519,35640625.7089,26961221.2539,3386801.9221,170005784.6315,128605025.3811
601398.SH,20231130,4.77,4.81,4.76,4.81,4.77,0.04,0.8386,2146402.58,1027384.355,0.0796,1.23,4.7556,0.5192,1.8675,35640625.7089,26961221.2539,3386801.9221,171431409.6598,129683474.2313
601398.SH,20231201,4.8,4.83,4.79,4.81,4.81,0.0,0.0,2500466.51,1202312.573,0.0927,1.37,4.7556,0.5192,1.8675,35640625.7089,26961221.2539,3386801.9221,171431409.6598,129683474.2313
601398.SH,20231204,4.81,4.83,4.8,4.8,4.81,-0.01,-0.2079,1531861.34,736651.082,0.0568,0.78,4.7457,0.5181,1.8636,35640625.7089,26961221.2539,3386801.9221,171075003.4027,129413862.0187
601398.SH,20231205,4.8,4.81,4.76,4.76,4.8,-0.04,-0.8333,1981988.79,948472.231,0.0735,1.09,4.7062,0.5138,1.8481,35640625.7089,26961221.2539,3386801.9221,169649378.3744,128335413.1686
601398.SH,20231206,4.76,4.76,4.7,4.7,4.76,-0.06,-1.2605,2952964.99,1394679.54,0.1095,1.51,4.6468,0.5073,1.8248,35640625.7089,26961221.2539,3386801.9221,167510940.8318,126717739.8933
601398.SH,20231207,4.7,4.75,4.68,4.73,4.7,0.03,0.6383,2347758.11,1108498.604,0.0871,1.06,4.6765,0.5106,1.8364,35640625.7089,26961221.2539,3386801.9221,168580159.6031,127526576.5309
601398.SH,20231208,4.74,4.77,4.72,4.73,4.73,0.0,0.0,1983784.01,940179.674,0.0736,0.88,4.6765,0.5106,1.8364,35640625.7089,26961221.2539,3386801.9221,168580159.6031,127526576.5309
601398.SH,20231211,4.72,4.75,4.65,4.73,4.73,0.0,0.0,2796161.94,1313136.708,0.1037,1.29,4.6765,0.5106,1.8364,35640625.7089,26961221.2539,3386801.9221,168580159.6031,127526576.5309
601398.SH,20231212,4.72,4.8,4.7,4.79,4.73,0.06,1.2685,2769037.14,1320664.344,0.1027,1.15,4.7358,0.5171,1.8597,35640625.7089,26961221.2539,3386801.9221,170718597.1456,129144249.8062
601398.SH,20231213,4.79,4.81,4.77,4.79,4.79,0.0,0.0,2490304.27,1194973.334,0.0924,0.97,4.7358,0.5171,1.8597,35640625.7089,26961221.2539,3386801.9221,170718597.1456,129144249.8062
601398.SH,20231214,4.79,4.81,4.76,4.77,4.79,-0.02,-0.4175,1521738.1,727096.831,0.0564,0.61,4.7161,0.5149,1.8519,35640625.7089,26961221.2539,3386801.9221,170005784.6315,128605025.3811
601398.SH,20231215,4.77,4.79,4.73,4.73,4.77,-0.04,-0.8386,1953904.87,929151.542,0.0725,0.85,4.6765,0.5106,1.8364,35640625.7089,26961221.2539,3386801.9221,168580159.6031,127526576.5309
601398.SH,20231218,4.73,4.8,4.71,4.77,4.73,0.04,0.8457,2380762.15,1134338.057,0.0883,1.03,4.7161,0.5149,1.8519,35640625.7089,26961221.2539,3386801.9221,170005784.6315,128605025.3811
601398.SH,20231219,4.77,4.8,4.76,4.79,4.77,0.02,0.4193,1753940.13,840048.362,0.0651,0.79,4.7358,0.5171,1.8597,35640625.7089,26961221.2539,3386801.9221,170718597.1456,129144249.8062
601398.SH,20231220,4.8,4.83,4.77,4.79,4.79,0.0,0.0,2219819.82,1066878.03,0.0823,1.1,4.7358,0.5171,1.8597,35640625.7089,26961221.2539,3386801.9221,170718597.1456,129144249.8062
601398.SH,20231221,4.78,4.8,4.73,4.79,4.79,0.0,0.0,2465344.66,1174701.829,0.0914,1.25,4.7358,0.5171,1.8597,35640625.7089,26961221.2539,3386801.9221,170718597.1456,129144249.8062
601398.SH,20231222,4.79,4.8,4.76,4.78,4.79,-0.01,-0.2088,2218555.54,1060976.699,0.0823,1.03,4.7259,0.516,1.8558,35640625.7089,26961221.2539,3386801.9221,170362190.8885,128874637.5936
601398.SH,20231225,4.77,4.81,4.77,4.8,4.78,0.02,0.4184,1094809.35,524989.286,0.0406,0.5,4.7457,0.5181,1.8636,35640625.7089,26961221.2539,3386801.9221,171075003.4027,129413862.0187
601398.SH,20231226,4.8,4.82,4.79,4.82,4.8,0.02,0.4167,1487371.76,715555.035,0.0552,0.76,4.7655,0.5203,1.8713,35640625.7089,26961221.2539,3386801.9221,171787815.9169,129953086.4438
601398.SH,20231227,4.82,4.84,4.78,4.83,4.82,0.01,0.2075,1843188.2,886215.652,0.0684,0.97,4.7754,0.5214,1.8752,35640625.7089,26961221.2539,3386801.9221,172144222.174,130222698.6563
601398.SH,20231228,4.83,4.85,4.77,4.77,4.83,-0.06,-1.2422,3465162.02,1664753.044,0.1285,1.9,4.7161,0.5149,1.8519,35640625.7089,26961221.2539,3386801.9221,170005784.6315,128605025.3811
601398.SH,20231229,4.78,4.8,4.77,4.78,4.77,0.01,0.2096,1800477.63,861564.197,0.0668,0.89,4.7259,0.516,1.8558,35640625.7089,26961221.2539,3386801.9221,170362190.8885,128874637.5936
601398.SH,20240102,4.78,4.83,4.77,4.79,4.78,0.01,0.2092,2071811.11,995101.442,0.0768,1.07,4.7358,0.5171,1.8597,35640625.7089,26961221.2539,3386801.9221,170718597.1456,129144249.8062
601398.SH,20240103,4.79,4.85,4.78,4.84,4.79,0.05,1.0438,2488954.27,1201719.346,0.0923,1.17,4.7853,0.5225,1.8791,35640625.7089,26961221.2539,3386801.9221,172500628.4311,130492310.8689
601398.SH,20240104,4.84,4.9,4.83,4.89,4.84,0.05,1.0331,2865675.59,1396443.521,0.1063,1.23,4.8347,0.5279,1.8985,35640625.7089,26961221.2539,3386801.9221,174282659.7165,131840371.9316
601398.SH,20240105,4.89,4.94,4.86,4.87,4.89,-0.02,-0.409,2860747.2,1403610.998,0.1061,1.13,4.8149,0.5257,1.8908,35640625.7089,26961221.2539,3386801.9221,173569847.2023,131301147.5065
601398.SH,20240108,4.87,4.91,4.85,4.88,4.87,0.01,0.2053,3252257.28,1588242.673,0.1206,1.35,4.8248,0.5268,1.8946,35640625.7089,26961221.2539,3386801.9221,173926253.4594,131570759.719
601398.SH,20240109,4.88,4.89,4.83,4.88,4.88,0.0,0.0,2257344.56,1097994.737,0.0837,0.83,4.8248,0.5268,1.8946,35640625.7089,26961221.2539,3386801.9221,173926253.4594,131570759.719
601398.SH,20240110,4.87,4.91,4.83,4.85,4.88,-0.03,-0.6148,2342434.92,1138531.555,0.0869,0.85,4.7952,0.5235,1.883,35640625.7089,26961221.2539,3386801.9221,172857034.6882,130761923.0814
601398.SH,20240111,4.84,4.85,4.77,4.78,4.85,-0.07,-1.4433,3306668.51,1587950.047,0.1226,1.22,4.7259,0.516,1.8558,35640625.7089,26961221.2539,3386801.9221,170362190.8885,128874637.5936
601398.SH,20240112,4.77,4.83,4.76,4.81,4.78,0.03,0.6276,2300664.93,1105695.049,0.0853,0.82,4.7556,0.5192,1.8675,35640625.7089,26961221.2539,3386801.9221,171431409.6598,129683474.2313
601398.SH,20240115,4.8,4.86,4.79,4.86,4.81,0.05,1.0395,1810482.9,874409.887,0.0672,0.67,4.805,0.5246,1.8869,35640625.7089,26961221.2539,3386801.9221,173213440.9453,131031535.294
601398.SH,20240116,4.84,4.9,4.84,4.89,4.86,0.03,0.6173,2480399.13,1207827.031,0.092,1.03,4.8347,0.5279,1.8985,35640625.7089,26961221.2539,3386801.9221,174282659.7165,131840371.9316
601398.SH,20240117,4.88,4.9,4.84,4.84,4.89,-0.05,-1.0225,2766317.05,1349034.066,0.1026,1.13,4.7853,0.5225,1.8791,35640625.7089,26961221.2539,3386801.9221,172500628.4311,130492310.8689
601398.SH,20240118,4.83,4.88,4.72,4.85,4.84,0.01,0.2066,5232772.95,2503424.284,0.1941,2.07,4.7952,0.5235,1.883,35640625.7089,26961221.2539,3386801.9221,172857034.6882,130761923.0814
601398.SH,20240119,4.83,4.89,4.79,4.89,4.85,0.04,0.8247,3867215.35,1875529.373,0.1434,1.33,4.8347,0.5279,1.8985,35640625.7089,26961221.2539,3386801.9221,174282659.7165,131840371.9316
601398.SH,20240122,4.87,4.94,4.86,4.89,4.89,0.0,0.0,4420635.13,2173336.066,0.164,1.37,4.8347,0.5279,1.8985,35640625.7089,26961221.2539,3386801.9221,174282659.7165,131840371.9316
601398.SH,20240123,4.89,4.92,4.84,4.89,4.89,0.0,0.0,3107488.1,1515560.674,0.1153,0.83,4.8347,0.5279,1.8985,35640625.7089,26961221.2539,3386801.9221,174282659.7165,131840371.9316
601398.SH,20240124,4.9,4.98,4.88,4.97,4.89,0.08,1.636,3348474.64,1650534.905,0.1242,0.86,4.9138,0.5365,1.9296,35640625.7089,26961221.2539,3386801.9221,177133909.7732,133997269.6319
601398.SH,20240125,4.98,5.05,4.97,5.01,4.97,0.04,0.8048,3437583.76,1721285.077,0.1275,0.86,4.9533,0.5408,1.9451,35640625.7089,26961221.2539,3386801.9221,178559534.8016,135075718.482
601398.SH,20240126,5.01,5.11,4.99,5.09,5.01,0.08,1.5968,3899367.54,1970826.387,0.1446,1.07,5.0324,0.5494,1.9762,35640625.7089,26961221.2539,3386801.9221,181410784.8583,137232616.1824
601398.SH,20240129,5.08,5.2,5.08,5.16,5.09,0.07,1.3752,3844041.39,1981081.369,0.1426,1.06,5.1016,0.557,2.0034,35640625.7089,26961221.2539,3386801.9221,183905628.6579,139119901.6701
601398.SH,20240130,5.14,5.18,5.09,5.13,5.16,-0.03,-0.5814,2914816.62,1498554.326,0.1081,0.83,5.072,0.5538,1.9917,35640625.7089,26961221.2539,3386801.9221,182836409.8867,138311065.0325
601398.SH,20240131,5.12,5.19,5.1,5.17,5.13,0.04,0.7797,2963858.63,1525456.799,0.1099,0.85,5.1115,0.5581,2.0072,35640625.7089,26961221.2539,3386801.9221,184262034.915,139389513.8827
601398.SH,20240201,5.15,5.2,5.13,5.14,5.17,-0.03,-0.5803,2993715.09,1544401.622,0.111,0.88,5.0819,0.5548,1.9956,35640625.7089,26961221.2539,3386801.9221,183192816.1437,138580677.245
601398.SH,20240202,5.14,5.2,5.09,5.17,5.14,0.03,0.5837,4075978.19,2103998.356,0.1512,1.23,5.1115,0.5581,2.0072,35640625.7089,26961221.2539,3386801.9221,184262034.915,139389513.8827
601398.SH,20240205,5.17,5.3,5.16,5.29,5.17,0.12,2.3211,6159388.32,3242203.982,0.2285,1.83,5.2302,0.571,2.0538,35640625.7089,26961221.2539,3386801.9221,188538910.0001,142624860.4331
601398.SH,20240206,5.29,5.38,5.27,5.32,5.29,0.03,0.5671,5649136.91,3006603.608,0.2095,1.48,5.2598,0.5743,2.0655,35640625.7089,26961221.2539,3386801.9221,189608128.7713,143433697.0707
601398.SH,20240207,5.31,5.31,5.08,5.23,5.32,-0.09,-1.6917,7753354.96,4010563.947,0.2876,1.77,5.1709,0.5646,2.0305,35640625.7089,26961221.2539,3386801.9221,186400472.4575,141007187.1579
601398.SH,20240208,5.16,5.17,5.09,5.16,5.23,-0.07,-1.3384,4653693.43,2383629.316,0.1726,0.87,5.1016,0.557,2.0034,35640625.7089,26961221.2539,3386801.9221,183905628.6579,139119901.6701
601398.SH,20240219,5.16,5.28,5.1,5.27,5.16,0.11,2.1318,4797143.86,2503180.356,0.1779,0.85,5.2104,0.5689,2.0461,35640625.7089,26961221.2539,3386801.9221,187826097.4859,142085636.0081
601398.SH,20240220,5.27,5.36,5.23,5.35,5.27,0.08,1.518,3059780.96,1626681.256,0.1135,0.53,5.2895,0.5775,2.0771,35640625.7089,26961221.2539,3386801.9221,190677347.5426,144242533.7084
601398.SH,20240221,5.34,5.47,5.33,5.41,5.35,0.06,1.1215,3467348.93,1875270.275,0.1286,0.67,5.3488,0.584,2.1004,35640625.7089,26961221.2539,3386801.9221,192815785.0851,145860206.9836
601398.SH,20240222,5.4,5.43,5.36,5.42,5.41,0.01,0.1848,2231278.68,1204599.969,0.0828,0.47,5.3587,0.5851,2.1043,35640625.7089,26961221.2539,3386801.9221,193172191.3422,146129819.1961
601398.SH,20240223,5.41,5.52,5.41,5.48,5.42,0.06,1.107,3583185.46,1967299.036,0.1329,0.98,5.418,0.5915,2.1276,35640625.7089,26961221.2539,3386801.9221,195310628.8848,147747492.4714
601398.SH,20240226,5.48,5.48,5.3,5.32,5.48,-0.16,-2.9197,3677178.6,1977747.711,0.1364,1.07,5.2598,0.5743,2.0655,35640625.7089,26961221.2539,3386801.9221,189608128.7713,143433697.0707
601398.SH,20240227,5.3,5.36,5.25,5.3,5.32,-0.02,-0.3759,2940999.47,1560959.829,0.1091,0.92,5.2401,0.5721,2.0577,35640625.7089,26961221.2539,3386801.9221,188895316.2572,142894472.6457
601398.SH,20240228,5.3,5.37,5.23,5.33,5.3,0.03,0.566,3806093.95,2021720.033,0.1412,1.2,5.2697,0.5754,2.0694,35640625.7089,26961221.2539,3386801.9221,189964535.0284,143703309.2833
601398.SH,20240229,5.31,5.36,5.3,5.33,5.33,0.0,0.0,2520777.65,1342717.318,0.0935,0.78,5.2697,0.5754,2.0694,35640625.7089,26961221.2539,3386801.9221,189964535.0284,143703309.2833
601398.SH,20240301,5.32,5.35,5.29,5.34,5.33,0.01,0.1876,2477511.46,1317310.136,0.0919,0.75,5.2796,0.5764,2.0732,35640625.7089,26961221.2539,3386801.9221,190320941.2855,143972921.4958
601398.SH,20240304,5.32,5.34,5.28,5.32,5.34,-0.02,-0.3745,2557572.75,1359409.11,0.0949,0.83,5.2598,0.5743,2.0655,35640625.7089,26961221.2539,3386801.9221,189608128.7713,143433697.0707
601398.SH,20240305,5.32,5.48,5.3,5.46,5.32,0.14,2.6316,4298467.12,2323265.996,0.1594,1.5,5.3983,0.5894,2.1198,35640625.7089,26961221.2539,3386801.9221,194597816.3706,147208268.0463
601398.SH,20240306,5.45,5.49,5.35,5.35,5.46,-0.11,-2.0147,3527871.55,1910626.811,0.1308,1.13,5.2895,0.5775,2.0771,35640625.7089,26961221.2539,3386801.9221,190677347.5426,144242533.7084
601398.SH,20240307,5.35,5.4,5.34,5.38,5.35,0.03,0.5607,3074594.09,1650760.69,0.114,1.0,5.3192,0.5807,2.0888,35640625.7089,26961221.2539,3386801.9221,191746566.3139,145051370.346
601398.SH,20240308,5.37,5.4,5.34,5.39,5.38,0.01,0.1859,2472003.99,1328152.98,0.0917,0.78,5.329,0.5818,2.0927,35640625.7089,26961221.2539,3386801.9221,192102972.571,145320982.5585
601398.SH,20240311,5.38,5.39,5.33,5.37,5.39,-0.02,-0.3711,2243026.48,1200710.433,0.0832,0.7,5.3093,0.5797,2.0849,35640625.7089,26961221.2539,3386801.9221,191390160.0568,144781758.1334
601398.SH,20240312,5.36,5.36,5.19,5.2,5.37,-0.17,-3.1657,5117147.72,2688688.96,0.1898,1.64,5.1412,0.5613,2.0189,35640625.7089,26961221.2539,3386801.9221,185331253.6863,140198350.5203
601398.SH,20240313,5.19,5.21,5.14,5.17,5.2,-0.03,-0.5769,3003607.21,1555083.541,0.1114,0.91,5.1115,0.5581,2.0072,35640625.7089,26961221.2539,3386801.9221,184262034.915,139389513.8827
601398.SH,20240314,5.16,5.23,5.14,5.19,5.17,0.02,0.3868,2413114.21,1253072.994,0.0895,0.76,5.1313,0.5602,2.015,35640625.7089,26961221.2539,3386801.9221,184974847.4292,139928738.3077
601398.SH,20240315,5.19,5.24,5.19,5.21,5.19,0.02,0.3854,2258614.2,1177297.474,0.0838,0.74,5.1511,0.5624,2.0228,35640625.7089,26961221.2539,3386801.9221,185687659.9434,140467962.7328
601398.SH,20240318,5.21,5.22,5.17,5.18,5.21,-0.03,-0.5758,1911734.51,991424.88,0.0709,0.64,5.1214,0.5592,2.0111,35640625.7089,26961221.2539,3386801.9221,184618441.1721,139659126.0952
601398.SH,20240319,5.18,5.2,5.15,5.15,5.18,-0.03,-0.5792,2028046.19,1048062.766,0.0752,0.69,5.0918,0.5559,1.9995,35640625.7089,26961221.2539,3386801.9221,183549222.4008,138850289.4576
601398.SH,20240320,5.15,5.22,5.12,5.2,5.15,0.05,0.9709,2453975.99,1270999.033,0.091,1.06,5.1412,0.5613,2.0189,35640625.7089,26961221.2539,3386801.9221,185331253.6863,140198350.5203
601398.SH,20240321,5.2,5.24,5.18,5.22,5.2,0.02,0.3846,2051062.53,1069468.123,0.0761,0.93,5.161,0.5635,2.0266,35640625.7089,26961221.2539,3386801.9221,186044066.2005,140737574.9454
601398.SH,20240322,5.23,5.27,5.18,5.25,5.22,0.03,0.5747,2657844.34,1390667.475,0.0986,1.24,5.1906,0.5667,2.0383,35640625.7089,26961221.2539,3386801.9221,187113284.9717,141546411.583
601398.SH,20240325,5.25,5.29,5.24,5.29,5.25,0.04,0.7619,2374081.0,1252612.475,0.0881,1.07,5.2302,0.571,2.0538,35640625.7089,26961221.2539,3386801.9221,188538910.0001,142624860.4331
601398.SH,20240326,5.29,5.33,5.26,5.33,5.29,0.04,0.7561,2433596.24,1289061.751,0.0903,1.05,5.2697,0.5754,2.0694,35640625.7089,26961221.2539,3386801.9221,189964535.0284,143703309.2833
601398.SH,20240327,5.32,5.39,5.3,5.36,5.33,0.03,0.5629,2907078.55,1558334.37,0.1078,1.21,5.2994,0.5786,2.081,35640625.7089,26961221.2539,3386801.9221,191033753.7997,144512145.9209
601398.SH,20240328,5.34,5.35,5.22,5.25,5.36,-0.11,-2.0522,3978897.68,2091220.999,0.1476,1.6,5.1406,0.5499,2.2194,35640625.7089,26961221.2539,3360882.3221,187113284.9717,141546411.583
601398.SH,20240329,5.25,5.33,5.23,5.28,5.25,0.03,0.5714,2298122.71,1217142.787,0.0852,0.8,5.1699,0.5531,2.2321,35640625.7089,26961221.2539,3360882.3221,188182503.743,142355248.2206
601398.SH,20240401,5.28,5.32,5.27,5.29,5.28,0.01,0.1894,2019199.27,1069899.178,0.0749,0.72,5.1797,0.5541,2.2363,35640625.7089,26961221.2539,3360882.3221,188538910.0001,142624860.4331
601398.SH,20240402,5.29,5.36,5.28,5.34,5.29,0.05,0.9452,3142501.34,1675629.707,0.1166,1.15,5.2287,0.5593,2.2575,35640625.7089,26961221.2539,3360882.3221,190320941.2855,143972921.4958
601398.SH,20240403,5.34,5.36,5.3,5.33,5.34,-0.01,-0.1873,2182241.33,1164487.633,0.0809,0.76,5.2189,0.5583,2.2532,35640625.7089,26961221.2539,3360882.3221,189964535.0284,143703309.2833
601398.SH,20240408,5.33,5.41,5.31,5.4,5.33,0.07,1.3133,3070468.83,1649825.52,0.1139,1.13,5.2874,0.5656,2.2828,35640625.7089,26961221.2539,3360882.3221,192459378.8281,145590594.7711
601398.SH,20240409,5.4,5.44,5.32,5.33,5.4,-0.07,-1.2963,3139150.16,1683877.064,0.1164,1.23,5.2189,0.5583,2.2532,35640625.7089,26961221.2539,3360882.3221,189964535.0284,143703309.2833
601398.SH,20240410,5.34,5.39,5.32,5.34,5.33,0.01,0.1876,2449472.47,1311190.477,0.0909,0.9,5.2287,0.5593,2.2575,35640625.7089,26961221.2539,3360882.3221,190320941.2855,143972921.4958
601398.SH,20240411,5.32,5.34,5.27,5.32,5.34,-0.02,-0.3745,2002637.55,1064148.84,0.0743,0.72,5.2091,0.5573,2.249,35640625.7089,26961221.2539,3360882.3221,189608128.7713,143433697.0707
601398.SH,20240412,5.32,5.35,5.29,5.32,5.32,0.0,0.0,2483943.69,1321908.574,0.0921,0.97,5.2091,0.5573,2.249,35640625.7089,26961221.2539,3360882.3221,189608128.7713,143433697.0707
601398.SH,20240415,5.33,5.43,5.33,5.42,5.32,0.1,1.8797,4012439.4,2162688.286,0.1488,1.53,5.307,0.5677,2.2913,35640625.7089,26961221.2539,3360882.3221,193172191.3422,146129819.1961
601398.SH,20240416,5.42,5.5,5.38,5.47,5.42,0.05,0.9225,4000692.53,2183179.673,0.1484,1.42,5.356,0.573,2.3124,35640625.7089,26961221.2539,3360882.3221,194954222.6277,147477880.2588
601398.SH,20240417,5.45,5.52,5.39,5.5,5.47,0.03,0.5484,3322041.61,1811875.418,0.1232,1.11,5.3854,0.5761,2.3251,35640625.7089,26961221.2539,3360882.3221,196023441.399,148286716.8965
601398.SH,20240418,5.49,5.63,5.48,5.52,5.5,0.02,0.3636,3879727.59,2153809.249,0.1439,1.23,5.4049,0.5782,2.3336,35640625.7089,26961221.2539,3360882.3221,196736253.9131,148825941.3215
601398.SH,20240419,5.5,5.59,5.5,5.55,5.52,0.03,0.5435,2559405.97,1421250.834,0.0949,0.72,5.4343,0.5813,2.3463,35640625.7089,26961221.2539,3360882.3221,197805472.6844,149634777.9591
601398.SH,20240422,5.57,5.64,5.47,5.48,5.55,-0.07,-1.2613,3275212.49,1813431.121,0.1215,0.92,5.3658,0.574,2.3167,35640625.7089,26961221.2539,3360882.3221,195310628.8848,147747492.4714
601398.SH,20240423,5.49,5.58,5.46,5.5,5.48,0.02,0.365,3309129.67,1827802.629,0.1227,0.97,5.3854,0.5761,2.3251,35640625.7089,26961221.2539,3360882.3221,196023441.399,148286716.8965
601398.SH,20240424,5.5,5.52,5.46,5.47,5.5,-0.03,-0.5455,2360259.75,1292875.949,0.0875,0.72,5.356,0.573,2.3124,35640625.7089,26961221.2539,3360882.3221,194954222.6277,147477880.2588
601398.SH,20240425,5.48,5.5,5.45,5.49,5.47,0.02,0.3656,1650745.56,903595.425,0.0612,0.54,5.3756,0.5751,2.3209,35640625.7089,26961221.2539,3360882.3221,195667035.1419,148017104.6839
601398.SH,20240426,5.49,5.54,5.39,5.4,5.49,-0.09,-1.6393,4710331.31,2563059.301,0.1747,1.79,5.2874,0.5656,2.2828,35640625.7089,26961221.2539,3360882.3221,192459378.8281,145590594.7711
601398.SH,20240429,5.39,5.44,5.34,5.38,5.4,-0.02,-0.3704,3490150.64,1882123.563,0.1295,1.14,5.2679,0.5635,2.2744,35640625.7089,26961221.2539,3360882.3221,191746566.3139,145051370.346
601398.SH,20240430,5.37,5.45,5.36,5.43,5.38,0.05,0.9294,2601743.83,1410153.799,0.0965,0.84,5.3168,0.5524,2.2955,35640625.7089,26961221.2539,3360882.3221,193528597.5993,146399431.4087
601398.SH,20240506,5.45,5.47,5.36,5.37,5.43,-0.06,-1.105,4058714.0,2189241.442,0.1505,1.37,5.2581,0.5463,2.2702,35640625.7089,26961221.2539,3360882.3221,191390160.0568,144781758.1334
601398.SH,20240507,5.37,5.41,5.35,5.4,5.37,0.03,0.5587,2781631.43,1495708.24,0.1032,0.84,5.2874,0.5494,2.2828,35640625.7089,26961221.2539,3360882.3221,192459378.8281,145590594.7711
601398.SH,20240508,5.4,5.45,5.38,5.41,5.4,0.01,0.1852,2967672.33,1608594.647,0.1101,0.84,5.2972,0.5504,2.2871,35640625.7089,26961221.2539,3360882.3221,192815785.0851,145860206.9836
601398.SH,20240509,5.4,5.41,5.37,5.38,5.41,-0.03,-0.5545,2401955.98,1293993.946,0.0891,0.76,5.2679,0.5473,2.2744,35640625.7089,26961221.2539,3360882.3221,191746566.3139,145051370.346
601398.SH,20240510,5.39,5.42,5.38,5.4,5.38,0.02,0.3717,2646861.14,1429642.027,0.0982,0.89,5.2874,0.5494,2.2828,35640625.7089,26961221.2539,3360882.3221,192459378.8281,145590594.7711
601398.SH,20240513,5.4,5.43,5.36,5.41,5.4,0.01,0.1852,2390939.56,1289851.74,0.0887,0.8,5.2972,0.5504,2.2871,35640625.7089,26961221.2539,3360882.3221,192815785.0851,145860206.9836
601398.SH,20240514,5.41,5.41,5.36,5.37,5.41,-0.04,-0.7394,2578666.93,1387229.378,0.0956,0.98,5.2581,0.5463,2.2702,35640625.7089,26961221.2539,3360882.3221,191390160.0568,144781758.1334
601398.SH,20240515,5.37,5.39,5.36,5.38,5.37,0.01,0.1862,1427081.45,766846.437,0.0529,0.55,5.2679,0.5473,2.2744,35640625.7089,26961221.2539,3360882.3221,191746566.3139,145051370.346
601398.SH,20240516,5.37,5.42,5.36,5.41,5.38,0.03,0.5576,2971888.55,1603335.346,0.1102,1.3,5.2972,0.5504,2.2871,35640625.7089,26961221.2539,3360882.3221,192815785.0851,145860206.9836
601398.SH,20240517,5.41,5.47,5.39,5.47,5.41,0.06,1.1091,3830016.26,2079470.08,0.1421,1.59,5.356,0.5565,2.3124,35640625.7089,26961221.2539,3360882.3221,194954222.6277,147477880.2588
601398.SH,20240520,5.47,5.53,5.44,5.46,5.47,-0.01,-0.1828,3318202.67,1817190.585,0.1231,1.26,5.3462,0.5555,2.3082,35640625.7089,26961221.2539,3360882.3221,194597816.3706,147208268.0463
601398.SH,20240521,5.46,5.51,5.44,5.5,5.46,0.04,0.7326,2736760.42,1498524.386,0.1015,0.97,5.3854,0.5595,2.3251,35640625.7089,26961221.2539,3360882.3221,196023441.399,148286716.8965
601398.SH,20240522,5.5,5.54,5.49,5.51,5.5,0.01,0.1818,2458440.77,1356650.24,0.0912,0.86,5.3952,0.5606,2.3293,35640625.7089,26961221.2539,3360882.3221,196379847.656,148556329.109
601398.SH,20240523,5.52,5.53,5.47,5.49,5.51,-0.02,-0.363,2241625.38,1231956.387,0.0831,0.73,5.3756,0.5585,2.3209,35640625.7089,26961221.2539,3360882.3221,195667035.1419,148017104.6839
601398.SH,20240524,5.49,5.51,5.44,5.44,5.49,-0.05,-0.9107,2261860.85,1238699.584,0.0839,0.78,5.3266,0.5534,2.2997,35640625.7089,26961221.2539,3360882.3221,193885003.8564,146669043.6212
601398.SH,20240527,5.45,5.49,5.44,5.48,5.44,0.04,0.7353,2155681.86,1178996.874,0.08,0.83,5.3658,0.5575,2.3167,35640625.7089,26961221.2539,3360882.3221,195310628.8848,147747492.4714
601398.SH,20240528,5.48,5.51,5.46,5.49,5.48,0.01,0.1825,1957240.15,1074148.916,0.0726,0.83,5.3756,0.5585,2.3209,35640625.7089,26961221.2539,3360882.3221,195667035.1419,148017104.6839
601398.SH,20240529,5.49,5.51,5.45,5.47,5.49,-0.02,-0.3643,2277199.46,1247889.692,0.0845,1.03,5.356,0.5565,2.3124,35640625.7089,26961221.2539,3360882.3221,194954222.6277,147477880.2588
601398.SH,20240530,5.47,5.48,5.42,5.44,5.47,-0.03,-0.5484,2239850.68,1219754.897,0.0831,1.03,5.3266,0.5534,2.2997,35640625.7089,26961221.2539,3360882.3221,193885003.8564,146669043.6212
601398.SH,20240531,5.45,5.47,5.43,5.43,5.44,-0.01,-0.1838,2037423.14,1110323.552,0.0756,0.94,5.3168,0.5524,2.2955,35640625.7089,26961221.2539,3360882.3221,193528597.5993,146399431.4087
601398.SH,20240603,5.43,5.45,5.41,5.44,5.43,0.01,0.1842,2157727.21,1171716.314,0.08,1.01,5.3266,0.5534,2.2997,35640625.7089,26961221.2539,3360882.3221,193885003.8564,146669043.6212
601398.SH,20240604,5.44,5.47,5.44,5.47,5.44,0.03,0.5515,1756287.96,958146.651,0.0651,0.82,5.356,0.5565,2.3124,35640625.7089,26961221.2539,3360882.3221,194954222.6277,147477880.2588
601398.SH,20240605,5.47,5.48,5.45,5.46,5.47,-0.01,-0.1828,1889975.45,1031778.716,0.0701,0.9,5.3462,0.5555,2.3082,35640625.7089,26961221.2539,3360882.3221,194597816.3706,147208268.0463
601398.SH,20240606,5.46,5.49,5.45,5.46,5.46,0.0,0.0,2375214.46,1298076.592,0.0881,1.18,5.3462,0.5555,2.3082,35640625.7089,26961221.2539,3360882.3221,194597816.3706,147208268.0463
601398.SH,20240607,5.46,5.52,5.45,5.52,5.46,0.06,1.0989,2972943.46,1633744.047,0.1103,1.45,5.4049,0.5616,2.3336,35640625.7089,26961221.2539,3360882.3221,196736253.9131,148825941.3215
601398.SH,20240611,5.52,5.54,5.44,5.44,5.52,-0.08,-1.4493,3337614.44,1829863.373,0.1238,1.5,5.3266,0.5534,2.2997,35640625.7089,26961221.2539,3360882.3221,193885003.8564,146669043.6212
601398.SH,20240612,5.44,5.45,5.36,5.4,5.44,-0.04,-0.7353,3234761.83,1745522.08,0.12,1.31,5.2874,0.5494,2.2828,35640625.7089,26961221.2539,3360882.3221,192459378.8281,145590594.7711
601398.SH,20240613,5.4,5.44,5.39,5.43,5.4,0.03,0.5556,1804744.5,977764.799,0.0669,0.65,5.3168,0.5524,2.2955,35640625.7089,26961221.2539,3360882.3221,193528597.5993,146399431.4087
601398.SH,20240614,5.43,5.52,5.42,5.5,5.43,0.07,1.2891,3698140.97,2027587.055,0.1372,1.35,5.3854,0.5595,2.3251,35640625.7089,26961221.2539,3360882.3221,196023441.399,148286716.8965
601398.SH,20240617,5.49,5.5,5.4,5.43,5.5,-0.07,-1.2727,2737858.28,1489815.818,0.1015,0.91,5.3168,0.5524,2.2955,35640625.7089,26961221.2539,3360882.3221,193528597.5993,146399431.4087
601398.SH,20240618,5.42,5.46,5.39,5.45,5.43,0.02,0.3683,2010650.32,1091725.781,0.0746,0.68,5.3364,0.5545,2.304,35640625.7089,26961221.2539,3360882.3221,194241410.1135,146938655.8338
601398.SH,20240619,5.44,5.5,5.44,5.5,5.45,0.05,0.9174,2479370.06,1360484.56,0.092,0.92,5.3854,0.5595,2.3251,35640625.7089,26961221.2539,3360882.3221,196023441.399,148286716.8965
601398.SH,20240620,5.5,5.52,5.48,5.52,5.5,0.02,0.3636,2133766.62,1175329.569,0.0791,0.84,5.4049,0.5616,2.3336,35640625.7089,26961221.2539,3360882.3221,196736253.9131,148825941.3215
601398.SH,20240621,5.51,5.53,5.48,5.51,5.52,-0.01,-0.1812,2248273.78,1239151.678,0.0834,0.86,5.3952,0.5606,2.3293,35640625.7089,26961221.2539,3360882.3221,196379847.656,148556329.109
601398.SH,20240624,5.51,5.58,5.5,5.57,5.51,0.06,1.0889,3317211.47,1839293.338,0.123,1.43,5.4539,0.5667,2.3547,35640625.7089,26961221.2539,3360882.3221,198518285.1986,150174002.3842
601398.SH,20240625,5.56,5.61,5.55,5.6,5.57,0.03,0.5386,2924741.47,1633949.389,0.1085,1.2,5.4833,0.5697,2.3674,35640625.7089,26961221.2539,3360882.3221,199587503.9698,150982839.0218
601398.SH,20240626,5.6,5.66,5.59,5.63,5.6,0.03,0.5357,2524705.34,1420409.162,0.0936,0.96,5.5127,0.5728,2.3801,35640625.7089,26961221.2539,3360882.3221,200656722.7411,151791675.6595
601398.SH,20240627,5.62,5.71,5.6,5.7,5.63,0.07,1.2433,3156535.8,1788966.261,0.1171,1.2,5.5812,0.5799,2.4097,35640625.7089,26961221.2539,3360882.3221,203151566.5407,153678961.1472
601398.SH,20240628,5.69,5.72,5.65,5.7,5.7,0.0,0.0,2685533.36,1525746.42,0.0996,0.95,5.5812,0.5799,2.4097,35640625.7089,26961221.2539,3360882.3221,203151566.5407,153678961.1472
601398.SH,20240701,5.69,5.85,5.68,5.82,5.7,0.12,2.1053,3202846.26,1854826.332,0.1188,1.1,5.6987,0.5921,2.4604,35640625.7089,26961221.2539,3360882.3221,207428441.6258,156914307.6977
601398.SH,20240702,5.82,5.98,5.81,5.97,5.82,0.15,2.5773,3770405.33,2234061.03,0.1398,1.3,5.8456,0.6074,2.5238,35640625.7089,26961221.2539,3360882.3221,212774535.4821,160958490.8858
601398.SH,20240703,5.96,5.98,5.85,5.89,5.97,-0.08,-1.34,2743718.79,1619018.146,0.1018,0.89,5.7672,0.5992,2.49,35640625.7089,26961221.2539,3360882.3221,209923285.4254,158801593.1855
601398.SH,20240704,5.89,5.98,5.88,5.96,5.89,0.07,1.1885,2618980.11,1556909.212,0.0971,0.84,5.8358,0.6063,2.5196,35640625.7089,26961221.2539,3360882.3221,212418129.225,160688878.6732
601398.SH,20240705,5.96,6.0,5.81,5.83,5.96,-0.13,-2.1812,3993119.82,2341435.825,0.1481,1.33,5.7085,0.5931,2.4646,35640625.7089,26961221.2539,3360882.3221,207784847.8829,157183919.9102
601398.SH,20240708,5.82,5.94,5.81,5.89,5.83,0.06,1.0292,2883648.82,1699967.172,0.107,0.88,5.7672,0.5992,2.49,35640625.7089,26961221.2539,3360882.3221,209923285.4254,158801593.1855
601398.SH,20240709,5.89,5.94,5.85,5.94,5.89,0.05,0.8489,2955343.19,1746477.244,0.1096,0.92,5.8162,0.6043,2.5111,35640625.7089,26961221.2539,3360882.3221,211705316.7109,160149654.2482
601398.SH,20240710,5.94,6.01,5.94,6.0,5.94,0.06,1.0101,2876301.33,1720936.653,0.1067,0.95,5.8749,0.6104,2.5365,35640625.7089,26961221.2539,3360882.3221,213843754.2534,161767327.5234
601398.SH,20240711,6.0,6.0,5.86,5.93,6.0,-0.07,-1.1667,3767984.73,2229396.343,0.1398,1.23,5.8064,0.6033,2.5069,35640625.7089,26961221.2539,3360882.3221,211348910.4538,159880042.0356
601398.SH,20240712,5.92,6.1,5.91,6.08,5.93,0.15,2.5295,4009672.81,2418946.581,0.1487,1.22,5.9533,0.6186,2.5703,35640625.7089,26961221.2539,3360882.3221,216695004.3101,163924225.2237
601398.SH,20240715,6.09,6.24,6.06,6.2,6.08,0.12,1.9737,4289582.6,2640918.177,0.1591,1.3,6.0708,0.6308,2.621,35640625.7089,26961221.2539,3360882.3221,220971879.3952,167159571.7742
601398.SH,20240716,5.92,5.97,5.83,5.89,5.89,0.0,0.0,5035591.21,2966243.649,0.1868,1.41,5.7672,0.6185,2.49,35640625.7089,26961221.2539,3360882.3221,209923285.4254,158801593.1855
601398.SH,20240717,5.88,5.94,5.84,5.91,5.89,0.02,0.3396,3218991.85,1898464.088,0.1194,0.81,5.7868,0.6206,2.4984,35640625.7089,26961221.2539,3360882.3221,210636097.9396,159340817.6105
601398.SH,20240718,5.9,5.92,5.86,5.91,5.91,0.0,0.0,2553864.18,1505808.655,0.0947,0.63,5.7868,0.6206,2.4984,35640625.7089,26961221.2539,3360882.3221,210636097.9396,159340817.6105
601398.SH,20240719,5.9,5.92,5.82,5.91,5.91,0.0,0.0,3601439.72,2112440.788,0.1336,0.94,5.7868,0.6206,2.4984,35640625.7089,26961221.2539,3360882.3221,210636097.9396,159340817.6105
601398.SH,20240722,5.88,5.89,5.76,5.84,5.91,-0.07,-1.1844,3230606.57,1879506.552,0.1198,0.86,5.7183,0.6133,2.4688,35640625.7089,26961221.2539,3360882.3221,208141254.14,157453532.1228
601398.SH,20240723,5.82,6.06,5.81,6.01,5.84,0.17,2.911,5081438.09,3034821.327,0.1885,1.44,5.8847,0.6311,2.5407,35640625.7089,26961221.2539,3360882.3221,214200160.5105,162036939.7359
601398.SH,20240724,6.0,6.11,5.99,6.06,6.01,0.05,0.8319,3184497.85,1929595.59,0.1181,0.9,5.9337,0.6364,2.5619,35640625.7089,26961221.2539,3360882.3221,215982191.7959,163385000.7986
601398.SH,20240725,6.05,6.12,5.97,6.06,6.06,0.0,0.0,4114786.68,2488088.46,0.1526,1.17,5.9337,0.6364,2.5619,35640625.7089,26961221.2539,3360882.3221,215982191.7959,163385000.7986
601398.SH,20240726,6.05,6.07,5.86,5.93,6.06,-0.13,-2.1452,4159456.31,2462785.2,0.1543,1.08,5.8064,0.6227,2.5069,35640625.7089,26961221.2539,3360882.3221,211348910.4538,159880042.0356
601398.SH,20240729,5.92,5.98,5.84,5.98,5.93,0.05,0.8432,2618931.27,1555917.031,0.0971,0.66,5.8554,0.628,2.528,35640625.7089,26961221.2539,3360882.3221,213130941.7392,161228103.0983
601398.SH,20240730,5.97,6.03,5.91,5.99,5.98,0.01,0.1672,2495335.09,1490211.571,0.0926,0.65,5.8651,0.629,2.5323,35640625.7089,26961221.2539,3360882.3221,213487347.9963,161497715.3109
601398.SH,20240731,5.98,6.01,5.83,5.85,5.99,-0.14,-2.3372,4614729.59,2712777.024,0.1712,1.39,5.7281,0.6143,2.4731,35640625.7089,26961221.2539,3360882.3221,208497660.3971,157723144.3353
601398.SH,20240801,5.83,5.91,5.73,5.88,5.85,0.03,0.5128,3731393.97,2178941.279,0.1384,1.04,5.7574,0.6175,2.4858,35640625.7089,26961221.2539,3360882.3221,209566879.1683,158531980.9729
601398.SH,20240802,5.85,5.92,5.83,5.88,5.88,0.0,0.0,2814158.49,1655728.285,0.1044,0.8,5.7574,0.6175,2.4858,35640625.7089,26961221.2539,3360882.3221,209566879.1683,158531980.9729
601398.SH,20240805,5.88,5.95,5.83,5.87,5.88,-0.01,-0.1701,3195446.31,1883504.218,0.1185,0.98,5.7477,0.6164,2.4815,35640625.7089,26961221.2539,3360882.3221,209210472.9112,158262368.7604
601398.SH,20240806,5.88,5.89,5.78,5.8,5.87,-0.07,-1.1925,2754700.37,1604677.49,0.1022,0.82,5.6791,0.6091,2.4519,35640625.7089,26961221.2539,3360882.3221,206715629.1116,156375083.2726
601398.SH,20240807,5.82,5.88,5.8,5.82,5.8,0.02,0.3448,2270152.19,1326499.665,0.0842,0.66,5.6987,0.6112,2.4604,35640625.7089,26961221.2539,3360882.3221,207428441.6258,156914307.6977
601398.SH,20240808,5.83,5.88,5.81,5.87,5.82,0.05,0.8591,1871759.43,1095813.858,0.0694,0.63,5.7477,0.6164,2.4815,35640625.7089,26961221.2539,3360882.3221,209210472.9112,158262368.7604
601398.SH,20240809,5.87,5.93,5.84,5.92,5.87,0.05,0.8518,1850788.05,1091650.499,0.0686,0.72,5.7966,0.6217,2.5027,35640625.7089,26961221.2539,3360882.3221,210992504.1967,159610429.8231
601398.SH,20240812,5.92,6.02,5.91,5.99,5.92,0.07,1.1824,2258478.36,1350053.507,0.0838,0.95,5.8651,0.629,2.5323,35640625.7089,26961221.2539,3360882.3221,213487347.9963,161497715.3109
601398.SH,20240813,5.99,6.08,5.93,6.0,5.99,0.01,0.1669,2404186.94,1445004.523,0.0892,1.09,5.8749,0.6301,2.5365,35640625.7089,26961221.2539,3360882.3221,213843754.2534,161767327.5234
601398.SH,20240814,5.98,6.04,5.97,6.02,6.0,0.02,0.3333,1880448.15,1129757.322,0.0697,0.88,5.8945,0.6322,2.5449,35640625.7089,26961221.2539,3360882.3221,214556566.7676,162306551.9485
601398.SH,20240815,6.02,6.06,6.0,6.05,6.02,0.03,0.4983,2067400.74,1247677.39,0.0767,1.01,5.9239,0.6353,2.5576,35640625.7089,26961221.2539,3360882.3221,215625785.5388,163115388.5861
601398.SH,20240816,6.05,6.15,6.03,6.14,6.05,0.09,1.4876,2701940.42,1647386.714,0.1002,1.29,6.012,0.6448,2.5957,35640625.7089,26961221.2539,3360882.3221,218833441.8526,165541898.4989
601398.SH,20240819,6.14,6.29,6.1,6.27,6.14,0.13,2.1173,3388635.14,2104346.757,0.1257,1.5,6.1393,0.6584,2.6506,35640625.7089,26961221.2539,3360882.3221,223466723.1948,169046857.262
601398.SH,20240820,6.26,6.4,6.25,6.39,6.27,0.12,1.9139,3995974.2,2534261.643,0.1482,1.61,6.2568,0.671,2.7014,35640625.7089,26961221.2539,3360882.3221,227743598.2799,172282203.8124
601398.SH,20240821,6.35,6.36,6.25,6.3,6.39,-0.09,-1.4085,3315883.2,2088630.842,0.123,1.18,6.1687,0.6616,2.6633,35640625.7089,26961221.2539,3360882.3221,224535941.9661,169855693.8996
601398.SH,20240822,6.29,6.44,6.29,6.42,6.3,0.12,1.9048,3502301.55,2236501.392,0.1299,1.13,6.2862,0.6742,2.714,35640625.7089,26961221.2539,3360882.3221,228812817.0511,173091040.45
601398.SH,20240823,6.42,6.48,6.35,6.46,6.42,0.04,0.6231,2656574.2,1706372.38,0.0985,0.79,6.3254,0.6784,2.731,35640625.7089,26961221.2539,3360882.3221,230238442.0795,174169489.3002
601398.SH,20240826,6.44,6.47,6.35,6.43,6.46,-0.03,-0.4644,2673110.89,1712684.37,0.0991,0.79,6.296,0.6752,2.7183,35640625.7089,26961221.2539,3360882.3221,229169223.3082,173360652.6626
601398.SH,20240827,6.42,6.55,6.41,6.53,6.43,0.1,1.5552,3232496.44,2103729.87,0.1199,1.0,6.3939,0.6857,2.7605,35640625.7089,26961221.2539,3360882.3221,232733285.8791,176056774.788
601398.SH,20240828,6.53,6.57,6.44,6.49,6.53,-0.04,-0.6126,3147225.13,2043853.154,0.1167,1.02,6.3547,0.6815,2.7436,35640625.7089,26961221.2539,3360882.3221,231307660.8508,174978325.9378
601398.SH,20240829,6.48,6.49,6.2,6.22,6.49,-0.27,-4.1602,5573147.46,3505246.234,0.2067,1.83,6.0904,0.6532,2.6295,35640625.7089,26961221.2539,3360882.3221,221684691.9094,167698796.1993
601398.SH,20240830,6.18,6.24,5.96,5.98,6.22,-0.24,-3.8585,8807823.47,5320880.799,0.3267,2.55,5.8554,0.628,2.528,35640625.7089,26961221.2539,3360882.3221,213130941.7392,161228103.0983
601398.SH,20240902,5.9,6.0,5.88,5.94,5.98,-0.04,-0.6689,5682401.73,3379236.044,0.2108,1.21,5.8162,0.6067,2.5111,35640625.7089,26961221.2539,3360882.3221,211705316.7109,160149654.2482
601398.SH,20240903,5.93,5.95,5.68,5.76,5.94,-0.18,-3.0303,6486401.29,3742967.424,0.2406,1.23,5.6399,0.5884,2.435,35640625.7089,26961221.2539,3360882.3221,205290004.0833,155296634.4225
601398.SH,20240904,5.72,5.78,5.66,5.71,5.76,-0.05,-0.8681,3923314.35,2240822.277,0.1455,0.66,5.591,0.5833,2.4139,35640625.7089,26961221.2539,3360882.3221,203507972.7978,153948573.3598
601398.SH,20240905,5.7,5.73,5.6,5.63,5.71,-0.08,-1.4011,3835307.75,2163978.358,0.1423,0.63,5.5127,0.5751,2.3801,35640625.7089,26961221.2539,3360882.3221,200656722.7411,151791675.6595
601398.SH,20240906,5.63,5.73,5.62,5.64,5.63,0.01,0.1776,2906968.12,1651910.319,0.1078,0.51,5.5224,0.5761,2.3843,35640625.7089,26961221.2539,3360882.3221,201013128.9982,152061287.872
601398.SH,20240909,5.63,5.65,5.51,5.61,5.64,-0.03,-0.5319,2821267.04,1576623.851,0.1046,0.62,5.4931,0.573,2.3716,35640625.7089,26961221.2539,3360882.3221,199943910.2269,151252451.2344
601398.SH,20240910,5.61,5.72,5.6,5.67,5.61,0.06,1.0695,3683432.32,2088218.472,0.1366,0.92,5.5518,0.5792,2.397,35640625.7089,26961221.2539,3360882.3221,202082347.7695,152870124.5096
601398.SH,20240911,5.66,5.67,5.5,5.54,5.67,-0.13,-2.2928,3597633.84,1999982.571,0.1334,1.05,5.4245,0.5659,2.342,35640625.7089,26961221.2539,3360882.3221,197449066.4273,149365165.7466
601398.SH,20240912,5.51,5.56,5.45,5.54,5.54,0.0,0.0,2868535.63,1582711.061,0.1064,0.85,5.4245,0.5659,2.342,35640625.7089,26961221.2539,3360882.3221,197449066.4273,149365165.7466
601398.SH,20240913,5.54,5.58,5.52,5.56,5.54,0.02,0.361,2340486.96,1301691.998,0.0868,0.74,5.4441,0.5679,2.3505,35640625.7089,26961221.2539,3360882.3221,198161878.9415,149904390.1717
601398.SH,20240918,5.57,5.68,5.57,5.68,5.56,0.12,2.1583,2468394.04,1391412.407,0.0916,0.81,5.5616,0.5802,2.4012,35640625.7089,26961221.2539,3360882.3221,202438754.0266,153139736.7222
601398.SH,20240919,5.69,5.71,5.58,5.65,5.68,-0.03,-0.5282,2809968.06,1583072.175,0.1042,0.94,5.5322,0.5771,2.3885,35640625.7089,26961221.2539,3360882.3221,201369535.2553,152330900.0845
601398.SH,20240920,5.66,5.69,5.62,5.67,5.65,0.02,0.354,2828323.21,1602117.689,0.1049,1.0,5.5518,0.5792,2.397,35640625.7089,26961221.2539,3360882.3221,202082347.7695,152870124.5096
601398.SH,20240923,5.66,5.74,5.62,5.72,5.67,0.05,0.8818,2270376.87,1292978.895,0.0842,0.85,5.6008,0.5843,2.4181,35640625.7089,26961221.2539,3360882.3221,203864379.0549,154218185.5723
601398.SH,20240924,5.75,6.0,5.73,6.0,5.72,0.28,4.8951,6052048.99,3559231.107,0.2245,2.38,5.8749,0.6129,2.5365,35640625.7089,26961221.2539,3360882.3221,213843754.2534,161767327.5234
601398.SH,20240925,6.09,6.22,5.97,6.04,6.0,0.04,0.6667,6298208.29,3830867.833,0.2336,1.92,5.9141,0.617,2.5534,35640625.7089,26961221.2539,3360882.3221,215269379.2818,162845776.3736
601398.SH,20240926,6.04,6.21,6.0,6.2,6.04,0.16,2.649,5216743.73,3190823.779,0.1935,1.29,6.0708,0.6333,2.621,35640625.7089,26961221.2539,3360882.3221,220971879.3952,167159571.7742
601398.SH,20240927,6.25,6.34,5.92,6.01,6.2,-0.19,-3.0645,6872092.71,4133669.632,0.2549,1.52,5.8847,0.6139,2.5407,35640625.7089,26961221.2539,3360882.3221,214200160.5105,162036939.7359
601398.SH,20240930,6.01,6.31,5.83,6.18,6.01,0.17,2.8286,16161741.83,9720369.051,0.5994,3.03,6.0512,0.6313,2.6126,35640625.7089,26961221.2539,3360882.3221,220259066.881,166620347.3491
601398.SH,20241008,6.5,6.66,6.04,6.12,6.18,-0.06,-0.9709,16882261.72,10602986.873,0.6262,2.08,5.9924,0.6251,2.5872,35640625.7089,26961221.2539,3360882.3221,218120629.3385,165002674.0739
601398.SH,20241009,6.06,6.17,5.98,6.04,6.12,-0.08,-1.3072,10090717.81,6133595.303,0.3743,0.98,5.9141,0.617,2.5534,35640625.7089,26961221.2539,3360882.3221,215269379.2818,162845776.3736
601398.SH,20241010,6.05,6.4,6.04,6.27,6.04,0.23,3.8079,10915281.47,6791738.966,0.4049,0.99,6.1393,0.6405,2.6506,35640625.7089,26961221.2539,3360882.3221,223466723.1948,169046857.262
601398.SH,20241011,6.25,6.39,6.2,6.27,6.27,0.0,0.0,5299528.28,3337751.104,0.1966,0.43,6.1393,0.6405,2.6506,35640625.7089,26961221.2539,3360882.3221,223466723.1948,169046857.262
601398.SH,20241014,6.32,6.5,6.32,6.47,6.27,0.2,3.1898,7899211.18,5078881.017,0.293,0.67,6.3351,0.6609,2.7352,35640625.7089,26961221.2539,3360882.3221,230594848.3366,174439101.5127
601398.SH,20241015,6.43,6.45,6.26,6.26,6.47,-0.21,-3.2457,4927691.57,3131385.265,0.1828,0.48,6.1295,0.6394,2.6464,35640625.7089,26961221.2539,3360882.3221,223110316.9377,168777245.0494
601398.SH,20241016,6.23,6.4,6.22,6.36,6.26,0.1,1.5974,4146145.8,2634359.939,0.1538,0.53,6.2274,0.6496,2.6887,35640625.7089,26961221.2539,3360882.3221,226674379.5086,171473367.1748
601398.SH,20241017,6.35,6.4,6.29,6.29,6.36,-0.07,-1.1006,3280813.17,2079129.206,0.1217,0.49,6.1589,0.6425,2.6591,35640625.7089,26961221.2539,3360882.3221,224179535.709,169586081.687
601398.SH,20241018,6.29,6.36,6.21,6.32,6.29,0.03,0.4769,5144521.81,3236239.707,0.1908,1.01,6.1883,0.6456,2.6718,35640625.7089,26961221.2539,3360882.3221,225248754.4802,170394918.3246
601398.SH,20241021,6.29,6.29,6.14,6.16,6.32,-0.16,-2.5316,5684649.07,3510955.376,0.2108,1.12,6.0316,0.6292,2.6041,35640625.7089,26961221.2539,3360882.3221,219546254.3668,166081122.924
601398.SH,20241022,6.17,6.21,6.11,6.14,6.16,-0.02,-0.3247,4312714.79,2648200.619,0.16,0.93,6.012,0.6272,2.5957,35640625.7089,26961221.2539,3360882.3221,218833441.8526,165541898.4989
601398.SH,20241023,6.14,6.16,6.11,6.14,6.14,0.0,0.0,3068544.79,1883772.583,0.1138,0.68,6.012,0.6272,2.5957,35640625.7089,26961221.2539,3360882.3221,218833441.8526,165541898.4989
601398.SH,20241024,6.13,6.2,6.12,6.16,6.14,0.02,0.3257,2887894.77,1778302.541,0.1071,0.67,6.0316,0.6292,2.6041,35640625.7089,26961221.2539,3360882.3221,219546254.3668,166081122.924
601398.SH,20241025,6.15,6.17,6.1,6.12,6.16,-0.04,-0.6494,2845289.99,1742297.128,0.1055,0.67,5.9924,0.6251,2.5872,35640625.7089,26961221.2539,3360882.3221,218120629.3385,165002674.0739
601398.SH,20241028,6.11,6.11,6.03,6.07,6.12,-0.05,-0.817,3295363.71,1995022.237,0.1222,0.88,5.9435,0.62,2.5661,35640625.7089,26961221.2539,3360882.3221,216338598.053,163654613.0112
601398.SH,20241029,6.07,6.11,6.05,6.06,6.07,-0.01,-0.1647,2938607.04,1785953.207,0.109,0.9,5.9337,0.619,2.5619,35640625.7089,26961221.2539,3360882.3221,215982191.7959,163385000.7986
601398.SH,20241030,6.05,6.08,6.0,6.01,6.06,-0.05,-0.8251,3054120.04,1839999.984,0.1133,1.02,5.8847,0.6139,2.5407,35640625.7089,26961221.2539,3360882.3221,214200160.5105,162036939.7359
601398.SH,20241031,6.04,6.1,6.01,6.04,6.01,0.03,0.4992,3052879.98,1844805.161,0.1132,1.02,5.9141,0.6019,2.5534,35640625.7089,26961221.2539,3360882.3221,215269379.2818,162845776.3736
601398.SH,20241101,6.04,6.15,6.03,6.15,6.04,0.11,1.8212,4512379.25,2760339.812,0.1674,1.49,6.0218,0.6128,2.5999,35640625.7089,26961221.2539,3360882.3221,219189848.1097,165811510.7115
601398.SH,20241104,6.15,6.15,6.05,6.13,6.15,-0.02,-0.3252,3180604.58,1937583.73,0.118,0.94,6.0022,0.6108,2.5914,35640625.7089,26961221.2539,3360882.3221,218477035.5956,165272286.2864
601398.SH,20241105,6.1,6.15,6.09,6.15,6.13,0.02,0.3263,3125107.81,1914855.699,0.1159,0.93,6.0218,0.6128,2.5999,35640625.7089,26961221.2539,3360882.3221,219189848.1097,165811510.7115
601398.SH,20241106,6.13,6.15,6.07,6.09,6.15,-0.06,-0.9756,3450231.15,2106283.783,0.128,1.02,5.9631,0.6068,2.5745,35640625.7089,26961221.2539,3360882.3221,217051410.5672,164193837.4363
601398.SH,20241107,6.08,6.15,6.06,6.15,6.09,0.06,0.9852,3794487.63,2318559.913,0.1407,1.1,6.0218,0.6128,2.5999,35640625.7089,26961221.2539,3360882.3221,219189848.1097,165811510.7115
601398.SH,20241108,6.15,6.17,6.1,6.11,6.15,-0.04,-0.6504,3300424.36,2021389.761,0.1224,0.91,5.9826,0.6088,2.583,35640625.7089,26961221.2539,3360882.3221,217764223.0814,164733061.8613
601398.SH,20241111,6.08,6.09,6.02,6.04,6.11,-0.07,-1.1457,3987301.71,2410772.377,0.1479,1.18,5.9141,0.6019,2.5534,35640625.7089,26961221.2539,3360882.3221,215269379.2818,162845776.3736
601398.SH,20241112,6.04,6.07,6.0,6.0,6.04,-0.04,-0.6623,3292741.55,1984275.396,0.1221,0.93,5.8749,0.5979,2.5365,35640625.7089,26961221.2539,3360882.3221,213843754.2534,161767327.5234
601398.SH,20241113,6.0,6.07,5.98,6.04,6.0,0.04,0.6667,3438857.92,2075207.458,0.1275,0.96,5.9141,0.6019,2.5534,35640625.7089,26961221.2539,3360882.3221,215269379.2818,162845776.3736
601398.SH,20241114,6.03,6.1,6.01,6.07,6.04,0.03,0.4967,3735264.84,2271181.11,0.1385,1.05,5.9435,0.6048,2.5661,35640625.7089,26961221.2539,3360882.3221,216338598.053,163654613.0112
601398.SH,20241115,6.06,6.11,6.03,6.05,6.07,-0.02,-0.3295,3845232.75,2337086.119,0.1426,1.08,5.9239,0.6029,2.5576,35640625.7089,26961221.2539,3360882.3221,215625785.5388,163115388.5861
601398.SH,20241118,6.08,6.24,6.07,6.19,6.05,0.14,2.314,6932424.8,4282442.406,0.2571,1.89,6.061,0.6168,2.6168,35640625.7089,26961221.2539,3360882.3221,220615473.1381,166889959.5616
601398.SH,20241119,6.18,6.22,6.07,6.15,6.19,-0.04,-0.6462,4294987.1,2648795.351,0.1593,1.01,6.0218,0.6128,2.5999,35640625.7089,26961221.2539,3360882.3221,219189848.1097,165811510.7115
601398.SH,20241120,6.13,6.18,6.12,6.14,6.15,-0.01,-0.1626,2682420.57,1649596.256,0.0995,0.6,6.012,0.6118,2.5957,35640625.7089,26961221.2539,3360882.3221,218833441.8526,165541898.4989
601398.SH,20241121,6.13,6.15,6.11,6.13,6.14,-0.01,-0.1629,1809107.03,1107466.761,0.0671,0.42,6.0022,0.6108,2.5914,35640625.7089,26961221.2539,3360882.3221,218477035.5956,165272286.2864
601398.SH,20241122,6.14,6.15,6.05,6.05,6.13,-0.08,-1.3051,2978202.81,1814510.786,0.1105,0.76,5.9239,0.6029,2.5576,35640625.7089,26961221.2539,3360882.3221,215625785.5388,163115388.5861
601398.SH,20241125,6.06,6.13,6.05,6.07,6.05,0.02,0.3306,2903722.07,1770698.664,0.1077,0.78,5.9435,0.6048,2.5661,35640625.7089,26961221.2539,3360882.3221,216338598.053,163654613.0112
601398.SH,20241126,6.07,6.18,6.05,6.16,6.07,0.09,1.4827,3300041.49,2021400.613,0.1224,1.12,6.0316,0.6138,2.6041,35640625.7089,26961221.2539,3360882.3221,219546254.3668,166081122.924
601398.SH,20241127,6.15,6.22,6.14,6.2,6.16,0.04,0.6494,2883173.76,1783808.194,0.1069,1.05,6.0708,0.6178,2.621,35640625.7089,26961221.2539,3360882.3221,220971879.3952,167159571.7742
601398.SH,20241128,6.19,6.22,6.15,6.19,6.2,-0.01,-0.1613,2018400.11,1248696.415,0.0749,0.73,6.061,0.6168,2.6168,35640625.7089,26961221.2539,3360882.3221,220615473.1381,166889959.5616
601398.SH,20241129,6.19,6.23,6.14,6.15,6.19,-0.04,-0.6462,2906465.13,1796519.084,0.1078,1.03,6.0218,0.6128,2.5999,35640625.7089,26961221.2539,3360882.3221,219189848.1097,165811510.7115
601398.SH,20241202,6.16,6.16,6.1,6.13,6.15,-0.02,-0.3252,2417479.89,1480654.067,0.0897,0.86,6.0022,0.6108,2.5914,35640625.7089,26961221.2539,3360882.3221,218477035.5956,165272286.2864
601398.SH,20241203,6.13,6.21,6.12,6.21,6.13,0.08,1.3051,3385172.03,2090169.39,0.1256,1.25,6.0806,0.6188,2.6253,35640625.7089,26961221.2539,3360882.3221,221328285.6523,167429183.9867
601398.SH,20241204,6.21,6.28,6.17,6.26,6.21,0.05,0.8052,3572315.31,2228037.037,0.1325,1.31,6.1295,0.6238,2.6464,35640625.7089,26961221.2539,3360882.3221,223110316.9377,168777245.0494
601398.SH,20241205,6.25,6.33,6.23,6.26,6.26,0.0,0.0,2645283.22,1659231.378,0.0981,0.92,6.1295,0.6238,2.6464,35640625.7089,26961221.2539,3360882.3221,223110316.9377,168777245.0494
601398.SH,20241206,6.26,6.34,6.25,6.32,6.26,0.06,0.9585,3119630.37,1968098.516,0.1157,1.04,6.1883,0.6298,2.6718,35640625.7089,26961221.2539,3360882.3221,225248754.4802,170394918.3246
601398.SH,20241209,6.3,6.37,6.28,6.32,6.32,0.0,0.0,3127432.96,1982868.64,0.116,1.03,6.1883,0.6298,2.6718,35640625.7089,26961221.2539,3360882.3221,225248754.4802,170394918.3246
601398.SH,20241210,6.35,6.45,6.33,6.42,6.32,0.1,1.5823,4372946.05,2792561.332,0.1622,1.38,6.2862,0.6397,2.714,35640625.7089,26961221.2539,3360882.3221,228812817.0511,173091040.45
601398.SH,20241211,6.4,6.45,6.3,6.31,6.42,-0.11,-1.7134,3870003.36,2461585.21,0.1435,1.15,6.1785,0.6288,2.6675,35640625.7089,26961221.2539,3360882.3221,224892348.2232,170125306.1121
601398.SH,20241212,6.32,6.42,6.31,6.42,6.31,0.11,1.7433,2901844.74,1851706.028,0.1076,0.85,6.2862,0.6397,2.714,35640625.7089,26961221.2539,3360882.3221,228812817.0511,173091040.45
601398.SH,20241213,6.4,6.45,6.36,6.39,6.42,-0.03,-0.4673,3890984.41,2494595.254,0.1443,1.12,6.2568,0.6367,2.7014,35640625.7089,26961221.2539,3360882.3221,227743598.2799,172282203.8124
601398.SH,20241216,6.39,6.58,6.38,6.53,6.39,0.14,2.1909,4715725.94,3074595.963,0.1749,1.3,6.3939,0.6507,2.7605,35640625.7089,26961221.2539,3360882.3221,232733285.8791,176056774.788
601398.SH,20241217,6.52,6.59,6.51,6.51,6.53,-0.02,-0.3063,3138477.22,2053036.753,0.1164,0.79,6.3743,0.6487,2.7521,35640625.7089,26961221.2539,3360882.3221,232020473.3649,175517550.3629
601398.SH,20241218,6.54,6.65,6.53,6.59,6.51,0.08,1.2289,3489424.53,2301576.369,0.1294,0.94,6.4526,0.6567,2.7859,35640625.7089,26961221.2539,3360882.3221,234871723.4217,177674448.0632
601398.SH,20241219,6.57,6.61,6.48,6.49,6.59,-0.1,-1.5175,3615285.11,2360581.313,0.1341,1.0,6.3547,0.6467,2.7436,35640625.7089,26961221.2539,3360882.3221,231307660.8508,174978325.9378
601398.SH,20241220,6.5,6.61,6.5,6.53,6.49,0.04,0.6163,3765488.42,2467195.131,0.1397,1.0,6.3939,0.6507,2.7605,35640625.7089,26961221.2539,3360882.3221,232733285.8791,176056774.788
601398.SH,20241223,6.53,6.76,6.53,6.7,6.53,0.17,2.6034,4871100.27,3253676.275,0.1807,1.3,6.5604,0.6676,2.8324,35640625.7089,26961221.2539,3360882.3221,238792192.2496,180640182.4011
601398.SH,20241224,6.71,6.79,6.65,6.78,6.7,0.08,1.194,4641473.68,3126875.532,0.1722,1.23,6.6387,0.6756,2.8662,35640625.7089,26961221.2539,3360882.3221,241643442.3063,182797080.1014
601398.SH,20241225,6.77,7.04,6.76,6.94,6.78,0.16,2.3599,6360901.32,4411842.457,0.2359,1.56,6.7953,0.6915,2.9339,35640625.7089,26961221.2539,3360882.3221,247345942.4198,187110875.5021
601398.SH,20241226,6.94,6.94,6.79,6.93,6.94,-0.01,-0.1441,4872522.64,3343500.772,0.1807,1.05,6.7856,0.6905,2.9296,35640625.7089,26961221.2539,3360882.3221,246989536.1627,186841263.2895
601398.SH,20241227,6.89,6.94,6.76,6.92,6.93,-0.01,-0.1443,5107040.6,3503590.982,0.1894,1.04,6.7758,0.6895,2.9254,35640625.7089,26961221.2539,3360882.3221,246633129.9056,186571651.077
601398.SH,20241230,6.88,7.0,6.87,6.95,6.92,0.03,0.4335,4823303.17,3342787.449,0.1789,0.93,6.8051,0.6925,2.9381,35640625.7089,26961221.2539,3360882.3221,247702348.6769,187380487.7146
601398.SH,20241231,6.94,7.03,6.9,6.92,6.95,-0.03,-0.4317,5209801.74,3632600.718,0.1932,1.01,6.7758,0.6895,2.9254,35640625.7089,26961221.2539,3360882.3221,246633129.9056,186571651.077
601398.SH,20250102,6.91,6.98,6.76,6.8,6.92,-0.12,-1.7341,5314824.65,3636887.2,0.1971,1.01,6.6583,0.6776,2.8747,35640625.7089,26961221.2539,3360882.3221,242356254.8205,183336304.5265
601398.SH,20250103,6.81,6.83,6.62,6.71,6.8,-0.09,-1.3235,5210739.86,3493034.297,0.1933,1.03,6.5701,0.6686,2.8366,35640625.7089,26961221.2539,3360882.3221,239148598.5067,180909794.6137
601398.SH,20250106,6.71,6.78,6.59,6.75,6.71,0.04,0.5961,4742246.52,3180308.148,0.1759,0.92,6.6093,0.6726,2.8535,35640625.7089,26961221.2539,3360882.3221,240574223.5351,181988243.4638
601398.SH,20250107,6.61,6.71,6.56,6.69,6.61,0.08,1.2103,3820217.77,2534162.279,0.1417,0.75,6.5506,0.6763,2.8282,35640625.7089,26961221.2539,3360882.3221,238435785.9925,180370570.1886
601398.SH,20250108,6.69,6.84,6.67,6.76,6.69,0.07,1.0463,3996842.84,2703647.491,0.1482,0.82,6.6191,0.6834,2.8578,35640625.7089,26961221.2539,3360882.3221,240930629.7922,182257855.6764
601398.SH,20250109,6.76,6.77,6.66,6.71,6.76,-0.05,-0.7396,2367234.19,1589593.952,0.0878,0.51,6.5701,0.6783,2.8366,35640625.7089,26961221.2539,3360882.3221,239148598.5067,180909794.6137
601398.SH,20250110,6.72,6.74,6.6,6.67,6.71,-0.04,-0.5961,2620257.88,1748468.963,0.0972,0.65,6.531,0.6743,2.8197,35640625.7089,26961221.2539,3360882.3221,237722973.4784,179831345.7635
601398.SH,20250113,6.66,6.67,6.49,6.6,6.67,-0.07,-1.0495,3306032.82,2177310.84,0.1226,0.94,6.4624,0.6672,2.7901,35640625.7089,26961221.2539,3360882.3221,235228129.6787,177944060.2757
601398.SH,20250114,6.59,6.65,6.56,6.61,6.6,0.01,0.1515,3418852.64,2259932.309,0.1268,1.06,6.4722,0.6682,2.7944,35640625.7089,26961221.2539,3360882.3221,235584535.9358,178213672.4883
601398.SH,20250115,6.6,6.73,6.58,6.63,6.61,0.02,0.3026,3075982.74,2046662.181,0.1141,0.98,6.4918,0.6702,2.8028,35640625.7089,26961221.2539,3360882.3221,236297348.45,178752896.9134
601398.SH,20250116,6.64,6.69,6.57,6.68,6.63,0.05,0.7541,2674681.38,1778119.565,0.0992,0.9,6.5408,0.6753,2.824,35640625.7089,26961221.2539,3360882.3221,238079379.7355,180100957.9761
601398.SH,20250117,6.67,6.7,6.6,6.61,6.68,-0.07,-1.0479,2781346.35,1846159.116,0.1032,0.92,6.4722,0.6682,2.7944,35640625.7089,26961221.2539,3360882.3221,235584535.9358,178213672.4883
601398.SH,20250120,6.62,6.63,6.56,6.57,6.61,-0.04,-0.6051,2273622.56,1498234.582,0.0843,0.75,6.4331,0.6642,2.7775,35640625.7089,26961221.2539,3360882.3221,234158910.9075,177135223.6381
601398.SH,20250121,6.58,6.61,6.52,6.55,6.57,-0.02,-0.3044,2157435.37,1417436.127,0.08,0.76,6.4135,0.6621,2.769,35640625.7089,26961221.2539,3360882.3221,233446098.3933,176595999.213
601398.SH,20250122,6.54,6.56,6.4,6.44,6.55,-0.11,-1.6794,4111693.63,2658494.738,0.1525,1.59,6.3058,0.651,2.7225,35640625.7089,26961221.2539,3360882.3221,229525629.5653,173630264.8751
601398.SH,20250123,6.48,6.69,6.48,6.66,6.44,0.22,3.4161,5446820.03,3602828.423,0.202,1.95,6.5212,0.6733,2.8155,35640625.7089,26961221.2539,3360882.3221,237366567.2213,179561733.551
601398.SH,20250124,6.67,6.72,6.57,6.67,6.66,0.01,0.1502,3282052.11,2189475.262,0.1217,0.98,6.531,0.6743,2.8197,35640625.7089,26961221.2539,3360882.3221,237722973.4784,179831345.7635
601398.SH,20250127,6.68,6.85,6.68,6.82,6.67,0.15,2.2489,3718662.19,2529075.691,0.1379,1.08,6.6779,0.6894,2.8831,35640625.7089,26961221.2539,3360882.3221,243069067.3347,183875528.9516
601398.SH,20250205,6.82,6.84,6.68,6.69,6.82,-0.13,-1.9062,3305406.17,2222211.105,0.1226,0.88,6.5506,0.6763,2.8282,35640625.7089,26961221.2539,3360882.3221,238435785.9925,180370570.1886
601398.SH,20250206,6.7,6.76,6.65,6.69,6.69,0.0,0.0,2644237.25,1768795.001,0.0981,0.67,6.5506,0.6763,2.8282,35640625.7089,26961221.2539,3360882.3221,238435785.9925,180370570.1886
601398.SH,20250207,6.67,6.69,6.61,6.69,6.69,0.0,0.0,3676439.0,2445156.83,0.1364,1.0,6.5506,0.6763,2.8282,35640625.7089,26961221.2539,3360882.3221,238435785.9925,180370570.1886
601398.SH,20250210,6.66,6.74,6.64,6.67,6.69,-0.02,-0.299,3119268.33,2088870.492,0.1157,0.94,6.531,0.6743,2.8197,35640625.7089,26961221.2539,3360882.3221,237722973.4784,179831345.7635
601398.SH,20250211,6.68,6.82,6.68,6.82,6.67,0.15,2.2489,3941954.1,2664073.222,0.1462,1.2,6.6779,0.6894,2.8831,35640625.7089,26961221.2539,3360882.3221,243069067.3347,183875528.9516
601398.SH,20250212,6.81,6.92,6.73,6.9,6.82,0.08,1.173,3257811.48,2231545.258,0.1208,0.98,6.7562,0.6975,2.917,35640625.7089,26961221.2539,3360882.3221,245920317.3914,186032426.6519
601398.SH,20250213,6.89,6.99,6.87,6.96,6.9,0.06,0.8696,2945244.26,2045526.566,0.1092,0.89,6.8149,0.7036,2.9423,35640625.7089,26961221.2539,3360882.3221,248058754.9339,187650099.9271
601398.SH,20250214,6.96,7.0,6.9,6.99,6.96,0.03,0.431,2531577.91,1759162.065,0.0939,0.75,6.8443,0.7066,2.955,35640625.7089,26961221.2539,3360882.3221,249127973.7052,188458936.5648
601398.SH,20250217,6.98,7.0,6.91,6.96,6.99,-0.03,-0.4292,2713460.03,1885698.489,0.1006,0.86,6.8149,0.7036,2.9423,35640625.7089,26961221.2539,3360882.3221,248058754.9339,187650099.9271
601398.SH,20250218,6.95,7.14,6.94,7.09,6.96,0.13,1.8678,3975121.35,2808344.232,0.1474,1.29,6.9422,0.7167,2.9973,35640625.7089,26961221.2539,3360882.3221,252692036.2761,191155058.6902
601398.SH,20250219,7.08,7.12,7.03,7.05,7.09,-0.04,-0.5642,3220723.43,2274371.586,0.1195,1.04,6.9031,0.7127,2.9804,35640625.7089,26961221.2539,3360882.3221,251266411.2477,190076609.84
601398.SH,20250220,7.04,7.09,7.0,7.08,7.05,0.03,0.4255,2513266.56,1772394.388,0.0932,0.82,6.9324,0.7157,2.9931,35640625.7089,26961221.2539,3360882.3221,252335630.019,190885446.4776
601398.SH,20250221,7.06,7.07,6.91,6.93,7.08,-0.15,-2.1186,5772098.0,4021172.959,0.2141,1.93,6.7856,0.7006,2.9296,35640625.7089,26961221.2539,3360882.3221,246989536.1627,186841263.2895
601398.SH,20250224,6.9,6.94,6.82,6.89,6.93,-0.04,-0.5772,4373309.85,3008552.846,0.1622,1.2,6.7464,0.6965,2.9127,35640625.7089,26961221.2539,3360882.3221,245563911.1343,185762814.4394
601398.SH,20250225,6.89,6.93,6.83,6.86,6.89,-0.03,-0.4354,3139844.75,2159709.477,0.1165,0.79,6.717,0.6935,2.9001,35640625.7089,26961221.2539,3360882.3221,244494692.3631,184953977.8018
601398.SH,20250226,6.86,6.94,6.84,6.88,6.86,0.02,0.2915,3293700.1,2269557.031,0.1222,0.87,6.7366,0.6955,2.9085,35640625.7089,26961221.2539,3360882.3221,245207504.8772,185493202.2268
601398.SH,20250227,6.86,6.95,6.76,6.93,6.88,0.05,0.7267,4391902.34,3015352.621,0.1629,1.15,6.7856,0.7006,2.9296,35640625.7089,26961221.2539,3360882.3221,246989536.1627,186841263.2895
601398.SH,20250228,6.9,6.98,6.87,6.87,6.93,-0.06,-0.8658,4315896.2,2985870.129,0.1601,1.03,6.7268,0.6945,2.9043,35640625.7089,26961221.2539,3360882.3221,244851098.6201,185223590.0143
601398.SH,20250303,6.87,6.89,6.78,6.85,6.87,-0.02,-0.2911,3964019.25,2705652.927,0.147,1.02,6.7072,0.6925,2.8958,35640625.7089,26961221.2539,3360882.3221,244138286.106,184684365.5892
601398.SH,20250304,6.82,6.84,6.78,6.78,6.85,-0.07,-1.0219,3436561.71,2336781.175,0.1275,0.9,6.6387,0.6854,2.8662,35640625.7089,26961221.2539,3360882.3221,241643442.3063,182797080.1014
601398.SH,20250305,6.77,6.9,6.73,6.87,6.78,0.09,1.3274,4599123.6,3147082.337,0.1706,1.19,6.7268,0.6945,2.9043,35640625.7089,26961221.2539,3462274.4921,244851098.6201,185223590.0143
601398.SH,20250306,6.85,6.86,6.79,6.83,6.87,-0.04,-0.5822,3656712.05,2495349.517,0.1356,0.88,6.6876,0.6904,2.8874,35640625.7089,26961221.2539,3462274.4921,243425473.5918,184145141.1641
601398.SH,20250307,6.83,6.85,6.79,6.8,6.83,-0.03,-0.4392,3223755.78,2195284.348,0.1196,0.81,6.6583,0.6874,2.8747,35640625.7089,26961221.2539,3462274.4921,242356254.8205,183336304.5265
601398.SH,20250310,6.79,6.8,6.72,6.74,6.8,-0.06,-0.8824,3242116.47,2186689.995,0.1203,0.86,6.5995,0.6813,2.8493,35640625.7089,26961221.2539,3462274.4921,240217817.278,181718631.2513
601398.SH,20250311,6.72,6.78,6.72,6.78,6.74,0.04,0.5935,2680002.41,1809114.543,0.0994,0.74,6.6387,0.6854,2.8662,35640625.7089,26961221.2539,3462274.4921,241643442.3063,182797080.1014
601398.SH,20250312,6.76,6.77,6.7,6.72,6.78,-0.06,-0.885,3177702.18,2135384.159,0.1179,0.91,6.5799,0.6793,2.8409,35640625.7089,26961221.2539,3462274.4921,239505004.7638,181179406.8262
601398.SH,20250313,6.72,6.77,6.7,6.73,6.72,0.01,0.1488,2572950.17,1734795.847,0.0954,0.81,6.5897,0.6803,2.8451,35640625.7089,26961221.2539,3462274.4921,239861411.0209,181449019.0387
601398.SH,20250314,6.72,6.81,6.72,6.75,6.73,0.02,0.2972,4890721.29,3311312.295,0.1814,1.64,6.6093,0.6824,2.8535,35640625.7089,26961221.2539,3462274.4921,240574223.5351,181988243.4638
601398.SH,20250317,6.75,6.83,6.74,6.81,6.75,0.06,0.8889,3586198.28,2436756.611,0.133,1.08,6.6681,0.6884,2.8789,35640625.7089,26961221.2539,3462274.4921,242712661.0776,183605916.7391
601398.SH,20250318,6.83,6.84,6.77,6.8,6.81,-0.01,-0.1468,2369528.1,1611444.863,0.0879,0.7,6.6583,0.6874,2.8747,35640625.7089,26961221.2539,3462274.4921,242356254.8205,183336304.5265
601398.SH,20250319,6.81,6.88,6.8,6.87,6.8,0.07,1.0294,3032694.2,2077764.026,0.1125,0.91,6.7268,0.6945,2.9043,35640625.7089,26961221.2539,3462274.4921,244851098.6201,185223590.0143
601398.SH,20250320,6.87,6.92,6.81,6.84,6.87,-0.03,-0.4367,3008452.41,2058985.286,0.1116,0.91,6.6974,0.6915,2.8916,35640625.7089,26961221.2539,3462274.4921,243781879.8489,184414753.3767
601398.SH,20250321,6.82,6.85,6.75,6.76,6.84,-0.08,-1.1696,3087991.23,2096634.446,0.1145,0.91,6.6191,0.6834,2.8578,35640625.7089,26961221.2539,3462274.4921,240930629.7922,182257855.6764
601398.SH,20250324,6.76,6.85,6.76,6.82,6.76,0.06,0.8876,3060401.69,2084392.843,0.1135,1.01,6.6779,0.6894,2.8831,35640625.7089,26961221.2539,3462274.4921,243069067.3347,183875528.9516
601398.SH,20250325,6.83,6.87,6.81,6.85,6.82,0.03,0.4399,2318056.72,1587419.428,0.086,0.8,6.7072,0.6925,2.8958,35640625.7089,26961221.2539,3462274.4921,244138286.106,184684365.5892
601398.SH,20250326,6.86,6.88,6.81,6.83,6.85,-0.02,-0.292,2337800.88,1598912.19,0.0867,0.81,6.6876,0.6904,2.8874,35640625.7089,26961221.2539,3462274.4921,243425473.5918,184145141.1641
601398.SH,20250327,6.82,6.89,6.82,6.87,6.83,0.04,0.5857,2580278.1,1771784.348,0.0957,0.93,6.7268,0.6945,2.9043,35640625.7089,26961221.2539,3462274.4921,244851098.6201,185223590.0143
601398.SH,20250328,6.86,6.88,6.83,6.88,6.87,0.01,0.1456,2128381.48,1458086.737,0.0789,0.8,6.7366,0.6955,2.9085,35640625.7089,26961221.2539,3462274.4921,245207504.8772,185493202.2268
601398.SH,20250331,6.88,6.94,6.8,6.89,6.88,0.01,0.1453,4071337.79,2804461.039,0.151,1.64,6.7119,0.6736,2.9881,35640625.7089,26961221.2539,3462274.4921,245563911.1343,185762814.4394
601398.SH,20250401,6.87,6.9,6.78,6.8,6.89,-0.09,-1.3062,4284291.19,2917602.553,0.1589,1.59,6.6242,0.6648,2.9491,35640625.7089,26961221.2539,3462274.4921,242356254.8205,183336304.5265
601398.SH,20250402,6.79,6.86,6.78,6.85,6.8,0.05,0.7353,3099744.34,2116421.3,0.115,1.01,6.6729,0.6697,2.9708,35640625.7089,26961221.2539,3462274.4921,244138286.106,184684365.5892
601398.SH,20250403,6.82,6.9,6.82,6.89,6.85,0.04,0.5839,3061668.81,2102242.324,0.1136,0.95,6.7119,0.6736,2.9881,35640625.7089,26961221.2539,3462274.4921,245563911.1343,185762814.4394
601398.SH,20250407,6.8,6.82,6.6,6.76,6.89,-0.13,-1.8868,8491567.26,5702039.106,0.315,2.55,6.5853,0.6609,2.9317,35640625.7089,26961221.2539,3462274.4921,240930629.7922,182257855.6764
601398.SH,20250408,6.7,6.84,6.68,6.82,6.76,0.06,0.8876,6712678.31,4544166.472,0.249,1.46,6.6437,0.6668,2.9578,35640625.7089,26961221.2539,3462274.4921,243069067.3347,183875528.9516
601398.SH,20250409,6.79,6.89,6.74,6.8,6.82,-0.02,-0.2933,5661687.7,3844424.813,0.21,1.1,6.6242,0.6648,2.9491,35640625.7089,26961221.2539,3462274.4921,242356254.8205,183336304.5265
601398.SH,20250410,6.8,6.8,6.73,6.75,6.8,-0.05,-0.7353,4013375.08,2710599.655,0.1489,0.74,6.5755,0.6599,2.9274,35640625.7089,26961221.2539,3462274.4921,240574223.5351,181988243.4638
601398.SH,20250411,6.76,6.8,6.72,6.8,6.75,0.05,0.7407,3475544.77,2348002.468,0.1289,0.62,6.6242,0.6648,2.9491,35640625.7089,26961221.2539,3462274.4921,242356254.8205,183336304.5265
601398.SH,20250414,6.78,6.9,6.77,6.87,6.8,0.07,1.0294,4394042.22,3007411.465,0.163,0.77,6.6924,0.6717,2.9794,35640625.7089,26961221.2539,3462274.4921,244851098.6201,185223590.0143
601398.SH,20250415,6.87,6.97,6.86,6.96,6.87,0.09,1.31,3841790.13,2662998.736,0.1425,0.79,6.7801,0.6805,3.0185,35640625.7089,26961221.2539,3462274.4921,248058754.9339,187650099.9271
601398.SH,20250416,6.96,7.06,6.93,7.06,6.96,0.1,1.4368,4132402.27,2892689.93,0.1533,0.97,6.8775,0.6902,3.0618,35640625.7089,26961221.2539,3462274.4921,251622817.5048,190346222.0525
601398.SH,20250417,7.05,7.08,6.96,7.05,7.06,-0.01,-0.1416,2639188.35,1851782.419,0.0979,0.66,6.8678,0.6893,3.0575,35640625.7089,26961221.2539,3462274.4921,251266411.2477,190076609.84
601398.SH,20250418,7.04,7.17,7.03,7.14,7.05,0.09,1.2766,3884345.3,2766835.232,0.1441,1.05,6.9554,0.6981,3.0965,35640625.7089,26961221.2539,3462274.4921,254474067.5615,192503119.7528
601398.SH,20250421,7.13,7.25,7.05,7.05,7.14,-0.09,-1.2605,3742983.83,2668689.81,0.1388,0.99,6.8678,0.6893,3.0575,35640625.7089,26961221.2539,3462274.4921,251266411.2477,190076609.84
601398.SH,20250422,7.05,7.16,7.04,7.15,7.05,0.1,1.4184,2997870.96,2134511.557,0.1112,0.82,6.9652,0.699,3.1009,35640625.7089,26961221.2539,3462274.4921,254830473.8186,192772731.9654
601398.SH,20250423,7.14,7.17,7.07,7.11,7.15,-0.04,-0.5594,2569772.81,1828680.838,0.0953,0.74,6.9262,0.6951,3.0835,35640625.7089,26961221.2539,3462274.4921,253404848.7903,191694283.1152
601398.SH,20250424,7.09,7.29,7.09,7.24,7.11,0.13,1.8284,3576108.7,2578423.054,0.1326,1.13,7.0529,0.7078,3.1399,35640625.7089,26961221.2539,3462274.4921,258038130.1324,195199241.8782
601398.SH,20250425,7.25,7.31,7.17,7.21,7.24,-0.03,-0.4144,2326019.76,1680542.606,0.0863,0.69,7.0236,0.7049,3.1269,35640625.7089,26961221.2539,3462274.4921,256968911.3612,194390405.2406
601398.SH,20250428,7.22,7.34,7.22,7.29,7.21,0.08,1.1096,2853765.8,2081021.042,0.1058,0.94,7.1016,0.7127,3.1616,35640625.7089,26961221.2539,3462274.4921,259820161.4179,196547302.9409
601398.SH,20250429,7.3,7.33,7.24,7.27,7.29,-0.02,-0.2743,2179737.89,1585106.865,0.0808,0.76,7.0821,0.7108,3.1529,35640625.7089,26961221.2539,3462274.4921,259107348.9037,196008078.5159
601398.SH,20250430,7.22,7.23,6.97,7.01,7.27,-0.26,-3.5763,6449971.31,4547350.16,0.2392,2.39,6.8288,0.6731,3.0402,35640625.7089,26961221.2539,3462274.4921,249840786.2194,188998160.9898
601398.SH,20250506,7.01,7.03,6.93,6.98,7.01,-0.03,-0.428,3663740.62,2553328.289,0.1359,1.05,6.7996,0.6702,3.0271,35640625.7089,26961221.2539,3462274.4921,248771567.4481,188189324.3522
601398.SH,20250507,7.01,7.11,6.97,7.11,6.98,0.13,1.8625,4336456.24,3063562.853,0.1608,1.24,6.9262,0.6827,3.0835,35640625.7089,26961221.2539,3462274.4921,253404848.7903,191694283.1152
601398.SH,20250508,7.09,7.17,7.08,7.11,7.11,0.0,0.0,2837120.76,2017330.424,0.1052,0.73,6.9262,0.6827,3.0835,35640625.7089,26961221.2539,3462274.4921,253404848.7903,191694283.1152
601398.SH,20250509,7.1,7.23,7.1,7.17,7.11,0.06,0.8439,3121965.48,2237795.766,0.1158,0.8,6.9847,0.6884,3.1095,35640625.7089,26961221.2539,3462274.4921,255543286.3328,193311956.3905
601398.SH,20250512,7.15,7.18,7.11,7.16,7.17,-0.01,-0.1395,2702769.88,1932351.708,0.1002,0.66,6.9749,0.6875,3.1052,35640625.7089,26961221.2539,3462274.4921,255186880.0757,193042344.1779
601398.SH,20250513,7.16,7.25,7.12,7.23,7.16,0.07,0.9777,2767459.46,1994786.847,0.1026,0.83,7.0431,0.6942,3.1356,35640625.7089,26961221.2539,3462274.4921,257681723.8753,194929629.6657
601398.SH,20250514,7.23,7.28,7.2,7.23,7.23,0.0,0.0,2868697.06,2076209.237,0.1064,0.91,7.0431,0.6942,3.1356,35640625.7089,26961221.2539,3462274.4921,257681723.8753,194929629.6657
601398.SH,20250515,7.23,7.29,7.22,7.27,7.23,0.04,0.5533,2702620.63,1961219.204,0.1002,0.95,7.0821,0.698,3.1529,35640625.7089,26961221.2539,3462274.4921,259107348.9037,196008078.5159
601398.SH,20250516,7.26,7.3,7.12,7.16,7.27,-0.11,-1.5131,3935141.31,2821005.777,0.146,1.39,6.9749,0.6875,3.1052,35640625.7089,26961221.2539,3462274.4921,255186880.0757,193042344.1779
601398.SH,20250519,7.16,7.2,7.11,7.12,7.16,-0.04,-0.5587,2566690.58,1835179.445,0.0952,0.86,6.936,0.6836,3.0879,35640625.7089,26961221.2539,3462274.4921,253761255.0474,191963895.3278
601398.SH,20250520,7.14,7.16,7.1,7.13,7.12,0.01,0.1404,1976912.46,1409121.067,0.0733,0.67,6.9457,0.6846,3.0922,35640625.7089,26961221.2539,3462274.4921,254117661.3045,192233507.5403
601398.SH,20250521,7.13,7.19,7.11,7.14,7.13,0.01,0.1403,2540712.78,1817575.023,0.0942,0.9,6.9554,0.6856,3.0965,35640625.7089,26961221.2539,3462274.4921,254474067.5615,192503119.7528
601398.SH,20250522,7.15,7.16,7.1,7.12,7.14,-0.02,-0.2801,2940759.11,2095825.511,0.1091,1.07,6.936,0.6836,3.0879,35640625.7089,26961221.2539,3462274.4921,253761255.0474,191963895.3278
601398.SH,20250523,7.12,7.15,7.07,7.08,7.12,-0.04,-0.5618,3169188.22,2250187.441,0.1175,1.14,6.897,0.6798,3.0705,35640625.7089,26961221.2539,3462274.4921,252335630.019,190885446.4776
601398.SH,20250526,7.08,7.1,7.03,7.05,7.08,-0.03,-0.4237,2876449.99,2031163.197,0.1067,1.09,6.8678,0.6769,3.0575,35640625.7089,26961221.2539,3462274.4921,251266411.2477,190076609.84
601398.SH,20250527,7.05,7.09,7.04,7.06,7.05,0.01,0.1418,1825202.33,1290694.507,0.0677,0.68,6.8775,0.6779,3.0618,35640625.7089,26961221.2539,3462274.4921,251622817.5048,190346222.0525
601398.SH,20250528,7.06,7.08,7.02,7.05,7.06,-0.01,-0.1416,1710175.46,1204153.102,0.0634,0.64,6.8678,0.6769,3.0575,35640625.7089,26961221.2539,3462274.4921,251266411.2477,190076609.84
601398.SH,20250529,7.05,7.07,7.02,7.04,7.05,-0.01,-0.1418,1934698.56,1361048.215,0.0718,0.77,6.858,0.676,3.0532,35640625.7089,26961221.2539,3462274.4921,250910004.9907,189806997.6275
601398.SH,20250530,7.05,7.12,7.02,7.07,7.04,0.03,0.4261,3467599.35,2453474.445,0.1286,1.51,6.8873,0.6788,3.0662,35640625.7089,26961221.2539,3462274.4921,251979223.7619,190615834.2651
601398.SH,20250603,7.05,7.13,7.04,7.11,7.07,0.04,0.5658,2728118.11,1935871.377,0.1012,1.15,6.9262,0.6827,3.0835,35640625.7089,26961221.2539,3462274.4921,253404848.7903,191694283.1152
601398.SH,20250604,7.11,7.12,7.06,7.08,7.11,-0.03,-0.4219,2118975.5,1501300.431,0.0786,0.91,6.897,0.6798,3.0705,35640625.7089,26961221.2539,3462274.4921,252335630.019,190885446.4776
601398.SH,20250605,7.08,7.12,7.07,7.09,7.08,0.01,0.1412,2255742.17,1598752.218,0.0837,0.94,6.9067,0.6808,3.0748,35640625.7089,26961221.2539,3462274.4921,252692036.2761,191155058.6902
601398.SH,20250606,7.1,7.12,7.07,7.1,7.09,0.01,0.141,1870299.62,1326482.212,0.0694,0.75,6.9165,0.6817,3.0792,35640625.7089,26961221.2539,3462274.4921,253048442.5332,191424670.9027
601398.SH,20250609,7.1,7.11,7.04,7.08,7.1,-0.02,-0.2817,2913684.55,2060159.019,0.1081,1.17,6.897,0.6798,3.0705,35640625.7089,26961221.2539,3462274.4921,252335630.019,190885446.4776
601398.SH,20250610,7.08,7.19,7.07,7.1,7.08,0.02,0.2825,4161322.02,2968939.276,0.1543,1.75,6.9165,0.6817,3.0792,35640625.7089,26961221.2539,3462274.4921,253048442.5332,191424670.9027
601398.SH,20250611,7.1,7.15,7.09,7.12,7.1,0.02,0.2817,2247733.72,1600489.311,0.0834,0.84,6.936,0.6836,3.0879,35640625.7089,26961221.2539,3462274.4921,253761255.0474,191963895.3278
601398.SH,20250612,7.12,7.13,7.09,7.11,7.12,-0.01,-0.1404,2318336.35,1647893.541,0.086,0.86,6.9262,0.6827,3.0835,35640625.7089,26961221.2539,3462274.4921,253404848.7903,191694283.1152
601398.SH,20250613,7.11,7.13,7.08,7.09,7.11,-0.02,-0.2813,2808948.07,1993391.253,0.1042,1.04,6.9067,0.6808,3.0748,35640625.7089,26961221.2539,3462274.4921,252692036.2761,191155058.6902
601398.SH,20250616,7.08,7.14,7.02,7.14,7.09,0.05,0.7052,2786039.77,1973414.702,0.1033,0.96,6.9554,0.6856,3.0965,35640625.7089,26961221.2539,3462274.4921,254474067.5615,192503119.7528
601398.SH,20250617,7.13,7.17,7.12,7.17,7.14,0.03,0.4202,2279382.64,1631206.054,0.0845,0.8,6.9847,0.6884,3.1095,35640625.7089,26961221.2539,3462274.4921,255543286.3328,193311956.3905
601398.SH,20250618,7.17,7.25,7.16,7.25,7.17,0.08,1.1158,3321322.52,2399282.24,0.1232,1.33,7.0626,0.6961,3.1442,35640625.7089,26961221.2539,3462274.4921,258394536.3895,195468854.0908
601398.SH,20250619,7.24,7.3,7.2,7.3,7.25,0.05,0.6897,2841779.66,2063441.901,0.1054,1.05,7.1113,0.7009,3.1659,35640625.7089,26961221.2539,3462274.4921,260176567.675,196816915.1535
601398.SH,20250620,7.29,7.38,7.28,7.37,7.3,0.07,0.9589,3106927.74,2278784.786,0.1152,1.11,7.1795,0.7077,3.1963,35640625.7089,26961221.2539,3462274.4921,262671411.4746,198704200.6412
601398.SH,20250623,7.36,7.56,7.33,7.52,7.37,0.15,2.0353,3897378.15,2904803.935,0.1446,1.36,7.3256,0.7221,3.2613,35640625.7089,26961221.2539,3462274.4921,268017505.3309,202748383.8293
601398.SH,20250624,7.51,7.64,7.5,7.63,7.52,0.11,1.4628,3560199.0,2697370.67,0.132,1.15,7.4328,0.7326,3.309,35640625.7089,26961221.2539,3462274.4921,271937974.1589,205714118.1673
601398.SH,20250625,7.61,7.71,7.52,7.67,7.63,0.04,0.5242,3495451.55,2670562.941,0.1296,1.04,7.4717,0.7365,3.3264,35640625.7089,26961221.2539,3462274.4921,273363599.1873,206792567.0174
601398.SH,20250626,7.66,7.75,7.62,7.72,7.67,0.05,0.6519,2931890.14,2256598.292,0.1087,0.87,7.5205,0.7413,3.3481,35640625.7089,26961221.2539,3462274.4921,275145630.4727,208140628.0801
601398.SH,20250627,7.72,7.76,7.48,7.5,7.72,-0.22,-2.8497,4820511.41,3654638.053,0.1788,1.42,7.3061,0.7201,3.2527,35640625.7089,26961221.2539,3462274.4921,267304692.8168,202209159.4043
601398.SH,20250630,7.48,7.61,7.42,7.59,7.5,0.09,1.2,3061472.45,2307954.197,0.1136,0.82,7.3938,0.7288,3.2917,35640625.7089,26961221.2539,3462274.4921,270512349.1306,204635669.3171
601398.SH,20250701,7.59,7.74,7.58,7.66,7.59,0.07,0.9223,2683319.21,2061516.556,0.0995,0.75,7.462,0.7355,3.3221,35640625.7089,26961221.2539,3462274.4921,273007192.9302,206522954.8049
601398.SH,20250702,7.68,7.71,7.65,7.68,7.66,0.02,0.2611,2068290.92,1588904.79,0.0767,0.61,7.4815,0.7374,3.3307,35640625.7089,26961221.2539,3462274.4921,273720005.4444,207062179.23
601398.SH,20250703,7.68,7.72,7.6,7.64,7.68,-0.04,-0.5208,2256541.26,1727134.627,0.0837,0.72,7.4425,0.7336,3.3134,35640625.7089,26961221.2539,3462274.4921,272294380.416,205983730.3798
601398.SH,20250704,7.64,7.78,7.63,7.75,7.64,0.11,1.4398,2890571.41,2231478.827,0.1072,0.97,7.5497,0.7441,3.3611,35640625.7089,26961221.2539,3462274.4921,276214849.244,208949464.7177
601398.SH,20250707,7.74,7.77,7.7,7.73,7.75,-0.02,-0.2581,1948834.25,1507334.339,0.0723,0.75,7.5302,0.7422,3.3524,35640625.7089,26961221.2539,3462274.4921,275502036.7298,208410240.2926
601398.SH,20250708,7.73,7.78,7.7,7.76,7.73,0.03,0.3881,1983420.24,1536668.535,0.0736,0.84,7.5594,0.7451,3.3654,35640625.7089,26961221.2539,3462274.4921,276571255.5011,209219076.9303
601398.SH,20250709,7.76,7.93,7.75,7.85,7.76,0.09,1.1598,2898275.66,2281970.067,0.1075,1.3,7.6471,0.7537,3.4045,35640625.7089,26961221.2539,3462274.4921,279778911.8149,211645586.8431
601398.SH,20250710,7.87,8.13,7.87,8.08,7.85,0.23,2.9299,5870466.49,4723382.454,0.2177,2.45,7.8712,0.7758,3.5042,35640625.7089,26961221.2539,3462274.4921,287976255.7279,217846667.7315
601398.SH,20250711,8.12,8.36,8.01,8.01,8.08,-0.07,-0.8663,8885955.67,7287115.483,0.3296,2.85,7.803,0.7691,3.4738,35640625.7089,26961221.2539,3462274.4921,285481411.9283,215959382.2437
601398.SH,20250714,7.9,7.98,7.84,7.84,7.85,-0.01,-0.1274,4706935.07,3718881.121,0.1746,1.09,7.6374,0.7649,3.4001,35640625.7089,26961221.2539,3462274.4921,279422505.5578,211375974.6306
601398.SH,20250715,7.86,7.88,7.76,7.8,7.84,-0.04,-0.5102,3186881.1,2491230.676,0.1182,0.65,7.5984,0.761,3.3828,35640625.7089,26961221.2539,3462274.4921,277996880.5294,210297525.7804
601398.SH,20250716,7.77,7.8,7.7,7.8,7.8,0.0,0.0,3524987.73,2727111.481,0.1307,0.69,7.5984,0.761,3.3828,35640625.7089,26961221.2539,3462274.4921,277996880.5294,210297525.7804
601398.SH,20250717,7.79,7.81,7.72,7.75,7.8,-0.05,-0.641,2793216.72,2165167.688,0.1036,0.53,7.5497,0.7561,3.3611,35640625.7089,26961221.2539,3462274.4921,276214849.244,208949464.7177
601398.SH,20250718,7.74,7.82,7.7,7.77,7.75,0.02,0.2581,2727850.06,2118707.043,0.1012,0.59,7.5692,0.758,3.3698,35640625.7089,26961221.2539,3462274.4921,276927661.7582,209488689.1428
601398.SH,20250721,7.76,7.77,7.67,7.7,7.77,-0.07,-0.9009,3135465.93,2416554.043,0.1163,0.93,7.501,0.7512,3.3394,35640625.7089,26961221.2539,3462274.4921,274432817.9585,207601403.655
601398.SH,20250722,7.67,7.68,7.56,7.6,7.7,-0.1,-1.2987,4778345.17,3631140.814,0.1772,1.55,7.4036,0.7415,3.296,35640625.7089,26961221.2539,3462274.4921,270868755.3876,204905281.5296
601398.SH,20250723,7.59,7.73,7.56,7.65,7.6,0.05,0.6579,4891056.37,3743744.906,0.1814,1.44,7.4523,0.7463,3.3177,35640625.7089,26961221.2539,3462274.4921,272650786.6731,206253342.5923
601398.SH,20250724,7.65,7.67,7.53,7.55,7.65,-0.1,-1.3072,4623948.3,3497603.345,0.1715,1.26,7.3548,0.7366,3.2743,35640625.7089,26961221.2539,3462274.4921,269086724.1022,203557220.4669
601398.SH,20250725,7.53,7.58,7.48,7.49,7.55,-0.06,-0.7947,3308917.47,2491086.129,0.1227,0.82,7.2964,0.7307,3.2483,35640625.7089,26961221.2539,3462274.4921,266948286.5597,201939547.1917
601398.SH,20250728,7.49,7.54,7.46,7.49,7.49,0.0,0.0,2734226.83,2051369.273,0.1014,0.66,7.2964,0.7307,3.2483,35640625.7089,26961221.2539,3462274.4921,266948286.5597,201939547.1917
601398.SH,20250729,7.49,7.52,7.43,7.43,7.49,-0.06,-0.8011,2922719.28,2182949.359,0.1084,0.72,7.238,0.7249,3.2223,35640625.7089,26961221.2539,3462274.4921,264809849.0171,200321873.9165
601398.SH,20250730,7.43,7.55,7.4,7.49,7.43,0.06,0.8075,3907271.11,2927215.141,0.1449,1.06,7.2964,0.7307,3.2483,35640625.7089,26961221.2539,3462274.4921,266948286.5597,201939547.1917
601398.SH,20250731,7.49,7.59,7.42,7.56,7.49,0.07,0.9346,4809696.17,3614613.287,0.1784,1.37,7.3646,0.7376,3.2787,35640625.7089,26961221.2539,3462274.4921,269443130.3593,203826832.6795
601398.SH,20250801,7.56,7.67,7.48,7.62,7.56,0.06,0.7937,5145899.6,3907516.134,0.1909,1.46,7.423,0.7434,3.3047,35640625.7089,26961221.2539,3462274.4921,271581567.9018,205444505.9547
601398.SH,20250804,7.63,7.78,7.62,7.68,7.62,0.06,0.7874,4482750.76,3454575.647,0.1663,1.15,7.4815,0.7493,3.3307,35640625.7089,26961221.2539,3462274.4921,273720005.4444,207062179.23
601398.SH,20250805,7.68,7.76,7.63,7.76,7.68,0.08,1.0417,3403182.1,2621498.587,0.1262,0.8,7.5594,0.7571,3.3654,35640625.7089,26961221.2539,3462274.4921,276571255.5011,209219076.9303
601398.SH,20250806,7.75,7.8,7.71,7.76,7.76,0.0,0.0,2967782.13,2301147.116,0.1101,0.68,7.5594,0.7571,3.3654,35640625.7089,26961221.2539,3462274.4921,276571255.5011,209219076.9303
601398.SH,20250807,7.75,7.87,7.7,7.84,7.76,0.08,1.0309,3789820.97,2960611.114,0.1406,0.91,7.6374,0.7649,3.4001,35640625.7089,26961221.2539,3462274.4921,279422505.5578,211375974.6306
601398.SH,20250808,7.84,7.9,7.77,7.79,7.84,-0.05,-0.6378,2739257.73,2144008.142,0.1016,0.69,7.5886,0.76,3.3784,35640625.7089,26961221.2539,3462274.4921,277640474.2723,210027913.5679
601398.SH,20250811,7.78,7.8,7.68,7.7,7.79,-0.09,-1.1553,3368392.16,2599658.65,0.1249,0.97,7.501,0.7512,3.3394,35640625.7089,26961221.2539,3462274.4921,274432817.9585,207601403.655
601398.SH,20250812,7.69,7.81,7.67,7.78,7.7,0.08,1.039,3183980.82,2474883.1,0.1181,0.98,7.5789,0.759,3.3741,35640625.7089,26961221.2539,3462274.4921,277284068.0152,209758301.3553
601398.SH,20250813,7.77,7.82,7.7,7.7,7.78,-0.08,-1.0283,3360196.75,2601354.456,0.1246,1.05,7.501,0.7512,3.3394,35640625.7089,26961221.2539,3462274.4921,274432817.9585,207601403.655
601398.SH,20250814,7.7,7.76,7.67,7.69,7.7,-0.01,-0.1299,2834872.82,2187318.596,0.1051,0.86,7.4912,0.7502,3.3351,35640625.7089,26961221.2539,3462274.4921,274076411.7014,207331791.4425
601398.SH,20250815,7.7,7.72,7.48,7.55,7.69,-0.14,-1.8205,6480057.87,4882339.779,0.2403,2.09,7.3548,0.7366,3.2743,35640625.7089,26961221.2539,3462274.4921,269086724.1022,203557220.4669
601398.SH,20250818,7.51,7.54,7.46,7.53,7.55,-0.02,-0.2649,4072372.49,3054805.757,0.151,1.06,7.3354,0.7346,3.2657,35640625.7089,26961221.2539,3462274.4921,268373911.588,203017996.0419
601398.SH,20250819,7.53,7.6,7.51,7.57,7.53,0.04,0.5312,3385247.03,2560802.995,0.1256,0.85,7.3743,0.7385,3.283,35640625.7089,26961221.2539,3462274.4921,269799536.6164,204096444.892
601398.SH,20250820,7.58,7.62,7.56,7.57,7.57,0.0,0.0,3315205.86,2515293.334,0.123,0.82,7.3743,0.7385,3.283,35640625.7089,26961221.2539,3462274.4921,269799536.6164,204096444.892
601398.SH,20250821,7.57,7.62,7.51,7.6,7.57,0.03,0.3963,3443027.53,2609843.96,0.1277,0.86,7.4036,0.7415,3.296,35640625.7089,26961221.2539,3462274.4921,270868755.3876,204905281.5296
601398.SH,20250822,7.6,7.63,7.53,7.63,7.6,0.03,0.3947,3837727.89,2908481.745,0.1423,0.93,7.4328,0.7444,3.309,35640625.7089,26961221.2539,3462274.4921,271937974.1589,205714118.1673
601398.SH,20250825,7.6,7.61,7.55,7.59,7.63,-0.04,-0.5242,4131598.05,3129154.376,0.1532,1.14,7.3938,0.7405,3.2917,35640625.7089,26961221.2539,3462274.4921,270512349.1306,204635669.3171
601398.SH,20250826,7.58,7.62,7.54,7.55,7.59,-0.04,-0.527,2998328.27,2268338.336,0.1112,0.83,7.3548,0.7366,3.2743,35640625.7089,26961221.2539,3462274.4921,269086724.1022,203557220.4669
601398.SH,20250827,7.54,7.54,7.41,7.41,7.55,-0.14,-1.8543,5157247.51,3852879.694,0.1913,1.45,7.2185,0.7229,3.2136,35640625.7089,26961221.2539,3462274.4921,264097036.5029,199782649.4914
601398.SH,20250828,7.41,7.44,7.32,7.38,7.41,-0.03,-0.4049,4654688.87,3436054.969,0.1726,1.19,7.1892,0.72,3.2006,35640625.7089,26961221.2539,3462274.4921,263027817.7317,198973812.8538
601398.SH,20250829,7.38,7.53,7.38,7.43,7.38,0.05,0.6775,5196151.0,3876595.173,0.1927,1.25,7.238,0.7249,3.2223,35640625.7089,26961221.2539,3462274.4921,264809849.0171,200321873.9165
601398.SH,20250901,7.43,7.45,7.36,7.38,7.43,-0.05,-0.6729,3845435.84,2842147.961,0.1426,0.87,7.1892,0.7013,3.2006,35640625.7089,26961221.2539,3119269.1681,263027817.7317,198973812.8538
601398.SH,20250902,7.37,7.57,7.35,7.57,7.38,0.19,2.5745,7690652.13,5756720.401,0.2852,1.76,7.3743,0.7194,3.283,35640625.7089,26961221.2539,3119269.1681,269799536.6164,204096444.892
601398.SH,20250903,7.57,7.58,7.42,7.44,7.57,-0.13,-1.7173,4919771.33,3687104.656,0.1825,0.93,7.2477,0.707,3.2266,35640625.7089,26961221.2539,3119269.1681,265166255.2742,200591486.129
601398.SH,20250904,7.4,7.6,7.26,7.54,7.44,0.1,1.3441,8760059.36,6522723.401,0.3249,1.66,7.3451,0.7165,3.27,35640625.7089,26961221.2539,3119269.1681,268730317.8451,203287608.2544
601398.SH,20250905,7.52,7.54,7.4,7.44,7.54,-0.1,-1.3263,4417093.09,3294733.88,0.1638,0.73,7.2477,0.707,3.2266,35640625.7089,26961221.2539,3119269.1681,265166255.2742,200591486.129
601398.SH,20250908,7.41,7.44,7.37,7.4,7.44,-0.04,-0.5376,3542760.19,2623331.823,0.1314,0.6,7.2087,0.7032,3.2093,35640625.7089,26961221.2539,3119269.1681,263740630.2459,199513037.2789
601398.SH,20250909,7.39,7.46,7.38,7.43,7.4,0.03,0.4054,2662793.92,1977586.299,0.0988,0.45,7.238,0.7061,3.2223,35640625.7089,26961221.2539,3119269.1681,264809849.0171,200321873.9165
601398.SH,20250910,7.44,7.48,7.38,7.47,7.43,0.04,0.5384,2886560.44,2148056.693,0.1071,0.59,7.2769,0.7099,3.2397,35640625.7089,26961221.2539,3119269.1681,266235474.0455,201400322.7666
601398.SH,20250911,7.46,7.58,7.39,7.51,7.47,0.04,0.5355,5415158.55,4047763.814,0.2008,1.22,7.3159,0.7137,3.257,35640625.7089,26961221.2539,3119269.1681,267661099.0738,202478771.6168
601398.SH,20250912,7.49,7.54,7.45,7.48,7.51,-0.03,-0.3995,2992824.63,2242324.705,0.111,0.79,7.2867,0.7108,3.244,35640625.7089,26961221.2539,3119269.1681,266591880.3026,201669934.9792
601398.SH,20250915,7.45,7.51,7.4,7.43,7.48,-0.05,-0.6684,3295819.21,2450259.696,0.1222,0.94,7.238,0.7061,3.2223,35640625.7089,26961221.2539,3119269.1681,264809849.0171,200321873.9165
601398.SH,20250916,7.41,7.49,7.41,7.45,7.43,0.02,0.2692,2893476.14,2156214.466,0.1073,0.84,7.2574,0.708,3.231,35640625.7089,26961221.2539,3119269.1681,265522661.5313,200861098.3416
601398.SH,20250917,7.42,7.46,7.4,7.46,7.45,0.01,0.1342,2475841.86,1840577.293,0.0918,0.71,7.2672,0.7089,3.2353,35640625.7089,26961221.2539,3119269.1681,265879067.7884,201130710.5541
601398.SH,20250918,7.45,7.46,7.28,7.29,7.46,-0.17,-2.2788,5297807.17,3898308.494,0.1965,1.55,7.1016,0.6928,3.1616,35640625.7089,26961221.2539,3119269.1681,259820161.4179,196547302.9409
601398.SH,20250919,7.28,7.28,7.12,7.2,7.29,-0.09,-1.2346,4807097.54,3461205.358,0.1783,1.42,7.0139,0.6842,3.1226,35640625.7089,26961221.2539,3119269.1681,256612505.1041,194120793.0281
601398.SH,20250922,7.2,7.25,7.15,7.18,7.2,-0.02,-0.2778,2750891.2,1981415.047,0.102,0.73,6.9944,0.6823,3.1139,35640625.7089,26961221.2539,3119269.1681,255899692.5899,193581568.603
601398.SH,20250923,7.16,7.41,7.13,7.4,7.18,0.22,3.0641,6288256.04,4616426.036,0.2332,1.73,7.2087,0.7032,3.2093,35640625.7089,26961221.2539,3119269.1681,263740630.2459,199513037.2789
601398.SH,20250924,7.39,7.53,7.37,7.47,7.4,0.07,0.9459,5142069.19,3831987.701,0.1907,1.19,7.2769,0.7099,3.2397,35640625.7089,26961221.2539,3119269.1681,266235474.0455,201400322.7666
601398.SH,20250925,7.44,7.46,7.31,7.38,7.47,-0.09,-1.2048,3237228.4,2381142.34,0.1201,0.67,7.1892,0.7013,3.2006,35640625.7089,26961221.2539,3119269.1681,263027817.7317,198973812.8538
601398.SH,20250926,7.35,7.43,7.3,7.41,7.38,0.03,0.4065,2733592.98,2015436.918,0.1014,0.61,7.2185,0.7042,3.2136,35640625.7089,26961221.2539,3119269.1681,264097036.5029,199782649.4914
601398.SH,20250929,7.38,7.4,7.26,7.33,7.41,-0.08,-1.0796,4050039.33,2967071.849,0.1502,1.0,7.1405,0.6966,3.1789,35640625.7089,26961221.2539,3119269.1681,261245786.4462,197625751.7911
601398.SH,20250930,7.31,7.33,7.26,7.3,7.33,-0.03,-0.4093,2445676.27,1784123.669,0.0907,0.57,7.1113,0.6937,3.1659,35640625.7089,26961221.2539,3119269.1681,260176567.675,196816915.1535
601398.SH,20251009,7.25,7.32,7.2,7.31,7.3,0.01,0.137,2977410.76,2160546.979,0.1104,0.85,7.1211,0.6947,3.1703,35640625.7089,26961221.2539,3119269.1681,260532973.9321,197086527.366
601398.SH,20251010,7.29,7.36,7.28,7.31,7.31,0.0,0.0,3048696.89,2232583.779,0.1131,0.99,7.1211,0.6947,3.1703,35640625.7089,26961221.2539,3119269.1681,260532973.9321,197086527.366
601398.SH,20251013,7.32,7.36,7.23,7.27,7.31,-0.04,-0.5472,3957386.05,2882595.178,0.1468,1.3,7.0821,0.6909,3.1529,35640625.7089,26961221.2539,3119269.1681,259107348.9037,196008078.5159
601398.SH,20251014,7.26,7.5,7.22,7.5,7.27,0.23,3.1637,6938781.4,5134528.488,0.2574,2.11,7.3061,0.7127,3.2527,35640625.7089,26961221.2539,3119269.1681,267304692.8168,202209159.4043
601398.SH,20251015,7.47,7.54,7.42,7.46,7.5,-0.04,-0.5333,4075993.19,3046378.594,0.1512,1.05,7.2672,0.7089,3.2353,35640625.7089,26961221.2539,3119269.1681,265879067.7884,201130710.5541
601398.SH,20251016,7.43,7.65,7.43,7.63,7.46,0.17,2.2788,4956233.45,3749953.456,0.1838,1.18,7.4328,0.7251,3.309,35640625.7089,26961221.2539,3119269.1681,271937974.1589,205714118.1673
601398.SH,20251017,7.63,7.72,7.57,7.62,7.63,-0.01,-0.1311,4087002.46,3125404.222,0.1516,0.89,7.423,0.7242,3.3047,35640625.7089,26961221.2539,3119269.1681,271581567.9018,205444505.9547
601398.SH,20251020,7.59,7.65,7.47,7.61,7.62,-0.01,-0.1312,3919785.93,2960246.448,0.1454,0.82,7.4133,0.7232,3.3004,35640625.7089,26961221.2539,3119269.1681,271225161.6447,205174893.7422
601398.SH,20251021,7.58,7.65,7.54,7.64,7.61,0.03,0.3942,3441139.24,2616075.703,0.1276,0.72,7.4425,0.7261,3.3134,35640625.7089,26961221.2539,3119269.1681,272294380.416,205983730.3798
601398.SH,20251022,7.63,7.79,7.62,7.76,7.64,0.12,1.5707,3815865.56,2942641.849,0.1415,0.93,7.5594,0.7375,3.3654,35640625.7089,26961221.2539,3119269.1681,276571255.5011,209219076.9303
601398.SH,20251023,7.76,7.89,7.71,7.84,7.76,0.08,1.0309,4326614.32,3378223.696,0.1605,1.07,7.6374,0.7451,3.4001,35640625.7089,26961221.2539,3119269.1681,279422505.5578,211375974.6306
601398.SH,20251024,7.8,7.89,7.76,7.84,7.84,0.0,0.0,3263623.33,2556166.917,0.121,0.83,7.6374,0.7451,3.4001,35640625.7089,26961221.2539,3119269.1681,279422505.5578,211375974.6306
601398.SH,20251027,7.8,7.94,7.74,7.91,7.84,0.07,0.8929,3919946.77,3079616.6,0.1454,1.04,7.7055,0.7517,3.4305,35640625.7089,26961221.2539,3119269.1681,281917349.3574,213263260.1183
601398.SH,20251028,7.9,8.02,7.85,7.99,7.91,0.08,1.0114,3320408.17,2640150.337,0.1232,0.88,7.7835,0.7593,3.4652,35640625.7089,26961221.2539,3119269.1681,284768599.4141,215420157.8187
601398.SH,20251029,7.98,7.99,7.8,7.83,7.99,-0.16,-2.0025,3683044.39,2902412.947,0.1366,0.99,7.6276,0.7441,3.3958,35640625.7089,26961221.2539,3119269.1681,279066099.3007,211106362.418
601398.SH,20251030,7.83,7.9,7.78,7.84,7.83,0.01,0.1277,2787161.26,2186887.58,0.1034,0.75,7.6374,0.7451,3.4001,35640625.7089,26961221.2539,3119269.1681,279422505.5578,211375974.6306
601398.SH,20251031,7.87,7.87,7.67,7.78,7.84,-0.06,-0.7653,3693253.24,2861703.074,0.137,1.09,7.5789,0.7252,3.3741,35640625.7089,26961221.2539,3119269.1681,277284068.0152,209758301.3553
601398.SH,20251103,7.79,7.94,7.78,7.9,7.78,0.12,1.5424,3420734.24,2696886.643,0.1269,0.98,7.6958,0.7363,3.4261,35640625.7089,26961221.2539,3119269.1681,281560943.1003,212993647.9058
601398.SH,20251104,7.89,8.14,7.89,8.13,7.9,0.23,2.9114,4410976.05,3556070.089,0.1636,1.3,7.9199,0.7578,3.5259,35640625.7089,26961221.2539,3119269.1681,289758287.0134,219194728.7942
601398.SH,20251105,8.17,8.21,8.09,8.14,8.13,0.01,0.123,3941536.3,3216874.938,0.1462,1.1,7.9296,0.7587,3.5302,35640625.7089,26961221.2539,3119269.1681,290114693.2704,219464341.0067
601398.SH,20251106,8.12,8.15,8.06,8.09,8.14,-0.05,-0.6143,3009758.0,2437052.281,0.1116,0.82,7.8809,0.7541,3.5085,35640625.7089,26961221.2539,3119269.1681,288332661.985,218116279.9441
601398.SH,20251107,8.09,8.16,8.02,8.05,8.09,-0.04,-0.4944,2801613.58,2259074.574,0.1039,0.76,7.8419,0.7503,3.4912,35640625.7089,26961221.2539,3119269.1681,286907036.9566,217037831.0939
601398.SH,20251110,8.02,8.13,7.98,8.12,8.05,0.07,0.8696,2232913.15,1801106.446,0.0828,0.63,7.9101,0.7568,3.5215,35640625.7089,26961221.2539,3119269.1681,289401880.7563,218925116.5817
601398.SH,20251111,8.1,8.17,8.07,8.16,8.12,0.04,0.4926,1917401.04,1558044.146,0.0711,0.58,7.9491,0.7606,3.5389,35640625.7089,26961221.2539,3119269.1681,290827505.7846,220003565.4318
601398.SH,20251112,8.16,8.32,8.15,8.19,8.16,0.03,0.3676,3592897.95,2963066.407,0.1333,1.29,7.9783,0.7634,3.5519,35640625.7089,26961221.2539,3119269.1681,291896724.5559,220812402.0694
601398.SH,20251113,8.21,8.24,8.08,8.21,8.19,0.02,0.2442,2901379.15,2369679.711,0.1076,1.07,7.9978,0.7652,3.5606,35640625.7089,26961221.2539,3119269.1681,292609537.0701,221351626.4945
601398.SH,20251114,8.23,8.38,8.22,8.25,8.21,0.04,0.4872,3063351.29,2542717.457,0.1136,1.14,8.0368,0.769,3.5779,35640625.7089,26961221.2539,3119269.1681,294035162.0984,222430075.3447
601398.SH,20251117,8.25,8.26,8.11,8.17,8.25,-0.08,-0.9697,2582768.1,2109115.127,0.0958,0.94,7.9588,0.7615,3.5432,35640625.7089,26961221.2539,3119269.1681,291183912.0417,220273177.6444
601398.SH,20251118,8.14,8.25,8.11,8.2,8.17,0.03,0.3672,2175959.65,1780723.631,0.0807,0.77,7.988,0.7643,3.5562,35640625.7089,26961221.2539,3119269.1681,292253130.813,221082014.282
601398.SH,20251119,8.2,8.32,8.17,8.23,8.2,0.03,0.3659,2344283.13,1935987.517,0.087,0.82,8.0173,0.7671,3.5693,35640625.7089,26961221.2539,3119269.1681,293322349.5842,221890850.9196
601398.SH,20251120,8.21,8.4,8.18,8.27,8.23,0.04,0.486,3594877.46,2984350.151,0.1333,1.38,8.0562,0.7708,3.5866,35640625.7089,26961221.2539,3119269.1681,294747974.6126,222969299.7698
601398.SH,20251121,8.28,8.38,8.22,8.25,8.27,-0.02,-0.2418,4644446.66,3850244.346,0.1723,1.69,8.0368,0.769,3.5779,35640625.7089,26961221.2539,3119269.1681,294035162.0984,222430075.3447
601398.SH,20251124,8.2,8.26,8.12,8.2,8.25,-0.05,-0.6061,3489190.16,2859936.7,0.1294,1.14,7.988,0.7643,3.5562,35640625.7089,26961221.2539,3119269.1681,292253130.813,221082014.282
601398.SH,20251125,8.18,8.32,8.13,8.31,8.2,0.11,1.3415,3055429.94,2518475.879,0.1133,0.94,8.0952,0.7746,3.6039,35640625.7089,26961221.2539,3119269.1681,296173599.641,224047748.6199
601398.SH,20251126,8.31,8.38,8.15,8.16,8.31,-0.15,-1.8051,3310419.56,2718206.391,0.1228,0.97,7.9491,0.7606,3.5389,35640625.7089,26961221.2539,3119269.1681,290827505.7846,220003565.4318
601398.SH,20251127,8.15,8.19,8.06,8.16,8.16,0.0,0.0,2344122.23,1906028.13,0.0869,0.65,7.9491,0.7606,3.5389,35640625.7089,26961221.2539,3119269.1681,290827505.7846,220003565.4318
601398.SH,20251128,8.15,8.17,8.08,8.11,8.16,-0.05,-0.6127,2084015.67,1692569.484,0.0773,0.62,7.9004,0.7559,3.5172,35640625.7089,26961221.2539,3119269.1681,289045474.4992,218655504.3691
601398.SH,20251201,8.05,8.11,8.02,8.09,8.11,-0.02,-0.2466,2652608.63,2138449.352,0.0984,0.93,7.8809,0.7541,3.5085,35640625.7089,26961221.2539,3119269.1681,288332661.985,218116279.9441
601398.SH,20251202,8.09,8.12,8.02,8.09,8.09,0.0,0.0,2145189.91,1731677.085,0.0796,0.8,7.8809,0.7541,3.5085,35640625.7089,26961221.2539,3119269.1681,288332661.985,218116279.9441
601398.SH,20251203,8.06,8.15,8.03,8.05,8.09,-0.04,-0.4944,2212584.9,1789483.343,0.0821,0.88,7.8419,0.7503,3.4912,35640625.7089,26961221.2539,3119269.1681,286907036.9566,217037831.0939
601398.SH,20251204,8.07,8.09,8.02,8.05,8.05,0.0,0.0,1491011.62,1200193.245,0.0553,0.65,7.8419,0.7503,3.4912,35640625.7089,26961221.2539,3119269.1681,286907036.9566,217037831.0939
601398.SH,20251205,8.04,8.1,7.95,7.99,8.05,-0.06,-0.7453,2461472.54,1971460.421,0.0913,1.16,7.7835,0.7447,3.4652,35640625.7089,26961221.2539,3119269.1681,284768599.4141,215420157.8187
601398.SH,20251208,7.99,8.04,7.95,7.99,7.99,0.0,0.0,2130820.15,1705238.074,0.079,0.97,7.7835,0.7447,3.4652,35640625.7089,26961221.2539,3119269.1681,284768599.4141,215420157.8187
601398.SH,20251209,8.01,8.15,7.98,8.1,7.99,0.11,1.3767,2654901.03,2142465.662,0.0985,1.27,7.8906,0.755,3.5129,35640625.7089,26961221.2539,3119269.1681,288689068.2421,218385892.1566
601398.SH,20251210,8.09,8.12,7.92,7.94,8.1,-0.16,-1.9753,3084175.6,2463322.811,0.1144,1.41,7.7348,0.7401,3.4435,35640625.7089,26961221.2539,3119269.1681,282986568.1287,214072096.756
601398.SH,20251211,7.95,8.0,7.9,8.0,7.94,0.06,0.7557,2621759.52,2082812.281,0.0972,1.11,7.7932,0.7457,3.4695,35640625.7089,26961221.2539,3119269.1681,285125005.6712,215689770.0312
601398.SH,20251212,7.97,7.98,7.84,7.97,8.0,-0.03,-0.375,5191105.33,4108578.951,0.1925,2.0,7.764,0.7429,3.4565,35640625.7089,26961221.2539,3119269.1681,284055786.8999,214880933.3936
601398.SH,20251215,7.82,7.86,7.77,7.81,7.83,-0.02,-0.2554,2509712.65,1963049.713,0.0931,0.8,7.6081,0.7523,3.3871,35640625.7089,26961221.2539,3119269.1681,278353286.7865,210567137.993
601398.SH,20251216,7.81,7.83,7.73,7.79,7.81,-0.02,-0.2561,1934388.93,1505170.841,0.0717,0.6,7.5886,0.7504,3.3784,35640625.7089,26961221.2539,3119269.1681,277640474.2723,210027913.5679
601398.SH,20251217,7.78,7.87,7.75,7.81,7.79,0.02,0.2567,2206861.17,1727882.118,0.0819,0.72,7.6081,0.7523,3.3871,35640625.7089,26961221.2539,3119269.1681,278353286.7865,210567137.993
601398.SH,20251218,7.81,8.0,7.79,7.99,7.81,0.18,2.3047,2417484.13,1913173.479,0.0897,0.84,7.7835,0.7547,3.4652,35640625.7089,26961221.2539,3119269.1681,284768599.4141,215420157.8187
601398.SH,20251219,7.96,7.98,7.86,7.88,7.99,-0.11,-1.3767,2355882.26,1863589.555,0.0874,0.83,7.6763,0.7443,3.4175,35640625.7089,26961221.2539,3119269.1681,280848130.5861,212454423.4807
601398.SH,20251222,7.86,7.91,7.83,7.89,7.88,0.01,0.1269,1668915.34,1312853.939,0.0619,0.73,7.6861,0.7452,3.4218,35640625.7089,26961221.2539,3119269.1681,281204536.8432,212724035.6933
601398.SH,20251223,7.89,7.95,7.87,7.92,7.89,0.03,0.3802,2000569.54,1583859.587,0.0742,0.95,7.7153,0.7481,3.4348,35640625.7089,26961221.2539,3119269.1681,282273755.6145,213532872.3309
601398.SH,20251224,7.92,7.96,7.88,7.91,7.92,-0.01,-0.1263,1736670.76,1375070.939,0.0644,0.82,7.7055,0.7471,3.4305,35640625.7089,26961221.2539,3119269.1681,281917349.3574,213263260.1183
601398.SH,20251225,7.9,7.91,7.83,7.86,7.91,-0.05,-0.6321,1655190.23,1301798.781,0.0614,0.81,7.6568,0.7424,3.4088,35640625.7089,26961221.2539,3119269.1681,280135318.072,211915199.0557
601398.SH,20251226,7.84,7.86,7.79,7.81,7.86,-0.05,-0.6361,1500697.3,1173341.228,0.0557,0.8,7.6081,0.7377,3.3871,35640625.7089,26961221.2539,3119269.1681,278353286.7865,210567137.993
601398.SH,20251229,7.81,7.9,7.77,7.87,7.81,0.06,0.7682,2706386.11,2123332.197,0.1004,1.58,7.6666,0.7433,3.4131,35640625.7089,26961221.2539,3119269.1681,280491724.329,212184811.2682
601398.SH,20251230,7.84,7.87,7.79,7.85,7.87,-0.02,-0.2541,2087546.43,1634489.989,0.0774,1.09,7.6471,0.7415,3.4045,35640625.7089,26961221.2539,3119269.1681,279778911.8149,211645586.8431
601398.SH,20251231,7.83,7.96,7.83,7.93,7.85,0.08,1.0191,2866527.75,2264103.77,0.1063,1.48,7.725,0.749,3.4391,35640625.7089,26961221.2539,3119269.1681,282630161.8716,213802484.5434
