ts_code,trade_date,open,high,low,close,pre_close,change,pct_chg,vol,amount,turnover_rate,volume_ratio,pe,pb,ps,total_share,float_share,free_share,total_mv,circ_mv
601328.SH,20180601,6.02,6.05,5.99,6.01,6.02,-0.01,-0.17,424025.85,255103.039,0.108,0.59,6.3557,0.7396,2.277,7426272.6645,3925086.4015,2410217.0186,44631898.7136,23589769.273
601328.SH,20180604,6.04,6.07,6.02,6.05,6.01,0.04,0.67,516112.21,312537.483,0.1315,0.73,6.398,0.7445,2.2922,7426272.6645,3925086.4015,2410217.0186,44928949.6202,23746772.7291
601328.SH,20180605,6.05,6.06,6.03,6.04,6.05,-0.01,-0.17,450750.39,272360.056,0.1148,0.64,6.3875,0.7433,2.2884,7426272.6645,3925086.4015,2410217.0186,44854686.8936,23707521.8651
601328.SH,20180606,6.04,6.05,6.01,6.02,6.04,-0.02,-0.33,443130.15,266959.845,0.1129,0.73,6.3663,0.7408,2.2808,7426272.6645,3925086.4015,2410217.0186,44706161.4403,23629020.137
601328.SH,20180607,6.03,6.07,6.02,6.03,6.02,0.01,0.17,472411.13,285271.663,0.1204,0.89,6.3769,0.7421,2.2846,7426272.6645,3925086.4015,2410217.0186,44780424.1669,23668271.001
601328.SH,20180608,6.03,6.03,5.95,5.97,6.03,-0.06,-1.0,718661.03,429898.8,0.1831,1.56,6.3134,0.7347,2.2619,7426272.6645,3925086.4015,2410217.0186,44334847.8071,23432765.817
601328.SH,20180611,5.95,5.98,5.93,5.97,5.97,0.0,0.0,453767.47,269937.626,0.1156,0.87,6.3134,0.7347,2.2619,7426272.6645,3925086.4015,2410217.0186,44334847.8071,23432765.817
601328.SH,20180612,5.95,5.97,5.93,5.96,5.97,-0.01,-0.17,371607.78,221121.748,0.0947,0.73,6.3029,0.7334,2.2581,7426272.6645,3925086.4015,2410217.0186,44260585.0804,23393514.9529
601328.SH,20180613,5.94,5.97,5.93,5.96,5.96,0.0,0.0,467588.08,278069.328,0.1191,0.95,6.3029,0.7334,2.2581,7426272.6645,3925086.4015,2410217.0186,44260585.0804,23393514.9529
601328.SH,20180614,5.93,5.98,5.93,5.97,5.96,0.01,0.17,521373.62,310592.496,0.1328,1.05,6.3134,0.7347,2.2619,7426272.6645,3925086.4015,2410217.0186,44334847.8071,23432765.817
601328.SH,20180615,5.97,6.02,5.96,6.01,5.97,0.04,0.67,578513.35,346932.795,0.1474,1.14,6.3557,0.7396,2.277,7426272.6645,3925086.4015,2410217.0186,44631898.7136,23589769.273
601328.SH,20180619,5.96,6.06,5.94,6.03,6.01,0.02,0.33,2270774.57,1364224.691,0.5785,4.74,6.3769,0.7421,2.2846,7426272.6645,3925086.4015,2410217.0186,44780424.1669,23668271.001
601328.SH,20180620,6.01,6.02,5.96,5.97,6.03,-0.06,-1.0,590364.67,353272.082,0.1504,0.7,6.3134,0.7347,2.2619,7426272.6645,3925086.4015,2410217.0186,44334847.8071,23432765.817
601328.SH,20180621,5.97,6.0,5.95,5.96,5.97,-0.01,-0.17,592259.36,353659.061,0.1509,0.67,6.3029,0.7334,2.2581,7426272.6645,3925086.4015,2410217.0186,44260585.0804,23393514.9529
601328.SH,20180622,5.94,5.96,5.93,5.96,5.96,0.0,0.0,416531.31,247500.539,0.1061,0.46,6.3029,0.7334,2.2581,7426272.6645,3925086.4015,2410217.0186,44260585.0804,23393514.9529
601328.SH,20180625,5.98,5.99,5.86,5.87,5.96,-0.09,-1.51,550651.19,326402.192,0.1403,0.62,6.2077,0.7224,2.224,7426272.6645,3925086.4015,2410217.0186,43592220.5406,23040257.1768
601328.SH,20180626,5.85,5.86,5.73,5.76,5.87,-0.11,-1.87,667334.24,386133.178,0.17,0.75,6.0914,0.7088,2.1823,7426272.6645,3925086.4015,2410217.0186,42775330.5475,22608497.6726
601328.SH,20180627,5.75,5.79,5.63,5.71,5.76,-0.05,-0.87,780986.29,445471.077,0.199,1.39,6.0385,0.7027,2.1633,7426272.6645,3925086.4015,2410217.0186,42404016.9143,22412243.3526
601328.SH,20180628,5.65,5.73,5.62,5.68,5.71,-0.03,-0.53,614272.38,348319.602,0.1565,1.02,6.0068,0.699,2.152,7426272.6645,3925086.4015,2410217.0186,42181228.7344,22294490.7605
601328.SH,20180629,5.7,5.75,5.68,5.74,5.68,0.06,1.06,352940.23,201908.458,0.0899,0.58,6.0702,0.7064,2.1747,7426272.6645,3925086.4015,2410217.0186,42626805.0942,22529995.9446
601328.SH,20180702,5.73,5.74,5.57,5.6,5.74,-0.14,-2.44,567056.77,320511.186,0.1445,0.96,5.9222,0.6891,2.1217,7426272.6645,3925086.4015,2410217.0186,41587126.9212,21980483.8484
601328.SH,20180703,5.6,5.68,5.57,5.67,5.6,0.07,1.25,611572.05,344039.746,0.1558,1.03,5.9962,0.6978,2.1482,7426272.6645,3925086.4015,2410217.0186,42106966.0077,22255239.8965
601328.SH,20180704,5.65,5.72,5.64,5.68,5.67,0.01,0.18,432322.96,245365.416,0.1101,0.74,6.0068,0.699,2.152,7426272.6645,3925086.4015,2410217.0186,42181228.7344,22294490.7605
601328.SH,20180705,5.66,5.77,5.65,5.76,5.68,0.08,1.41,699403.97,399669.125,0.1782,1.36,6.0914,0.7088,2.1823,7426272.6645,3925086.4015,2410217.0186,42775330.5475,22608497.6726
601328.SH,20180706,5.76,5.79,5.67,5.76,5.76,0.0,0.0,497052.76,285793.198,0.1266,0.93,6.0914,0.7088,2.1823,7426272.6645,3925086.4015,2410217.0186,42775330.5475,22608497.6726
601328.SH,20180709,5.78,5.97,5.76,5.95,5.76,0.19,3.3,669070.15,392985.634,0.1705,1.19,6.2923,0.7322,2.2543,7426272.6645,3925086.4015,2410217.0186,44186322.3538,23354264.0889
601328.SH,20180710,5.94,6.01,5.91,5.99,5.95,0.04,0.67,592256.11,352796.643,0.1509,1.02,6.3346,0.7371,2.2694,7426272.6645,3925086.4015,2410217.0186,44483373.2604,23511267.545
601328.SH,20180711,5.91,5.98,5.89,5.94,5.99,-0.05,-0.83,569701.68,338456.2,0.1451,0.99,6.2817,0.731,2.2505,7426272.6645,3925086.4015,2410217.0186,44112059.6271,23315013.2249
601328.SH,20180712,5.95,6.05,5.94,6.04,5.94,0.1,1.68,909866.76,548000.986,0.2318,1.5,6.3875,0.7433,2.2884,7426272.6645,3925086.4015,2410217.0186,44854686.8936,23707521.8651
601328.SH,20180713,6.05,6.07,5.99,6.01,6.04,-0.03,-0.5,819935.28,493808.556,0.2089,1.27,6.3557,0.7396,2.277,7426272.6645,3925086.4015,2410217.0186,44631898.7136,23589769.273
601328.SH,20180716,5.71,5.71,5.59,5.6,5.72,-0.12,-2.1,722573.23,407604.459,0.1841,1.01,5.9222,0.7142,2.1217,7426272.6645,3925086.4015,2410217.0186,41587126.9212,21980483.8484
601328.SH,20180717,5.63,5.65,5.51,5.54,5.6,-0.06,-1.07,620223.52,345250.857,0.158,0.86,5.8587,0.7066,2.0989,7426272.6645,3925086.4015,2410217.0186,41141550.5613,21744978.6643
601328.SH,20180718,5.57,5.6,5.51,5.53,5.54,-0.01,-0.18,415927.18,230893.477,0.106,0.57,5.8481,0.7053,2.0952,7426272.6645,3925086.4015,2410217.0186,41067287.8347,21705727.8003
601328.SH,20180719,5.55,5.57,5.47,5.49,5.53,-0.04,-0.72,404805.2,223023.1,0.1031,0.58,5.8058,0.7002,2.08,7426272.6645,3925086.4015,2410217.0186,40770236.9281,21548724.3442
601328.SH,20180720,5.5,5.68,5.44,5.64,5.49,0.15,2.7322,962633.68,537208.497,0.2453,1.61,5.9645,0.7193,2.1368,7426272.6645,3925086.4015,2410217.0186,41884177.8278,22137487.3045
601328.SH,20180723,5.62,5.73,5.58,5.67,5.64,0.03,0.5319,851423.25,481756.778,0.2169,1.36,5.9962,0.7232,2.1482,7426272.6645,3925086.4015,2410217.0186,42106966.0077,22255239.8965
601328.SH,20180724,5.67,5.77,5.66,5.72,5.67,0.05,0.8818,907603.86,518548.477,0.2312,1.39,6.0491,0.7296,2.1671,7426272.6645,3925086.4015,2410217.0186,42478279.6409,22451494.2166
601328.SH,20180725,5.73,5.74,5.66,5.68,5.72,-0.04,-0.6993,479080.88,272410.733,0.1221,0.68,6.0068,0.7245,2.152,7426272.6645,3925086.4015,2410217.0186,42181228.7344,22294490.7605
601328.SH,20180726,5.7,5.72,5.64,5.66,5.68,-0.02,-0.3521,417962.48,237118.304,0.1065,0.58,5.9856,0.7219,2.1444,7426272.6645,3925086.4015,2410217.0186,42032703.2811,22215989.0325
601328.SH,20180727,5.66,5.68,5.62,5.66,5.66,0.0,0.0,384162.3,216821.073,0.0979,0.53,5.9856,0.7219,2.1444,7426272.6645,3925086.4015,2410217.0186,42032703.2811,22215989.0325
601328.SH,20180730,5.65,5.72,5.63,5.71,5.66,0.05,0.8834,494749.19,281145.82,0.126,0.81,6.0385,0.7283,2.1633,7426272.6645,3925086.4015,2410217.0186,42404016.9143,22412243.3526
601328.SH,20180731,5.69,5.77,5.66,5.75,5.71,0.04,0.7005,652782.61,373419.247,0.1663,1.22,6.0808,0.7334,2.1785,7426272.6645,3925086.4015,2410217.0186,42701067.8209,22569246.8086
601328.SH,20180801,5.75,5.79,5.62,5.63,5.75,-0.12,-2.087,558038.37,318898.881,0.1422,1.15,5.9539,0.7181,2.133,7426272.6645,3925086.4015,2410217.0186,41809915.1011,22098236.4404
601328.SH,20180802,5.61,5.66,5.51,5.53,5.63,-0.1,-1.7762,635040.03,353759.933,0.1618,1.27,5.8481,0.7053,2.0952,7426272.6645,3925086.4015,2410217.0186,41067287.8347,21705727.8003
601328.SH,20180803,5.54,5.59,5.52,5.53,5.53,0.0,0.0,316765.57,175967.891,0.0807,0.58,5.8481,0.7053,2.0952,7426272.6645,3925086.4015,2410217.0186,41067287.8347,21705727.8003
601328.SH,20180806,5.54,5.62,5.52,5.55,5.53,0.02,0.3617,506515.58,281631.142,0.129,0.95,5.8693,0.7079,2.1027,7426272.6645,3925086.4015,2410217.0186,41215813.288,21784229.5283
601328.SH,20180807,5.57,5.62,5.53,5.61,5.55,0.06,1.0811,518066.5,288963.396,0.132,0.97,5.9327,0.7155,2.1255,7426272.6645,3925086.4015,2410217.0186,41661389.6478,22019734.7124
601328.SH,20180808,5.61,5.61,5.55,5.57,5.61,-0.04,-0.713,441579.53,246400.178,0.1125,0.87,5.8904,0.7104,2.1103,7426272.6645,3925086.4015,2410217.0186,41364338.7413,21862731.2564
601328.SH,20180809,5.56,5.64,5.54,5.61,5.57,0.04,0.7181,433419.82,243111.076,0.1104,0.9,5.9327,0.7155,2.1255,7426272.6645,3925086.4015,2410217.0186,41661389.6478,22019734.7124
601328.SH,20180810,5.61,5.63,5.56,5.58,5.61,-0.03,-0.5348,325595.38,181838.754,0.083,0.73,5.901,0.7117,2.1141,7426272.6645,3925086.4015,2410217.0186,41438601.4679,21901982.1204
601328.SH,20180813,5.54,5.56,5.48,5.52,5.58,-0.06,-1.0753,508073.18,280288.487,0.1294,1.14,5.8375,0.704,2.0914,7426272.6645,3925086.4015,2410217.0186,40993025.108,21666476.9363
601328.SH,20180814,5.52,5.53,5.48,5.52,5.52,0.0,0.0,320961.66,176663.933,0.0818,0.72,5.8375,0.704,2.0914,7426272.6645,3925086.4015,2410217.0186,40993025.108,21666476.9363
601328.SH,20180815,5.51,5.52,5.45,5.45,5.52,-0.07,-1.2681,375439.1,205886.2,0.0957,0.92,5.7635,0.6951,2.0648,7426272.6645,3925086.4015,2410217.0186,40473186.0215,21391720.8882
601328.SH,20180816,5.43,5.49,5.39,5.46,5.45,0.01,0.1835,525350.59,285937.56,0.1338,1.34,5.7741,0.6964,2.0686,7426272.6645,3925086.4015,2410217.0186,40547448.7482,21430971.7522
601328.SH,20180817,5.49,5.5,5.4,5.42,5.46,-0.04,-0.7326,337965.06,183961.831,0.0861,0.82,5.7318,0.6913,2.0535,7426272.6645,3925086.4015,2410217.0186,40250397.8416,21273968.2961
601328.SH,20180820,5.44,5.51,5.42,5.5,5.42,0.08,1.476,447038.54,244497.846,0.1139,1.08,5.8164,0.7015,2.0838,7426272.6645,3925086.4015,2410217.0186,40844499.6548,21587975.2083
601328.SH,20180821,5.5,5.55,5.49,5.51,5.5,0.01,0.1818,415628.07,229552.948,0.1059,1.04,5.827,0.7028,2.0876,7426272.6645,3925086.4015,2410217.0186,40918762.3814,21627226.0723
601328.SH,20180822,5.51,5.51,5.47,5.5,5.51,-0.01,-0.1815,328860.14,180423.862,0.0838,0.78,5.8164,0.7015,2.0838,7426272.6645,3925086.4015,2410217.0186,40844499.6548,21587975.2083
601328.SH,20180823,5.51,5.54,5.48,5.52,5.5,0.02,0.3636,304998.97,168224.496,0.0777,0.74,5.8375,0.704,2.0914,7426272.6645,3925086.4015,2410217.0186,40993025.108,21666476.9363
601328.SH,20180824,5.51,5.7,5.49,5.65,5.52,0.13,2.3551,986830.59,554107.83,0.2514,2.69,5.975,0.6949,2.1406,7426272.6645,3925086.4015,2410217.0186,41958440.5544,22176738.1685
601328.SH,20180827,5.65,5.69,5.61,5.68,5.65,0.03,0.531,745466.25,421440.642,0.1899,1.5,6.0068,0.6986,2.152,7426272.6645,3925086.4015,1954817.0187,42181228.7344,22294490.7605
601328.SH,20180828,5.67,5.7,5.63,5.64,5.68,-0.04,-0.7042,489337.04,277373.364,0.1247,0.88,5.9645,0.6937,2.1368,7426272.6645,3925086.4015,1954817.0187,41884177.8278,22137487.3045
601328.SH,20180829,5.65,5.67,5.62,5.65,5.64,0.01,0.1773,423328.5,239070.602,0.1079,0.74,5.975,0.6949,2.1406,7426272.6645,3925086.4015,1954817.0187,41958440.5544,22176738.1685
601328.SH,20180830,5.65,5.68,5.58,5.58,5.65,-0.07,-1.2389,438633.24,246786.352,0.1118,0.74,5.901,0.6863,2.1141,7426272.6645,3925086.4015,1954817.0187,41438601.4679,21901982.1204
601328.SH,20180831,5.6,5.68,5.59,5.62,5.58,0.04,0.7168,755029.71,425607.918,0.1924,1.22,5.9433,0.6912,2.1293,7426272.6645,3925086.4015,1954817.0187,41735652.3745,22058985.5764
601328.SH,20180903,5.61,5.66,5.61,5.65,5.62,0.03,0.5338,481890.1,271782.479,0.1228,0.84,5.975,0.6949,2.1406,7426272.6645,3925086.4015,1954817.0187,41958440.5544,22176738.1685
601328.SH,20180904,5.64,5.72,5.62,5.71,5.65,0.06,1.0619,590013.65,334955.498,0.1503,1.14,6.0385,0.7023,2.1633,7426272.6645,3925086.4015,1954817.0187,42404016.9143,22412243.3526
601328.SH,20180905,5.68,5.7,5.58,5.58,5.71,-0.13,-2.2767,510551.84,287868.087,0.1301,0.95,5.901,0.6863,2.1141,7426272.6645,3925086.4015,1954817.0187,41438601.4679,21901982.1204
601328.SH,20180906,5.58,5.62,5.57,5.6,5.58,0.02,0.3584,316674.94,177204.42,0.0807,0.57,5.9222,0.6888,2.1217,7426272.6645,3925086.4015,1954817.0187,41587126.9212,21980483.8484
601328.SH,20180907,5.6,5.63,5.54,5.56,5.6,-0.04,-0.7143,364660.99,203576.709,0.0929,0.69,5.8799,0.6839,2.1065,7426272.6645,3925086.4015,1954817.0187,41290076.0146,21823480.3923
601328.SH,20180910,5.55,5.57,5.5,5.54,5.56,-0.02,-0.3597,341849.45,189111.772,0.0871,0.76,5.8587,0.6814,2.0989,7426272.6645,3925086.4015,1954817.0187,41141550.5613,21744978.6643
601328.SH,20180911,5.54,5.57,5.46,5.49,5.54,-0.05,-0.9025,455755.5,251523.615,0.1161,1.07,5.8058,0.6753,2.08,7426272.6645,3925086.4015,1954817.0187,40770236.9281,21548724.3442
601328.SH,20180912,5.47,5.53,5.46,5.5,5.49,0.01,0.1821,514981.67,282365.006,0.1312,1.29,5.8164,0.6765,2.0838,7426272.6645,3925086.4015,1954817.0187,40844499.6548,21587975.2083
601328.SH,20180913,5.54,5.6,5.52,5.6,5.5,0.1,1.8182,499732.82,277627.191,0.1273,1.25,5.9222,0.6888,2.1217,7426272.6645,3925086.4015,1954817.0187,41587126.9212,21980483.8484
601328.SH,20180914,5.62,5.62,5.58,5.6,5.6,0.0,0.0,278073.38,155775.524,0.0708,0.64,5.9222,0.6888,2.1217,7426272.6645,3925086.4015,1954817.0187,41587126.9212,21980483.8484
601328.SH,20180917,5.6,5.6,5.54,5.56,5.6,-0.04,-0.7143,277619.49,154351.902,0.0707,0.66,5.8799,0.6839,2.1065,7426272.6645,3925086.4015,1954817.0187,41290076.0146,21823480.3923
601328.SH,20180918,5.55,5.63,5.55,5.62,5.56,0.06,1.0791,428834.15,239862.149,0.1093,1.06,5.9433,0.6912,2.1293,7426272.6645,3925086.4015,1954817.0187,41735652.3745,22058985.5764
601328.SH,20180919,5.62,5.66,5.61,5.64,5.62,0.02,0.3559,532308.56,300247.987,0.1356,1.33,5.9645,0.6937,2.1368,7426272.6645,3925086.4015,1954817.0187,41884177.8278,22137487.3045
601328.SH,20180920,5.65,5.67,5.59,5.63,5.64,-0.01,-0.1773,811408.67,455938.548,0.2067,2.01,5.9539,0.6925,2.133,7426272.6645,3925086.4015,1954817.0187,41809915.1011,22098236.4404
601328.SH,20180921,5.63,5.8,5.61,5.79,5.63,0.16,2.8419,1205731.5,689647.657,0.3072,2.59,6.1231,0.7122,2.1937,7426272.6645,3925086.4015,1954817.0187,42998118.7275,22726250.2647
601328.SH,20180925,5.73,5.76,5.72,5.75,5.79,-0.04,-0.6908,473041.11,271582.907,0.1205,0.73,6.0808,0.7072,2.1785,7426272.6645,3925086.4015,1954817.0187,42701067.8209,22569246.8086
601328.SH,20180926,5.75,5.86,5.75,5.8,5.75,0.05,0.8696,885185.74,514044.127,0.2255,1.28,6.1337,0.7134,2.1974,7426272.6645,3925086.4015,1954817.0187,43072381.4541,22765501.1287
601328.SH,20180927,5.82,5.82,5.74,5.81,5.8,0.01,0.1724,552349.74,319598.751,0.1407,0.71,6.1442,0.7146,2.2012,7426272.6645,3925086.4015,1954817.0187,43146644.1807,22804751.9927
601328.SH,20180928,5.82,5.89,5.81,5.84,5.81,0.03,0.5164,854717.23,500209.888,0.2178,1.09,6.176,0.7183,2.2126,7426272.6645,3925086.4015,1954817.0187,43369432.3607,22922504.5848
601328.SH,20181008,5.71,5.74,5.67,5.69,5.84,-0.15,-2.5685,980161.61,559228.138,0.2497,1.23,6.0173,0.6999,2.1558,7426272.6645,3925086.4015,1954817.0187,42255491.461,22333741.6245
601328.SH,20181009,5.67,5.73,5.66,5.69,5.69,0.0,0.0,599914.52,341408.932,0.1528,0.8,6.0173,0.6999,2.1558,7426272.6645,3925086.4015,1954817.0187,42255491.461,22333741.6245
601328.SH,20181010,5.7,5.75,5.66,5.73,5.69,0.04,0.703,488877.48,279227.462,0.1246,0.63,6.0596,0.7048,2.1709,7426272.6645,3925086.4015,1954817.0187,42552542.3676,22490745.0806
601328.SH,20181011,5.64,5.67,5.49,5.5,5.73,-0.23,-4.014,999746.84,558616.726,0.2547,1.44,5.8164,0.6765,2.0838,7426272.6645,3925086.4015,1954817.0187,40844499.6548,21587975.2083
601328.SH,20181012,5.51,5.6,5.51,5.58,5.5,0.08,1.4545,742619.9,412631.861,0.1892,0.95,5.901,0.6863,2.1141,7426272.6645,3925086.4015,1954817.0187,41438601.4679,21901982.1204
601328.SH,20181015,5.58,5.61,5.52,5.55,5.58,-0.03,-0.5376,575931.31,319848.701,0.1467,0.76,5.8693,0.6826,2.1027,7426272.6645,3925086.4015,1954817.0187,41215813.288,21784229.5283
601328.SH,20181016,5.55,5.61,5.54,5.58,5.55,0.03,0.5405,515568.68,287681.311,0.1314,0.76,5.901,0.6863,2.1141,7426272.6645,3925086.4015,1954817.0187,41438601.4679,21901982.1204
601328.SH,20181017,5.62,5.68,5.6,5.65,5.58,0.07,1.2545,715630.91,404069.795,0.1823,1.08,5.975,0.6949,2.1406,7426272.6645,3925086.4015,1954817.0187,41958440.5544,22176738.1685
601328.SH,20181018,5.66,5.67,5.59,5.6,5.65,-0.05,-0.885,649361.38,365844.715,0.1654,0.91,5.9222,0.6888,2.1217,7426272.6645,3925086.4015,1954817.0187,41587126.9212,21980483.8484
601328.SH,20181019,5.62,5.75,5.57,5.71,5.6,0.11,1.9643,912053.07,517483.449,0.2324,1.43,6.0385,0.7023,2.1633,7426272.6645,3925086.4015,1954817.0187,42404016.9143,22412243.3526
601328.SH,20181022,5.72,5.9,5.72,5.84,5.71,0.13,2.2767,1325995.08,772973.1,0.3378,1.97,6.176,0.7183,2.2126,7426272.6645,3925086.4015,1954817.0187,43369432.3607,22922504.5848
601328.SH,20181023,5.83,5.85,5.76,5.77,5.84,-0.07,-1.1986,945254.75,550447.521,0.2408,1.15,6.1019,0.7097,2.1861,7426272.6645,3925086.4015,1954817.0187,42849593.2742,22647748.5367
601328.SH,20181024,5.76,5.97,5.75,5.85,5.77,0.08,1.3865,1048963.57,616941.681,0.2672,1.15,6.1865,0.7195,2.2164,7426272.6645,3925086.4015,1954817.0187,43443695.0873,22961755.4488
601328.SH,20181025,5.77,5.95,5.76,5.95,5.85,0.1,1.7094,1043500.96,613657.046,0.2659,1.07,6.2923,0.7318,2.2543,7426272.6645,3925086.4015,1954817.0187,44186322.3538,23354264.0889
601328.SH,20181026,5.95,5.97,5.88,5.91,5.95,-0.04,-0.6723,863012.89,510918.494,0.2199,0.82,6.25,0.7269,2.2391,7426272.6645,3925086.4015,1954817.0187,43889271.4472,23197260.6329
601328.SH,20181029,6.02,6.07,5.89,5.92,5.91,0.01,0.1692,1460924.26,873027.864,0.3722,1.4,6.2606,0.7061,2.2429,7426272.6645,3925086.4015,2410217.0186,43963534.1738,23236511.4969
601328.SH,20181030,5.94,6.06,5.93,6.0,5.92,0.08,1.3514,1165007.27,699590.41,0.2968,1.09,6.3452,0.7157,2.2732,7426272.6645,3925086.4015,2410217.0186,44557635.987,23550518.409
601328.SH,20181031,6.01,6.07,5.96,6.0,6.0,0.0,0.0,926349.39,556252.24,0.236,0.83,6.3452,0.7157,2.2732,7426272.6645,3925086.4015,2410217.0186,44557635.987,23550518.409
601328.SH,20181101,6.02,6.04,5.9,5.9,6.0,-0.1,-1.6667,955790.15,569453.264,0.2435,0.88,6.2394,0.7038,2.2353,7426272.6645,3925086.4015,2410217.0186,43815008.7206,23158009.7689
601328.SH,20181102,5.97,6.02,5.89,5.96,5.9,0.06,1.0169,1199087.76,713966.368,0.3055,1.12,6.3029,0.7109,2.2581,7426272.6645,3925086.4015,2410217.0186,44260585.0804,23393514.9529
601328.SH,20181105,5.94,5.94,5.89,5.92,5.96,-0.04,-0.6711,698075.93,413127.497,0.1778,0.61,6.2606,0.7061,2.2429,7426272.6645,3925086.4015,2410217.0186,43963534.1738,23236511.4969
601328.SH,20181106,5.93,5.97,5.91,5.93,5.92,0.01,0.1689,587678.85,349050.672,0.1497,0.59,6.2711,0.7073,2.2467,7426272.6645,3925086.4015,2410217.0186,44037796.9005,23275762.3609
601328.SH,20181107,5.93,6.0,5.88,5.89,5.93,-0.04,-0.6745,639387.86,380040.979,0.1629,0.73,6.2288,0.7026,2.2315,7426272.6645,3925086.4015,2410217.0186,43740745.9939,23118758.9048
601328.SH,20181108,5.95,5.99,5.91,5.95,5.89,0.06,1.0187,459891.51,273355.571,0.1172,0.56,6.2923,0.7097,2.2543,7426272.6645,3925086.4015,2410217.0186,44186322.3538,23354264.0889
601328.SH,20181109,5.91,5.91,5.78,5.8,5.95,-0.15,-2.521,766499.05,447668.505,0.1953,1.07,6.1337,0.6918,2.1974,7426272.6645,3925086.4015,2410217.0186,43072381.4541,22765501.1287
601328.SH,20181112,5.8,5.87,5.79,5.84,5.8,0.04,0.6897,474119.07,277240.615,0.1208,0.75,6.176,0.6966,2.2126,7426272.6645,3925086.4015,2410217.0186,43369432.3607,22922504.5848
601328.SH,20181113,5.8,5.88,5.79,5.84,5.84,0.0,0.0,542988.33,316814.343,0.1383,0.93,6.176,0.6966,2.2126,7426272.6645,3925086.4015,2410217.0186,43369432.3607,22922504.5848
601328.SH,20181114,5.85,5.85,5.76,5.78,5.84,-0.06,-1.0274,486608.33,282802.996,0.124,0.84,6.1125,0.6894,2.1899,7426272.6645,3925086.4015,2410217.0186,42923856.0008,22686999.4007
601328.SH,20181115,5.79,5.85,5.76,5.85,5.78,0.07,1.2111,429970.44,249817.848,0.1095,0.79,6.1865,0.6978,2.2164,7426272.6645,3925086.4015,2410217.0186,43443695.0873,22961755.4488
601328.SH,20181116,5.85,5.89,5.82,5.85,5.85,0.0,0.0,649934.83,380846.999,0.1656,1.2,6.1865,0.6978,2.2164,7426272.6645,3925086.4015,2410217.0186,43443695.0873,22961755.4488
601328.SH,20181119,5.88,5.94,5.86,5.9,5.85,0.05,0.8547,578438.29,340991.596,0.1474,1.12,6.2394,0.7038,2.2353,7426272.6645,3925086.4015,2410217.0186,43815008.7206,23158009.7689
601328.SH,20181120,5.88,5.9,5.81,5.85,5.9,-0.05,-0.8475,543680.56,317879.002,0.1385,1.01,6.1865,0.6978,2.2164,7426272.6645,3925086.4015,2410217.0186,43443695.0873,22961755.4488
601328.SH,20181121,5.82,5.86,5.81,5.85,5.85,0.0,0.0,386293.77,225775.205,0.0984,0.72,6.1865,0.6978,2.2164,7426272.6645,3925086.4015,2410217.0186,43443695.0873,22961755.4488
601328.SH,20181122,5.86,5.86,5.79,5.83,5.85,-0.02,-0.3419,379265.42,220519.51,0.0966,0.73,6.1654,0.6954,2.2088,7426272.6645,3925086.4015,2410217.0186,43295169.634,22883253.7207
601328.SH,20181123,5.81,5.85,5.78,5.78,5.83,-0.05,-0.8576,374132.43,217376.353,0.0953,0.74,6.1125,0.6894,2.1899,7426272.6645,3925086.4015,2410217.0186,42923856.0008,22686999.4007
601328.SH,20181126,5.83,5.83,5.77,5.79,5.78,0.01,0.173,365344.2,212014.866,0.0931,0.81,6.1231,0.6906,2.1937,7426272.6645,3925086.4015,2410217.0186,42998118.7275,22726250.2647
601328.SH,20181127,5.8,5.84,5.77,5.8,5.79,0.01,0.1727,387600.6,225102.371,0.0987,0.95,6.1337,0.6918,2.1974,7426272.6645,3925086.4015,2410217.0186,43072381.4541,22765501.1287
601328.SH,20181128,5.8,5.86,5.8,5.83,5.8,0.03,0.5172,379786.17,221674.478,0.0968,1.0,6.1654,0.6954,2.2088,7426272.6645,3925086.4015,2410217.0186,43295169.634,22883253.7207
601328.SH,20181129,5.86,5.86,5.8,5.8,5.83,-0.03,-0.5146,374571.48,218346.9,0.0954,0.99,6.1337,0.6918,2.1974,7426272.6645,3925086.4015,2410217.0186,43072381.4541,22765501.1287
601328.SH,20181130,5.8,5.85,5.79,5.85,5.8,0.05,0.8621,544825.15,317787.928,0.1388,1.45,6.1865,0.6978,2.2164,7426272.6645,3925086.4015,2410217.0186,43443695.0873,22961755.4488
601328.SH,20181203,5.93,5.94,5.89,5.92,5.85,0.07,1.1966,743706.7,440603.714,0.1895,1.81,6.2606,0.7061,2.2429,7426272.6645,3925086.4015,2410217.0186,43963534.1738,23236511.4969
601328.SH,20181204,5.92,5.96,5.9,5.96,5.92,0.04,0.6757,544243.77,323318.35,0.1387,1.12,6.3029,0.7109,2.2581,7426272.6645,3925086.4015,2410217.0186,44260585.0804,23393514.9529
601328.SH,20181205,5.93,5.95,5.9,5.91,5.96,-0.05,-0.8389,444817.65,263687.843,0.1133,0.86,6.25,0.705,2.2391,7426272.6645,3925086.4015,2410217.0186,43889271.4472,23197260.6329
601328.SH,20181206,5.85,5.87,5.81,5.83,5.91,-0.08,-1.3536,512987.19,299364.668,0.1307,0.97,6.1654,0.6954,2.2088,7426272.6645,3925086.4015,2410217.0186,43295169.634,22883253.7207
601328.SH,20181207,5.84,5.87,5.83,5.86,5.83,0.03,0.5146,303538.54,177623.394,0.0773,0.54,6.1971,0.699,2.2202,7426272.6645,3925086.4015,2410217.0186,43517957.814,23001006.3128
601328.SH,20181210,5.82,5.84,5.77,5.79,5.86,-0.07,-1.1945,398108.36,230700.32,0.1014,0.78,6.1231,0.6906,2.1937,7426272.6645,3925086.4015,2410217.0186,42998118.7275,22726250.2647
601328.SH,20181211,5.78,5.81,5.76,5.77,5.79,-0.02,-0.3454,348524.37,201522.896,0.0888,0.79,6.1019,0.6883,2.1861,7426272.6645,3925086.4015,2410217.0186,42849593.2742,22647748.5367
601328.SH,20181212,5.83,5.83,5.73,5.76,5.77,-0.01,-0.1733,452689.27,260594.18,0.1153,1.13,6.0914,0.6871,2.1823,7426272.6645,3925086.4015,2410217.0186,42775330.5475,22608497.6726
601328.SH,20181213,5.76,5.83,5.74,5.8,5.76,0.04,0.6944,650936.29,377397.321,0.1658,1.61,6.1337,0.6918,2.1974,7426272.6645,3925086.4015,2410217.0186,43072381.4541,22765501.1287
601328.SH,20181214,5.79,5.8,5.73,5.74,5.8,-0.06,-1.0345,592948.01,341043.129,0.1511,1.38,6.0702,0.6847,2.1747,7426272.6645,3925086.4015,2410217.0186,42626805.0942,22529995.9446
601328.SH,20181217,5.74,5.78,5.71,5.75,5.74,0.01,0.1742,668131.57,383703.671,0.1702,1.37,6.0808,0.6859,2.1785,7426272.6645,3925086.4015,2410217.0186,42701067.8209,22569246.8086
601328.SH,20181218,5.71,5.76,5.67,5.69,5.75,-0.06,-1.0435,500255.85,286003.609,0.1275,0.92,6.0173,0.6787,2.1558,7426272.6645,3925086.4015,2410217.0186,42255491.461,22333741.6245
601328.SH,20181219,5.71,5.74,5.69,5.71,5.69,0.02,0.3515,500588.1,286231.0,0.1275,0.87,6.0385,0.6811,2.1633,7426272.6645,3925086.4015,2410217.0186,42404016.9143,22412243.3526
601328.SH,20181220,5.7,5.75,5.57,5.64,5.71,-0.07,-1.2259,886268.36,500825.16,0.2258,1.52,5.9645,0.6727,2.1368,7426272.6645,3925086.4015,2410217.0186,41884177.8278,22137487.3045
601328.SH,20181221,5.64,5.66,5.58,5.65,5.64,0.01,0.1773,638790.41,358628.825,0.1627,1.01,5.975,0.6739,2.1406,7426272.6645,3925086.4015,2410217.0186,41958440.5544,22176738.1685
601328.SH,20181224,5.61,5.64,5.58,5.61,5.65,-0.04,-0.708,530810.65,297887.514,0.1352,0.83,5.9327,0.6692,2.1255,7426272.6645,3925086.4015,2410217.0186,41661389.6478,22019734.7124
601328.SH,20181225,5.58,5.66,5.49,5.63,5.61,0.02,0.3565,808056.29,449611.106,0.2059,1.32,5.9539,0.6716,2.133,7426272.6645,3925086.4015,2410217.0186,41809915.1011,22098236.4404
601328.SH,20181226,5.61,5.71,5.6,5.68,5.63,0.05,0.8881,612784.97,347087.238,0.1561,0.91,6.0068,0.6775,2.152,7426272.6645,3925086.4015,2410217.0186,42181228.7344,22294490.7605
601328.SH,20181227,5.73,5.76,5.68,5.72,5.68,0.04,0.7042,710551.35,406837.729,0.181,1.02,6.0491,0.6823,2.1671,7426272.6645,3925086.4015,2410217.0186,42478279.6409,22451494.2166
601328.SH,20181228,5.73,5.82,5.73,5.79,5.72,0.07,1.2238,833561.34,482237.393,0.2124,1.26,6.1231,0.6906,2.1937,7426272.6645,3925086.4015,2410217.0186,42998118.7275,22726250.2647
601328.SH,20190102,5.77,5.8,5.64,5.67,5.79,-0.12,-2.0725,649836.44,369622.562,0.1656,0.93,5.9962,0.6763,2.1482,7426272.6645,3925086.4015,2410217.0186,42106966.0077,22255239.8965
601328.SH,20190103,5.67,5.78,5.66,5.78,5.67,0.11,1.94,645374.99,370509.111,0.1644,0.89,6.1125,0.6894,2.1899,7426272.6645,3925086.4015,2410217.0186,42923856.0008,22686999.4007
601328.SH,20190104,5.75,5.87,5.73,5.86,5.78,0.08,1.3841,758836.29,442286.68,0.1933,1.1,6.1971,0.699,2.2202,7426272.6645,3925086.4015,2410217.0186,43517957.814,23001006.3128
601328.SH,20190107,5.89,5.9,5.81,5.83,5.86,-0.03,-0.5119,490107.05,286113.735,0.1249,0.68,6.1654,0.6954,2.2088,7426272.6645,3925086.4015,2410217.0186,43295169.634,22883253.7207
601328.SH,20190108,5.84,5.86,5.81,5.85,5.83,0.02,0.3431,390041.29,227806.957,0.0994,0.58,6.1865,0.6978,2.2164,7426272.6645,3925086.4015,2410217.0186,43443695.0873,22961755.4488
601328.SH,20190109,5.9,5.97,5.87,5.88,5.85,0.03,0.5128,717273.53,425299.132,0.1827,1.22,6.2183,0.7014,2.2278,7426272.6645,3925086.4015,2410217.0186,43666483.2673,23079508.0408
601328.SH,20190110,5.89,5.91,5.85,5.85,5.88,-0.03,-0.5102,451585.53,265676.727,0.1151,0.75,6.1865,0.6978,2.2164,7426272.6645,3925086.4015,2410217.0186,43443695.0873,22961755.4488
601328.SH,20190111,5.89,5.94,5.87,5.92,5.85,0.07,1.1966,477674.96,282153.929,0.1217,0.85,6.2606,0.7061,2.2429,7426272.6645,3925086.4015,2410217.0186,43963534.1738,23236511.4969
601328.SH,20190114,5.91,5.95,5.88,5.89,5.92,-0.03,-0.5068,386888.37,228790.134,0.0986,0.77,6.2288,0.7026,2.2315,7426272.6645,3925086.4015,2410217.0186,43740745.9939,23118758.9048
601328.SH,20190115,5.92,5.96,5.91,5.95,5.89,0.06,1.0187,534235.76,317473.105,0.1361,1.1,6.2923,0.7097,2.2543,7426272.6645,3925086.4015,2410217.0186,44186322.3538,23354264.0889
601328.SH,20190116,5.94,5.97,5.9,5.96,5.95,0.01,0.1681,491214.59,291414.115,0.1251,0.96,6.3029,0.7109,2.2581,7426272.6645,3925086.4015,2410217.0186,44260585.0804,23393514.9529
601328.SH,20190117,5.98,5.98,5.88,5.91,5.96,-0.05,-0.8389,541767.88,321396.582,0.138,1.16,6.25,0.705,2.2391,7426272.6645,3925086.4015,2410217.0186,43889271.4472,23197260.6329
601328.SH,20190118,5.97,5.99,5.93,5.98,5.91,0.07,1.1844,590517.7,352439.448,0.1504,1.21,6.324,0.7133,2.2656,7426272.6645,3925086.4015,2410217.0186,44409110.5337,23472016.681
601328.SH,20190121,5.96,6.03,5.96,6.03,5.98,0.05,0.8361,753877.81,453220.133,0.1921,1.48,6.3769,0.7193,2.2846,7426272.6645,3925086.4015,2410217.0186,44780424.1669,23668271.001
601328.SH,20190122,6.02,6.05,6.0,6.02,6.03,-0.01,-0.1658,465879.65,280710.307,0.1187,0.8,6.3663,0.7181,2.2808,7426272.6645,3925086.4015,2410217.0186,44706161.4403,23629020.137
601328.SH,20190123,6.04,6.04,5.99,6.0,6.02,-0.02,-0.3322,373068.69,224609.799,0.095,0.66,6.3452,0.7157,2.2732,7426272.6645,3925086.4015,2410217.0186,44557635.987,23550518.409
601328.SH,20190124,6.02,6.04,5.96,5.99,6.0,-0.01,-0.1667,384916.67,231078.885,0.0981,0.71,6.3346,0.7145,2.2694,7426272.6645,3925086.4015,2410217.0186,44483373.2604,23511267.545
601328.SH,20190125,6.03,6.07,5.99,6.02,5.99,0.03,0.5008,588821.9,355223.256,0.15,1.15,6.3663,0.7181,2.2808,7426272.6645,3925086.4015,2410217.0186,44706161.4403,23629020.137
601328.SH,20190128,6.05,6.07,5.99,6.01,6.02,-0.01,-0.1661,467302.35,282125.289,0.1191,0.91,6.3557,0.7169,2.277,7426272.6645,3925086.4015,2410217.0186,44631898.7136,23589769.273
601328.SH,20190129,6.0,6.17,6.0,6.14,6.01,0.13,2.1631,1006129.09,613217.339,0.2563,2.21,6.4932,0.7324,2.3263,7426272.6645,3925086.4015,2410217.0186,45597314.16,24100030.5052
601328.SH,20190130,6.12,6.14,6.07,6.1,6.14,-0.04,-0.6515,562192.59,342997.959,0.1432,1.0,6.4509,0.7276,2.3111,7426272.6645,3925086.4015,2410217.0186,45300263.2535,23943027.0492
601328.SH,20190131,6.13,6.26,6.1,6.25,6.1,0.15,2.459,856922.76,531238.311,0.2183,1.42,6.6095,0.7455,2.3679,7426272.6645,3925086.4015,2410217.0186,46414204.1531,24531790.0094
601328.SH,20190201,6.28,6.28,6.17,6.22,6.25,-0.03,-0.48,641642.86,397922.103,0.1635,0.92,6.5778,0.7419,2.3566,7426272.6645,3925086.4015,2410217.0186,46191415.9732,24414037.4173
601328.SH,20190211,6.17,6.2,6.13,6.17,6.22,-0.05,-0.8039,658405.46,405646.198,0.1677,0.93,6.5249,0.736,2.3376,7426272.6645,3925086.4015,2410217.0186,45820102.34,24217783.0973
601328.SH,20190212,6.19,6.2,6.13,6.16,6.17,-0.01,-0.1621,523023.01,322259.577,0.1333,0.7,6.5144,0.7348,2.3338,7426272.6645,3925086.4015,2410217.0186,45745839.6133,24178532.2332
601328.SH,20190213,6.17,6.29,6.13,6.27,6.16,0.11,1.7857,882616.86,547555.385,0.2249,1.36,6.6307,0.7479,2.3755,7426272.6645,3925086.4015,2410217.0186,46562729.6064,24610291.7374
601328.SH,20190214,6.26,6.27,6.19,6.21,6.27,-0.06,-0.9569,475369.08,296072.02,0.1211,0.67,6.5672,0.7407,2.3528,7426272.6645,3925086.4015,2410217.0186,46117153.2465,24374786.5533
601328.SH,20190215,6.2,6.22,6.08,6.08,6.21,-0.13,-2.0934,631648.5,387735.34,0.1609,0.99,6.4298,0.7252,2.3035,7426272.6645,3925086.4015,2410217.0186,45151737.8002,23864525.3211
601328.SH,20190218,6.14,6.19,6.1,6.17,6.08,0.09,1.4803,599685.44,369031.55,0.1528,0.95,6.5249,0.736,2.3376,7426272.6645,3925086.4015,2410217.0186,45820102.34,24217783.0973
601328.SH,20190219,6.16,6.22,6.12,6.13,6.17,-0.04,-0.6483,725586.28,446568.305,0.1849,1.17,6.4826,0.7312,2.3225,7426272.6645,3925086.4015,2410217.0186,45523051.4334,24060779.6412
601328.SH,20190220,6.16,6.18,6.11,6.14,6.13,0.01,0.1631,589945.27,362416.2,0.1503,0.89,6.4932,0.7324,2.3263,7426272.6645,3925086.4015,2410217.0186,45597314.16,24100030.5052
601328.SH,20190221,6.15,6.17,6.1,6.12,6.14,-0.02,-0.3257,709038.26,434792.137,0.1806,1.17,6.4721,0.73,2.3187,7426272.6645,3925086.4015,2410217.0186,45448788.7067,24021528.7772
601328.SH,20190222,6.13,6.2,6.08,6.2,6.12,0.08,1.3072,928844.31,569660.12,0.2366,1.43,6.5567,0.7395,2.349,7426272.6645,3925086.4015,2410217.0186,46042890.5199,24335535.6893
601328.SH,20190225,6.22,6.54,6.21,6.54,6.2,0.34,5.4839,2512690.24,1597029.734,0.6402,3.54,6.9162,0.7801,2.4778,7426272.6645,3925086.4015,2410217.0186,48567823.2258,25670065.0658
601328.SH,20190226,6.47,6.54,6.35,6.35,6.54,-0.19,-2.9052,2040891.71,1310542.457,0.52,1.87,6.7153,0.7574,2.4058,7426272.6645,3925086.4015,2410217.0186,47156831.4196,24924298.6495
601328.SH,20190227,6.37,6.52,6.36,6.43,6.35,0.08,1.2598,1815625.27,1167547.001,0.4626,1.34,6.7999,0.767,2.4361,7426272.6645,3925086.4015,2410217.0186,47750933.2327,25238305.5616
601328.SH,20190228,6.45,6.48,6.38,6.4,6.43,-0.03,-0.4666,1151131.75,739727.808,0.2933,0.72,6.7682,0.7634,2.4248,7426272.6645,3925086.4015,2410217.0186,47528145.0528,25120552.9696
601328.SH,20190301,6.44,6.6,6.39,6.59,6.4,0.19,2.9688,2068837.28,1340673.605,0.5271,1.22,6.9691,0.7861,2.4968,7426272.6645,3925086.4015,2410217.0186,48939136.8591,25866319.3859
601328.SH,20190304,6.66,6.85,6.6,6.7,6.59,0.11,1.6692,2859149.46,1923060.97,0.7284,1.49,7.0854,0.7992,2.5384,7426272.6645,3925086.4015,2410217.0186,49756026.8522,26298078.8901
601328.SH,20190305,6.7,6.8,6.66,6.73,6.7,0.03,0.4478,1368750.93,919289.976,0.3487,0.69,7.1172,0.8028,2.5498,7426272.6645,3925086.4015,2410217.0186,49978815.0321,26415831.4821
601328.SH,20190306,6.74,6.8,6.64,6.69,6.73,-0.04,-0.5944,1417995.65,951359.164,0.3613,0.77,7.0749,0.798,2.5346,7426272.6645,3925086.4015,2410217.0186,49681764.1255,26258828.026
601328.SH,20190307,6.7,6.71,6.55,6.57,6.69,-0.12,-1.7937,1691711.88,1118682.794,0.431,0.95,6.948,0.7837,2.4892,7426272.6645,3925086.4015,2410217.0186,48790611.4058,25787817.6579
601328.SH,20190308,6.49,6.54,6.29,6.3,6.57,-0.27,-4.1096,1849800.24,1183602.483,0.4713,0.98,6.6624,0.7515,2.3869,7426272.6645,3925086.4015,2410217.0186,46785517.7864,24728044.3295
601328.SH,20190311,6.31,6.37,6.27,6.32,6.3,0.02,0.3175,1108206.17,699063.302,0.2823,0.6,6.6836,0.7539,2.3945,7426272.6645,3925086.4015,2410217.0186,46934043.2396,24806546.0575
601328.SH,20190312,6.38,6.44,6.31,6.34,6.32,0.02,0.3165,1318081.56,841149.399,0.3358,0.89,6.7047,0.7562,2.402,7426272.6645,3925086.4015,2410217.0186,47082568.6929,24885047.7855
601328.SH,20190313,6.34,6.42,6.27,6.36,6.34,0.02,0.3155,1200922.99,761503.306,0.306,0.81,6.7259,0.7586,2.4096,7426272.6645,3925086.4015,2410217.0186,47231094.1462,24963549.5135
601328.SH,20190314,6.35,6.43,6.33,6.37,6.36,0.01,0.1572,1075673.29,686662.085,0.2741,0.75,6.7364,0.7598,2.4134,7426272.6645,3925086.4015,2410217.0186,47305356.8729,25002800.3776
601328.SH,20190315,6.37,6.43,6.35,6.38,6.37,0.01,0.157,1068518.86,682599.029,0.2722,0.82,6.747,0.761,2.4172,7426272.6645,3925086.4015,2410217.0186,47379619.5995,25042051.2416
601328.SH,20190318,6.4,6.49,6.36,6.49,6.38,0.11,1.7241,1387905.53,892275.06,0.3536,1.2,6.8634,0.7741,2.4589,7426272.6645,3925086.4015,2410217.0186,48196509.5926,25473810.7457
601328.SH,20190319,6.5,6.52,6.44,6.44,6.49,-0.05,-0.7704,857667.33,554620.343,0.2185,0.71,6.8105,0.7682,2.4399,7426272.6645,3925086.4015,2410217.0186,47825195.9594,25277556.4257
601328.SH,20190320,6.44,6.51,6.43,6.48,6.44,0.04,0.6211,1078823.89,697656.939,0.2749,0.96,6.8528,0.7729,2.4551,7426272.6645,3925086.4015,2410217.0186,48122246.866,25434559.8817
601328.SH,20190321,6.46,6.47,6.39,6.4,6.48,-0.08,-1.2346,1192193.69,766483.483,0.3037,1.09,6.7682,0.7634,2.4248,7426272.6645,3925086.4015,2410217.0186,47528145.0528,25120552.9696
601328.SH,20190322,6.41,6.42,6.36,6.39,6.4,-0.01,-0.1563,834227.48,533032.142,0.2125,0.75,6.7576,0.7622,2.421,7426272.6645,3925086.4015,2410217.0186,47453882.3262,25081302.1056
601328.SH,20190325,6.3,6.34,6.19,6.2,6.39,-0.19,-2.9734,1426159.59,893750.013,0.3633,1.33,6.5567,0.7395,2.349,7426272.6645,3925086.4015,2410217.0186,46042890.5199,24335535.6893
601328.SH,20190326,6.24,6.24,6.15,6.19,6.2,-0.01,-0.1613,736122.99,455298.985,0.1875,0.68,6.5461,0.7384,2.3452,7426272.6645,3925086.4015,2410217.0186,45968627.7933,24296284.8253
601328.SH,20190327,6.18,6.26,6.16,6.18,6.19,-0.01,-0.1616,798087.77,494933.34,0.2033,0.76,6.5355,0.7372,2.3414,7426272.6645,3925086.4015,2410217.0186,45894365.0666,24257033.9613
601328.SH,20190328,6.17,6.18,6.08,6.11,6.18,-0.07,-1.1327,986287.68,602056.527,0.2513,0.99,6.4615,0.7288,2.3149,7426272.6645,3925086.4015,2410217.0186,45374525.9801,23982277.9132
601328.SH,20190329,6.11,6.28,6.09,6.24,6.11,0.13,2.1277,1378761.25,855186.311,0.3513,1.44,6.599,0.7443,2.3642,7426272.6645,3925086.4015,2410217.0186,46339941.4265,24492539.1454
601328.SH,20190401,6.25,6.35,6.24,6.32,6.24,0.08,1.2821,2094857.02,1321016.659,0.5337,1.97,6.3743,0.735,2.2071,7426272.6645,3925086.4015,2410217.0186,46934043.2396,24806546.0575
601328.SH,20190402,6.33,6.39,6.26,6.28,6.32,-0.04,-0.6329,1377734.93,869415.162,0.351,1.15,6.334,0.7304,2.1931,7426272.6645,3925086.4015,2410217.0186,46636992.3331,24649542.6014
601328.SH,20190403,6.11,6.3,6.07,6.3,6.28,0.02,0.3185,4640350.29,2862770.952,1.1822,3.5,6.3541,0.7327,2.2001,7426272.6645,3925086.4015,2410217.0186,46785517.7864,24728044.3295
601328.SH,20190404,6.27,6.4,6.26,6.33,6.3,0.03,0.4762,3336335.8,2112124.34,0.85,1.59,6.3844,0.7362,2.2106,7426272.6645,3925086.4015,2410217.0186,47008305.9663,24845796.9215
601328.SH,20190408,6.35,6.47,6.32,6.37,6.33,0.04,0.6319,3210934.96,2050758.955,0.8181,1.25,6.4247,0.7408,2.2245,7426272.6645,3925086.4015,2410217.0186,47305356.8729,25002800.3776
601328.SH,20190409,6.36,6.36,6.3,6.34,6.37,-0.03,-0.471,1369734.45,866749.866,0.349,0.47,6.3945,0.7374,2.214,7426272.6645,3925086.4015,2410217.0186,47082568.6929,24885047.7855
601328.SH,20190410,6.32,6.33,6.23,6.3,6.34,-0.04,-0.6309,1555903.35,977395.48,0.3964,0.56,6.3541,0.7327,2.2001,7426272.6645,3925086.4015,2410217.0186,46785517.7864,24728044.3295
601328.SH,20190411,6.3,6.36,6.24,6.29,6.3,-0.01,-0.1587,1449830.55,914154.09,0.3694,0.51,6.3441,0.7315,2.1966,7426272.6645,3925086.4015,2410217.0186,46711255.0597,24688793.4654
601328.SH,20190412,6.3,6.31,6.25,6.29,6.29,0.0,0.0,833625.03,523295.276,0.2124,0.38,6.3441,0.7315,2.1966,7426272.6645,3925086.4015,2410217.0186,46711255.0597,24688793.4654
601328.SH,20190415,6.37,6.42,6.29,6.29,6.29,0.0,0.0,1900652.27,1209654.184,0.4842,1.13,6.3441,0.7315,2.1966,7426272.6645,3925086.4015,2410217.0186,46711255.0597,24688793.4654
601328.SH,20190416,6.28,6.51,6.26,6.5,6.29,0.21,3.3386,3244751.9,2084707.418,0.8267,2.28,6.5559,0.756,2.2699,7426272.6645,3925086.4015,2410217.0186,48270772.3193,25513061.6098
601328.SH,20190417,6.47,6.53,6.44,6.47,6.5,-0.03,-0.4615,1467939.58,949973.305,0.374,0.82,6.5256,0.7525,2.2594,7426272.6645,3925086.4015,2410217.0186,48047984.1393,25395309.0177
601328.SH,20190418,6.46,6.47,6.38,6.39,6.47,-0.08,-1.2365,1122492.2,719515.328,0.286,0.63,6.4449,0.7432,2.2315,7426272.6645,3925086.4015,2410217.0186,47453882.3262,25081302.1056
601328.SH,20190419,6.4,6.47,6.39,6.42,6.39,0.03,0.4695,902038.13,578894.841,0.2298,0.53,6.4752,0.7467,2.242,7426272.6645,3925086.4015,2410217.0186,47676670.5061,25199054.6976
601328.SH,20190422,6.42,6.43,6.26,6.27,6.42,-0.15,-2.3364,1534317.78,972895.977,0.3909,0.89,6.3239,0.7292,2.1896,7426272.6645,3925086.4015,2410217.0186,46562729.6064,24610291.7374
601328.SH,20190423,6.27,6.3,6.26,6.27,6.27,0.0,0.0,872128.35,547766.08,0.2222,0.53,6.3239,0.7292,2.1896,7426272.6645,3925086.4015,2410217.0186,46562729.6064,24610291.7374
601328.SH,20190424,6.3,6.31,6.2,6.25,6.27,-0.02,-0.319,1036990.75,649251.459,0.2642,0.88,6.3037,0.7269,2.1826,7426272.6645,3925086.4015,2410217.0186,46414204.1531,24531790.0094
601328.SH,20190425,6.24,6.26,6.21,6.23,6.25,-0.02,-0.32,987961.97,616318.105,0.2517,0.9,6.2835,0.7246,2.1756,7426272.6645,3925086.4015,2410217.0186,46265678.6998,24453288.2813
601328.SH,20190426,6.22,6.25,6.17,6.18,6.23,-0.05,-0.8026,1075297.07,668474.091,0.274,1.01,6.2331,0.7188,2.1582,7426272.6645,3925086.4015,2410217.0186,45894365.0666,24257033.9613
601328.SH,20190429,6.21,6.28,6.19,6.24,6.18,0.06,0.9709,1091375.62,681453.009,0.2781,0.99,6.2936,0.7257,2.1791,7426272.6645,3925086.4015,2410217.0186,46339941.4265,24492539.1454
601328.SH,20190430,6.24,6.27,6.21,6.26,6.24,0.02,0.3205,899104.34,561219.388,0.2291,0.89,6.3138,0.7056,2.1861,7426272.6645,3925086.4015,2410217.0186,46488466.8798,24571040.8734
601328.SH,20190506,6.17,6.35,6.02,6.19,6.26,-0.07,-1.1182,2497674.13,1530246.236,0.6363,2.45,6.2432,0.6977,2.1617,7426272.6645,3925086.4015,2410217.0186,45968627.7933,24296284.8253
601328.SH,20190507,6.16,6.18,6.1,6.12,6.19,-0.07,-1.1309,1093153.48,671537.093,0.2785,0.83,6.1726,0.6898,2.1372,7426272.6645,3925086.4015,2410217.0186,45448788.7067,24021528.7772
601328.SH,20190508,6.1,6.13,6.04,6.05,6.12,-0.07,-1.1438,894468.65,543151.361,0.2279,0.67,6.102,0.6819,2.1128,7426272.6645,3925086.4015,2410217.0186,44928949.6202,23746772.7291
601328.SH,20190509,6.05,6.09,5.99,6.0,6.05,-0.05,-0.8264,975993.65,588448.204,0.2487,0.75,6.0516,0.6763,2.0953,7426272.6645,3925086.4015,2410217.0186,44557635.987,23550518.409
601328.SH,20190510,6.05,6.08,5.97,6.05,6.0,0.05,0.8333,1048951.06,633691.63,0.2672,0.82,6.102,0.6819,2.1128,7426272.6645,3925086.4015,2410217.0186,44928949.6202,23746772.7291
601328.SH,20190513,6.01,6.04,5.98,5.99,6.05,-0.06,-0.9917,658292.57,395608.717,0.1677,0.51,6.0415,0.6752,2.0918,7426272.6645,3925086.4015,2410217.0186,44483373.2604,23511267.545
601328.SH,20190514,5.97,6.04,5.96,5.97,5.99,-0.02,-0.3339,801406.37,480524.337,0.2042,0.86,6.0213,0.6729,2.0848,7426272.6645,3925086.4015,2410217.0186,44334847.8071,23432765.817
601328.SH,20190515,5.99,6.03,5.97,6.0,5.97,0.03,0.5025,759715.6,455556.405,0.1936,0.87,6.0516,0.6763,2.0953,7426272.6645,3925086.4015,2410217.0186,44557635.987,23550518.409
601328.SH,20190516,5.99,6.01,5.97,6.0,6.0,0.0,0.0,742621.72,444753.422,0.1892,0.87,6.0516,0.6763,2.0953,7426272.6645,3925086.4015,2410217.0186,44557635.987,23550518.409
601328.SH,20190517,6.0,6.01,5.94,5.96,6.0,-0.04,-0.6667,837339.32,500499.344,0.2133,1.04,6.0112,0.6718,2.0813,7426272.6645,3925086.4015,2410217.0186,44260585.0804,23393514.9529
601328.SH,20190520,5.96,6.02,5.94,5.97,5.96,0.01,0.1678,872555.92,521864.942,0.2223,1.15,6.0213,0.6729,2.0848,7426272.6645,3925086.4015,2410217.0186,44334847.8071,23432765.817
601328.SH,20190521,5.97,6.03,5.97,5.99,5.97,0.02,0.335,803855.4,482346.794,0.2048,1.0,6.0415,0.6752,2.0918,7426272.6645,3925086.4015,2410217.0186,44483373.2604,23511267.545
601328.SH,20190522,5.99,6.01,5.96,5.99,5.99,0.0,0.0,737567.6,441534.184,0.1879,0.92,6.0415,0.6752,2.0918,7426272.6645,3925086.4015,2410217.0186,44483373.2604,23511267.545
601328.SH,20190523,5.99,5.99,5.94,5.96,5.99,-0.03,-0.5008,745789.63,444623.542,0.19,0.93,6.0112,0.6718,2.0813,7426272.6645,3925086.4015,2410217.0186,44260585.0804,23393514.9529
601328.SH,20190524,5.97,6.0,5.97,5.99,5.96,0.03,0.5034,664131.26,397630.955,0.1692,0.83,6.0415,0.6752,2.0918,7426272.6645,3925086.4015,2410217.0186,44483373.2604,23511267.545
601328.SH,20190527,5.98,6.0,5.94,5.99,5.99,0.0,0.0,863828.34,516348.43,0.2201,1.13,6.0415,0.6752,2.0918,7426272.6645,3925086.4015,2410217.0186,44483373.2604,23511267.545
601328.SH,20190528,5.99,6.04,5.97,6.0,5.99,0.01,0.1669,1332424.77,800661.913,0.3395,1.75,6.0516,0.6763,2.0953,7426272.6645,3925086.4015,2410217.0186,44557635.987,23550518.409
601328.SH,20190529,5.98,6.0,5.96,5.97,6.0,-0.03,-0.5,625344.29,374030.897,0.1593,0.72,6.0213,0.6729,2.0848,7426272.6645,3925086.4015,2410217.0186,44334847.8071,23432765.817
601328.SH,20190530,5.98,5.99,5.94,5.98,5.97,0.01,0.1675,980556.03,584798.357,0.2498,1.16,6.0314,0.6741,2.0883,7426272.6645,3925086.4015,2410217.0186,44409110.5337,23472016.681
601328.SH,20190531,5.97,6.0,5.94,5.96,5.98,-0.02,-0.3344,801987.62,478369.967,0.2043,0.9,6.0112,0.6718,2.0813,7426272.6645,3925086.4015,2410217.0186,44260585.0804,23393514.9529
601328.SH,20190603,5.97,6.01,5.96,5.99,5.96,0.03,0.5034,767598.31,459352.165,0.1956,0.83,6.0415,0.6752,2.0918,7426272.6645,3925086.4015,2410217.0186,44483373.2604,23511267.545
601328.SH,20190604,6.0,6.03,5.99,6.03,5.99,0.04,0.6678,909913.05,546948.297,0.2318,1.01,6.0818,0.6797,2.1058,7426272.6645,3925086.4015,2410217.0186,44780424.1669,23668271.001
601328.SH,20190605,6.04,6.1,6.04,6.07,6.03,0.04,0.6633,816701.44,496183.87,0.2081,1.0,6.1222,0.6842,2.1198,7426272.6645,3925086.4015,2410217.0186,45077475.0735,23825274.4571
601328.SH,20190606,6.08,6.11,6.06,6.07,6.07,0.0,0.0,736119.9,447744.349,0.1875,0.86,6.1222,0.6842,2.1198,7426272.6645,3925086.4015,2410217.0186,45077475.0735,23825274.4571
601328.SH,20190610,6.09,6.13,6.08,6.11,6.07,0.04,0.659,826705.35,505175.926,0.2106,1.03,6.1625,0.6887,2.1337,7426272.6645,3925086.4015,2410217.0186,45374525.9801,23982277.9132
601328.SH,20190611,6.11,6.16,6.1,6.15,6.11,0.04,0.6547,1115137.01,684275.996,0.2841,1.37,6.2028,0.6932,2.1477,7426272.6645,3925086.4015,2410217.0186,45671576.8867,24139281.3692
601328.SH,20190612,6.14,6.18,6.12,6.17,6.15,0.02,0.3252,744301.99,457767.397,0.1896,0.84,6.223,0.6955,2.1547,7426272.6645,3925086.4015,2410217.0186,45820102.34,24217783.0973
601328.SH,20190613,6.16,6.18,6.12,6.16,6.17,-0.01,-0.1621,593444.93,365366.08,0.1512,0.7,6.2129,0.6943,2.1512,7426272.6645,3925086.4015,2410217.0186,45745839.6133,24178532.2332
601328.SH,20190614,6.18,6.19,6.15,6.17,6.16,0.01,0.1623,666121.86,410811.376,0.1697,0.83,6.223,0.6955,2.1547,7426272.6645,3925086.4015,2410217.0186,45820102.34,24217783.0973
601328.SH,20190617,6.17,6.21,6.16,6.18,6.17,0.01,0.1621,549821.35,340022.223,0.1401,0.7,6.2331,0.6966,2.1582,7426272.6645,3925086.4015,2410217.0186,45894365.0666,24257033.9613
601328.SH,20190618,6.18,6.19,6.15,6.18,6.18,0.0,0.0,569029.22,350953.889,0.145,0.78,6.2331,0.6966,2.1582,7426272.6645,3925086.4015,2410217.0186,45894365.0666,24257033.9613
601328.SH,20190619,6.24,6.25,6.21,6.23,6.18,0.05,0.8091,1101595.9,686886.258,0.2807,1.76,6.2835,0.7022,2.1756,7426272.6645,3925086.4015,2410217.0186,46265678.6998,24453288.2813
601328.SH,20190620,6.24,6.33,6.22,6.28,6.23,0.05,0.8026,1470415.16,923021.69,0.3746,2.11,6.334,0.7079,2.1931,7426272.6645,3925086.4015,2410217.0186,46636992.3331,24649542.6014
601328.SH,20190621,6.28,6.31,6.25,6.26,6.28,-0.02,-0.3185,949471.78,595864.83,0.2419,1.09,6.3138,0.7056,2.1861,7426272.6645,3925086.4015,2410217.0186,46488466.8798,24571040.8734
601328.SH,20190624,6.27,6.31,6.26,6.29,6.26,0.03,0.4792,595153.94,374015.916,0.1516,0.64,6.3441,0.709,2.1966,7426272.6645,3925086.4015,2410217.0186,46711255.0597,24688793.4654
601328.SH,20190625,6.29,6.29,6.07,6.1,6.29,-0.19,-3.0207,2315506.3,1423118.719,0.5899,2.47,6.1524,0.6876,2.1302,7426272.6645,3925086.4015,2410217.0186,45300263.2535,23943027.0492
601328.SH,20190626,6.09,6.12,6.07,6.08,6.1,-0.02,-0.3279,962984.05,586462.637,0.2453,0.75,6.1322,0.6853,2.1232,7426272.6645,3925086.4015,2410217.0186,45151737.8002,23864525.3211
601328.SH,20190627,6.1,6.16,6.09,6.13,6.08,0.05,0.8224,1156466.64,709048.104,0.2946,0.92,6.1827,0.691,2.1407,7426272.6645,3925086.4015,2410217.0186,45523051.4334,24060779.6412
601328.SH,20190628,6.12,6.13,6.08,6.12,6.13,-0.01,-0.1631,694499.87,424119.221,0.1769,0.58,6.1726,0.6898,2.1372,7426272.6645,3925086.4015,2410217.0186,45448788.7067,24021528.7772
601328.SH,20190701,6.17,6.19,6.14,6.16,6.12,0.04,0.6536,950155.89,585974.264,0.2421,0.83,6.2129,0.6943,2.1512,7426272.6645,3925086.4015,2410217.0186,45745839.6133,24178532.2332
601328.SH,20190702,6.17,6.17,6.14,6.16,6.16,0.0,0.0,1048144.61,645443.642,0.267,0.86,6.2129,0.6943,2.1512,7426272.6645,3925086.4015,2410217.0186,45745839.6133,24178532.2332
601328.SH,20190703,6.16,6.2,6.14,6.19,6.16,0.03,0.487,794947.31,490253.279,0.2025,0.83,6.2432,0.6977,2.1617,7426272.6645,3925086.4015,2410217.0186,45968627.7933,24296284.8253
601328.SH,20190704,6.19,6.24,6.18,6.21,6.19,0.02,0.3231,818684.37,509048.241,0.2086,0.88,6.2634,0.7,2.1686,7426272.6645,3925086.4015,2410217.0186,46117153.2465,24374786.5533
601328.SH,20190705,6.22,6.22,6.17,6.18,6.21,-0.03,-0.4831,750544.88,464258.928,0.1912,0.87,6.2331,0.6966,2.1582,7426272.6645,3925086.4015,2410217.0186,45894365.0666,24257033.9613
601328.SH,20190708,6.18,6.18,6.1,6.12,6.18,-0.06,-0.9709,1069231.05,654909.939,0.2724,1.23,6.1726,0.6898,2.1372,7426272.6645,3925086.4015,2410217.0186,45448788.7067,24021528.7772
601328.SH,20190709,5.84,5.84,5.76,5.77,5.82,-0.05,-0.8591,958456.36,555000.636,0.2442,1.07,5.8196,0.6731,2.015,7426272.6645,3925086.4015,2410217.0186,42849593.2742,22647748.5367
601328.SH,20190710,5.77,5.78,5.73,5.74,5.77,-0.03,-0.5199,509019.48,292897.863,0.1297,0.58,5.7893,0.6696,2.0045,7426272.6645,3925086.4015,2410217.0186,42626805.0942,22529995.9446
601328.SH,20190711,5.76,5.79,5.74,5.75,5.74,0.01,0.1742,380226.39,219126.848,0.0969,0.46,5.7994,0.6708,2.008,7426272.6645,3925086.4015,2410217.0186,42701067.8209,22569246.8086
601328.SH,20190712,5.76,5.82,5.75,5.8,5.75,0.05,0.8696,443155.91,256689.355,0.1129,0.6,5.8498,0.6766,2.0255,7426272.6645,3925086.4015,2410217.0186,43072381.4541,22765501.1287
601328.SH,20190715,5.79,5.82,5.71,5.8,5.8,0.0,0.0,675933.03,389748.749,0.1722,1.01,5.8498,0.6766,2.0255,7426272.6645,3925086.4015,2410217.0186,43072381.4541,22765501.1287
601328.SH,20190716,5.8,5.81,5.78,5.8,5.8,0.0,0.0,397880.11,230750.291,0.1014,0.67,5.8498,0.6766,2.0255,7426272.6645,3925086.4015,2410217.0186,43072381.4541,22765501.1287
601328.SH,20190717,5.79,5.8,5.75,5.76,5.8,-0.04,-0.6897,426012.45,245807.006,0.1085,0.89,5.8095,0.672,2.0115,7426272.6645,3925086.4015,2410217.0186,42775330.5475,22608497.6726
601328.SH,20190718,5.76,5.76,5.73,5.75,5.76,-0.01,-0.1736,373206.28,214445.424,0.0951,0.8,5.7994,0.6708,2.008,7426272.6645,3925086.4015,2410217.0186,42701067.8209,22569246.8086
601328.SH,20190719,5.76,5.8,5.75,5.79,5.75,0.04,0.6957,453287.18,262060.612,0.1155,0.98,5.8398,0.6755,2.022,7426272.6645,3925086.4015,2410217.0186,42998118.7275,22726250.2647
601328.SH,20190722,5.77,5.81,5.75,5.77,5.79,-0.02,-0.3454,563487.04,325724.284,0.1436,1.21,5.8196,0.6731,2.015,7426272.6645,3925086.4015,2410217.0186,42849593.2742,22647748.5367
601328.SH,20190723,5.77,5.79,5.75,5.77,5.77,0.0,0.0,544381.35,314312.365,0.1387,1.23,5.8196,0.6731,2.015,7426272.6645,3925086.4015,2410217.0186,42849593.2742,22647748.5367
601328.SH,20190724,5.79,5.83,5.77,5.79,5.77,0.02,0.3466,661553.59,383403.527,0.1685,1.4,5.8398,0.6755,2.022,7426272.6645,3925086.4015,2410217.0186,42998118.7275,22726250.2647
601328.SH,20190725,5.78,5.8,5.77,5.79,5.79,0.0,0.0,629424.98,363856.867,0.1604,1.21,5.8398,0.6755,2.022,7426272.6645,3925086.4015,2410217.0186,42998118.7275,22726250.2647
601328.SH,20190726,5.78,5.79,5.77,5.78,5.79,-0.01,-0.1727,523131.22,302296.269,0.1333,0.92,5.8297,0.6743,2.0185,7426272.6645,3925086.4015,2410217.0186,42923856.0008,22686999.4007
601328.SH,20190729,5.78,5.79,5.77,5.78,5.78,0.0,0.0,536375.72,310000.855,0.1367,0.92,5.8297,0.6743,2.0185,7426272.6645,3925086.4015,2410217.0186,42923856.0008,22686999.4007
601328.SH,20190730,5.79,5.84,5.78,5.82,5.78,0.04,0.692,654365.84,380603.839,0.1667,1.13,5.87,0.679,2.0325,7426272.6645,3925086.4015,2410217.0186,43220906.9074,22844002.8567
601328.SH,20190731,5.82,5.82,5.78,5.81,5.82,-0.01,-0.1718,568673.77,330004.759,0.1449,0.95,5.8599,0.6778,2.029,7426272.6645,3925086.4015,2410217.0186,43146644.1807,22804751.9927
601328.SH,20190801,5.79,5.8,5.75,5.78,5.81,-0.03,-0.5164,578441.52,333791.605,0.1474,0.99,5.8297,0.6743,2.0185,7426272.6645,3925086.4015,2410217.0186,42923856.0008,22686999.4007
601328.SH,20190802,5.72,5.73,5.67,5.68,5.78,-0.1,-1.7301,981046.98,559191.015,0.2499,1.71,5.7288,0.6626,1.9836,7426272.6645,3925086.4015,2410217.0186,42181228.7344,22294490.7605
601328.SH,20190805,5.67,5.68,5.57,5.57,5.68,-0.11,-1.9366,907817.87,509854.995,0.2313,1.37,5.6179,0.6498,1.9451,7426272.6645,3925086.4015,2410217.0186,41364338.7413,21862731.2564
601328.SH,20190806,5.5,5.53,5.47,5.51,5.57,-0.06,-1.0772,951093.34,523752.337,0.2423,1.29,5.5573,0.6428,1.9242,7426272.6645,3925086.4015,2410217.0186,40918762.3814,21627226.0723
601328.SH,20190807,5.53,5.55,5.49,5.49,5.51,-0.02,-0.363,533897.62,294277.09,0.136,0.67,5.5372,0.6405,1.9172,7426272.6645,3925086.4015,2410217.0186,40770236.9281,21548724.3442
601328.SH,20190808,5.52,5.53,5.5,5.51,5.49,0.02,0.3643,584751.86,322578.43,0.149,0.74,5.5573,0.6428,1.9242,7426272.6645,3925086.4015,2410217.0186,40918762.3814,21627226.0723
601328.SH,20190809,5.52,5.53,5.49,5.52,5.51,0.01,0.1815,674679.82,371783.874,0.1719,0.85,5.5674,0.644,1.9277,7426272.6645,3925086.4015,2410217.0186,40993025.108,21666476.9363
601328.SH,20190812,5.51,5.54,5.5,5.53,5.52,0.01,0.1812,540022.86,298331.738,0.1376,0.74,5.5775,0.6451,1.9312,7426272.6645,3925086.4015,2410217.0186,41067287.8347,21705727.8003
601328.SH,20190813,5.51,5.52,5.48,5.5,5.53,-0.03,-0.5425,488209.58,268232.764,0.1244,0.74,5.5473,0.6416,1.9207,7426272.6645,3925086.4015,2410217.0186,40844499.6548,21587975.2083
601328.SH,20190814,5.53,5.53,5.49,5.5,5.5,0.0,0.0,469208.28,258733.771,0.1195,0.83,5.5473,0.6416,1.9207,7426272.6645,3925086.4015,2410217.0186,40844499.6548,21587975.2083
601328.SH,20190815,5.47,5.49,5.45,5.48,5.5,-0.02,-0.3636,494464.24,270614.299,0.126,0.9,5.5271,0.6393,1.9137,7426272.6645,3925086.4015,2410217.0186,40695974.2015,21509473.4802
601328.SH,20190816,5.47,5.49,5.45,5.45,5.48,-0.03,-0.5474,725549.93,396627.172,0.1848,1.36,5.4968,0.6358,1.9032,7426272.6645,3925086.4015,2410217.0186,40473186.0215,21391720.8882
601328.SH,20190819,5.46,5.5,5.4,5.5,5.45,0.05,0.9174,992535.82,540611.578,0.2529,1.83,5.5473,0.6416,1.9207,7426272.6645,3925086.4015,2410217.0186,40844499.6548,21587975.2083
601328.SH,20190820,5.49,5.51,5.47,5.47,5.5,-0.03,-0.5455,567106.43,311577.614,0.1445,0.89,5.517,0.6381,1.9102,7426272.6645,3925086.4015,2410217.0186,40621711.4748,21470222.6162
601328.SH,20190821,5.47,5.49,5.46,5.48,5.47,0.01,0.1828,437346.3,239411.85,0.1114,0.67,5.5271,0.6393,1.9137,7426272.6645,3925086.4015,2410217.0186,40695974.2015,21509473.4802
601328.SH,20190822,5.48,5.49,5.46,5.46,5.48,-0.02,-0.365,390449.03,213540.6,0.0995,0.61,5.5069,0.637,1.9067,7426272.6645,3925086.4015,2410217.0186,40547448.7482,21430971.7522
601328.SH,20190823,5.47,5.48,5.45,5.47,5.46,0.01,0.1832,596135.9,325711.261,0.1519,0.96,5.517,0.6381,1.9102,7426272.6645,3925086.4015,2410217.0186,40621711.4748,21470222.6162
601328.SH,20190826,5.42,5.45,5.41,5.43,5.47,-0.04,-0.7313,642845.45,348702.401,0.1638,1.08,5.4767,0.6335,1.8963,7426272.6645,3925086.4015,2410217.0186,40324660.5682,21313219.1601
601328.SH,20190827,5.44,5.5,5.43,5.46,5.43,0.03,0.5525,950280.03,520328.482,0.2421,1.8,5.5069,0.637,1.9067,7426272.6645,3925086.4015,2410217.0186,40547448.7482,21430971.7522
601328.SH,20190828,5.48,5.49,5.44,5.44,5.46,-0.02,-0.3663,617186.11,337205.642,0.1572,1.02,5.4867,0.6346,1.8997,7426272.6645,3925086.4015,2410217.0186,40398923.2949,21352470.0242
601328.SH,20190829,5.44,5.45,5.41,5.42,5.44,-0.02,-0.3676,688878.38,373675.775,0.1755,1.08,5.4666,0.6345,1.8928,7426272.6645,3925086.4015,2410217.0186,40250397.8416,21273968.2961
601328.SH,20190830,5.44,5.47,5.41,5.41,5.42,-0.01,-0.1845,621788.61,338087.033,0.1584,0.89,5.4565,0.6334,1.8893,7426272.6645,3925086.4015,2410217.0186,40176135.1149,21234717.4321
601328.SH,20190902,5.42,5.46,5.41,5.44,5.41,0.03,0.5545,610762.05,332747.675,0.1556,0.87,5.4867,0.6369,1.8997,7426272.6645,3925086.4015,2410217.0186,40398923.2949,21352470.0242
601328.SH,20190903,5.45,5.47,5.42,5.44,5.44,0.0,0.0,693091.47,377197.686,0.1766,0.99,5.4867,0.6369,1.8997,7426272.6645,3925086.4015,2410217.0186,40398923.2949,21352470.0242
601328.SH,20190904,5.45,5.51,5.43,5.51,5.44,0.07,1.2868,1273738.06,696596.655,0.3245,1.97,5.5573,0.6451,1.9242,7426272.6645,3925086.4015,2410217.0186,40918762.3814,21627226.0723
601328.SH,20190905,5.51,5.6,5.5,5.54,5.51,0.03,0.5445,1499147.58,833097.967,0.3819,1.93,5.5876,0.6486,1.9347,7426272.6645,3925086.4015,2410217.0186,41141550.5613,21744978.6643
601328.SH,20190906,5.56,5.58,5.53,5.57,5.54,0.03,0.5415,843180.83,467912.132,0.2148,0.9,5.6179,0.6521,1.9451,7426272.6645,3925086.4015,2410217.0186,41364338.7413,21862731.2564
601328.SH,20190909,5.6,5.6,5.55,5.56,5.57,-0.01,-0.1795,942716.78,524577.513,0.2402,0.96,5.6078,0.6509,1.9417,7426272.6645,3925086.4015,2410217.0186,41290076.0146,21823480.3923
601328.SH,20190910,5.57,5.57,5.53,5.56,5.56,0.0,0.0,526507.44,292289.499,0.1341,0.5,5.6078,0.6509,1.9417,7426272.6645,3925086.4015,2410217.0186,41290076.0146,21823480.3923
601328.SH,20190911,5.57,5.65,5.57,5.64,5.56,0.08,1.4388,1019627.96,572252.69,0.2598,1.0,5.6885,0.6603,1.9696,7426272.6645,3925086.4015,2410217.0186,41884177.8278,22137487.3045
601328.SH,20190912,5.65,5.65,5.61,5.63,5.64,-0.01,-0.1773,541409.31,304732.924,0.1379,0.56,5.6784,0.6591,1.9661,7426272.6645,3925086.4015,2410217.0186,41809915.1011,22098236.4404
601328.SH,20190916,5.64,5.64,5.59,5.61,5.63,-0.02,-0.3552,551617.0,309216.482,0.1405,0.71,5.6582,0.6568,1.9591,7426272.6645,3925086.4015,2410217.0186,41661389.6478,22019734.7124
601328.SH,20190917,5.6,5.61,5.52,5.52,5.61,-0.09,-1.6043,617952.28,344030.065,0.1574,0.86,5.5674,0.6462,1.9277,7426272.6645,3925086.4015,2410217.0186,40993025.108,21666476.9363
601328.SH,20190918,5.54,5.55,5.51,5.52,5.52,0.0,0.0,534340.7,295463.51,0.1361,0.82,5.5674,0.6462,1.9277,7426272.6645,3925086.4015,2410217.0186,40993025.108,21666476.9363
601328.SH,20190919,5.53,5.53,5.5,5.52,5.52,0.0,0.0,519427.68,286359.12,0.1323,0.8,5.5674,0.6462,1.9277,7426272.6645,3925086.4015,2410217.0186,40993025.108,21666476.9363
601328.SH,20190920,5.53,5.56,5.52,5.56,5.52,0.04,0.7246,788730.37,437589.369,0.2009,1.43,5.6078,0.6509,1.9417,7426272.6645,3925086.4015,2410217.0186,41290076.0146,21823480.3923
601328.SH,20190923,5.54,5.55,5.48,5.5,5.56,-0.06,-1.0791,592237.03,325920.976,0.1509,0.98,5.5473,0.6439,1.9207,7426272.6645,3925086.4015,2410217.0186,40844499.6548,21587975.2083
601328.SH,20190924,5.51,5.52,5.49,5.5,5.5,0.0,0.0,381353.12,210057.611,0.0972,0.62,5.5473,0.6439,1.9207,7426272.6645,3925086.4015,2410217.0186,40844499.6548,21587975.2083
601328.SH,20190925,5.51,5.53,5.47,5.5,5.5,0.0,0.0,536958.02,295586.114,0.1368,0.95,5.5473,0.6439,1.9207,7426272.6645,3925086.4015,2410217.0186,40844499.6548,21587975.2083
601328.SH,20190926,5.51,5.57,5.49,5.52,5.5,0.02,0.3636,831833.23,460654.654,0.2119,1.48,5.5674,0.6462,1.9277,7426272.6645,3925086.4015,2410217.0186,40993025.108,21666476.9363
601328.SH,20190927,5.52,5.53,5.47,5.49,5.52,-0.03,-0.5435,773728.95,424794.274,0.1971,1.24,5.5372,0.6427,1.9172,7426272.6645,3925086.4015,2410217.0186,40770236.9281,21548724.3442
601328.SH,20190930,5.49,5.52,5.45,5.45,5.49,-0.04,-0.7286,663080.9,363771.971,0.1689,1.06,5.4968,0.638,1.9032,7426272.6645,3925086.4015,2410217.0186,40473186.0215,21391720.8882
601328.SH,20191008,5.45,5.51,5.44,5.49,5.45,0.04,0.7339,862346.84,472900.688,0.2197,1.35,5.5372,0.6427,1.9172,7426272.6645,3925086.4015,2410217.0186,40770236.9281,21548724.3442
601328.SH,20191009,5.47,5.58,5.46,5.54,5.49,0.05,0.9107,892823.63,494112.646,0.2275,1.22,5.5876,0.6486,1.9347,7426272.6645,3925086.4015,2410217.0186,41141550.5613,21744978.6643
601328.SH,20191010,5.54,5.56,5.52,5.53,5.54,-0.01,-0.1805,665137.53,368124.617,0.1695,0.83,5.5775,0.6474,1.9312,7426272.6645,3925086.4015,2410217.0186,41067287.8347,21705727.8003
601328.SH,20191011,5.55,5.6,5.52,5.59,5.53,0.06,1.085,942768.93,525293.814,0.2402,1.22,5.638,0.6544,1.9521,7426272.6645,3925086.4015,2410217.0186,41512864.1946,21941232.9844
601328.SH,20191014,5.62,5.76,5.61,5.7,5.59,0.11,1.9678,1783985.5,1015716.283,0.4545,2.22,5.749,0.6673,1.9905,7426272.6645,3925086.4015,2410217.0186,42329754.1877,22372992.4886
601328.SH,20191015,5.69,5.74,5.67,5.72,5.7,0.02,0.3509,1085966.27,619396.229,0.2767,1.05,5.7692,0.6697,1.9975,7426272.6645,3925086.4015,2410217.0186,42478279.6409,22451494.2166
601328.SH,20191016,5.73,5.78,5.67,5.71,5.72,-0.01,-0.1748,897219.41,512902.812,0.2286,0.84,5.7591,0.6685,1.994,7426272.6645,3925086.4015,2410217.0186,42404016.9143,22412243.3526
601328.SH,20191017,5.71,5.73,5.67,5.69,5.71,-0.02,-0.3503,559439.74,318691.704,0.1425,0.52,5.7389,0.6661,1.9871,7426272.6645,3925086.4015,2410217.0186,42255491.461,22333741.6245
601328.SH,20191018,5.69,5.75,5.61,5.61,5.69,-0.08,-1.406,902817.36,511979.48,0.23,0.86,5.6582,0.6568,1.9591,7426272.6645,3925086.4015,2410217.0186,41661389.6478,22019734.7124
601328.SH,20191021,5.62,5.69,5.61,5.69,5.61,0.08,1.426,673682.44,381177.258,0.1716,0.64,5.7389,0.6661,1.9871,7426272.6645,3925086.4015,2410217.0186,42255491.461,22333741.6245
601328.SH,20191022,5.7,5.7,5.65,5.68,5.69,-0.01,-0.1757,614525.52,348198.209,0.1566,0.75,5.7288,0.665,1.9836,7426272.6645,3925086.4015,2410217.0186,42181228.7344,22294490.7605
601328.SH,20191023,5.67,5.72,5.66,5.69,5.68,0.01,0.1761,598174.77,340247.583,0.1524,0.82,5.7389,0.6661,1.9871,7426272.6645,3925086.4015,2410217.0186,42255491.461,22333741.6245
601328.SH,20191024,5.7,5.78,5.69,5.75,5.69,0.06,1.0545,913443.67,524915.726,0.2327,1.36,5.7994,0.6732,2.008,7426272.6645,3925086.4015,2410217.0186,42701067.8209,22569246.8086
601328.SH,20191025,5.76,5.76,5.66,5.71,5.75,-0.04,-0.6957,917207.38,523004.135,0.2337,1.24,5.7591,0.6685,1.994,7426272.6645,3925086.4015,2410217.0186,42404016.9143,22412243.3526
601328.SH,20191028,5.72,5.74,5.64,5.66,5.71,-0.05,-0.8757,964334.3,547316.646,0.2457,1.3,5.7086,0.6223,1.9766,7426272.6645,3925086.4015,2410217.0186,42032703.2811,22215989.0325
601328.SH,20191029,5.67,5.68,5.62,5.64,5.66,-0.02,-0.3534,567588.89,320582.98,0.1446,0.71,5.6885,0.6201,1.9696,7426272.6645,3925086.4015,2410217.0186,41884177.8278,22137487.3045
601328.SH,20191030,5.64,5.67,5.62,5.63,5.64,-0.01,-0.1773,449391.52,253305.685,0.1145,0.57,5.6784,0.619,1.9661,7426272.6645,3925086.4015,2410217.0186,41809915.1011,22098236.4404
601328.SH,20191031,5.63,5.64,5.59,5.61,5.63,-0.02,-0.3552,643020.1,360278.695,0.1638,0.84,5.6582,0.6168,1.9591,7426272.6645,3925086.4015,2410217.0186,41661389.6478,22019734.7124
601328.SH,20191101,5.6,5.66,5.59,5.66,5.61,0.05,0.8913,687387.15,387198.441,0.1751,0.97,5.7086,0.6223,1.9766,7426272.6645,3925086.4015,2410217.0186,42032703.2811,22215989.0325
601328.SH,20191104,5.66,5.69,5.64,5.66,5.66,0.0,0.0,643192.81,364442.901,0.1639,0.97,5.7086,0.6223,1.9766,7426272.6645,3925086.4015,2410217.0186,42032703.2811,22215989.0325
601328.SH,20191105,5.66,5.76,5.65,5.73,5.66,0.07,1.2367,1411312.82,807656.327,0.3596,2.36,5.7792,0.63,2.001,7426272.6645,3925086.4015,2410217.0186,42552542.3676,22490745.0806
601328.SH,20191106,5.72,5.77,5.72,5.74,5.73,0.01,0.1745,569929.46,327067.324,0.1452,0.74,5.7893,0.6311,2.0045,7426272.6645,3925086.4015,2410217.0186,42626805.0942,22529995.9446
601328.SH,20191107,5.74,5.76,5.71,5.73,5.74,-0.01,-0.1742,572393.31,328096.57,0.1458,0.72,5.7792,0.63,2.001,7426272.6645,3925086.4015,2410217.0186,42552542.3676,22490745.0806
601328.SH,20191108,5.75,5.75,5.65,5.66,5.73,-0.07,-1.2216,802726.12,456603.847,0.2045,1.03,5.7086,0.6223,1.9766,7426272.6645,3925086.4015,2410217.0186,42032703.2811,22215989.0325
601328.SH,20191111,5.65,5.66,5.58,5.6,5.66,-0.06,-1.0601,793582.32,445820.805,0.2022,0.99,5.6481,0.6157,1.9556,7426272.6645,3925086.4015,2410217.0186,41587126.9212,21980483.8484
601328.SH,20191112,5.61,5.61,5.56,5.57,5.6,-0.03,-0.5357,630303.41,351994.057,0.1606,0.76,5.6179,0.6124,1.9451,7426272.6645,3925086.4015,2410217.0186,41364338.7413,21862731.2564
601328.SH,20191113,5.57,5.58,5.53,5.55,5.57,-0.02,-0.3591,708421.72,393526.481,0.1805,1.05,5.5977,0.6102,1.9382,7426272.6645,3925086.4015,2410217.0186,41215813.288,21784229.5283
601328.SH,20191114,5.55,5.56,5.52,5.53,5.55,-0.02,-0.3604,586219.91,324501.445,0.1494,0.84,5.5775,0.608,1.9312,7426272.6645,3925086.4015,2410217.0186,41067287.8347,21705727.8003
601328.SH,20191115,5.54,5.57,5.51,5.51,5.53,-0.02,-0.3617,535678.09,296738.104,0.1365,0.76,5.5573,0.6058,1.9242,7426272.6645,3925086.4015,2410217.0186,40918762.3814,21627226.0723
601328.SH,20191118,5.52,5.55,5.51,5.54,5.51,0.03,0.5445,515549.31,285296.165,0.1313,0.79,5.5876,0.6091,1.9347,7426272.6645,3925086.4015,2410217.0186,41141550.5613,21744978.6643
601328.SH,20191119,5.53,5.56,5.52,5.55,5.54,0.01,0.1805,488331.05,270545.49,0.1244,0.82,5.5977,0.6102,1.9382,7426272.6645,3925086.4015,2410217.0186,41215813.288,21784229.5283
601328.SH,20191120,5.53,5.54,5.5,5.5,5.55,-0.05,-0.9009,593691.17,327547.818,0.1513,1.05,5.5473,0.6047,1.9207,7426272.6645,3925086.4015,2410217.0186,40844499.6548,21587975.2083
601328.SH,20191121,5.49,5.51,5.47,5.48,5.5,-0.02,-0.3636,763912.22,418781.587,0.1946,1.4,5.5271,0.6025,1.9137,7426272.6645,3925086.4015,2410217.0186,40695974.2015,21509473.4802
601328.SH,20191122,5.5,5.53,5.48,5.5,5.48,0.02,0.365,611451.94,336830.72,0.1558,1.06,5.5473,0.6047,1.9207,7426272.6645,3925086.4015,2410217.0186,40844499.6548,21587975.2083
601328.SH,20191125,5.52,5.58,5.51,5.57,5.5,0.07,1.2727,716872.47,398758.337,0.1826,1.21,5.6179,0.6124,1.9451,7426272.6645,3925086.4015,2410217.0186,41364338.7413,21862731.2564
601328.SH,20191126,5.59,5.59,5.55,5.56,5.57,-0.01,-0.1795,945811.87,526651.267,0.241,1.49,5.6078,0.6113,1.9417,7426272.6645,3925086.4015,2410217.0186,41290076.0146,21823480.3923
601328.SH,20191127,5.56,5.57,5.54,5.55,5.56,-0.01,-0.1799,348507.62,193557.831,0.0888,0.48,5.5977,0.6102,1.9382,7426272.6645,3925086.4015,2410217.0186,41215813.288,21784229.5283
601328.SH,20191128,5.55,5.57,5.52,5.54,5.55,-0.01,-0.1802,433235.22,240134.808,0.1104,0.64,5.5876,0.6091,1.9347,7426272.6645,3925086.4015,2410217.0186,41141550.5613,21744978.6643
601328.SH,20191129,5.53,5.57,5.5,5.51,5.54,-0.03,-0.5415,635253.41,351295.401,0.1618,1.04,5.5573,0.6058,1.9242,7426272.6645,3925086.4015,2410217.0186,40918762.3814,21627226.0723
601328.SH,20191202,5.52,5.53,5.48,5.49,5.51,-0.02,-0.363,514879.58,283374.484,0.1312,0.84,5.5372,0.6036,1.9172,7426272.6645,3925086.4015,2410217.0186,40770236.9281,21548724.3442
601328.SH,20191203,5.49,5.5,5.47,5.49,5.49,0.0,0.0,587467.0,322158.134,0.1497,1.02,5.5372,0.6036,1.9172,7426272.6645,3925086.4015,2410217.0186,40770236.9281,21548724.3442
601328.SH,20191204,5.48,5.49,5.44,5.46,5.49,-0.03,-0.5464,773445.74,422487.16,0.1971,1.54,5.5069,0.6003,1.9067,7426272.6645,3925086.4015,2410217.0186,40547448.7482,21430971.7522
601328.SH,20191205,5.47,5.49,5.46,5.47,5.46,0.01,0.1832,565400.63,309356.602,0.144,0.96,5.517,0.6014,1.9102,7426272.6645,3925086.4015,2410217.0186,40621711.4748,21470222.6162
601328.SH,20191206,5.47,5.48,5.45,5.47,5.47,0.0,0.0,554684.34,303188.936,0.1413,0.9,5.517,0.6014,1.9102,7426272.6645,3925086.4015,2410217.0186,40621711.4748,21470222.6162
601328.SH,20191209,5.48,5.5,5.46,5.5,5.47,0.03,0.5484,621035.69,340453.095,0.1582,1.04,5.5473,0.6047,1.9207,7426272.6645,3925086.4015,2410217.0186,40844499.6548,21587975.2083
601328.SH,20191210,5.49,5.5,5.47,5.48,5.5,-0.02,-0.3636,486793.47,266958.843,0.124,0.78,5.5271,0.6025,1.9137,7426272.6645,3925086.4015,2410217.0186,40695974.2015,21509473.4802
601328.SH,20191211,5.48,5.51,5.47,5.5,5.48,0.02,0.365,649880.86,356762.666,0.1656,1.08,5.5473,0.6047,1.9207,7426272.6645,3925086.4015,2410217.0186,40844499.6548,21587975.2083
601328.SH,20191212,5.51,5.51,5.48,5.49,5.5,-0.01,-0.1818,529646.67,290659.818,0.1349,0.92,5.5372,0.6036,1.9172,7426272.6645,3925086.4015,2410217.0186,40770236.9281,21548724.3442
601328.SH,20191213,5.51,5.56,5.5,5.55,5.49,0.06,1.0929,1168422.1,645778.156,0.2977,2.06,5.5977,0.6102,1.9382,7426272.6645,3925086.4015,2410217.0186,41215813.288,21784229.5283
601328.SH,20191216,5.54,5.55,5.52,5.54,5.55,-0.01,-0.1802,779527.83,431238.089,0.1986,1.13,5.5876,0.6091,1.9347,7426272.6645,3925086.4015,2410217.0186,41141550.5613,21744978.6643
601328.SH,20191217,5.54,5.65,5.53,5.6,5.54,0.06,1.083,1300046.17,727004.027,0.3312,1.8,5.6481,0.6157,1.9556,7426272.6645,3925086.4015,2410217.0186,41587126.9212,21980483.8484
601328.SH,20191218,5.6,5.66,5.6,5.61,5.6,0.01,0.1786,1257323.12,707811.939,0.3203,1.42,5.6582,0.6168,1.9591,7426272.6645,3925086.4015,2410217.0186,41661389.6478,22019734.7124
601328.SH,20191219,5.62,5.64,5.61,5.62,5.61,0.01,0.1783,654044.73,367764.816,0.1666,0.65,5.6683,0.6179,1.9626,7426272.6645,3925086.4015,2410217.0186,41735652.3745,22058985.5764
601328.SH,20191220,5.63,5.65,5.61,5.63,5.62,0.01,0.1779,752204.54,423111.518,0.1916,0.73,5.6784,0.619,1.9661,7426272.6645,3925086.4015,2410217.0186,41809915.1011,22098236.4404
601328.SH,20191223,5.63,5.64,5.56,5.57,5.63,-0.06,-1.0657,787010.42,440925.552,0.2005,0.83,5.6179,0.6124,1.9451,7426272.6645,3925086.4015,2410217.0186,41364338.7413,21862731.2564
601328.SH,20191224,5.57,5.6,5.56,5.58,5.57,0.01,0.1795,347286.11,193890.105,0.0885,0.37,5.628,0.6135,1.9486,7426272.6645,3925086.4015,2410217.0186,41438601.4679,21901982.1204
601328.SH,20191225,5.58,5.59,5.56,5.57,5.58,-0.01,-0.1792,379143.15,211129.717,0.0966,0.5,5.6179,0.6124,1.9451,7426272.6645,3925086.4015,2410217.0186,41364338.7413,21862731.2564
601328.SH,20191226,5.57,5.61,5.56,5.6,5.57,0.03,0.5386,494615.7,276410.846,0.126,0.85,5.6481,0.6157,1.9556,7426272.6645,3925086.4015,2410217.0186,41587126.9212,21980483.8484
601328.SH,20191227,5.6,5.65,5.59,5.62,5.6,0.02,0.3571,908791.18,511119.172,0.2315,1.65,5.6683,0.6179,1.9626,7426272.6645,3925086.4015,2410217.0186,41735652.3745,22058985.5764
601328.SH,20191230,5.6,5.65,5.58,5.64,5.62,0.02,0.3559,925523.35,520204.66,0.2358,1.59,5.6885,0.6201,1.9696,7426272.6645,3925086.4015,2410217.0186,41884177.8278,22137487.3045
601328.SH,20191231,5.63,5.64,5.61,5.63,5.64,-0.01,-0.1773,667771.88,375559.529,0.1701,1.09,5.6784,0.619,1.9661,7426272.6645,3925086.4015,2410217.0186,41809915.1011,22098236.4404
601328.SH,20200102,5.66,5.71,5.66,5.68,5.63,0.05,0.8881,1204575.27,685020.616,0.3069,1.78,5.7288,0.6245,1.9836,7426272.6645,3925086.4015,2410217.0186,42181228.7344,22294490.7605
601328.SH,20200103,5.7,5.7,5.68,5.69,5.68,0.01,0.1761,792264.29,450865.566,0.2018,0.94,5.7389,0.6256,1.9871,7426272.6645,3925086.4015,2410217.0186,42255491.461,22333741.6245
601328.SH,20200106,5.68,5.7,5.65,5.66,5.69,-0.03,-0.5272,1102799.39,626513.144,0.281,1.23,5.7086,0.6223,1.9766,7426272.6645,3925086.4015,2410217.0186,42032703.2811,22215989.0325
601328.SH,20200107,5.67,5.72,5.66,5.69,5.66,0.03,0.53,1009755.73,574954.034,0.2573,1.08,5.7389,0.6256,1.9871,7426272.6645,3925086.4015,2410217.0186,42255491.461,22333741.6245
601328.SH,20200108,5.67,5.67,5.63,5.64,5.69,-0.05,-0.8787,884544.92,499286.958,0.2254,0.93,5.6885,0.6201,1.9696,7426272.6645,3925086.4015,2410217.0186,41884177.8278,22137487.3045
601328.SH,20200109,5.66,5.68,5.64,5.65,5.64,0.01,0.1773,705748.36,399162.565,0.1798,0.71,5.6986,0.6212,1.9731,7426272.6645,3925086.4015,2410217.0186,41958440.5544,22176738.1685
601328.SH,20200110,5.66,5.67,5.63,5.64,5.65,-0.01,-0.177,479807.35,270749.38,0.1222,0.53,5.6885,0.6201,1.9696,7426272.6645,3925086.4015,2410217.0186,41884177.8278,22137487.3045
601328.SH,20200113,5.65,5.66,5.62,5.65,5.64,0.01,0.1773,488642.2,275512.289,0.1245,0.58,5.6986,0.6212,1.9731,7426272.6645,3925086.4015,2410217.0186,41958440.5544,22176738.1685
601328.SH,20200114,5.65,5.7,5.65,5.67,5.65,0.02,0.354,601793.79,341406.068,0.1533,0.84,5.7187,0.6234,1.9801,7426272.6645,3925086.4015,2410217.0186,42106966.0077,22255239.8965
601328.SH,20200115,5.66,5.67,5.62,5.62,5.67,-0.05,-0.8818,488393.62,275547.632,0.1244,0.77,5.6683,0.6179,1.9626,7426272.6645,3925086.4015,2410217.0186,41735652.3745,22058985.5764
601328.SH,20200116,5.63,5.64,5.61,5.61,5.62,-0.01,-0.1779,441676.72,248381.076,0.1125,0.8,5.6582,0.6168,1.9591,7426272.6645,3925086.4015,2410217.0186,41661389.6478,22019734.7124
601328.SH,20200117,5.63,5.65,5.6,5.61,5.61,0.0,0.0,428989.18,241107.659,0.1093,0.86,5.6582,0.6168,1.9591,7426272.6645,3925086.4015,2410217.0186,41661389.6478,22019734.7124
601328.SH,20200120,5.61,5.63,5.6,5.62,5.61,0.01,0.1783,505936.95,284188.341,0.1289,1.03,5.6683,0.6179,1.9626,7426272.6645,3925086.4015,2410217.0186,41735652.3745,22058985.5764
601328.SH,20200121,5.61,5.62,5.56,5.57,5.62,-0.05,-0.8897,680067.73,379461.164,0.1733,1.38,5.6179,0.6124,1.9451,7426272.6645,3925086.4015,2410217.0186,41364338.7413,21862731.2564
601328.SH,20200122,5.57,5.57,5.51,5.54,5.57,-0.03,-0.5386,757746.35,419683.87,0.1931,1.49,5.5876,0.6091,1.9347,7426272.6645,3925086.4015,2410217.0186,41141550.5613,21744978.6643
601328.SH,20200123,5.53,5.53,5.46,5.47,5.54,-0.07,-1.2635,1072207.25,588704.247,0.2732,1.9,5.517,0.6014,1.9102,7426272.6645,3925086.4015,2410217.0186,40621711.4748,21470222.6162
601328.SH,20200203,5.05,5.25,5.05,5.11,5.47,-0.36,-6.5814,1897131.45,975191.233,0.4833,2.75,5.1539,0.5618,1.7845,7426272.6645,3925086.4015,2410217.0186,37948253.3156,20057191.5117
601328.SH,20200204,5.13,5.25,5.12,5.2,5.11,0.09,1.7613,1293022.2,669851.262,0.3294,1.32,5.2447,0.5717,1.8159,7426272.6645,3925086.4015,2410217.0186,38616617.8554,20410449.2878
601328.SH,20200205,5.21,5.24,5.16,5.2,5.2,0.0,0.0,926675.86,482256.466,0.2361,0.81,5.2447,0.5717,1.8159,7426272.6645,3925086.4015,2410217.0186,38616617.8554,20410449.2878
601328.SH,20200206,5.22,5.26,5.18,5.24,5.2,0.04,0.7692,959284.46,500139.56,0.2444,0.81,5.285,0.5761,1.8299,7426272.6645,3925086.4015,2410217.0186,38913668.762,20567452.7439
601328.SH,20200207,5.22,5.27,5.2,5.25,5.24,0.01,0.1908,668534.32,349125.38,0.1703,0.54,5.2951,0.5772,1.8334,7426272.6645,3925086.4015,2410217.0186,38987931.4886,20606703.6079
601328.SH,20200210,5.23,5.26,5.22,5.23,5.25,-0.02,-0.381,606223.11,317464.884,0.1544,0.53,5.2749,0.575,1.8264,7426272.6645,3925086.4015,2410217.0186,38839406.0353,20528201.8798
601328.SH,20200211,5.24,5.29,5.23,5.26,5.23,0.03,0.5736,670715.7,353177.959,0.1709,0.75,5.3052,0.5783,1.8369,7426272.6645,3925086.4015,2410217.0186,39062194.2153,20645954.4719
601328.SH,20200212,5.26,5.28,5.25,5.28,5.26,0.02,0.3802,427801.71,225353.462,0.109,0.56,5.3254,0.5805,1.8439,7426272.6645,3925086.4015,2410217.0186,39210719.6686,20724456.1999
601328.SH,20200213,5.27,5.29,5.24,5.24,5.28,-0.04,-0.7576,518859.65,273397.465,0.1322,0.78,5.285,0.5761,1.8299,7426272.6645,3925086.4015,2410217.0186,38913668.762,20567452.7439
601328.SH,20200214,5.24,5.29,5.23,5.28,5.24,0.04,0.7634,448306.27,236161.732,0.1142,0.78,5.3254,0.5805,1.8439,7426272.6645,3925086.4015,2410217.0186,39210719.6686,20724456.1999
601328.SH,20200217,5.27,5.35,5.27,5.34,5.28,0.06,1.1364,580856.51,308585.752,0.148,1.09,5.3859,0.5871,1.8648,7426272.6645,3925086.4015,2410217.0186,39656296.0284,20959961.384
601328.SH,20200218,5.33,5.36,5.3,5.31,5.34,-0.03,-0.5618,563526.02,299950.118,0.1436,1.06,5.3556,0.5838,1.8544,7426272.6645,3925086.4015,2410217.0186,39433507.8485,20842208.792
601328.SH,20200219,5.31,5.34,5.3,5.32,5.31,0.01,0.1883,529791.45,281853.009,0.135,1.04,5.3657,0.5849,1.8578,7426272.6645,3925086.4015,2410217.0186,39507770.5751,20881459.656
601328.SH,20200220,5.31,5.37,5.29,5.35,5.32,0.03,0.5639,798746.5,425107.938,0.2035,1.51,5.396,0.5882,1.8683,7426272.6645,3925086.4015,2410217.0186,39730558.7551,20999212.248
601328.SH,20200221,5.33,5.39,5.33,5.37,5.35,0.02,0.3738,793929.15,425345.208,0.2023,1.36,5.4161,0.5904,1.8753,7426272.6645,3925086.4015,2410217.0186,39879084.2084,21077713.9761
601328.SH,20200224,5.36,5.38,5.31,5.31,5.37,-0.06,-1.1173,717778.66,383185.264,0.1829,1.1,5.3556,0.5838,1.8544,7426272.6645,3925086.4015,2410217.0186,39433507.8485,20842208.792
601328.SH,20200225,5.28,5.31,5.26,5.28,5.31,-0.03,-0.565,788578.9,416628.466,0.2009,1.16,5.3254,0.5805,1.8439,7426272.6645,3925086.4015,2410217.0186,39210719.6686,20724456.1999
601328.SH,20200226,5.26,5.33,5.25,5.31,5.28,0.03,0.5682,956367.23,506328.287,0.2437,1.32,5.3556,0.5838,1.8544,7426272.6645,3925086.4015,2410217.0186,39433507.8485,20842208.792
601328.SH,20200227,5.3,5.35,5.29,5.31,5.31,0.0,0.0,614065.39,326430.178,0.1564,0.76,5.3556,0.5838,1.8544,7426272.6645,3925086.4015,2410217.0186,39433507.8485,20842208.792
601328.SH,20200228,5.27,5.32,5.2,5.2,5.31,-0.11,-2.0716,1040453.03,545926.357,0.2651,1.34,5.2447,0.5717,1.8159,7426272.6645,3925086.4015,2410217.0186,38616617.8554,20410449.2878
601328.SH,20200302,5.21,5.3,5.21,5.29,5.2,0.09,1.7308,833040.77,438906.639,0.2122,1.01,5.3355,0.5816,1.8474,7426272.6645,3925086.4015,2410217.0186,39284982.3952,20763707.0639
601328.SH,20200303,5.31,5.35,5.3,5.32,5.29,0.03,0.5671,833901.2,444230.107,0.2125,0.99,5.3657,0.5849,1.8578,7426272.6645,3925086.4015,2410217.0186,39507770.5751,20881459.656
601328.SH,20200304,5.32,5.36,5.31,5.34,5.32,0.02,0.3759,522030.96,278070.475,0.133,0.61,5.3859,0.5871,1.8648,7426272.6645,3925086.4015,2410217.0186,39656296.0284,20959961.384
601328.SH,20200305,5.36,5.44,5.34,5.39,5.34,0.05,0.9363,1258907.59,678595.556,0.3207,1.64,5.4363,0.5926,1.8823,7426272.6645,3925086.4015,2410217.0186,40027609.6617,21156215.7041
601328.SH,20200306,5.37,5.39,5.33,5.34,5.39,-0.05,-0.9276,605610.11,324114.076,0.1543,0.67,5.3859,0.5871,1.8648,7426272.6645,3925086.4015,2410217.0186,39656296.0284,20959961.384
601328.SH,20200309,5.3,5.31,5.21,5.28,5.34,-0.06,-1.1236,2374699.91,1248980.159,0.605,2.93,5.3254,0.5805,1.8439,7426272.6645,3925086.4015,2410217.0186,39210719.6686,20724456.1999
601328.SH,20200310,5.24,5.42,5.24,5.35,5.28,0.07,1.3258,1369030.64,729627.039,0.3488,1.22,5.396,0.5882,1.8683,7426272.6645,3925086.4015,2410217.0186,39730558.7551,20999212.248
601328.SH,20200311,5.36,5.36,5.28,5.28,5.35,-0.07,-1.3084,759866.1,404303.999,0.1936,0.62,5.3254,0.5805,1.8439,7426272.6645,3925086.4015,2410217.0186,39210719.6686,20724456.1999
601328.SH,20200312,5.27,5.29,5.24,5.28,5.28,0.0,0.0,725859.52,381990.593,0.1849,0.57,5.3254,0.5805,1.8439,7426272.6645,3925086.4015,2410217.0186,39210719.6686,20724456.1999
601328.SH,20200313,5.18,5.29,5.15,5.25,5.28,-0.03,-0.5682,1226985.95,639563.824,0.3126,1.05,5.2951,0.5772,1.8334,7426272.6645,3925086.4015,2410217.0186,38987931.4886,20606703.6079
601328.SH,20200316,5.26,5.28,5.18,5.19,5.25,-0.06,-1.1429,1032801.35,541044.911,0.2631,0.8,5.2346,0.5706,1.8124,7426272.6645,3925086.4015,2410217.0186,38542355.1288,20371198.4238
601328.SH,20200317,5.19,5.26,5.17,5.2,5.19,0.01,0.1927,1123946.42,587142.484,0.2863,1.1,5.2447,0.5717,1.8159,7426272.6645,3925086.4015,2410217.0186,38616617.8554,20410449.2878
601328.SH,20200318,5.23,5.23,5.11,5.12,5.2,-0.08,-1.5385,932205.59,482993.285,0.2375,0.96,5.164,0.5629,1.788,7426272.6645,3925086.4015,2410217.0186,38022516.0422,20096442.3757
601328.SH,20200319,5.11,5.15,5.0,5.02,5.12,-0.1,-1.9531,1162074.86,587440.988,0.2961,1.15,5.0631,0.5519,1.7531,7426272.6645,3925086.4015,2410217.0186,37279888.7758,19703933.7355
601328.SH,20200320,5.07,5.13,5.04,5.09,5.02,0.07,1.3944,911502.23,462895.607,0.2322,0.83,5.1337,0.5596,1.7775,7426272.6645,3925086.4015,2410217.0186,37799727.8623,19978689.7836
601328.SH,20200323,5.04,5.05,5.0,5.02,5.09,-0.07,-1.3752,778656.95,390951.412,0.1984,0.75,5.0631,0.5519,1.7531,7426272.6645,3925086.4015,2410217.0186,37279888.7758,19703933.7355
601328.SH,20200324,5.07,5.11,5.05,5.09,5.02,0.07,1.3944,655023.35,332822.012,0.1669,0.67,5.1337,0.5596,1.7775,7426272.6645,3925086.4015,2410217.0186,37799727.8623,19978689.7836
601328.SH,20200325,5.15,5.16,5.11,5.12,5.09,0.03,0.5894,590514.68,302837.764,0.1504,0.67,5.164,0.5629,1.788,7426272.6645,3925086.4015,2410217.0186,38022516.0422,20096442.3757
601328.SH,20200326,5.11,5.16,5.08,5.12,5.12,0.0,0.0,642911.24,329245.465,0.1638,0.78,5.164,0.5629,1.788,7426272.6645,3925086.4015,2410217.0186,38022516.0422,20096442.3757
601328.SH,20200327,5.15,5.19,5.12,5.16,5.12,0.04,0.7813,540807.5,278873.381,0.1378,0.76,5.2043,0.5673,1.802,7426272.6645,3925086.4015,2410217.0186,38319566.9488,20253445.8317
601328.SH,20200330,5.15,5.24,5.14,5.22,5.16,0.06,1.1628,893070.64,464657.655,0.2275,1.39,5.0161,0.5591,1.6675,7426272.6645,3925086.4015,2410217.0186,38765143.3087,20488951.0158
601328.SH,20200331,5.24,5.25,5.16,5.16,5.22,-0.06,-1.1494,585490.06,304775.18,0.1492,0.88,4.9585,0.5527,1.6484,7426272.6645,3925086.4015,2151843.957,38319566.9488,20253445.8317
601328.SH,20200401,5.16,5.21,5.15,5.16,5.16,0.0,0.0,516419.31,267417.366,0.1316,0.79,4.9585,0.5527,1.6484,7426272.6645,3925086.4015,2151843.957,38319566.9488,20253445.8317
601328.SH,20200402,5.15,5.21,5.14,5.21,5.16,0.05,0.969,422601.09,218946.66,0.1077,0.66,5.0065,0.558,1.6643,7426272.6645,3925086.4015,2151843.957,38690880.582,20449700.1518
601328.SH,20200403,5.19,5.2,5.16,5.17,5.21,-0.04,-0.7678,311673.0,161364.571,0.0794,0.53,4.9681,0.5537,1.6515,7426272.6645,3925086.4015,2151843.957,38393829.6755,20292696.6958
601328.SH,20200407,5.22,5.23,5.2,5.21,5.17,0.04,0.7737,642103.44,334831.779,0.1636,1.18,5.0065,0.558,1.6643,7426272.6645,3925086.4015,2151843.957,38690880.582,20449700.1518
601328.SH,20200408,5.2,5.22,5.18,5.19,5.21,-0.02,-0.3839,452341.76,235171.612,0.1152,0.91,4.9873,0.5559,1.6579,7426272.6645,3925086.4015,2151843.957,38542355.1288,20371198.4238
601328.SH,20200409,5.21,5.22,5.17,5.17,5.19,-0.02,-0.3854,453312.06,235191.261,0.1155,0.97,4.9681,0.5537,1.6515,7426272.6645,3925086.4015,2151843.957,38393829.6755,20292696.6958
601328.SH,20200410,5.18,5.19,5.16,5.18,5.17,0.01,0.1934,337705.81,174824.727,0.086,0.74,4.9777,0.5548,1.6547,7426272.6645,3925086.4015,2151843.957,38468092.4021,20331947.5598
601328.SH,20200413,5.17,5.19,5.17,5.17,5.18,-0.01,-0.1931,277080.95,143454.5,0.0706,0.63,4.9681,0.5537,1.6515,7426272.6645,3925086.4015,2151843.957,38393829.6755,20292696.6958
601328.SH,20200414,5.18,5.19,5.16,5.19,5.17,0.02,0.3868,505398.76,261731.691,0.1288,1.17,4.9873,0.5559,1.6579,7426272.6645,3925086.4015,2151843.957,38542355.1288,20371198.4238
601328.SH,20200415,5.18,5.19,5.16,5.18,5.19,-0.01,-0.1927,467500.27,242158.57,0.1191,1.15,4.9777,0.5548,1.6547,7426272.6645,3925086.4015,2151843.957,38468092.4021,20331947.5598
601328.SH,20200416,5.16,5.2,5.16,5.2,5.18,0.02,0.3861,451566.9,234088.752,0.115,1.11,4.9969,0.5569,1.6611,7426272.6645,3925086.4015,2151843.957,38616617.8554,20410449.2878
601328.SH,20200417,5.2,5.22,5.18,5.19,5.2,-0.01,-0.1923,538930.13,280387.419,0.1373,1.32,4.9873,0.5559,1.6579,7426272.6645,3925086.4015,2151843.957,38542355.1288,20371198.4238
601328.SH,20200420,5.19,5.2,5.16,5.17,5.19,-0.02,-0.3854,536613.64,277483.848,0.1367,1.2,4.9681,0.5537,1.6515,7426272.6645,3925086.4015,2151843.957,38393829.6755,20292696.6958
601328.SH,20200421,5.16,5.17,5.13,5.13,5.17,-0.04,-0.7737,466489.02,239981.425,0.1188,0.93,4.9296,0.5494,1.6388,7426272.6645,3925086.4015,2151843.957,38096778.7689,20135693.2397
601328.SH,20200422,5.14,5.15,5.11,5.14,5.13,0.01,0.1949,394356.81,202506.401,0.1005,0.8,4.9393,0.5505,1.642,7426272.6645,3925086.4015,2151843.957,38171041.4955,20174944.1037
601328.SH,20200423,5.15,5.16,5.13,5.14,5.14,0.0,0.0,404149.05,207987.517,0.103,0.85,4.9393,0.5505,1.642,7426272.6645,3925086.4015,2151843.957,38171041.4955,20174944.1037
601328.SH,20200424,5.14,5.15,5.12,5.14,5.14,0.0,0.0,313739.39,160907.06,0.0799,0.67,4.9393,0.5505,1.642,7426272.6645,3925086.4015,2151843.957,38171041.4955,20174944.1037
601328.SH,20200427,5.14,5.18,5.13,5.15,5.14,0.01,0.1946,534189.39,275787.685,0.1361,1.26,4.9489,0.5516,1.6452,7426272.6645,3925086.4015,2151843.957,38245304.2222,20214194.9677
601328.SH,20200428,5.16,5.17,5.11,5.15,5.15,0.0,0.0,474474.22,244200.331,0.1209,1.12,4.9489,0.5516,1.6452,7426272.6645,3925086.4015,2151843.957,38245304.2222,20214194.9677
601328.SH,20200429,5.12,5.18,5.11,5.18,5.15,0.03,0.5825,662080.08,340733.276,0.1687,1.56,4.9777,0.5415,1.6547,7426272.6645,3925086.4015,2151843.957,38468092.4021,20331947.5598
601328.SH,20200430,5.17,5.21,5.17,5.18,5.18,0.0,0.0,585168.54,303607.915,0.1491,1.22,4.9777,0.5415,1.6547,7426272.6645,3925086.4015,2151843.957,38468092.4021,20331947.5598
601328.SH,20200506,5.14,5.15,5.12,5.13,5.18,-0.05,-0.9653,842360.68,432194.265,0.2146,1.64,4.9296,0.5362,1.6388,7426272.6645,3925086.4015,2151843.957,38096778.7689,20135693.2397
601328.SH,20200507,5.13,5.14,5.12,5.12,5.13,-0.01,-0.1949,453954.64,232754.799,0.1157,0.73,4.92,0.5352,1.6356,7426272.6645,3925086.4015,2151843.957,38022516.0422,20096442.3757
601328.SH,20200508,5.14,5.15,5.12,5.14,5.12,0.02,0.3906,440154.09,226153.523,0.1121,0.73,4.9393,0.5373,1.642,7426272.6645,3925086.4015,2151843.957,38171041.4955,20174944.1037
601328.SH,20200511,5.14,5.16,5.13,5.15,5.14,0.01,0.1946,502885.13,258748.835,0.1281,0.84,4.9489,0.5383,1.6452,7426272.6645,3925086.4015,2607243.9569,38245304.2222,20214194.9677
601328.SH,20200512,5.15,5.16,5.13,5.13,5.15,-0.02,-0.3883,456948.31,234997.219,0.1164,0.81,4.9296,0.5362,1.6388,7426272.6645,3925086.4015,2607243.9569,38096778.7689,20135693.2397
601328.SH,20200513,5.13,5.14,5.12,5.13,5.13,0.0,0.0,415254.3,213009.907,0.1058,0.77,4.9296,0.5362,1.6388,7426272.6645,3925086.4015,2607243.9569,38096778.7689,20135693.2397
601328.SH,20200514,5.13,5.14,5.11,5.12,5.13,-0.01,-0.1949,377893.06,193630.84,0.0963,0.83,4.92,0.5352,1.6356,7426272.6645,3925086.4015,2607243.9569,38022516.0422,20096442.3757
601328.SH,20200515,5.13,5.15,5.12,5.13,5.12,0.01,0.1953,469417.79,241111.278,0.1196,1.07,4.9296,0.5362,1.6388,7426272.6645,3925086.4015,2607243.9569,38096778.7689,20135693.2397
601328.SH,20200518,5.14,5.16,5.13,5.14,5.13,0.01,0.1949,394999.32,203274.419,0.1006,0.89,4.9393,0.5373,1.642,7426272.6645,3925086.4015,2607243.9569,38171041.4955,20174944.1037
601328.SH,20200519,5.16,5.16,5.14,5.14,5.14,0.0,0.0,364027.79,187413.158,0.0927,0.86,4.9393,0.5373,1.642,7426272.6645,3925086.4015,2607243.9569,38171041.4955,20174944.1037
601328.SH,20200520,5.14,5.16,5.14,5.15,5.14,0.01,0.1946,293049.4,150894.531,0.0747,0.72,4.9489,0.5383,1.6452,7426272.6645,3925086.4015,2607243.9569,38245304.2222,20214194.9677
601328.SH,20200521,5.16,5.16,5.13,5.13,5.15,-0.02,-0.3883,325909.04,167645.791,0.083,0.86,4.9296,0.5362,1.6388,7426272.6645,3925086.4015,2607243.9569,38096778.7689,20135693.2397
601328.SH,20200522,5.13,5.15,5.07,5.07,5.13,-0.06,-1.1696,598862.15,305673.796,0.1526,1.62,4.872,0.53,1.6196,7426272.6645,3925086.4015,2607243.9569,37651202.409,19900188.0556
601328.SH,20200525,5.09,5.1,5.06,5.09,5.07,0.02,0.3945,456242.91,231865.826,0.1162,1.15,4.8912,0.5321,1.626,7426272.6645,3925086.4015,2607243.9569,37799727.8623,19978689.7836
601328.SH,20200526,5.09,5.11,5.08,5.08,5.09,-0.01,-0.1965,393458.84,200271.593,0.1002,0.97,4.8816,0.531,1.6228,7426272.6645,3925086.4015,2607243.9569,37725465.1357,19939438.9196
601328.SH,20200527,5.08,5.12,5.08,5.11,5.08,0.03,0.5906,468119.14,238928.951,0.1193,1.13,4.9104,0.5342,1.6324,7426272.6645,3925086.4015,2607243.9569,37948253.3156,20057191.5117
601328.SH,20200528,5.11,5.17,5.1,5.16,5.11,0.05,0.9785,682879.35,351584.567,0.174,1.52,4.9585,0.5394,1.6484,7426272.6645,3925086.4015,2607243.9569,38319566.9488,20253445.8317
601328.SH,20200529,5.14,5.15,5.11,5.11,5.16,-0.05,-0.969,597229.69,306056.625,0.1522,1.15,4.9104,0.5342,1.6324,7426272.6645,3925086.4015,2607243.9569,37948253.3156,20057191.5117
601328.SH,20200601,5.12,5.16,5.11,5.15,5.11,0.04,0.7828,535302.36,275292.553,0.1364,1.03,4.9489,0.5383,1.6452,7426272.6645,3925086.4015,2607243.9569,38245304.2222,20214194.9677
601328.SH,20200602,5.14,5.19,5.14,5.18,5.15,0.03,0.5825,667102.5,344968.735,0.17,1.25,4.9777,0.5415,1.6547,7426272.6645,3925086.4015,2607243.9569,38468092.4021,20331947.5598
601328.SH,20200603,5.19,5.23,5.18,5.19,5.18,0.01,0.1931,559932.22,291457.768,0.1427,0.95,4.9873,0.5425,1.6579,7426272.6645,3925086.4015,2607243.9569,38542355.1288,20371198.4238
601328.SH,20200604,5.21,5.22,5.16,5.16,5.19,-0.03,-0.578,345969.49,179098.951,0.0881,0.57,4.9585,0.5394,1.6484,7426272.6645,3925086.4015,2607243.9569,38319566.9488,20253445.8317
601328.SH,20200605,5.18,5.18,5.15,5.16,5.16,0.0,0.0,320853.98,165579.101,0.0817,0.59,4.9585,0.5394,1.6484,7426272.6645,3925086.4015,2607243.9569,38319566.9488,20253445.8317
601328.SH,20200608,5.16,5.17,5.13,5.14,5.16,-0.02,-0.3876,504412.8,259591.824,0.1285,1.04,4.9393,0.5373,1.642,7426272.6645,3925086.4015,2607243.9569,38171041.4955,20174944.1037
601328.SH,20200609,5.14,5.16,5.14,5.15,5.14,0.01,0.1946,371464.22,191257.118,0.0946,0.77,4.9489,0.5383,1.6452,7426272.6645,3925086.4015,2607243.9569,38245304.2222,20214194.9677
601328.SH,20200610,5.16,5.16,5.13,5.13,5.15,-0.02,-0.3883,449481.0,231009.505,0.1145,1.07,4.9296,0.5362,1.6388,7426272.6645,3925086.4015,2607243.9569,38096778.7689,20135693.2397
601328.SH,20200611,5.13,5.14,5.1,5.1,5.13,-0.03,-0.5848,587020.27,300238.043,0.1496,1.47,4.9008,0.5331,1.6292,7426272.6645,3925086.4015,2607243.9569,37873990.589,20017940.6477
601328.SH,20200612,5.09,5.12,5.08,5.1,5.1,0.0,0.0,632882.35,322657.594,0.1612,1.42,4.9008,0.5331,1.6292,7426272.6645,3925086.4015,2607243.9569,37873990.589,20017940.6477
601328.SH,20200615,5.09,5.11,5.07,5.07,5.1,-0.03,-0.5882,617077.57,313942.392,0.1572,1.21,4.872,0.53,1.6196,7426272.6645,3925086.4015,2607243.9569,37651202.409,19900188.0556
601328.SH,20200616,5.09,5.11,5.09,5.1,5.07,0.03,0.5917,362847.84,185042.954,0.0924,0.68,4.9008,0.5331,1.6292,7426272.6645,3925086.4015,2607243.9569,37873990.589,20017940.6477
601328.SH,20200617,5.1,5.11,5.08,5.1,5.1,0.0,0.0,412000.8,210066.096,0.105,0.78,4.9008,0.5331,1.6292,7426272.6645,3925086.4015,2607243.9569,37873990.589,20017940.6477
601328.SH,20200618,5.09,5.13,5.08,5.11,5.1,0.01,0.1961,584619.01,298379.084,0.1489,1.12,4.9104,0.5342,1.6324,7426272.6645,3925086.4015,2607243.9569,37948253.3156,20057191.5117
601328.SH,20200619,5.11,5.14,5.1,5.14,5.11,0.03,0.5871,867222.0,444052.987,0.2209,1.66,4.9393,0.5373,1.642,7426272.6645,3925086.4015,2607243.9569,38171041.4955,20174944.1037
601328.SH,20200622,5.12,5.15,5.11,5.12,5.14,-0.02,-0.3891,617438.6,316637.158,0.1573,1.09,4.92,0.5352,1.6356,7426272.6645,3925086.4015,2607243.9569,38022516.0422,20096442.3757
601328.SH,20200623,5.11,5.12,5.09,5.09,5.12,-0.03,-0.5859,441417.95,225024.996,0.1125,0.78,4.8912,0.5321,1.626,7426272.6645,3925086.4015,2607243.9569,37799727.8623,19978689.7836
601328.SH,20200624,5.1,5.13,5.09,5.12,5.09,0.03,0.5894,689966.93,352476.604,0.1758,1.18,4.92,0.5352,1.6356,7426272.6645,3925086.4015,2607243.9569,38022516.0422,20096442.3757
601328.SH,20200629,5.14,5.15,5.1,5.12,5.12,0.0,0.0,767145.95,392633.98,0.1954,1.2,4.92,0.5352,1.6356,7426272.6645,3925086.4015,2607243.9569,38022516.0422,20096442.3757
601328.SH,20200630,5.12,5.14,5.11,5.13,5.12,0.01,0.1953,598773.1,306977.795,0.1526,0.88,4.9296,0.5362,1.6388,7426272.6645,3925086.4015,2607243.9569,38096778.7689,20135693.2397
601328.SH,20200701,5.13,5.17,5.11,5.16,5.13,0.03,0.5848,775731.88,398538.511,0.1976,1.25,4.9585,0.5394,1.6484,7426272.6645,3925086.4015,2607243.9569,38319566.9488,20253445.8317
601328.SH,20200702,5.18,5.28,5.16,5.27,5.16,0.11,2.1318,1551729.68,809507.917,0.3953,2.37,5.0642,0.5509,1.6835,7426272.6645,3925086.4015,2607243.9569,39136456.9419,20685205.3359
601328.SH,20200703,5.28,5.38,5.28,5.35,5.27,0.08,1.518,1467080.16,781690.87,0.3738,1.67,5.1411,0.5592,1.709,7426272.6645,3925086.4015,2607243.9569,39730558.7551,20999212.248
601328.SH,20200706,5.38,5.72,5.37,5.67,5.35,0.32,5.9813,3963448.65,2214911.595,1.0098,3.84,5.4486,0.5927,1.8113,7426272.6645,3925086.4015,2607243.9569,42106966.0077,22255239.8965
601328.SH,20200707,5.73,5.78,5.65,5.65,5.67,-0.02,-0.3527,3600837.9,2054672.95,0.9174,2.15,5.4293,0.5906,1.8049,7426272.6645,3925086.4015,2607243.9569,41958440.5544,22176738.1685
601328.SH,20200708,5.64,5.73,5.62,5.66,5.65,0.01,0.177,2613580.07,1481189.039,0.6659,1.15,5.4389,0.5916,1.8081,7426272.6645,3925086.4015,2607243.9569,42032703.2811,22215989.0325
601328.SH,20200709,5.65,5.68,5.56,5.58,5.66,-0.08,-1.4134,2390702.88,1339432.176,0.6091,0.91,5.3621,0.5833,1.7825,7426272.6645,3925086.4015,2607243.9569,41438601.4679,21901982.1204
601328.SH,20200710,5.57,5.6,5.4,5.42,5.58,-0.16,-2.8674,2385136.24,1308541.448,0.6077,0.85,5.2083,0.5666,1.7314,7426272.6645,3925086.4015,2607243.9569,40250397.8416,21273968.2961
601328.SH,20200713,5.4,5.49,5.38,5.44,5.42,0.02,0.369,2939298.64,1599775.569,0.7488,0.98,5.2275,0.5687,1.7378,7426272.6645,3925086.4015,2607243.9569,40398923.2949,21352470.0242
601328.SH,20200714,5.14,5.15,5.02,5.03,5.13,-0.1,-1.9493,2764859.17,1404358.827,0.7044,0.99,4.8335,0.5437,1.6068,7426272.6645,3925086.4015,2607243.9569,37354151.5024,19743184.5995
601328.SH,20200715,5.05,5.07,4.96,4.96,5.03,-0.07,-1.3917,2149090.71,1073334.953,0.5475,0.82,4.7663,0.5361,1.5845,7426272.6645,3925086.4015,2607243.9569,36834312.4159,19468428.5514
601328.SH,20200716,4.97,5.01,4.91,4.91,4.96,-0.05,-1.0081,2183394.49,1083231.369,0.5563,0.86,4.7182,0.5307,1.5685,7426272.6645,3925086.4015,2607243.9569,36462998.7827,19272174.2314
601328.SH,20200717,4.92,4.94,4.86,4.89,4.91,-0.02,-0.4073,1727491.75,845250.261,0.4401,0.7,4.699,0.5286,1.5621,7426272.6645,3925086.4015,2607243.9569,36314473.3294,19193672.5033
601328.SH,20200720,4.89,4.99,4.87,4.96,4.89,0.07,1.4315,1951789.29,963815.967,0.4973,0.83,4.7663,0.5361,1.5845,7426272.6645,3925086.4015,2607243.9569,36834312.4159,19468428.5514
601328.SH,20200721,4.97,4.98,4.91,4.93,4.96,-0.03,-0.6048,1231156.53,607774.0,0.3137,0.57,4.7375,0.5329,1.5749,7426272.6645,3925086.4015,2607243.9569,36611524.236,19350675.9594
601328.SH,20200722,4.93,4.98,4.91,4.91,4.93,-0.02,-0.4057,1780688.41,880624.923,0.4537,0.96,4.7182,0.5307,1.5685,7426272.6645,3925086.4015,2607243.9569,36462998.7827,19272174.2314
601328.SH,20200723,4.9,4.94,4.84,4.86,4.91,-0.05,-1.0183,1839750.67,897246.229,0.4687,1.04,4.6702,0.5253,1.5525,7426272.6645,3925086.4015,2607243.9569,36091685.1495,19075919.9113
601328.SH,20200724,4.86,4.86,4.76,4.77,4.86,-0.09,-1.8519,2233517.73,1073118.579,0.569,1.31,4.5837,0.5156,1.5238,7426272.6645,3925086.4015,2607243.9569,35423320.6097,18722662.1352
601328.SH,20200727,4.8,4.8,4.74,4.76,4.77,-0.01,-0.2096,1175908.06,560391.109,0.2996,0.65,4.5741,0.5145,1.5206,7426272.6645,3925086.4015,2607243.9569,35349057.883,18683411.2711
601328.SH,20200728,4.78,4.79,4.74,4.76,4.76,0.0,0.0,1073322.93,511277.781,0.2735,0.65,4.5741,0.5145,1.5206,7426272.6645,3925086.4015,2607243.9569,35349057.883,18683411.2711
601328.SH,20200729,4.76,4.81,4.74,4.8,4.76,0.04,0.8403,1445133.5,690541.555,0.3682,0.89,4.6125,0.5188,1.5334,7426272.6645,3925086.4015,2607243.9569,35646108.7896,18840414.7272
601328.SH,20200730,4.79,4.83,4.77,4.77,4.8,-0.03,-0.625,1290698.34,618471.851,0.3288,0.83,4.5837,0.5156,1.5238,7426272.6645,3925086.4015,2607243.9569,35423320.6097,18722662.1352
601328.SH,20200731,4.77,4.81,4.74,4.76,4.77,-0.01,-0.2096,1893385.39,902296.776,0.4824,1.31,4.5741,0.5145,1.5206,7426272.6645,3925086.4015,2607243.9569,35349057.883,18683411.2711
601328.SH,20200803,4.77,4.79,4.75,4.77,4.76,0.01,0.2101,1972885.75,940060.476,0.5026,1.43,4.5837,0.5156,1.5238,7426272.6645,3925086.4015,2607243.9569,35423320.6097,18722662.1352
601328.SH,20200804,4.78,4.84,4.76,4.82,4.77,0.05,1.0482,2542079.35,1220082.225,0.6476,1.66,4.6318,0.521,1.5397,7426272.6645,3925086.4015,2607243.9569,35794634.2429,18918916.4552
601328.SH,20200805,4.81,4.82,4.77,4.78,4.82,-0.04,-0.8299,1402764.27,671648.653,0.3574,0.77,4.5933,0.5167,1.527,7426272.6645,3925086.4015,2607243.9569,35497583.3363,18761912.9992
601328.SH,20200806,4.79,4.81,4.76,4.78,4.78,0.0,0.0,1399092.22,668545.487,0.3564,0.77,4.5933,0.5167,1.527,7426272.6645,3925086.4015,2607243.9569,35497583.3363,18761912.9992
601328.SH,20200807,4.78,4.78,4.75,4.76,4.78,-0.02,-0.4184,1202549.75,572550.855,0.3064,0.65,4.5741,0.5145,1.5206,7426272.6645,3925086.4015,2607243.9569,35349057.883,18683411.2711
601328.SH,20200810,4.76,4.8,4.75,4.78,4.76,0.02,0.4202,1421101.46,678367.404,0.3621,0.83,4.5933,0.5167,1.527,7426272.6645,3925086.4015,2607243.9569,35497583.3363,18761912.9992
601328.SH,20200811,4.78,4.81,4.76,4.77,4.78,-0.01,-0.2092,2121974.86,1015858.34,0.5406,1.33,4.5837,0.5156,1.5238,7426272.6645,3925086.4015,2607243.9569,35423320.6097,18722662.1352
601328.SH,20200812,4.77,4.78,4.75,4.77,4.77,0.0,0.0,1637256.4,779605.541,0.4171,1.08,4.5837,0.5156,1.5238,7426272.6645,3925086.4015,2607243.9569,35423320.6097,18722662.1352
601328.SH,20200813,4.78,4.78,4.76,4.76,4.77,-0.01,-0.2096,812958.64,387239.719,0.2071,0.52,4.5741,0.5145,1.5206,7426272.6645,3925086.4015,2607243.9569,35349057.883,18683411.2711
601328.SH,20200814,4.76,4.79,4.76,4.79,4.76,0.03,0.6303,1033717.79,493433.274,0.2634,0.72,4.6029,0.5178,1.5302,7426272.6645,3925086.4015,2607243.9569,35571846.063,18801163.8632
601328.SH,20200817,4.79,4.89,4.78,4.86,4.79,0.07,1.4614,3227833.54,1561506.518,0.8224,2.3,4.6702,0.5253,1.5525,7426272.6645,3925086.4015,2607243.9569,36091685.1495,19075919.9113
601328.SH,20200818,4.85,4.85,4.81,4.82,4.86,-0.04,-0.823,1500161.52,724169.382,0.3822,0.85,4.6318,0.521,1.5397,7426272.6645,3925086.4015,2607243.9569,35794634.2429,18918916.4552
601328.SH,20200819,4.82,4.83,4.79,4.79,4.82,-0.03,-0.6224,1037858.9,499289.097,0.2644,0.63,4.6029,0.5178,1.5302,7426272.6645,3925086.4015,2607243.9569,35571846.063,18801163.8632
601328.SH,20200820,4.79,4.79,4.76,4.77,4.79,-0.02,-0.4175,1047575.97,500232.187,0.2669,0.69,4.5837,0.5156,1.5238,7426272.6645,3925086.4015,2607243.9569,35423320.6097,18722662.1352
601328.SH,20200821,4.78,4.79,4.76,4.77,4.77,0.0,0.0,899124.28,429190.098,0.2291,0.57,4.5837,0.5156,1.5238,7426272.6645,3925086.4015,2607243.9569,35423320.6097,18722662.1352
601328.SH,20200824,4.78,4.78,4.76,4.76,4.77,-0.01,-0.2096,943986.18,450408.594,0.2405,0.61,4.5741,0.5145,1.5206,7426272.6645,3925086.4015,2607243.9569,35349057.883,18683411.2711
601328.SH,20200825,4.77,4.78,4.76,4.77,4.76,0.01,0.2101,550273.94,262279.549,0.1402,0.51,4.5837,0.5156,1.5238,7426272.6645,3925086.4015,2607243.9569,35423320.6097,18722662.1352
601328.SH,20200826,4.77,4.77,4.75,4.75,4.77,-0.02,-0.4193,893055.22,424844.736,0.2275,1.0,4.5645,0.5134,1.5174,7426272.6645,3925086.4015,2607243.9569,35274795.1564,18644160.4071
601328.SH,20200827,4.76,4.76,4.74,4.75,4.75,0.0,0.0,784498.43,372336.257,0.1999,0.91,4.5645,0.5134,1.5174,7426272.6645,3925086.4015,2607243.9569,35274795.1564,18644160.4071
601328.SH,20200828,4.75,4.78,4.73,4.77,4.75,0.02,0.4211,1108361.44,527235.771,0.2824,1.36,4.5837,0.5156,1.5238,7426272.6645,3925086.4015,2607243.9569,35423320.6097,18722662.1352
601328.SH,20200831,4.76,4.78,4.73,4.73,4.77,-0.04,-0.8386,1580511.42,752012.937,0.4027,1.85,4.5453,0.4999,1.511,7426272.6645,3925086.4015,2607243.9569,35126269.7031,18565658.6791
601328.SH,20200901,4.73,4.74,4.71,4.72,4.73,-0.01,-0.2114,1171050.67,553375.465,0.2984,1.19,4.5357,0.4988,1.5078,7426272.6645,3925086.4015,2607243.9569,35052006.9764,18526407.8151
601328.SH,20200902,4.72,4.73,4.67,4.69,4.72,-0.03,-0.6356,1458919.63,684283.694,0.3717,1.32,4.5068,0.4957,1.4982,7426272.6645,3925086.4015,2607243.9569,34829218.7965,18408655.223
601328.SH,20200903,4.68,4.7,4.66,4.67,4.69,-0.02,-0.4264,1091040.04,510078.029,0.278,0.89,4.4876,0.4936,1.4918,7426272.6645,3925086.4015,2607243.9569,34680693.3432,18330153.495
601328.SH,20200904,4.65,4.66,4.64,4.65,4.67,-0.02,-0.4283,924070.44,429452.477,0.2354,0.72,4.4684,0.4914,1.4854,7426272.6645,3925086.4015,2607243.9569,34532167.8899,18251651.767
601328.SH,20200907,4.64,4.66,4.62,4.63,4.65,-0.02,-0.4301,948709.02,440472.203,0.2417,0.76,4.4492,0.4893,1.479,7426272.6645,3925086.4015,2607243.9569,34383642.4366,18173150.0389
601328.SH,20200908,4.63,4.66,4.62,4.65,4.63,0.02,0.432,995537.89,462201.284,0.2536,0.89,4.4684,0.4914,1.4854,7426272.6645,3925086.4015,2607243.9569,34532167.8899,18251651.767
601328.SH,20200909,4.64,4.65,4.63,4.63,4.65,-0.02,-0.4301,853354.02,395883.845,0.2174,0.79,4.4492,0.4893,1.479,7426272.6645,3925086.4015,2607243.9569,34383642.4366,18173150.0389
601328.SH,20200910,4.64,4.65,4.6,4.62,4.63,-0.01,-0.216,1097003.35,507035.767,0.2795,1.14,4.4396,0.4883,1.4758,7426272.6645,3925086.4015,2607243.9569,34309379.71,18133899.1749
601328.SH,20200911,4.61,4.62,4.59,4.61,4.62,-0.01,-0.2165,720694.72,331780.226,0.1836,0.75,4.43,0.4872,1.4727,7426272.6645,3925086.4015,2607243.9569,34235116.9833,18094648.3109
601328.SH,20200914,4.62,4.63,4.61,4.62,4.61,0.01,0.2169,721051.48,333007.097,0.1837,0.78,4.4396,0.4883,1.4758,7426272.6645,3925086.4015,2607243.9569,34309379.71,18133899.1749
601328.SH,20200915,4.62,4.64,4.61,4.62,4.62,0.0,0.0,624127.84,288644.312,0.159,0.71,4.4396,0.4883,1.4758,7426272.6645,3925086.4015,2607243.9569,34309379.71,18133899.1749
601328.SH,20200916,4.63,4.65,4.61,4.65,4.62,0.03,0.6494,850613.32,394342.23,0.2167,1.06,4.4684,0.4914,1.4854,7426272.6645,3925086.4015,2607243.9569,34532167.8899,18251651.767
601328.SH,20200917,4.65,4.66,4.63,4.64,4.65,-0.01,-0.2151,642602.83,298728.24,0.1637,0.8,4.4588,0.4904,1.4822,7426272.6645,3925086.4015,2607243.9569,34457905.1633,18212400.903
601328.SH,20200918,4.66,4.68,4.64,4.68,4.64,0.04,0.8621,1294549.91,603161.428,0.3298,1.8187,4.4972,0.4946,1.495,7426272.6645,3925086.4015,2607243.9569,34754956.0699,18369404.359
601328.SH,20200921,4.68,4.69,4.64,4.65,4.68,-0.03,-0.641,818789.53,381939.466,0.2086,0.99,4.4684,0.4914,1.4854,7426272.6645,3925086.4015,2607243.9569,34532167.8899,18251651.767
601328.SH,20200922,4.64,4.67,4.61,4.61,4.65,-0.04,-0.8602,887958.32,411767.191,0.2262,1.05,4.43,0.4872,1.4727,7426272.6645,3925086.4015,2607243.9569,34235116.9833,18094648.3109
601328.SH,20200923,4.62,4.63,4.61,4.61,4.61,0.0,0.0,543093.26,250772.315,0.1384,0.6,4.43,0.4872,1.4727,7426272.6645,3925086.4015,2607243.9569,34235116.9833,18094648.3109
601328.SH,20200924,4.61,4.61,4.56,4.57,4.61,-0.04,-0.8677,902894.24,413543.881,0.23,1.08,4.3915,0.483,1.4599,7426272.6645,3925086.4015,2607243.9569,33938066.0768,17937644.8549
601328.SH,20200925,4.56,4.58,4.56,4.57,4.57,0.0,0.0,486496.0,222365.581,0.1239,0.55,4.3915,0.483,1.4599,7426272.6645,3925086.4015,2607243.9569,33938066.0768,17937644.8549
601328.SH,20200928,4.57,4.59,4.56,4.58,4.57,0.01,0.2188,588052.22,269062.196,0.1498,0.81,4.4011,0.484,1.4631,7426272.6645,3925086.4015,2607243.9569,34012328.8034,17976895.7189
601328.SH,20200929,4.59,4.6,4.56,4.56,4.58,-0.02,-0.4367,634371.39,290578.276,0.1616,0.93,4.3819,0.4819,1.4567,7426272.6645,3925086.4015,2607243.9569,33863803.3501,17898393.9908
601328.SH,20200930,4.57,4.59,4.53,4.54,4.56,-0.02,-0.4386,731303.09,333508.306,0.1863,1.16,4.3627,0.4798,1.4503,7426272.6645,3925086.4015,2607243.9569,33715277.8968,17819892.2628
601328.SH,20201009,4.55,4.57,4.54,4.55,4.54,0.01,0.2203,778413.48,354671.313,0.1983,1.16,4.3723,0.4809,1.4535,7426272.6645,3925086.4015,2607243.9569,33789540.6235,17859143.1268
601328.SH,20201012,4.55,4.61,4.55,4.6,4.55,0.05,1.0989,1346870.96,617891.316,0.3431,2.09,4.4203,0.4862,1.4695,7426272.6645,3925086.4015,2607243.9569,34160854.2567,18055397.4469
601328.SH,20201013,4.59,4.6,4.57,4.58,4.6,-0.02,-0.4348,642008.53,294071.439,0.1636,0.79,4.4011,0.484,1.4631,7426272.6645,3925086.4015,2607243.9569,34012328.8034,17976895.7189
601328.SH,20201014,4.58,4.59,4.55,4.56,4.58,-0.02,-0.4367,664488.82,303153.079,0.1693,0.8,4.3819,0.4819,1.4567,7426272.6645,3925086.4015,2607243.9569,33863803.3501,17898393.9908
601328.SH,20201015,4.56,4.6,4.55,4.58,4.56,0.02,0.4386,922674.39,422729.404,0.2351,1.11,4.4011,0.484,1.4631,7426272.6645,3925086.4015,2607243.9569,34012328.8034,17976895.7189
601328.SH,20201016,4.58,4.63,4.57,4.61,4.58,0.03,0.655,1366394.9,629074.578,0.3481,1.57,4.43,0.4872,1.4727,7426272.6645,3925086.4015,2607243.9569,34235116.9833,18094648.3109
601328.SH,20201019,4.61,4.68,4.59,4.6,4.61,-0.01,-0.2169,1694626.99,785634.693,0.4317,1.71,4.4203,0.4862,1.4695,7426272.6645,3925086.4015,2607243.9569,34160854.2567,18055397.4469
601328.SH,20201020,4.59,4.6,4.56,4.57,4.6,-0.03,-0.6522,895299.51,409637.111,0.2281,0.85,4.3915,0.483,1.4599,7426272.6645,3925086.4015,2607243.9569,33938066.0768,17937644.8549
601328.SH,20201021,4.58,4.6,4.55,4.6,4.57,0.03,0.6565,1113461.95,509323.344,0.2837,1.0,4.4203,0.4862,1.4695,7426272.6645,3925086.4015,2607243.9569,34160854.2567,18055397.4469
601328.SH,20201022,4.59,4.62,4.57,4.59,4.6,-0.01,-0.2174,1004249.35,461530.467,0.2559,0.84,4.4107,0.4851,1.4663,7426272.6645,3925086.4015,2607243.9569,34086591.5301,18016146.5829
601328.SH,20201023,4.59,4.67,4.58,4.65,4.59,0.06,1.3072,1908473.93,885893.843,0.4862,1.57,4.4684,0.4914,1.4854,7426272.6645,3925086.4015,2607243.9569,34532167.8899,18251651.767
601328.SH,20201026,4.65,4.69,4.61,4.63,4.65,-0.02,-0.4301,1845537.9,859240.584,0.4702,1.39,4.4492,0.4893,1.479,7426272.6645,3925086.4015,2607243.9569,34383642.4366,18173150.0389
601328.SH,20201027,4.62,4.62,4.58,4.59,4.63,-0.04,-0.8639,862291.23,396621.441,0.2197,0.64,4.4107,0.4851,1.4663,7426272.6645,3925086.4015,2607243.9569,34086591.5301,18016146.5829
601328.SH,20201028,4.58,4.59,4.55,4.58,4.59,-0.01,-0.2179,926440.14,423530.485,0.236,0.69,4.4011,0.484,1.4631,7426272.6645,3925086.4015,2607243.9569,34012328.8034,17976895.7189
601328.SH,20201029,4.56,4.58,4.55,4.56,4.58,-0.02,-0.4367,830567.62,378621.624,0.2116,0.63,4.3819,0.4819,1.4567,7426272.6645,3925086.4015,2607243.9569,33863803.3501,17898393.9908
601328.SH,20201030,4.57,4.58,4.52,4.53,4.56,-0.03,-0.6579,807065.84,367216.385,0.2056,0.63,4.3531,0.4788,1.4471,7426272.6645,3925086.4015,2607243.9569,33641015.1702,17780641.3988
601328.SH,20201102,4.53,4.55,4.51,4.51,4.53,-0.02,-0.4415,876234.56,396302.485,0.2232,0.83,4.3339,0.4716,1.4407,7426272.6645,3925086.4015,2607243.9569,33492489.7169,17702139.6708
601328.SH,20201103,4.53,4.57,4.52,4.54,4.51,0.03,0.6652,923514.87,419444.638,0.2353,1.07,4.3627,0.4748,1.4503,7426272.6645,3925086.4015,2607243.9569,33715277.8968,17819892.2628
601328.SH,20201104,4.56,4.57,4.53,4.55,4.54,0.01,0.2203,804184.45,365903.294,0.2049,0.92,4.3723,0.4758,1.4535,7426272.6645,3925086.4015,2607243.9569,33789540.6235,17859143.1268
601328.SH,20201105,4.57,4.59,4.55,4.57,4.55,0.02,0.4396,722080.99,330006.46,0.184,0.85,4.3915,0.4779,1.4599,7426272.6645,3925086.4015,2607243.9569,33938066.0768,17937644.8549
601328.SH,20201106,4.57,4.6,4.55,4.58,4.57,0.01,0.2188,874230.7,400323.933,0.2227,1.06,4.4011,0.4789,1.4631,7426272.6645,3925086.4015,2607243.9569,34012328.8034,17976895.7189
601328.SH,20201109,4.59,4.62,4.59,4.6,4.58,0.02,0.4367,1268256.64,584382.341,0.3231,1.51,4.4203,0.481,1.4695,7426272.6645,3925086.4015,2607243.9569,34160854.2567,18055397.4469
601328.SH,20201110,4.62,4.64,4.6,4.61,4.6,0.01,0.2174,1175403.14,543038.675,0.2995,1.28,4.43,0.4821,1.4727,7426272.6645,3925086.4015,2607243.9569,34235116.9833,18094648.3109
601328.SH,20201111,4.61,4.65,4.6,4.64,4.61,0.03,0.6508,1001861.57,463216.276,0.2552,1.03,4.4588,0.4852,1.4822,7426272.6645,3925086.4015,2607243.9569,34457905.1633,18212400.903
601328.SH,20201112,4.63,4.64,4.59,4.59,4.64,-0.05,-1.0776,635434.38,292871.811,0.1619,0.63,4.4107,0.48,1.4663,7426272.6645,3925086.4015,2607243.9569,34086591.5301,18016146.5829
601328.SH,20201113,4.58,4.59,4.54,4.55,4.59,-0.04,-0.8715,1073639.64,489151.873,0.2735,1.08,4.3723,0.4758,1.4535,7426272.6645,3925086.4015,2607243.9569,33789540.6235,17859143.1268
601328.SH,20201116,4.56,4.58,4.55,4.56,4.55,0.01,0.2198,845950.73,386126.184,0.2155,0.82,4.3819,0.4768,1.4567,7426272.6645,3925086.4015,2607243.9569,33863803.3501,17898393.9908
601328.SH,20201117,4.56,4.6,4.55,4.59,4.56,0.03,0.6579,1139304.0,521041.934,0.2903,1.2,4.4107,0.48,1.4663,7426272.6645,3925086.4015,2607243.9569,34086591.5301,18016146.5829
601328.SH,20201118,4.58,4.64,4.57,4.62,4.59,0.03,0.6536,1495668.53,690783.462,0.3811,1.59,4.4396,0.4831,1.4758,7426272.6645,3925086.4015,2607243.9569,34309379.71,18133899.1749
601328.SH,20201119,4.62,4.64,4.59,4.61,4.62,-0.01,-0.2165,791072.73,364716.807,0.2015,0.76,4.43,0.4821,1.4727,7426272.6645,3925086.4015,2607243.9569,34235116.9833,18094648.3109
601328.SH,20201120,4.62,4.62,4.58,4.6,4.61,-0.01,-0.2169,591134.65,271539.018,0.1506,0.55,4.4203,0.481,1.4695,7426272.6645,3925086.4015,2607243.9569,34160854.2567,18055397.4469
601328.SH,20201123,4.6,4.65,4.59,4.64,4.6,0.04,0.8696,1274662.0,589987.832,0.3247,1.31,4.4588,0.4852,1.4822,7426272.6645,3925086.4015,2607243.9569,34457905.1633,18212400.903
601328.SH,20201124,4.64,4.66,4.62,4.62,4.64,-0.02,-0.431,1059941.68,491636.929,0.27,1.0,4.4396,0.4831,1.4758,7426272.6645,3925086.4015,2607243.9569,34309379.71,18133899.1749
601328.SH,20201125,4.64,4.66,4.61,4.61,4.62,-0.01,-0.2165,1005668.39,466381.69,0.2562,0.96,4.43,0.4821,1.4727,7426272.6645,3925086.4015,2607243.9569,34235116.9833,18094648.3109
601328.SH,20201126,4.61,4.64,4.6,4.63,4.61,0.02,0.4338,820987.39,379696.196,0.2092,0.87,4.4492,0.4842,1.479,7426272.6645,3925086.4015,2607243.9569,34383642.4366,18173150.0389
601328.SH,20201127,4.64,4.75,4.62,4.75,4.63,0.12,2.5918,2704019.73,1268524.639,0.6889,2.84,4.5645,0.4967,1.5174,7426272.6645,3925086.4015,2607243.9569,35274795.1564,18644160.4071
601328.SH,20201130,4.78,4.86,4.68,4.71,4.75,-0.04,-0.8421,4332668.41,2074561.169,1.1038,3.16,4.526,0.4925,1.5046,7426272.6645,3925086.4015,2607243.9569,34977744.2498,18487156.9511
601328.SH,20201201,4.69,4.79,4.67,4.78,4.71,0.07,1.4862,2331593.88,1104201.392,0.594,1.17,4.5933,0.4998,1.527,7426272.6645,3925086.4015,2607243.9569,35497583.3363,18761912.9992
601328.SH,20201202,4.78,4.8,4.72,4.74,4.78,-0.04,-0.8368,1511893.94,719049.598,0.3852,0.68,4.5549,0.4957,1.5142,7426272.6645,3925086.4015,2607243.9569,35200532.4297,18604909.5431
601328.SH,20201203,4.75,4.76,4.71,4.73,4.74,-0.01,-0.211,1210526.34,573216.088,0.3084,0.52,4.5453,0.4946,1.511,7426272.6645,3925086.4015,2607243.9569,35126269.7031,18565658.6791
601328.SH,20201204,4.73,4.73,4.67,4.7,4.73,-0.03,-0.6342,1135147.22,532459.683,0.2892,0.47,4.5164,0.4915,1.5014,7426272.6645,3925086.4015,2607243.9569,34903481.5232,18447906.0871
601328.SH,20201207,4.69,4.7,4.63,4.65,4.7,-0.05,-1.0638,1310113.27,610183.367,0.3338,0.62,4.4684,0.4863,1.4854,7426272.6645,3925086.4015,2607243.9569,34532167.8899,18251651.767
601328.SH,20201208,4.66,4.68,4.63,4.64,4.65,-0.01,-0.2151,983820.3,457412.705,0.2506,0.66,4.4588,0.4852,1.4822,7426272.6645,3925086.4015,2607243.9569,34457905.1633,18212400.903
601328.SH,20201209,4.64,4.68,4.62,4.62,4.64,-0.02,-0.431,1020051.09,474624.064,0.2599,0.83,4.4396,0.4831,1.4758,7426272.6645,3925086.4015,2607243.9569,34309379.71,18133899.1749
601328.SH,20201210,4.62,4.64,4.57,4.58,4.62,-0.04,-0.8658,1391022.22,639916.987,0.3544,1.23,4.4011,0.4789,1.4631,7426272.6645,3925086.4015,2607243.9569,34012328.8034,17976895.7189
601328.SH,20201211,4.58,4.58,4.52,4.55,4.58,-0.03,-0.655,2548879.09,1159296.665,0.6494,2.18,4.3723,0.4758,1.4535,7426272.6645,3925086.4015,2607243.9569,33789540.6235,17859143.1268
601328.SH,20201214,4.55,4.56,4.52,4.53,4.55,-0.02,-0.4396,1554547.72,705304.404,0.3961,1.07,4.3531,0.4737,1.4471,7426272.6645,3925086.4015,2607243.9569,33641015.1702,17780641.3988
601328.SH,20201215,4.53,4.54,4.5,4.51,4.53,-0.02,-0.4415,1767301.96,796858.187,0.4503,1.18,4.3339,0.4716,1.4407,7426272.6645,3925086.4015,2607243.9569,33492489.7169,17702139.6708
601328.SH,20201216,4.52,4.52,4.5,4.51,4.51,0.0,0.0,1148546.14,517942.521,0.2926,0.69,4.3339,0.4716,1.4407,7426272.6645,3925086.4015,2607243.9569,33492489.7169,17702139.6708
601328.SH,20201217,4.51,4.53,4.49,4.52,4.51,0.01,0.2217,1165403.09,525174.878,0.2969,0.69,4.3435,0.4727,1.4439,7426272.6645,3925086.4015,2607243.9569,33566752.4435,17741390.5348
601328.SH,20201218,4.51,4.53,4.5,4.51,4.52,-0.01,-0.2212,938115.84,423096.108,0.239,0.57,4.3339,0.4716,1.4407,7426272.6645,3925086.4015,2607243.9569,33492489.7169,17702139.6708
601328.SH,20201221,4.51,4.52,4.49,4.52,4.51,0.01,0.2217,894122.05,402947.835,0.2278,0.68,4.3435,0.4727,1.4439,7426272.6645,3925086.4015,2607243.9569,33566752.4435,17741390.5348
601328.SH,20201222,4.5,4.51,4.44,4.46,4.52,-0.06,-1.3274,1520602.48,680937.987,0.3874,1.29,4.2858,0.4664,1.4247,7426272.6645,3925086.4015,2607243.9569,33121176.0837,17505885.3507
601328.SH,20201223,4.45,4.46,4.44,4.45,4.46,-0.01,-0.2242,744522.49,331297.795,0.1897,0.66,4.2762,0.4653,1.4215,7426272.6645,3925086.4015,2607243.9569,33046913.357,17466634.4867
601328.SH,20201224,4.46,4.48,4.44,4.44,4.45,-0.01,-0.2247,568686.69,253265.795,0.1449,0.54,4.2666,0.4643,1.4183,7426272.6645,3925086.4015,2607243.9569,32972650.6304,17427383.6227
601328.SH,20201225,4.45,4.46,4.43,4.45,4.44,0.01,0.2252,569759.79,253398.846,0.1452,0.61,4.2762,0.4653,1.4215,7426272.6645,3925086.4015,2607243.9569,33046913.357,17466634.4867
601328.SH,20201228,4.45,4.47,4.44,4.45,4.45,0.0,0.0,631175.44,281028.008,0.1608,0.73,4.2762,0.4653,1.4215,7426272.6645,3925086.4015,2607243.9569,33046913.357,17466634.4867
601328.SH,20201229,4.45,4.47,4.45,4.46,4.45,0.01,0.2247,619319.65,276164.173,0.1578,0.77,4.2858,0.4664,1.4247,7426272.6645,3925086.4015,2607243.9569,33121176.0837,17505885.3507
601328.SH,20201230,4.46,4.46,4.44,4.46,4.46,0.0,0.0,803898.51,357595.363,0.2048,1.28,4.2858,0.4664,1.4247,7426272.6645,3925086.4015,2607243.9569,33121176.0837,17505885.3507
601328.SH,20201231,4.45,4.5,4.45,4.48,4.46,0.02,0.4484,1112478.63,498030.593,0.2834,1.74,4.305,0.4685,1.4311,7426272.6645,3925086.4015,2607243.9569,33269701.537,17584387.0787
601328.SH,20210104,4.48,4.49,4.44,4.47,4.48,-0.01,-0.2232,1280468.31,571187.608,0.3262,1.71,4.2954,0.4674,1.4279,7426272.6645,3925086.4015,2607243.9569,33195438.8103,17545136.2147
601328.SH,20210105,4.46,4.49,4.44,4.48,4.47,0.01,0.2237,1247136.74,556194.763,0.3177,1.4,4.305,0.4685,1.4311,7426272.6645,3925086.4015,2607243.9569,33269701.537,17584387.0787
601328.SH,20210106,4.47,4.5,4.46,4.5,4.48,0.02,0.4464,979042.4,439280.165,0.2494,0.97,4.3242,0.4706,1.4375,7426272.6645,3925086.4015,2607243.9569,33418226.9903,17662888.8068
601328.SH,20210107,4.5,4.51,4.46,4.5,4.5,0.0,0.0,1040057.58,466338.01,0.265,0.96,4.3242,0.4706,1.4375,7426272.6645,3925086.4015,2607243.9569,33418226.9903,17662888.8068
601328.SH,20210108,4.5,4.51,4.47,4.5,4.5,0.0,0.0,1054585.93,474114.723,0.2687,0.93,4.3242,0.4706,1.4375,7426272.6645,3925086.4015,2607243.9569,33418226.9903,17662888.8068
601328.SH,20210111,4.5,4.52,4.47,4.48,4.5,-0.02,-0.4444,1295307.12,582580.276,0.33,1.16,4.305,0.4685,1.4311,7426272.6645,3925086.4015,2607243.9569,33269701.537,17584387.0787
601328.SH,20210112,4.48,4.5,4.45,4.49,4.48,0.01,0.2232,1131890.34,505746.974,0.2884,1.01,4.3146,0.4695,1.4343,7426272.6645,3925086.4015,2607243.9569,33343964.2636,17623637.9427
601328.SH,20210113,4.49,4.51,4.46,4.5,4.49,0.01,0.2227,1205217.18,541056.746,0.3071,1.1,4.3242,0.4706,1.4375,7426272.6645,3925086.4015,2607243.9569,33418226.9903,17662888.8068
601328.SH,20210114,4.49,4.54,4.49,4.51,4.5,0.01,0.2222,1205140.96,544262.16,0.307,1.05,4.3339,0.4716,1.4407,7426272.6645,3925086.4015,2607243.9569,33492489.7169,17702139.6708
601328.SH,20210115,4.52,4.59,4.52,4.54,4.51,0.03,0.6652,2487153.64,1134458.386,0.6337,2.11,4.3627,0.4748,1.4503,7426272.6645,3925086.4015,2607243.9569,33715277.8968,17819892.2628
601328.SH,20210118,4.54,4.55,4.51,4.53,4.54,-0.01,-0.2203,1310261.6,593262.955,0.3338,0.89,4.3531,0.4737,1.4471,7426272.6645,3925086.4015,2607243.9569,33641015.1702,17780641.3988
601328.SH,20210119,4.53,4.61,4.51,4.6,4.53,0.07,1.5453,2471398.11,1130595.922,0.6296,1.68,4.4203,0.481,1.4695,7426272.6645,3925086.4015,2607243.9569,34160854.2567,18055397.4469
601328.SH,20210120,4.58,4.62,4.54,4.55,4.6,-0.05,-1.087,1240836.54,567410.722,0.3161,0.71,4.3723,0.4758,1.4535,7426272.6645,3925086.4015,2607243.9569,33789540.6235,17859143.1268
601328.SH,20210121,4.54,4.57,4.53,4.54,4.55,-0.01,-0.2198,1023648.94,465516.675,0.2608,0.59,4.3627,0.4748,1.4503,7426272.6645,3925086.4015,2607243.9569,33715277.8968,17819892.2628
601328.SH,20210122,4.53,4.54,4.49,4.5,4.54,-0.04,-0.8811,916580.03,413544.311,0.2335,0.54,4.3242,0.4706,1.4375,7426272.6645,3925086.4015,2607243.9569,33418226.9903,17662888.8068
601328.SH,20210125,4.5,4.5,4.46,4.48,4.5,-0.02,-0.4444,934516.66,417888.004,0.2381,0.67,4.305,0.4685,1.4311,7426272.6645,3925086.4015,2607243.9569,33269701.537,17584387.0787
601328.SH,20210126,4.47,4.51,4.46,4.47,4.48,-0.01,-0.2232,738343.61,331005.963,0.1881,0.56,4.2954,0.4674,1.4279,7426272.6645,3925086.4015,2607243.9569,33195438.8103,17545136.2147
601328.SH,20210127,4.48,4.52,4.46,4.48,4.47,0.01,0.2237,882590.6,396795.737,0.2249,0.91,4.305,0.4685,1.4311,7426272.6645,3925086.4015,2607243.9569,33269701.537,17584387.0787
601328.SH,20210128,4.47,4.48,4.45,4.47,4.48,-0.01,-0.2232,1030559.51,459494.155,0.2626,1.15,4.2954,0.4674,1.4279,7426272.6645,3925086.4015,2607243.9569,33195438.8103,17545136.2147
601328.SH,20210129,4.46,4.5,4.45,4.46,4.47,-0.01,-0.2237,890726.87,398415.114,0.2269,0.99,4.2858,0.4664,1.4247,7426272.6645,3925086.4015,2607243.9569,33121176.0837,17505885.3507
601328.SH,20210201,4.46,4.5,4.44,4.49,4.46,0.03,0.6726,1040757.51,465378.375,0.2652,1.16,4.3146,0.4695,1.4343,7426272.6645,3925086.4015,2607243.9569,33343964.2636,17623637.9427
601328.SH,20210202,4.49,4.52,4.47,4.48,4.49,-0.01,-0.2227,1161622.8,521973.709,0.2959,1.27,4.305,0.4685,1.4311,7426272.6645,3925086.4015,2607243.9569,33269701.537,17584387.0787
601328.SH,20210203,4.48,4.5,4.46,4.48,4.48,0.0,0.0,814690.44,364984.782,0.2076,0.81,4.305,0.4685,1.4311,7426272.6645,3925086.4015,2607243.9569,33269701.537,17584387.0787
601328.SH,20210204,4.48,4.5,4.46,4.47,4.48,-0.01,-0.2232,940250.83,421129.294,0.2395,0.95,4.2954,0.4674,1.4279,7426272.6645,3925086.4015,2607243.9569,33195438.8103,17545136.2147
601328.SH,20210205,4.47,4.55,4.46,4.54,4.47,0.07,1.566,1713168.95,774124.799,0.4365,1.77,4.3627,0.4748,1.4503,7426272.6645,3925086.4015,2607243.9569,33715277.8968,17819892.2628
601328.SH,20210208,4.53,4.54,4.5,4.51,4.54,-0.03,-0.6608,1105366.84,499826.579,0.2816,0.97,4.3339,0.4716,1.4407,7426272.6645,3925086.4015,2607243.9569,33492489.7169,17702139.6708
601328.SH,20210209,4.51,4.52,4.48,4.5,4.51,-0.01,-0.2217,1220134.98,547783.19,0.3109,1.06,4.3242,0.4706,1.4375,7426272.6645,3925086.4015,2607243.9569,33418226.9903,17662888.8068
601328.SH,20210210,4.5,4.56,4.5,4.53,4.5,0.03,0.6667,1228920.37,557009.224,0.3131,1.06,4.3531,0.4737,1.4471,7426272.6645,3925086.4015,2607243.9569,33641015.1702,17780641.3988
601328.SH,20210218,4.58,4.59,4.55,4.56,4.53,0.03,0.6623,1788925.91,817473.279,0.4558,1.44,4.3819,0.4768,1.4567,7426272.6645,3925086.4015,2607243.9569,33863803.3501,17898393.9908
601328.SH,20210219,4.57,4.61,4.55,4.6,4.56,0.04,0.8772,1540419.29,706914.542,0.3925,1.09,4.4203,0.481,1.4695,7426272.6645,3925086.4015,2607243.9569,34160854.2567,18055397.4469
601328.SH,20210222,4.6,4.65,4.58,4.62,4.6,0.02,0.4348,1828703.5,844936.865,0.4659,1.33,4.4396,0.4831,1.4758,7426272.6645,3925086.4015,2607243.9569,34309379.71,18133899.1749
601328.SH,20210223,4.62,4.65,4.6,4.6,4.62,-0.02,-0.4329,1353259.15,625606.625,0.3448,0.89,4.4203,0.481,1.4695,7426272.6645,3925086.4015,2607243.9569,34160854.2567,18055397.4469
601328.SH,20210224,4.61,4.63,4.55,4.57,4.6,-0.03,-0.6522,1368929.77,628561.422,0.3488,0.88,4.3915,0.4779,1.4599,7426272.6645,3925086.4015,2607243.9569,33938066.0768,17937644.8549
601328.SH,20210225,4.58,4.64,4.57,4.62,4.57,0.05,1.0941,1756827.07,810212.639,0.4476,1.11,4.4396,0.4831,1.4758,7426272.6645,3925086.4015,2607243.9569,34309379.71,18133899.1749
601328.SH,20210226,4.61,4.63,4.56,4.57,4.62,-0.05,-1.0823,1550768.98,712571.919,0.3951,0.99,4.3915,0.4779,1.4599,7426272.6645,3925086.4015,2607243.9569,33938066.0768,17937644.8549
601328.SH,20210301,4.57,4.59,4.56,4.57,4.57,0.0,0.0,849980.42,388581.691,0.2166,0.54,4.3915,0.4779,1.4599,7426272.6645,3925086.4015,2607243.9569,33938066.0768,17937644.8549
601328.SH,20210302,4.58,4.58,4.53,4.55,4.57,-0.02,-0.4376,1131669.39,515501.841,0.2883,0.82,4.3723,0.4758,1.4535,7426272.6645,3925086.4015,2607243.9569,33789540.6235,17859143.1268
601328.SH,20210303,4.54,4.63,4.54,4.62,4.55,0.07,1.5385,1684915.25,775366.23,0.4293,1.27,4.4396,0.4831,1.4758,7426272.6645,3925086.4015,2607243.9569,34309379.71,18133899.1749
601328.SH,20210304,4.6,4.64,4.59,4.61,4.62,-0.01,-0.2165,2121849.6,979537.363,0.5406,1.52,4.43,0.4821,1.4727,7426272.6645,3925086.4015,2607243.9569,34235116.9833,18094648.3109
601328.SH,20210305,4.61,4.65,4.57,4.64,4.61,0.03,0.6508,2134219.0,985759.825,0.5437,1.45,4.4588,0.4852,1.4822,7426272.6645,3925086.4015,2607243.9569,34457905.1633,18212400.903
601328.SH,20210308,4.65,4.68,4.63,4.63,4.64,-0.01,-0.2155,1814063.9,844328.515,0.4622,1.14,4.4492,0.4842,1.479,7426272.6645,3925086.4015,2607243.9569,34383642.4366,18173150.0389
601328.SH,20210309,4.65,4.68,4.62,4.64,4.63,0.01,0.216,1872322.0,870078.967,0.477,1.05,4.4588,0.4852,1.4822,7426272.6645,3925086.4015,2607243.9569,34457905.1633,18212400.903
601328.SH,20210310,4.64,4.67,4.61,4.65,4.64,0.01,0.2155,1570482.63,730434.206,0.4001,0.82,4.4684,0.4863,1.4854,7426272.6645,3925086.4015,2607243.9569,34532167.8899,18251651.767
601328.SH,20210311,4.66,4.7,4.64,4.66,4.65,0.01,0.2151,1457969.53,680405.712,0.3714,0.77,4.478,0.4873,1.4886,7426272.6645,3925086.4015,2607243.9569,34606430.6166,18290902.631
601328.SH,20210312,4.65,4.69,4.64,4.68,4.66,0.02,0.4292,1374529.7,642068.731,0.3502,0.78,4.4972,0.4894,1.495,7426272.6645,3925086.4015,2607243.9569,34754956.0699,18369404.359
601328.SH,20210315,4.68,4.75,4.68,4.73,4.68,0.05,1.0684,1472270.9,694987.318,0.3751,0.91,4.5453,0.4946,1.511,7426272.6645,3925086.4015,2607243.9569,35126269.7031,18565658.6791
601328.SH,20210316,4.74,4.76,4.71,4.73,4.73,0.0,0.0,997634.39,472179.335,0.2542,0.64,4.5453,0.4946,1.511,7426272.6645,3925086.4015,2607243.9569,35126269.7031,18565658.6791
601328.SH,20210317,4.73,4.74,4.67,4.69,4.73,-0.04,-0.8457,983593.03,462099.463,0.2506,0.72,4.5068,0.4904,1.4982,7426272.6645,3925086.4015,2607243.9569,34829218.7965,18408655.223
601328.SH,20210318,4.69,4.71,4.67,4.68,4.69,-0.01,-0.2132,774917.77,363221.711,0.1974,0.62,4.4972,0.4894,1.495,7426272.6645,3925086.4015,2607243.9569,34754956.0699,18369404.359
601328.SH,20210319,4.68,4.68,4.61,4.63,4.68,-0.05,-1.0684,1361191.37,631378.693,0.3468,1.21,4.4492,0.4842,1.479,7426272.6645,3925086.4015,2607243.9569,34383642.4366,18173150.0389
601328.SH,20210322,4.62,4.68,4.61,4.66,4.63,0.03,0.6479,1071046.62,498458.888,0.2729,0.96,4.478,0.4873,1.4886,7426272.6645,3925086.4015,2607243.9569,34606430.6166,18290902.631
601328.SH,20210323,4.67,4.7,4.65,4.68,4.66,0.02,0.4292,828794.1,387118.974,0.2112,0.8,4.4972,0.4894,1.495,7426272.6645,3925086.4015,2607243.9569,34754956.0699,18369404.359
601328.SH,20210324,4.67,4.68,4.64,4.66,4.68,-0.02,-0.4274,861723.1,401345.501,0.2195,0.86,4.478,0.4873,1.4886,7426272.6645,3925086.4015,2607243.9569,34606430.6166,18290902.631
601328.SH,20210325,4.67,4.68,4.62,4.63,4.66,-0.03,-0.6438,792229.44,368237.72,0.2018,0.81,4.4492,0.4842,1.479,7426272.6645,3925086.4015,2607243.9569,34383642.4366,18173150.0389
601328.SH,20210326,4.63,4.66,4.62,4.66,4.63,0.03,0.6479,1376638.67,638276.202,0.3507,1.4,4.478,0.4873,1.4886,7426272.6645,3925086.4015,2607243.9569,34606430.6166,18290902.631
601328.SH,20210329,4.7,4.87,4.7,4.84,4.66,0.18,3.8627,4524096.58,2173113.043,1.1526,4.59,4.592,0.4901,1.4599,7426272.6645,3925086.4015,2607243.9569,35943159.6962,18997418.1833
601328.SH,20210330,4.85,4.9,4.83,4.9,4.84,0.06,1.2397,2423703.61,1179052.355,0.6175,1.45,4.6489,0.4962,1.478,7426272.6645,3925086.4015,2607243.9569,36388736.0561,19232923.3674
601328.SH,20210331,4.9,4.97,4.86,4.95,4.9,0.05,1.0204,2404192.19,1183701.647,0.6125,1.2,4.6963,0.5013,1.4931,7426272.6645,3925086.4015,2607243.9569,36760049.6893,19429177.6874
601328.SH,20210401,4.96,4.98,4.89,4.92,4.95,-0.03,-0.6061,1365374.28,673058.039,0.3479,0.59,4.6679,0.4982,1.484,7426272.6645,3925086.4015,2607243.9569,36537261.5093,19311425.0954
601328.SH,20210402,4.92,4.92,4.83,4.85,4.92,-0.07,-1.4228,1426935.83,694033.208,0.3635,0.59,4.6015,0.4912,1.4629,7426272.6645,3925086.4015,2607243.9569,36017422.4228,19036669.0473
601328.SH,20210406,4.87,4.89,4.85,4.87,4.85,0.02,0.4124,909362.63,442934.267,0.2317,0.37,4.6204,0.4932,1.469,7426272.6645,3925086.4015,2607243.9569,36165947.8761,19115170.7753
601328.SH,20210407,4.87,4.94,4.85,4.93,4.87,0.06,1.232,1327731.18,650630.066,0.3383,0.78,4.6774,0.4993,1.4871,7426272.6645,3925086.4015,2607243.9569,36611524.236,19350675.9594
601328.SH,20210408,4.93,4.94,4.91,4.93,4.93,0.0,0.0,809052.92,398212.937,0.2061,0.54,4.6774,0.4993,1.4871,7426272.6645,3925086.4015,2607243.9569,36611524.236,19350675.9594
601328.SH,20210409,4.93,4.93,4.88,4.91,4.93,-0.02,-0.4057,804377.78,394082.061,0.2049,0.69,4.6584,0.4972,1.481,7426272.6645,3925086.4015,2607243.9569,36462998.7827,19272174.2314
601328.SH,20210412,4.91,4.95,4.9,4.94,4.91,0.03,0.611,1084202.27,534222.574,0.2762,1.03,4.6868,0.5003,1.4901,7426272.6645,3925086.4015,2607243.9569,36685786.9626,19389926.8234
601328.SH,20210413,4.94,4.96,4.88,4.9,4.94,-0.04,-0.8097,1098710.53,540467.744,0.2799,1.11,4.6489,0.4962,1.478,7426272.6645,3925086.4015,2607243.9569,36388736.0561,19232923.3674
601328.SH,20210414,4.91,4.91,4.85,4.86,4.9,-0.04,-0.8163,1045371.6,509323.345,0.2663,1.02,4.6109,0.4922,1.4659,7426272.6645,3925086.4015,2607243.9569,36091685.1495,19075919.9113
601328.SH,20210415,4.86,4.87,4.82,4.86,4.86,0.0,0.0,846743.2,410285.106,0.2157,0.87,4.6109,0.4922,1.4659,7426272.6645,3925086.4015,2607243.9569,36091685.1495,19075919.9113
601328.SH,20210416,4.86,4.9,4.85,4.89,4.86,0.03,0.6173,678942.15,331357.113,0.173,0.7,4.6394,0.4952,1.475,7426272.6645,3925086.4015,2607243.9569,36314473.3294,19193672.5033
601328.SH,20210419,4.9,4.93,4.89,4.9,4.89,0.01,0.2045,963198.09,473022.299,0.2454,1.01,4.6489,0.4962,1.478,7426272.6645,3925086.4015,2607243.9569,36388736.0561,19232923.3674
601328.SH,20210420,4.9,4.92,4.89,4.92,4.9,0.02,0.4082,787808.82,386772.235,0.2007,0.85,4.6679,0.4982,1.484,7426272.6645,3925086.4015,2607243.9569,36537261.5093,19311425.0954
601328.SH,20210421,4.91,4.94,4.9,4.92,4.92,0.0,0.0,896246.38,441151.944,0.2283,1.04,4.6679,0.4982,1.484,7426272.6645,3925086.4015,2607243.9569,36537261.5093,19311425.0954
601328.SH,20210422,4.93,4.93,4.88,4.89,4.92,-0.03,-0.6098,795735.1,390284.906,0.2027,0.95,4.6394,0.4952,1.475,7426272.6645,3925086.4015,2607243.9569,36314473.3294,19193672.5033
601328.SH,20210423,4.9,4.93,4.89,4.93,4.89,0.04,0.818,996063.07,489287.51,0.2538,1.21,4.6774,0.4993,1.4871,7426272.6645,3925086.4015,2607243.9569,36611524.236,19350675.9594
601328.SH,20210426,4.93,4.94,4.87,4.87,4.93,-0.06,-1.217,1003130.01,492301.805,0.2556,1.13,4.6204,0.4932,1.469,7426272.6645,3925086.4015,2607243.9569,36165947.8761,19115170.7753
601328.SH,20210427,4.87,4.89,4.85,4.86,4.87,-0.01,-0.2053,618431.49,301003.851,0.1576,0.69,4.6109,0.4922,1.4659,7426272.6645,3925086.4015,2607243.9569,36091685.1495,19075919.9113
601328.SH,20210428,4.88,4.88,4.82,4.84,4.86,-0.02,-0.4115,817741.78,395892.315,0.2083,0.95,4.592,0.4901,1.4599,7426272.6645,3925086.4015,2607243.9569,35943159.6962,18997418.1833
601328.SH,20210429,4.84,4.91,4.83,4.9,4.84,0.06,1.2397,984004.46,479434.159,0.2507,1.16,4.6489,0.4962,1.478,7426272.6645,3925086.4015,2607243.9569,36388736.0561,19232923.3674
601328.SH,20210430,4.9,4.91,4.78,4.81,4.9,-0.09,-1.8367,1704512.84,821431.921,0.4343,1.93,4.5635,0.4722,1.4509,7426272.6645,3925086.4015,2607243.9569,35720371.5162,18879665.5912
601328.SH,20210506,4.81,4.87,4.81,4.84,4.81,0.03,0.6237,1158539.28,561307.987,0.2952,1.13,4.592,0.4752,1.4599,7426272.6645,3925086.4015,2607243.9569,35943159.6962,18997418.1833
601328.SH,20210507,4.84,4.95,4.83,4.93,4.84,0.09,1.8595,1913262.57,939880.356,0.4874,1.81,4.6774,0.484,1.4871,7426272.6645,3925086.4015,2607243.9569,36611524.236,19350675.9594
601328.SH,20210510,4.94,4.95,4.9,4.94,4.93,0.01,0.2028,1000203.49,492211.756,0.2548,0.76,4.6868,0.485,1.4901,7426272.6645,3925086.4015,2607243.9569,36685786.9626,19389926.8234
601328.SH,20210511,4.92,4.95,4.91,4.95,4.94,0.01,0.2024,865232.8,426783.377,0.2204,0.64,4.6963,0.486,1.4931,7426272.6645,3925086.4015,2607243.9569,36760049.6893,19429177.6874
601328.SH,20210512,4.93,4.97,4.92,4.94,4.95,-0.01,-0.202,1014184.59,501503.384,0.2584,0.76,4.6868,0.485,1.4901,7426272.6645,3925086.4015,2607243.9569,36685786.9626,19389926.8234
601328.SH,20210513,4.93,4.94,4.91,4.93,4.94,-0.01,-0.2024,771653.64,379767.951,0.1966,0.65,4.6774,0.484,1.4871,7426272.6645,3925086.4015,2607243.9569,36611524.236,19350675.9594
601328.SH,20210514,4.93,4.96,4.91,4.95,4.93,0.02,0.4057,968717.63,478568.259,0.2468,0.87,4.6963,0.486,1.4931,7426272.6645,3925086.4015,2607243.9569,36760049.6893,19429177.6874
601328.SH,20210517,4.95,4.98,4.92,4.94,4.95,-0.01,-0.202,983766.28,487302.505,0.2506,1.06,4.6868,0.485,1.4901,7426272.6645,3925086.4015,2607243.9569,36685786.9626,19389926.8234
601328.SH,20210518,4.95,4.96,4.94,4.95,4.94,0.01,0.2024,576521.22,285535.753,0.1469,0.63,4.6963,0.486,1.4931,7426272.6645,3925086.4015,2607243.9569,36760049.6893,19429177.6874
601328.SH,20210519,4.95,4.95,4.91,4.91,4.95,-0.04,-0.8081,824726.3,406445.143,0.2101,0.96,4.6584,0.4821,1.481,7426272.6645,3925086.4015,2607243.9569,36462998.7827,19272174.2314
601328.SH,20210520,4.92,4.93,4.89,4.91,4.91,0.0,0.0,773759.74,379524.989,0.1971,0.94,4.6584,0.4821,1.481,7426272.6645,3925086.4015,2607243.9569,36462998.7827,19272174.2314
601328.SH,20210521,4.91,4.92,4.87,4.87,4.91,-0.04,-0.8147,783431.38,382972.036,0.1996,0.95,4.6204,0.4781,1.469,7426272.6645,3925086.4015,3925086.4015,36165947.8761,19115170.7753
601328.SH,20210524,4.87,4.9,4.86,4.87,4.87,0.0,0.0,830653.92,404983.827,0.2116,1.05,4.6204,0.4781,1.469,7426272.6645,3925086.4015,3925086.4015,36165947.8761,19115170.7753
601328.SH,20210525,4.88,4.94,4.87,4.92,4.87,0.05,1.0267,1374513.06,674697.0,0.3502,1.81,4.6679,0.483,1.484,7426272.6645,3925086.4015,3925086.4015,36537261.5093,19311425.0954
601328.SH,20210526,4.93,4.94,4.91,4.94,4.92,0.02,0.4065,956173.72,471221.963,0.2436,1.04,4.6868,0.485,1.4901,7426272.6645,3925086.4015,2607243.9569,36685786.9626,19389926.8234
601328.SH,20210527,4.93,4.95,4.91,4.91,4.94,-0.03,-0.6073,873760.16,430293.419,0.2226,0.93,4.6584,0.4821,1.481,7426272.6645,3925086.4015,2607243.9569,36462998.7827,19272174.2314
601328.SH,20210528,4.93,4.93,4.9,4.93,4.91,0.02,0.4073,995870.03,489551.463,0.2537,1.03,4.6774,0.484,1.4871,7426272.6645,3925086.4015,2607243.9569,36611524.236,19350675.9594
601328.SH,20210531,4.93,4.93,4.88,4.9,4.93,-0.03,-0.6085,1016642.6,497689.037,0.259,1.01,4.6489,0.4811,1.478,7426272.6645,3925086.4015,2607243.9569,36388736.0561,19232923.3674
601328.SH,20210601,4.89,4.9,4.85,4.87,4.9,-0.03,-0.6122,1087069.02,528692.748,0.277,1.04,4.6204,0.4781,1.469,7426272.6645,3925086.4015,2607243.9569,36165947.8761,19115170.7753
601328.SH,20210602,4.86,4.88,4.85,4.88,4.87,0.01,0.2053,1098915.43,534310.227,0.28,1.11,4.6299,0.4791,1.472,7426272.6645,3925086.4015,2607243.9569,36240210.6028,19154421.6393
601328.SH,20210603,4.88,4.91,4.87,4.89,4.88,0.01,0.2049,748481.96,366100.943,0.1907,0.74,4.6394,0.4801,1.475,7426272.6645,3925086.4015,2607243.9569,36314473.3294,19193672.5033
601328.SH,20210604,4.89,4.92,4.88,4.91,4.89,0.02,0.409,939588.31,460606.645,0.2394,0.95,4.6584,0.4821,1.481,7426272.6645,3925086.4015,2607243.9569,36462998.7827,19272174.2314
601328.SH,20210607,4.91,4.92,4.89,4.9,4.91,-0.01,-0.2037,597332.54,292909.106,0.1522,0.61,4.6489,0.4811,1.478,7426272.6645,3925086.4015,2607243.9569,36388736.0561,19232923.3674
601328.SH,20210608,4.9,4.91,4.88,4.91,4.9,0.01,0.2041,693522.4,339710.657,0.1767,0.78,4.6584,0.4821,1.481,7426272.6645,3925086.4015,2607243.9569,36462998.7827,19272174.2314
601328.SH,20210609,4.9,4.91,4.89,4.89,4.91,-0.02,-0.4073,500208.59,245072.376,0.1274,0.61,4.6394,0.4801,1.475,7426272.6645,3925086.4015,2607243.9569,36314473.3294,19193672.5033
601328.SH,20210610,4.89,4.91,4.88,4.88,4.89,-0.01,-0.2045,772268.36,377896.902,0.1968,1.11,4.6299,0.4791,1.472,7426272.6645,3925086.4015,2607243.9569,36240210.6028,19154421.6393
601328.SH,20210611,4.89,4.89,4.87,4.88,4.88,0.0,0.0,986375.97,481069.917,0.2513,1.41,4.6299,0.4791,1.472,7426272.6645,3925086.4015,2607243.9569,36240210.6028,19154421.6393
601328.SH,20210615,4.88,4.88,4.83,4.83,4.88,-0.05,-1.0246,1030539.91,499120.048,0.2626,1.45,4.5825,0.4742,1.4569,7426272.6645,3925086.4015,2607243.9569,35868896.9695,18958167.3192
601328.SH,20210616,4.83,4.87,4.82,4.84,4.83,0.01,0.207,607313.13,294302.751,0.1547,0.76,4.592,0.4752,1.4599,7426272.6645,3925086.4015,2607243.9569,35943159.6962,18997418.1833
601328.SH,20210617,4.84,4.86,4.83,4.83,4.84,-0.01,-0.2066,594733.5,288096.669,0.1515,0.76,4.5825,0.4742,1.4569,7426272.6645,3925086.4015,2607243.9569,35868896.9695,18958167.3192
601328.SH,20210618,4.83,4.84,4.82,4.84,4.83,0.01,0.207,584467.95,282304.736,0.1489,0.73,4.592,0.4752,1.4599,7426272.6645,3925086.4015,2607243.9569,35943159.6962,18997418.1833
601328.SH,20210621,4.83,4.84,4.81,4.83,4.84,-0.01,-0.2066,597618.19,288412.431,0.1523,0.79,4.5825,0.4742,1.4569,7426272.6645,3925086.4015,2607243.9569,35868896.9695,18958167.3192
601328.SH,20210622,4.83,4.86,4.83,4.85,4.83,0.02,0.4141,721893.12,349657.527,0.1839,1.06,4.6015,0.4762,1.4629,7426272.6645,3925086.4015,2607243.9569,36017422.4228,19036669.0473
601328.SH,20210623,4.85,4.86,4.84,4.86,4.85,0.01,0.2062,438475.47,212736.383,0.1117,0.71,4.6109,0.4771,1.4659,7426272.6645,3925086.4015,2607243.9569,36091685.1495,19075919.9113
601328.SH,20210624,4.86,4.88,4.85,4.88,4.86,0.02,0.4115,740346.23,360493.783,0.1886,1.26,4.6299,0.4791,1.472,7426272.6645,3925086.4015,2607243.9569,36240210.6028,19154421.6393
601328.SH,20210625,4.88,4.91,4.88,4.91,4.88,0.03,0.6148,757338.62,371092.064,0.1929,1.23,4.6584,0.4821,1.481,7426272.6645,3925086.4015,2607243.9569,36462998.7827,19272174.2314
601328.SH,20210628,4.91,4.91,4.88,4.89,4.91,-0.02,-0.4073,553762.08,271071.332,0.1411,0.85,4.6394,0.4801,1.475,7426272.6645,3925086.4015,2607243.9569,36314473.3294,19193672.5033
601328.SH,20210629,4.89,4.9,4.87,4.88,4.89,-0.01,-0.2045,597669.44,292192.218,0.1523,0.93,4.6299,0.4791,1.472,7426272.6645,3925086.4015,2607243.9569,36240210.6028,19154421.6393
601328.SH,20210630,4.87,4.91,4.87,4.9,4.88,0.02,0.4098,661732.38,324067.657,0.1686,1.07,4.6489,0.4811,1.478,7426272.6645,3925086.4015,2607243.9569,36388736.0561,19232923.3674
601328.SH,20210701,4.91,4.92,4.89,4.9,4.9,0.0,0.0,686791.29,336843.803,0.175,1.04,4.6489,0.4811,1.478,7426272.6645,3925086.4015,2607243.9569,36388736.0561,19232923.3674
601328.SH,20210702,4.89,4.91,4.88,4.9,4.9,0.0,0.0,1026921.02,502504.901,0.2616,1.58,4.6489,0.4811,1.478,7426272.6645,3925086.4015,2607243.9569,36388736.0561,19232923.3674
601328.SH,20210705,4.89,4.9,4.86,4.88,4.9,-0.02,-0.4082,805984.88,393158.824,0.2053,1.14,4.6299,0.4791,1.472,7426272.6645,3925086.4015,2607243.9569,36240210.6028,19154421.6393
601328.SH,20210706,4.88,4.92,4.87,4.91,4.88,0.03,0.6148,1123630.14,550525.061,0.2863,1.49,4.6584,0.4821,1.481,7426272.6645,3925086.4015,2607243.9569,36462998.7827,19272174.2314
601328.SH,20210707,4.91,4.93,4.88,4.89,4.91,-0.02,-0.4073,1048220.49,514400.378,0.2671,1.22,4.6394,0.4801,1.475,7426272.6645,3925086.4015,2607243.9569,36314473.3294,19193672.5033
601328.SH,20210708,4.9,4.91,4.85,4.85,4.89,-0.04,-0.818,1353368.27,659170.771,0.3448,1.44,4.6015,0.4762,1.4629,7426272.6645,3925086.4015,2607243.9569,36017422.4228,19036669.0473
601328.SH,20210709,4.85,4.89,4.85,4.85,4.85,0.0,0.0,1124438.89,546732.868,0.2865,1.05,4.6015,0.4762,1.4629,7426272.6645,3925086.4015,2607243.9569,36017422.4228,19036669.0473
601328.SH,20210712,4.88,4.89,4.82,4.82,4.85,-0.03,-0.6186,1903927.0,922637.503,0.4851,1.74,4.573,0.4732,1.4539,7426272.6645,3925086.4015,2607243.9569,35794634.2429,18918916.4552
601328.SH,20210713,4.53,4.54,4.47,4.47,4.5,-0.03,-0.6667,1711041.96,769624.109,0.4359,1.31,4.2409,0.4042,1.3483,7426272.6645,3925086.4015,2607243.9569,33195438.8103,17545136.2147
601328.SH,20210714,4.48,4.48,4.41,4.41,4.47,-0.06,-1.3423,1354030.5,600098.706,0.345,0.95,4.184,0.3988,1.3302,7426272.6645,3925086.4015,2607243.9569,32749862.4504,17309631.0306
601328.SH,20210715,4.42,4.47,4.41,4.46,4.41,0.05,1.1338,876580.58,389730.358,0.2233,0.59,4.2314,0.4033,1.3453,7426272.6645,3925086.4015,2607243.9569,33121176.0837,17505885.3507
601328.SH,20210716,4.45,4.46,4.43,4.45,4.46,-0.01,-0.2242,687859.65,305916.836,0.1752,0.49,4.222,0.4024,1.3423,7426272.6645,3925086.4015,2607243.9569,33046913.357,17466634.4867
601328.SH,20210719,4.45,4.46,4.42,4.45,4.45,0.0,0.0,727163.79,323018.654,0.1853,0.56,4.222,0.4024,1.3423,7426272.6645,3925086.4015,2607243.9569,33046913.357,17466634.4867
601328.SH,20210720,4.45,4.45,4.4,4.41,4.45,-0.04,-0.8989,855790.8,378235.078,0.218,0.8,4.184,0.3988,1.3302,7426272.6645,3925086.4015,2607243.9569,32749862.4504,17309631.0306
601328.SH,20210721,4.42,4.43,4.4,4.41,4.41,0.0,0.0,603537.98,266375.902,0.1538,0.67,4.184,0.3988,1.3302,7426272.6645,3925086.4015,2607243.9569,32749862.4504,17309631.0306
601328.SH,20210722,4.41,4.43,4.4,4.41,4.41,0.0,0.0,630190.34,278560.353,0.1606,0.84,4.184,0.4469,1.3302,7426272.6645,3925086.4015,2607243.9569,32749862.4504,17309631.0306
601328.SH,20210723,4.42,4.43,4.4,4.41,4.41,0.0,0.0,536495.46,236763.695,0.1367,0.77,4.184,0.4469,1.3302,7426272.6645,3925086.4015,2607243.9569,32749862.4504,17309631.0306
601328.SH,20210726,4.41,4.42,4.35,4.35,4.41,-0.06,-1.3605,1116071.77,488148.633,0.2843,1.66,4.1271,0.4408,1.3121,7426272.6645,3925086.4015,2607243.9569,32304286.0906,17074125.8465
601328.SH,20210727,4.36,4.38,4.31,4.33,4.35,-0.02,-0.4598,946608.59,411870.689,0.2412,1.26,4.1081,0.4388,1.3061,7426272.6645,3925086.4015,2607243.9569,32155760.6373,16995624.1185
601328.SH,20210728,4.33,4.36,4.32,4.33,4.33,0.0,0.0,906413.16,393355.736,0.2309,1.18,4.1081,0.4388,1.3061,7426272.6645,3925086.4015,2607243.9569,32155760.6373,16995624.1185
601328.SH,20210729,4.34,4.34,4.29,4.3,4.33,-0.03,-0.6928,729120.97,314591.59,0.1858,0.88,4.0796,0.4357,1.297,7426272.6645,3925086.4015,2607243.9569,31932972.4574,16877871.5265
601328.SH,20210730,4.3,4.3,4.27,4.28,4.3,-0.02,-0.4651,629914.59,269976.099,0.1605,0.74,4.0607,0.4337,1.291,7426272.6645,3925086.4015,2607243.9569,31784447.0041,16799369.7984
601328.SH,20210802,4.28,4.34,4.25,4.32,4.28,0.04,0.9346,917557.4,394871.15,0.2338,1.06,4.0986,0.4378,1.3031,7426272.6645,3925086.4015,2607243.9569,32081497.9106,16956373.2545
601328.SH,20210803,4.32,4.33,4.28,4.3,4.32,-0.02,-0.463,636454.86,273612.305,0.1622,0.77,4.0796,0.4357,1.297,7426272.6645,3925086.4015,2607243.9569,31932972.4574,16877871.5265
601328.SH,20210804,4.3,4.31,4.28,4.3,4.3,0.0,0.0,515013.2,221210.705,0.1312,0.67,4.0796,0.4357,1.297,7426272.6645,3925086.4015,2607243.9569,31932972.4574,16877871.5265
601328.SH,20210805,4.3,4.32,4.28,4.31,4.3,0.01,0.2326,525959.42,226233.046,0.134,0.77,4.0891,0.4367,1.3001,7426272.6645,3925086.4015,2607243.9569,32007235.184,16917122.3905
601328.SH,20210806,4.3,4.31,4.28,4.3,4.31,-0.01,-0.232,490600.82,210505.544,0.125,0.76,4.0796,0.4357,1.297,7426272.6645,3925086.4015,2607243.9569,31932972.4574,16877871.5265
601328.SH,20210809,4.3,4.35,4.29,4.32,4.3,0.02,0.4651,699440.52,302955.178,0.1782,1.13,4.0986,0.4378,1.3031,7426272.6645,3925086.4015,2607243.9569,32081497.9106,16956373.2545
601328.SH,20210810,4.33,4.36,4.3,4.35,4.32,0.03,0.6944,644628.88,278880.733,0.1642,1.12,4.1271,0.4408,1.3121,7426272.6645,3925086.4015,2607243.9569,32304286.0906,17074125.8465
601328.SH,20210811,4.34,4.4,4.34,4.38,4.35,0.03,0.6897,781349.7,342108.414,0.1991,1.36,4.1555,0.4438,1.3212,7426272.6645,3925086.4015,2607243.9569,32527074.2705,17191878.4386
601328.SH,20210812,4.38,4.39,4.36,4.36,4.38,-0.02,-0.4566,396507.46,173407.645,0.101,0.63,4.1366,0.4418,1.3151,7426272.6645,3925086.4015,2607243.9569,32378548.8172,17113376.7105
601328.SH,20210813,4.36,4.38,4.35,4.36,4.36,0.0,0.0,403712.88,176280.961,0.1029,0.67,4.1366,0.4418,1.3151,7426272.6645,3925086.4015,2607243.9569,32378548.8172,17113376.7105
601328.SH,20210816,4.37,4.4,4.36,4.39,4.36,0.03,0.6881,586785.54,257336.702,0.1495,1.0,4.165,0.4448,1.3242,7426272.6645,3925086.4015,2607243.9569,32601336.9972,17231129.3026
601328.SH,20210817,4.39,4.4,4.35,4.36,4.39,-0.03,-0.6834,996581.1,436011.825,0.2539,1.77,4.1366,0.4418,1.3151,7426272.6645,3925086.4015,2607243.9569,32378548.8172,17113376.7105
601328.SH,20210818,4.36,4.42,4.35,4.41,4.36,0.05,1.1468,820935.7,360120.864,0.2092,1.3,4.184,0.4469,1.3302,7426272.6645,3925086.4015,2607243.9569,32749862.4504,17309631.0306
601328.SH,20210819,4.4,4.41,4.36,4.38,4.41,-0.03,-0.6803,828425.95,363051.987,0.2111,1.29,4.1555,0.4438,1.3212,7426272.6645,3925086.4015,2607243.9569,32527074.2705,17191878.4386
601328.SH,20210820,4.39,4.4,4.36,4.38,4.38,0.0,0.0,557986.61,244184.136,0.1422,0.77,4.1555,0.4438,1.3212,7426272.6645,3925086.4015,2607243.9569,32527074.2705,17191878.4386
601328.SH,20210823,4.38,4.39,4.35,4.36,4.38,-0.02,-0.4566,761279.21,332107.326,0.194,1.0,4.1366,0.4418,1.3151,7426272.6645,3925086.4015,2607243.9569,32378548.8172,17113376.7105
601328.SH,20210824,4.36,4.39,4.36,4.36,4.36,0.0,0.0,647483.1,282979.243,0.165,0.82,4.1366,0.4418,1.3151,7426272.6645,3925086.4015,2607243.9569,32378548.8172,17113376.7105
601328.SH,20210825,4.37,4.38,4.35,4.37,4.36,0.01,0.2294,601258.38,262593.429,0.1532,0.83,4.1461,0.4428,1.3181,7426272.6645,3925086.4015,2607243.9569,32452811.5439,17152627.5746
601328.SH,20210826,4.36,4.38,4.36,4.36,4.37,-0.01,-0.2288,539290.91,235584.079,0.1374,0.79,4.1366,0.4281,1.3151,7426272.6645,3925086.4015,2296728.4001,32378548.8172,17113376.7105
601328.SH,20210827,4.36,4.38,4.36,4.36,4.36,0.0,0.0,585737.91,255845.275,0.1492,0.94,4.1366,0.4418,1.3151,7426272.6645,3925086.4015,2607243.9569,32378548.8172,17113376.7105
601328.SH,20210830,4.37,4.39,4.36,4.38,4.36,0.02,0.4587,819288.25,358183.039,0.2087,1.31,4.1555,0.4344,1.3212,7426272.6645,3925086.4015,2607243.957,32527074.2705,17191878.4386
601328.SH,20210831,4.38,4.42,4.37,4.42,4.38,0.04,0.9132,1166133.91,512647.717,0.2971,1.83,4.1935,0.4383,1.3332,7426272.6645,3925086.4015,2607243.9569,32824125.1771,17348881.8946
601328.SH,20210901,4.42,4.48,4.4,4.47,4.42,0.05,1.1312,1393743.64,620221.545,0.3551,1.88,4.2409,0.4433,1.3483,7426272.6645,3925086.4015,2607243.9569,33195438.8103,17545136.2147
601328.SH,20210902,4.46,4.48,4.45,4.47,4.47,0.0,0.0,800276.57,357122.621,0.2039,0.89,4.2409,0.4433,1.3483,7426272.6645,3925086.4015,2607243.9569,33195438.8103,17545136.2147
601328.SH,20210903,4.47,4.49,4.45,4.48,4.47,0.01,0.2237,1387244.7,620654.327,0.3534,1.46,4.2504,0.4443,1.3513,7426272.6645,3925086.4015,2607243.9569,33269701.537,17584387.0787
601328.SH,20210906,4.48,4.54,4.47,4.51,4.48,0.03,0.6696,1294637.29,584119.5,0.3298,1.16,4.2789,0.4473,1.3604,7426272.6645,3925086.4015,2607243.9569,33492489.7169,17702139.6708
601328.SH,20210907,4.52,4.55,4.5,4.53,4.51,0.02,0.4435,1126547.02,509779.295,0.287,0.93,4.2979,0.4493,1.3664,7426272.6645,3925086.4015,2607243.9569,33641015.1702,17780641.3988
601328.SH,20210908,4.53,4.57,4.52,4.56,4.53,0.03,0.6623,1060439.65,482687.821,0.2702,0.88,4.3263,0.4522,1.3755,7426272.6645,3925086.4015,2607243.9569,33863803.3501,17898393.9908
601328.SH,20210909,4.56,4.58,4.51,4.56,4.56,0.0,0.0,1047793.44,477146.125,0.2669,0.92,4.3263,0.4522,1.3755,7426272.6645,3925086.4015,2607243.9569,33863803.3501,17898393.9908
601328.SH,20210910,4.56,4.64,4.55,4.58,4.56,0.02,0.4386,1650028.25,758346.392,0.4204,1.39,4.3453,0.4542,1.3815,7426272.6645,3925086.4015,2607243.9569,34012328.8034,17976895.7189
601328.SH,20210913,4.58,4.62,4.56,4.61,4.58,0.03,0.655,1159988.71,533134.013,0.2955,0.94,4.3738,0.4572,1.3905,7426272.6645,3925086.4015,2607243.9569,34235116.9833,18094648.3109
601328.SH,20210914,4.63,4.63,4.52,4.54,4.61,-0.07,-1.5184,1365121.91,624893.023,0.3478,1.13,4.3073,0.4502,1.3694,7426272.6645,3925086.4015,2607243.9569,33715277.8968,17819892.2628
601328.SH,20210915,4.53,4.55,4.52,4.54,4.54,0.0,0.0,751925.2,340932.075,0.1916,0.6,4.3073,0.4502,1.3694,7426272.6645,3925086.4015,2607243.9569,33715277.8968,17819892.2628
601328.SH,20210916,4.54,4.56,4.51,4.51,4.54,-0.03,-0.6608,876647.14,397653.935,0.2233,0.73,4.2789,0.4473,1.3604,7426272.6645,3925086.4015,2607243.9569,33492489.7169,17702139.6708
601328.SH,20210917,4.51,4.53,4.5,4.5,4.51,-0.01,-0.2217,703435.26,317532.652,0.1792,0.61,4.2694,0.4463,1.3574,7426272.6645,3925086.4015,2607243.9569,33418226.9903,17662888.8068
601328.SH,20210922,4.45,4.47,4.43,4.45,4.5,-0.05,-1.1111,938067.32,417087.366,0.239,0.97,4.222,0.4413,1.3423,7426272.6645,3925086.4015,2607243.9569,33046913.357,17466634.4867
601328.SH,20210923,4.46,4.53,4.46,4.5,4.45,0.05,1.1236,869340.01,390909.141,0.2215,0.94,4.2694,0.4463,1.3574,7426272.6645,3925086.4015,2607243.9569,33418226.9903,17662888.8068
601328.SH,20210924,4.5,4.53,4.46,4.48,4.5,-0.02,-0.4444,804309.35,361621.677,0.2049,0.97,4.2504,0.4443,1.3513,7426272.6645,3925086.4015,2607243.9569,33269701.537,17584387.0787
601328.SH,20210927,4.47,4.49,4.45,4.46,4.48,-0.02,-0.4464,817880.45,365209.589,0.2084,0.98,4.2314,0.4423,1.3453,7426272.6645,3925086.4015,2607243.9569,33121176.0837,17505885.3507
601328.SH,20210928,4.46,4.51,4.45,4.49,4.46,0.03,0.6726,858784.23,385296.923,0.2188,1.04,4.2599,0.4453,1.3543,7426272.6645,3925086.4015,2607243.9569,33343964.2636,17623637.9427
601328.SH,20210929,4.47,4.52,4.46,4.49,4.49,0.0,0.0,911514.9,409161.432,0.2322,1.06,4.2599,0.4453,1.3543,7426272.6645,3925086.4015,2607243.9569,33343964.2636,17623637.9427
601328.SH,20210930,4.5,4.5,4.47,4.5,4.49,0.01,0.2227,709994.31,318666.967,0.1809,0.83,4.2694,0.4463,1.3574,7426272.6645,3925086.4015,2607243.9569,33418226.9903,17662888.8068
601328.SH,20211008,4.53,4.56,4.52,4.55,4.5,0.05,1.1111,1079567.8,490492.813,0.275,1.32,4.3168,0.4512,1.3724,7426272.6645,3925086.4015,2607243.9569,33789540.6235,17859143.1268
601328.SH,20211011,4.56,4.6,4.56,4.57,4.55,0.02,0.4396,940702.72,430774.831,0.2397,1.07,4.3358,0.4532,1.3785,7426272.6645,3925086.4015,2607243.9569,33938066.0768,17937644.8549
601328.SH,20211012,4.56,4.59,4.54,4.57,4.57,0.0,0.0,939607.7,429223.835,0.2394,1.04,4.3358,0.4532,1.3785,7426272.6645,3925086.4015,2607243.9569,33938066.0768,17937644.8549
601328.SH,20211013,4.57,4.58,4.54,4.56,4.57,-0.01,-0.2188,588541.88,268264.875,0.1499,0.64,4.3263,0.4522,1.3755,7426272.6645,3925086.4015,2607243.9569,33863803.3501,17898393.9908
601328.SH,20211014,4.57,4.57,4.53,4.54,4.56,-0.02,-0.4386,489628.65,222621.952,0.1247,0.57,4.3073,0.4502,1.3694,7426272.6645,3925086.4015,2607243.9569,33715277.8968,17819892.2628
601328.SH,20211015,4.55,4.55,4.53,4.55,4.54,0.01,0.2203,651363.61,295769.852,0.1659,0.81,4.3168,0.4512,1.3724,7426272.6645,3925086.4015,2607243.9569,33789540.6235,17859143.1268
601328.SH,20211018,4.55,4.55,4.51,4.52,4.55,-0.03,-0.6593,754931.64,341601.661,0.1923,1.05,4.2884,0.4483,1.3634,7426272.6645,3925086.4015,2607243.9569,33566752.4435,17741390.5348
601328.SH,20211019,4.52,4.54,4.51,4.53,4.52,0.01,0.2212,667802.66,302403.144,0.1701,0.98,4.2979,0.4493,1.3664,7426272.6645,3925086.4015,2607243.9569,33641015.1702,17780641.3988
601328.SH,20211020,4.54,4.55,4.51,4.52,4.53,-0.01,-0.2208,534412.57,241932.657,0.1362,0.85,4.2884,0.4483,1.3634,7426272.6645,3925086.4015,2607243.9569,33566752.4435,17741390.5348
601328.SH,20211021,4.53,4.56,4.52,4.56,4.52,0.04,0.885,860516.69,391097.432,0.2192,1.39,4.3263,0.4522,1.3755,7426272.6645,3925086.4015,2607243.9569,33863803.3501,17898393.9908
601328.SH,20211022,4.55,4.58,4.54,4.55,4.56,-0.01,-0.2193,645782.24,294243.228,0.1645,0.93,4.3168,0.4512,1.3724,7426272.6645,3925086.4015,2607243.9569,33789540.6235,17859143.1268
601328.SH,20211025,4.54,4.57,4.53,4.56,4.55,0.01,0.2198,718524.58,326980.513,0.1831,1.04,4.3263,0.4522,1.3755,7426272.6645,3925086.4015,2607243.9569,33863803.3501,17898393.9908
601328.SH,20211026,4.57,4.58,4.53,4.54,4.56,-0.02,-0.4386,577990.84,263225.388,0.1473,0.84,4.3073,0.4502,1.3694,7426272.6645,3925086.4015,2607243.9569,33715277.8968,17819892.2628
601328.SH,20211027,4.55,4.56,4.5,4.52,4.54,-0.02,-0.4405,782318.71,353393.0,0.1993,1.17,4.2884,0.4483,1.3634,7426272.6645,3925086.4015,2607243.9569,33566752.4435,17741390.5348
601328.SH,20211028,4.51,4.53,4.5,4.51,4.52,-0.01,-0.2212,631261.43,284889.682,0.1608,0.88,4.2789,0.4473,1.3604,7426272.6645,3925086.4015,2607243.9569,33492489.7169,17702139.6708
601328.SH,20211029,4.52,4.52,4.49,4.52,4.51,0.01,0.2217,635690.66,286827.76,0.162,0.95,4.2884,0.4483,1.3634,7426272.6645,3925086.4015,2607243.9569,33566752.4435,17741390.5348
601328.SH,20211101,4.56,4.71,4.55,4.69,4.52,0.17,3.7611,3308652.47,1535065.165,0.843,4.94,4.4497,0.4526,1.4147,7426272.6645,3925086.4015,2607243.9569,34829218.7965,18408655.223
601328.SH,20211102,4.7,4.71,4.55,4.56,4.69,-0.13,-2.7719,2309821.37,1066520.829,0.5885,1.95,4.3263,0.44,1.3755,7426272.6645,3925086.4015,2607243.9569,33863803.3501,17898393.9908
601328.SH,20211103,4.57,4.59,4.55,4.57,4.56,0.01,0.2193,1177305.61,538172.634,0.2999,0.77,4.3358,0.441,1.3785,7426272.6645,3925086.4015,2607243.9569,33938066.0768,17937644.8549
601328.SH,20211104,4.58,4.62,4.57,4.6,4.57,0.03,0.6565,974933.46,448045.774,0.2484,0.6,4.3643,0.4439,1.3875,7426272.6645,3925086.4015,2607243.9569,34160854.2567,18055397.4469
601328.SH,20211105,4.6,4.62,4.59,4.62,4.6,0.02,0.4348,755141.41,347912.762,0.1924,0.45,4.3832,0.4458,1.3936,7426272.6645,3925086.4015,2607243.9569,34309379.71,18133899.1749
601328.SH,20211108,4.62,4.66,4.59,4.63,4.62,0.01,0.2165,860425.51,398166.191,0.2192,0.5,4.3927,0.4468,1.3966,7426272.6645,3925086.4015,2607243.9569,34383642.4366,18173150.0389
601328.SH,20211109,4.64,4.65,4.62,4.63,4.63,0.0,0.0,538921.12,250031.205,0.1373,0.44,4.3927,0.4468,1.3966,7426272.6645,3925086.4015,2607243.9569,34383642.4366,18173150.0389
601328.SH,20211110,4.63,4.64,4.58,4.59,4.63,-0.04,-0.8639,824532.06,379286.744,0.2101,0.96,4.3548,0.4429,1.3845,7426272.6645,3925086.4015,2607243.9569,34086591.5301,18016146.5829
601328.SH,20211111,4.6,4.67,4.59,4.66,4.59,0.07,1.5251,916818.19,425607.265,0.2336,1.16,4.4212,0.4497,1.4056,7426272.6645,3925086.4015,2607243.9569,34606430.6166,18290902.631
601328.SH,20211112,4.65,4.67,4.62,4.63,4.66,-0.03,-0.6438,589464.68,273413.67,0.1502,0.76,4.3927,0.4468,1.3966,7426272.6645,3925086.4015,2607243.9569,34383642.4366,18173150.0389
601328.SH,20211115,4.63,4.66,4.62,4.66,4.63,0.03,0.6479,547916.95,254422.596,0.1396,0.73,4.4212,0.4497,1.4056,7426272.6645,3925086.4015,2607243.9569,34606430.6166,18290902.631
601328.SH,20211116,4.65,4.67,4.63,4.65,4.66,-0.01,-0.2146,486167.57,226111.683,0.1239,0.71,4.4117,0.4487,1.4026,7426272.6645,3925086.4015,2607243.9569,34532167.8899,18251651.767
601328.SH,20211117,4.64,4.66,4.62,4.63,4.65,-0.02,-0.4301,539834.66,250666.107,0.1375,0.8,4.3927,0.4468,1.3966,7426272.6645,3925086.4015,2607243.9569,34383642.4366,18173150.0389
601328.SH,20211118,4.62,4.63,4.6,4.61,4.63,-0.02,-0.432,500062.62,230537.562,0.1274,0.81,4.3738,0.4449,1.3905,7426272.6645,3925086.4015,2607243.9569,34235116.9833,18094648.3109
601328.SH,20211119,4.6,4.66,4.6,4.65,4.61,0.04,0.8677,718144.38,332719.287,0.183,1.35,4.4117,0.4487,1.4026,7426272.6645,3925086.4015,2607243.9569,34532167.8899,18251651.767
601328.SH,20211122,4.65,4.66,4.62,4.63,4.65,-0.02,-0.4301,530689.76,246006.719,0.1352,0.95,4.3927,0.4468,1.3966,7426272.6645,3925086.4015,2607243.9569,34383642.4366,18173150.0389
601328.SH,20211123,4.63,4.65,4.62,4.64,4.63,0.01,0.216,445322.7,206358.98,0.1135,0.8,4.4022,0.4478,1.3996,7426272.6645,3925086.4015,2607243.9569,34457905.1633,18212400.903
601328.SH,20211124,4.63,4.64,4.61,4.63,4.64,-0.01,-0.2155,397404.06,183780.416,0.1012,0.73,4.3927,0.4468,1.3966,7426272.6645,3925086.4015,2607243.9569,34383642.4366,18173150.0389
601328.SH,20211125,4.63,4.63,4.6,4.62,4.63,-0.01,-0.216,383996.34,177161.589,0.0978,0.74,4.3832,0.4458,1.3936,7426272.6645,3925086.4015,2607243.9569,34309379.71,18133899.1749
601328.SH,20211126,4.61,4.62,4.59,4.59,4.62,-0.03,-0.6494,484576.98,222734.002,0.1235,0.98,4.3548,0.4429,1.3845,7426272.6645,3925086.4015,2607243.9569,34086591.5301,18016146.5829
601328.SH,20211129,4.57,4.59,4.57,4.58,4.59,-0.01,-0.2179,566608.2,259424.986,0.1444,1.26,4.3453,0.442,1.3815,7426272.6645,3925086.4015,2607243.9569,34012328.8034,17976895.7189
601328.SH,20211130,4.58,4.6,4.57,4.57,4.58,-0.01,-0.2183,777508.97,356131.428,0.1981,1.71,4.3358,0.441,1.3785,7426272.6645,3925086.4015,2607243.9569,33938066.0768,17937644.8549
601328.SH,20211201,4.57,4.61,4.56,4.6,4.57,0.03,0.6565,674777.02,309716.288,0.1719,1.29,4.3643,0.4439,1.3875,7426272.6645,3925086.4015,2607243.9569,34160854.2567,18055397.4469
601328.SH,20211202,4.58,4.63,4.58,4.61,4.6,0.01,0.2174,815517.58,375395.797,0.2078,1.41,4.3738,0.4449,1.3905,7426272.6645,3925086.4015,2607243.9569,34235116.9833,18094648.3109
601328.SH,20211203,4.61,4.62,4.59,4.62,4.61,0.01,0.2169,637896.18,293782.057,0.1625,0.96,4.3832,0.4458,1.3936,7426272.6645,3925086.4015,2607243.9569,34309379.71,18133899.1749
601328.SH,20211206,4.62,4.64,4.6,4.62,4.62,0.0,0.0,1043846.5,482732.203,0.2659,1.5,4.3832,0.4458,1.3936,7426272.6645,3925086.4015,2607243.9569,34309379.71,18133899.1749
601328.SH,20211207,4.64,4.66,4.62,4.64,4.62,0.02,0.4329,990095.4,459457.978,0.2522,1.25,4.4022,0.4478,1.3996,7426272.6645,3925086.4015,2607243.9569,34457905.1633,18212400.903
601328.SH,20211208,4.65,4.65,4.6,4.61,4.64,-0.03,-0.6466,1199560.87,553970.308,0.3056,1.44,4.3738,0.4449,1.3905,7426272.6645,3925086.4015,2607243.9569,34235116.9833,18094648.3109
601328.SH,20211209,4.61,4.65,4.6,4.63,4.61,0.02,0.4338,1170569.46,541701.226,0.2982,1.25,4.3927,0.4468,1.3966,7426272.6645,3925086.4015,2607243.9569,34383642.4366,18173150.0389
601328.SH,20211210,4.62,4.64,4.59,4.61,4.63,-0.02,-0.432,1509274.86,696076.174,0.3845,1.5,4.3738,0.4449,1.3905,7426272.6645,3925086.4015,2607243.9569,34235116.9833,18094648.3109
601328.SH,20211213,4.6,4.62,4.57,4.57,4.61,-0.04,-0.8677,1377195.16,632200.106,0.3509,1.16,4.3358,0.441,1.3785,7426272.6645,3925086.4015,2607243.9569,33938066.0768,17937644.8549
601328.SH,20211214,4.57,4.58,4.53,4.54,4.57,-0.03,-0.6565,1417215.0,644829.271,0.3611,1.13,4.3073,0.4381,1.3694,7426272.6645,3925086.4015,2607243.9569,33715277.8968,17819892.2628
601328.SH,20211215,4.54,4.55,4.52,4.52,4.54,-0.02,-0.4405,891644.22,404024.571,0.2272,0.67,4.2884,0.4362,1.3634,7426272.6645,3925086.4015,2607243.9569,33566752.4435,17741390.5348
601328.SH,20211216,4.53,4.55,4.52,4.54,4.52,0.02,0.4425,694569.08,315069.313,0.177,0.55,4.3073,0.4381,1.3694,7426272.6645,3925086.4015,2607243.9569,33715277.8968,17819892.2628
601328.SH,20211217,4.54,4.55,4.53,4.53,4.54,-0.01,-0.2203,659606.04,299413.452,0.168,0.56,4.2979,0.4371,1.3664,7426272.6645,3925086.4015,2607243.9569,33641015.1702,17780641.3988
601328.SH,20211220,4.53,4.55,4.52,4.53,4.53,0.0,0.0,659669.9,299490.877,0.1681,0.65,4.2979,0.4371,1.3664,7426272.6645,3925086.4015,2607243.9569,33641015.1702,17780641.3988
601328.SH,20211221,4.53,4.57,4.53,4.55,4.53,0.02,0.4415,621390.32,282952.216,0.1583,0.72,4.3168,0.4391,1.3724,7426272.6645,3925086.4015,2607243.9569,33789540.6235,17859143.1268
601328.SH,20211222,4.56,4.57,4.53,4.54,4.55,-0.01,-0.2198,708899.07,322302.953,0.1806,1.0,4.3073,0.4381,1.3694,7426272.6645,3925086.4015,2607243.9569,33715277.8968,17819892.2628
601328.SH,20211223,4.55,4.56,4.54,4.55,4.54,0.01,0.2203,484532.01,220371.442,0.1234,0.72,4.3168,0.4391,1.3724,7426272.6645,3925086.4015,2607243.9569,33789540.6235,17859143.1268
601328.SH,20211224,4.55,4.57,4.53,4.55,4.55,0.0,0.0,771598.88,351099.174,0.1966,1.23,4.3168,0.4391,1.3724,7426272.6645,3925086.4015,2607243.9569,33789540.6235,17859143.1268
601328.SH,20211227,4.55,4.57,4.55,4.57,4.55,0.02,0.4396,608259.38,277498.872,0.155,0.94,4.3358,0.441,1.3785,7426272.6645,3925086.4015,2607243.9569,33938066.0768,17937644.8549
601328.SH,20211228,4.56,4.67,4.56,4.58,4.57,0.01,0.2188,1053003.74,483423.891,0.2683,1.65,4.3453,0.442,1.3815,7426272.6645,3925086.4015,2607243.9569,34012328.8034,17976895.7189
601328.SH,20211229,4.59,4.61,4.58,4.59,4.58,0.01,0.2183,625241.53,287558.347,0.1593,0.86,4.3548,0.4429,1.3845,7426272.6645,3925086.4015,2607243.9569,34086591.5301,18016146.5829
601328.SH,20211230,4.6,4.62,4.59,4.6,4.59,0.01,0.2179,755396.23,347901.692,0.1925,1.07,4.3643,0.4439,1.3875,7426272.6645,3925086.4015,2607243.9569,34160854.2567,18055397.4469
601328.SH,20211231,4.6,4.63,4.6,4.61,4.6,0.01,0.2174,601914.01,277859.809,0.1534,0.79,4.3738,0.4449,1.3905,7426272.6645,3925086.4015,2607243.9569,34235116.9833,18094648.3109
601328.SH,20220104,4.61,4.63,4.59,4.62,4.61,0.01,0.2169,1076175.82,496086.577,0.2742,1.48,4.3832,0.4458,1.3936,7426272.6645,3925086.4015,2607243.9569,34309379.71,18133899.1749
601328.SH,20220105,4.62,4.67,4.61,4.66,4.62,0.04,0.8658,1728495.7,803707.023,0.4404,2.1,4.4212,0.4497,1.4056,7426272.6645,3925086.4015,2607243.9569,34606430.6166,18290902.631
601328.SH,20220106,4.66,4.67,4.63,4.65,4.66,-0.01,-0.2146,1280122.93,595921.39,0.3261,1.34,4.4117,0.4487,1.4026,7426272.6645,3925086.4015,2607243.9569,34532167.8899,18251651.767
601328.SH,20220107,4.65,4.75,4.65,4.73,4.65,0.08,1.7204,1847426.9,869811.647,0.4707,1.7,4.4876,0.4564,1.4267,7426272.6645,3925086.4015,2607243.9569,35126269.7031,18565658.6791
601328.SH,20220110,4.73,4.77,4.71,4.75,4.73,0.02,0.4228,1077687.17,510643.214,0.2746,0.82,4.5066,0.4584,1.4328,7426272.6645,3925086.4015,2607243.9569,35274795.1564,18644160.4071
601328.SH,20220111,4.75,4.79,4.72,4.78,4.75,0.03,0.6316,1089635.53,519508.552,0.2776,0.78,4.535,0.4613,1.4418,7426272.6645,3925086.4015,2607243.9569,35497583.3363,18761912.9992
601328.SH,20220112,4.78,4.79,4.72,4.76,4.78,-0.02,-0.4184,1244600.26,592431.218,0.3171,0.89,4.5161,0.4593,1.4358,7426272.6645,3925086.4015,2607243.9569,35349057.883,18683411.2711
601328.SH,20220113,4.75,4.85,4.74,4.81,4.76,0.05,1.0504,1622081.26,781287.78,0.4133,1.24,4.5635,0.4642,1.4509,7426272.6645,3925086.4015,2607243.9569,35720371.5162,18879665.5912
601328.SH,20220114,4.8,4.82,4.71,4.73,4.81,-0.08,-1.6632,1503815.7,714228.304,0.3831,1.09,4.4876,0.4564,1.4267,7426272.6645,3925086.4015,2607243.9569,35126269.7031,18565658.6791
601328.SH,20220117,4.72,4.75,4.68,4.7,4.73,-0.03,-0.6342,974202.2,458517.005,0.2482,0.75,4.4591,0.4536,1.4177,7426272.6645,3925086.4015,2607243.9569,34903481.5232,18447906.0871
601328.SH,20220118,4.71,4.8,4.7,4.8,4.7,0.1,2.1277,1351954.49,644489.644,0.3444,1.05,4.554,0.4632,1.4479,7426272.6645,3925086.4015,2607243.9569,35646108.7896,18840414.7272
601328.SH,20220119,4.8,4.81,4.77,4.8,4.8,0.0,0.0,868673.22,416381.844,0.2213,0.65,4.554,0.4632,1.4479,7426272.6645,3925086.4015,2607243.9569,35646108.7896,18840414.7272
601328.SH,20220120,4.8,4.84,4.79,4.83,4.8,0.03,0.625,1320445.35,636841.629,0.3364,1.04,4.5825,0.4661,1.4569,7426272.6645,3925086.4015,2607243.9569,35868896.9695,18958167.3192
601328.SH,20220121,4.83,4.84,4.76,4.81,4.83,-0.02,-0.4141,913743.95,438444.935,0.2328,0.76,4.5635,0.4642,1.4509,7426272.6645,3925086.4015,2607243.9569,35720371.5162,18879665.5912
601328.SH,20220124,4.81,4.82,4.75,4.78,4.81,-0.03,-0.6237,1161022.82,555522.264,0.2958,1.07,4.535,0.4613,1.4418,7426272.6645,3925086.4015,2607243.9569,35497583.3363,18761912.9992
601328.SH,20220125,4.76,4.81,4.74,4.74,4.78,-0.04,-0.8368,963100.89,459939.189,0.2454,0.86,4.4971,0.4574,1.4298,7426272.6645,3925086.4015,2607243.9569,35200532.4297,18604909.5431
601328.SH,20220126,4.74,4.83,4.74,4.82,4.74,0.08,1.6878,1291280.26,619387.436,0.329,1.24,4.573,0.4651,1.4539,7426272.6645,3925086.4015,2607243.9569,35794634.2429,18918916.4552
601328.SH,20220127,4.81,4.83,4.77,4.79,4.82,-0.03,-0.6224,998870.05,479151.709,0.2545,0.88,4.5445,0.4622,1.4448,7426272.6645,3925086.4015,2607243.9569,35571846.063,18801163.8632
601328.SH,20220128,4.79,4.82,4.72,4.74,4.79,-0.05,-1.0438,1016988.59,485667.16,0.2591,0.95,4.4971,0.4574,1.4298,7426272.6645,3925086.4015,2607243.9569,35200532.4297,18604909.5431
601328.SH,20220207,4.79,4.89,4.78,4.87,4.74,0.13,2.7426,1812154.22,878474.975,0.4617,1.67,4.6204,0.47,1.469,7426272.6645,3925086.4015,2607243.9569,36165947.8761,19115170.7753
601328.SH,20220208,4.87,4.95,4.86,4.94,4.87,0.07,1.4374,1753053.86,861959.407,0.4466,1.44,4.6868,0.4767,1.4901,7426272.6645,3925086.4015,2607243.9569,36685786.9626,19389926.8234
601328.SH,20220209,4.94,4.99,4.91,4.92,4.94,-0.02,-0.4049,1518876.15,751727.951,0.387,1.11,4.6679,0.4748,1.484,7426272.6645,3925086.4015,2607243.9569,36537261.5093,19311425.0954
601328.SH,20220210,4.92,4.99,4.91,4.98,4.92,0.06,1.2195,1464461.63,725868.084,0.3731,1.03,4.7248,0.4806,1.5021,7426272.6645,3925086.4015,2607243.9569,36982837.8692,19546930.2795
601328.SH,20220211,4.99,5.01,4.97,5.01,4.98,0.03,0.6024,1407874.18,703099.435,0.3587,0.93,4.7533,0.4835,1.5112,7426272.6645,3925086.4015,2607243.9569,37205626.0491,19664682.8715
601328.SH,20220214,5.01,5.02,4.91,4.92,5.01,-0.09,-1.7964,1450470.69,716435.035,0.3695,0.91,4.6679,0.4748,1.484,7426272.6645,3925086.4015,2607243.9569,36537261.5093,19311425.0954
601328.SH,20220215,4.92,4.94,4.87,4.88,4.92,-0.04,-0.813,1095913.49,537000.699,0.2792,0.72,4.6299,0.4709,1.472,7426272.6645,3925086.4015,2607243.9569,36240210.6028,19154421.6393
601328.SH,20220216,4.91,4.95,4.89,4.94,4.88,0.06,1.2295,732457.44,361205.059,0.1866,0.53,4.6868,0.4767,1.4901,7426272.6645,3925086.4015,2607243.9569,36685786.9626,19389926.8234
601328.SH,20220217,4.94,4.97,4.91,4.93,4.94,-0.01,-0.2024,693878.26,342954.283,0.1768,0.56,4.6774,0.4757,1.4871,7426272.6645,3925086.4015,2607243.9569,36611524.236,19350675.9594
601328.SH,20220218,4.92,4.99,4.9,4.99,4.93,0.06,1.217,1017479.06,503366.049,0.2592,0.95,4.7343,0.4815,1.5052,7426272.6645,3925086.4015,2607243.9569,37057100.5959,19586181.1435
601328.SH,20220221,4.98,4.98,4.93,4.97,4.99,-0.02,-0.4008,779324.32,386478.865,0.1985,0.78,4.7153,0.4796,1.4991,7426272.6645,3925086.4015,2607243.9569,36908575.1426,19507679.4155
601328.SH,20220222,4.95,4.96,4.92,4.95,4.97,-0.02,-0.4024,780410.08,385552.795,0.1988,0.9,4.6963,0.4777,1.4931,7426272.6645,3925086.4015,2607243.9569,36760049.6893,19429177.6874
601328.SH,20220223,4.95,4.96,4.91,4.91,4.95,-0.04,-0.8081,747047.22,367487.793,0.1903,0.93,4.6584,0.4738,1.481,7426272.6645,3925086.4015,2607243.9569,36462998.7827,19272174.2314
601328.SH,20220224,4.91,4.92,4.82,4.83,4.91,-0.08,-1.6293,1509502.72,733156.373,0.3846,1.88,4.5825,0.4661,1.4569,7426272.6645,3925086.4015,2607243.9569,35868896.9695,18958167.3192
601328.SH,20220225,4.84,4.87,4.78,4.8,4.83,-0.03,-0.6211,1347628.22,648861.022,0.3433,1.39,4.554,0.4632,1.4479,7426272.6645,3925086.4015,2607243.9569,35646108.7896,18840414.7272
601328.SH,20220228,4.8,4.82,4.76,4.78,4.8,-0.02,-0.4167,820725.18,392042.358,0.2091,0.79,4.535,0.4613,1.4418,7426272.6645,3925086.4015,2607243.9569,35497583.3363,18761912.9992
601328.SH,20220301,4.8,4.87,4.79,4.86,4.78,0.08,1.6736,872871.58,421344.339,0.2224,0.84,4.6109,0.469,1.4659,7426272.6645,3925086.4015,2607243.9569,36091685.1495,19075919.9113
601328.SH,20220302,4.84,4.9,4.83,4.88,4.86,0.02,0.4115,875104.07,426703.07,0.223,0.83,4.6299,0.4709,1.472,7426272.6645,3925086.4015,2607243.9569,36240210.6028,19154421.6393
601328.SH,20220303,4.88,4.94,4.88,4.91,4.88,0.03,0.6148,873306.8,428914.677,0.2225,0.8,4.6584,0.4738,1.481,7426272.6645,3925086.4015,2607243.9569,36462998.7827,19272174.2314
601328.SH,20220304,4.9,4.91,4.85,4.9,4.91,-0.01,-0.2037,878240.25,429052.459,0.2238,0.92,4.6489,0.4729,1.478,7426272.6645,3925086.4015,2607243.9569,36388736.0561,19232923.3674
601328.SH,20220307,4.88,4.89,4.79,4.82,4.9,-0.08,-1.6327,1273031.89,616642.996,0.3243,1.47,4.573,0.4651,1.4539,7426272.6645,3925086.4015,2607243.9569,35794634.2429,18918916.4552
601328.SH,20220308,4.81,4.83,4.75,4.75,4.82,-0.07,-1.4523,1218584.06,583657.818,0.3105,1.28,4.5066,0.4584,1.4328,7426272.6645,3925086.4015,2607243.9569,35274795.1564,18644160.4071
601328.SH,20220309,4.75,4.8,4.6,4.7,4.75,-0.05,-1.0526,1682711.46,793574.826,0.4287,1.64,4.4591,0.4536,1.4177,7426272.6645,3925086.4015,2607243.9569,34903481.5232,18447906.0871
601328.SH,20220310,4.76,4.77,4.72,4.72,4.7,0.02,0.4255,831432.38,394400.693,0.2118,0.7,4.4781,0.4555,1.4237,7426272.6645,3925086.4015,2607243.9569,35052006.9764,18526407.8151
601328.SH,20220311,4.71,4.83,4.67,4.81,4.72,0.09,1.9068,1079985.84,512495.587,0.2751,0.92,4.5635,0.4642,1.4509,7426272.6645,3925086.4015,2607243.9569,35720371.5162,18879665.5912
601328.SH,20220314,4.79,4.86,4.78,4.79,4.81,-0.02,-0.4158,1247874.23,602020.346,0.3179,1.03,4.5445,0.4622,1.4448,7426272.6645,3925086.4015,2607243.9569,35571846.063,18801163.8632
601328.SH,20220315,4.78,4.8,4.6,4.6,4.79,-0.19,-3.9666,1904984.7,894413.331,0.4853,1.57,4.3643,0.4439,1.3875,7426272.6645,3925086.4015,2607243.9569,34160854.2567,18055397.4469
601328.SH,20220316,4.65,4.81,4.61,4.78,4.6,0.18,3.913,2117173.2,996929.073,0.5394,1.57,4.535,0.4613,1.4418,7426272.6645,3925086.4015,2607243.9569,35497583.3363,18761912.9992
601328.SH,20220317,4.81,4.82,4.72,4.73,4.78,-0.05,-1.046,1752687.09,833541.358,0.4465,1.22,4.4876,0.4564,1.4267,7426272.6645,3925086.4015,2607243.9569,35126269.7031,18565658.6791
601328.SH,20220318,4.73,4.9,4.7,4.89,4.73,0.16,3.3827,2402931.63,1162432.264,0.6122,1.48,4.6394,0.4719,1.475,7426272.6645,3925086.4015,2607243.9569,36314473.3294,19193672.5033
601328.SH,20220321,4.88,4.92,4.83,4.86,4.89,-0.03,-0.6135,1170753.36,569100.564,0.2983,0.62,4.6109,0.469,1.4659,7426272.6645,3925086.4015,2607243.9569,36091685.1495,19075919.9113
601328.SH,20220322,4.85,4.92,4.84,4.9,4.86,0.04,0.823,1253762.99,614352.016,0.3194,0.67,4.6489,0.4729,1.478,7426272.6645,3925086.4015,2607243.9569,36388736.0561,19232923.3674
601328.SH,20220323,4.9,4.91,4.85,4.89,4.9,-0.01,-0.2041,922307.83,449597.366,0.235,0.53,4.6394,0.4719,1.475,7426272.6645,3925086.4015,2607243.9569,36314473.3294,19193672.5033
601328.SH,20220324,4.87,4.89,4.85,4.86,4.89,-0.03,-0.6135,719073.6,349640.86,0.1832,0.48,4.6109,0.469,1.4659,7426272.6645,3925086.4015,2607243.9569,36091685.1495,19075919.9113
601328.SH,20220325,4.85,4.94,4.83,4.91,4.86,0.05,1.0288,1339963.04,655392.35,0.3414,1.04,4.6584,0.4738,1.481,7426272.6645,3925086.4015,2607243.9569,36462998.7827,19272174.2314
601328.SH,20220328,4.92,5.0,4.87,4.97,4.91,0.06,1.222,2242111.4,1108016.588,0.5712,2.07,4.2142,0.4673,1.3701,7426272.6645,3925086.4015,2607243.9569,36908575.1426,19507679.4155
601328.SH,20220329,4.96,5.02,4.96,5.01,4.97,0.04,0.8048,1568184.98,783350.549,0.3995,1.21,4.2481,0.471,1.3811,7426272.6645,3925086.4015,2607243.9569,37205626.0491,19664682.8715
601328.SH,20220330,5.03,5.05,5.0,5.04,5.01,0.03,0.5988,1249511.86,627923.798,0.3183,0.92,4.2736,0.4739,1.3894,7426272.6645,3925086.4015,2607243.9569,37428414.2291,19782435.4636
601328.SH,20220331,5.03,5.13,5.02,5.11,5.04,0.07,1.3889,1503501.67,765261.46,0.383,1.06,4.3329,0.4804,1.4087,7426272.6645,3925086.4015,2607243.9569,37948253.3156,20057191.5117
601328.SH,20220401,5.09,5.13,5.07,5.12,5.11,0.01,0.1957,1381033.24,703879.295,0.3518,0.87,4.3414,0.4814,1.4114,7426272.6645,3925086.4015,2607243.9569,38022516.0422,20096442.3757
601328.SH,20220406,5.1,5.18,5.09,5.17,5.12,0.05,0.9766,1529868.61,786920.854,0.3898,0.96,4.3838,0.4861,1.4252,7426272.6645,3925086.4015,2607243.9569,38393829.6755,20292696.6958
601328.SH,20220407,5.15,5.19,5.1,5.13,5.17,-0.04,-0.7737,1415377.08,729152.417,0.3606,0.98,4.3499,0.4823,1.4142,7426272.6645,3925086.4015,2607243.9569,38096778.7689,20135693.2397
601328.SH,20220408,5.13,5.18,5.13,5.17,5.13,0.04,0.7797,1008586.38,520319.632,0.257,0.71,4.3838,0.4861,1.4252,7426272.6645,3925086.4015,2607243.9569,38393829.6755,20292696.6958
601328.SH,20220411,5.16,5.18,5.13,5.15,5.17,-0.02,-0.3868,1433061.39,739278.965,0.3651,1.05,4.3668,0.4842,1.4197,7426272.6645,3925086.4015,2607243.9569,38245304.2222,20214194.9677
601328.SH,20220412,5.15,5.2,5.12,5.17,5.15,0.02,0.3883,1354792.77,699729.091,0.3452,1.0,4.3838,0.4861,1.4252,7426272.6645,3925086.4015,2607243.9569,38393829.6755,20292696.6958
601328.SH,20220413,5.17,5.22,5.15,5.18,5.17,0.01,0.1934,1238112.63,643075.178,0.3154,0.92,4.3923,0.487,1.428,7426272.6645,3925086.4015,2607243.9569,38468092.4021,20331947.5598
601328.SH,20220414,5.18,5.21,5.15,5.15,5.18,-0.03,-0.5792,902157.75,467423.101,0.2298,0.7,4.3668,0.4842,1.4197,7426272.6645,3925086.4015,2607243.9569,38245304.2222,20214194.9677
601328.SH,20220415,5.15,5.18,5.13,5.15,5.15,0.0,0.0,828091.93,426993.213,0.211,0.7,4.3668,0.4842,1.4197,7426272.6645,3925086.4015,2607243.9569,38245304.2222,20214194.9677
601328.SH,20220418,5.15,5.16,5.06,5.07,5.15,-0.08,-1.5534,1272935.26,648483.679,0.3243,1.11,4.299,0.4767,1.3976,7426272.6645,3925086.4015,2607243.9569,37651202.409,19900188.0556
601328.SH,20220419,5.07,5.15,5.06,5.15,5.07,0.08,1.5779,893974.45,456747.567,0.2278,0.8,4.3668,0.4842,1.4197,7426272.6645,3925086.4015,2607243.9569,38245304.2222,20214194.9677
601328.SH,20220420,5.16,5.17,5.07,5.1,5.15,-0.05,-0.9709,826423.9,423074.661,0.2105,0.8,4.3245,0.4795,1.4059,7426272.6645,3925086.4015,2607243.9569,37873990.589,20017940.6477
601328.SH,20220421,5.08,5.17,5.07,5.09,5.1,-0.01,-0.1961,1264560.85,647891.161,0.3222,1.34,4.316,0.4786,1.4032,7426272.6645,3925086.4015,2607243.9569,37799727.8623,19978689.7836
601328.SH,20220422,5.08,5.19,5.07,5.18,5.09,0.09,1.7682,1399000.57,720041.896,0.3564,1.38,4.3923,0.487,1.428,7426272.6645,3925086.4015,2607243.9569,38468092.4021,20331947.5598
601328.SH,20220425,5.14,5.17,5.05,5.05,5.18,-0.13,-2.5097,1790858.35,918118.603,0.4563,1.58,4.2821,0.4748,1.3921,7426272.6645,3925086.4015,2607243.9569,37502676.9557,19821686.3276
601328.SH,20220426,5.06,5.12,5.03,5.04,5.05,-0.01,-0.198,1593909.96,807514.86,0.4061,1.29,4.2736,0.4739,1.3894,7426272.6645,3925086.4015,2607243.9569,37428414.2291,19782435.4636
601328.SH,20220427,5.03,5.07,4.97,5.05,5.04,0.01,0.1984,2001068.09,1003534.187,0.5098,1.46,4.2821,0.4748,1.3921,7426272.6645,3925086.4015,2607243.9569,37502676.9557,19821686.3276
601328.SH,20220428,5.04,5.09,5.03,5.08,5.05,0.03,0.5941,1360155.07,689173.296,0.3465,0.84,4.3075,0.4776,1.4004,7426272.6645,3925086.4015,2607243.9569,37725465.1357,19939438.9196
601328.SH,20220429,5.08,5.12,5.03,5.08,5.08,0.0,0.0,1447277.09,735709.947,0.3687,0.89,4.3075,0.4776,1.4004,7426272.6645,3925086.4015,2607243.9569,37725465.1357,19939438.9196
601328.SH,20220505,5.08,5.11,4.98,4.99,5.08,-0.09,-1.7717,2079395.41,1043055.943,0.5298,1.27,4.2312,0.4578,1.3756,7426272.6645,3925086.4015,2607243.9569,37057100.5959,19586181.1435
601328.SH,20220506,4.98,4.99,4.87,4.88,4.99,-0.11,-2.2044,1658172.95,813283.911,0.4225,0.98,4.1379,0.4478,1.3453,7426272.6645,3925086.4015,2607243.9569,36240210.6028,19154421.6393
601328.SH,20220509,4.88,4.9,4.83,4.87,4.88,-0.01,-0.2049,757816.38,369270.915,0.1931,0.44,4.1294,0.4468,1.3425,7426272.6645,3925086.4015,2607243.9569,36165947.8761,19115170.7753
601328.SH,20220510,4.86,4.94,4.83,4.91,4.87,0.04,0.8214,1236623.47,604775.122,0.3151,0.85,4.1633,0.4505,1.3535,7426272.6645,3925086.4015,2607243.9569,36462998.7827,19272174.2314
601328.SH,20220511,4.91,4.92,4.89,4.91,4.91,0.0,0.0,850060.48,416895.576,0.2166,0.59,4.1633,0.4505,1.3535,7426272.6645,3925086.4015,2607243.9569,36462998.7827,19272174.2314
601328.SH,20220512,4.9,4.91,4.87,4.87,4.91,-0.04,-0.8147,824707.74,402952.537,0.2101,0.63,4.1294,0.4468,1.3425,7426272.6645,3925086.4015,2607243.9569,36165947.8761,19115170.7753
601328.SH,20220513,4.9,4.95,4.89,4.94,4.87,0.07,1.4374,733939.57,361274.668,0.187,0.69,4.1888,0.4533,1.3618,7426272.6645,3925086.4015,2607243.9569,36685786.9626,19389926.8234
601328.SH,20220516,4.95,4.99,4.9,4.97,4.94,0.03,0.6073,993753.03,490940.261,0.2532,1.13,4.2142,0.456,1.3701,7426272.6645,3925086.4015,2607243.9569,36908575.1426,19507679.4155
601328.SH,20220517,4.97,4.99,4.91,4.94,4.97,-0.03,-0.6036,950458.41,470403.602,0.2421,1.02,4.1888,0.4533,1.3618,7426272.6645,3925086.4015,2607243.9569,36685786.9626,19389926.8234
601328.SH,20220518,4.94,4.95,4.89,4.89,4.94,-0.05,-1.0121,966343.05,474409.259,0.2462,1.11,4.1464,0.4487,1.348,7426272.6645,3925086.4015,2607243.9569,36314473.3294,19193672.5033
601328.SH,20220519,4.88,4.91,4.87,4.9,4.89,0.01,0.2045,754349.67,369144.199,0.1922,0.84,4.1549,0.4496,1.3508,7426272.6645,3925086.4015,2607243.9569,36388736.0561,19232923.3674
601328.SH,20220520,4.91,4.95,4.89,4.93,4.9,0.03,0.6122,874989.8,431311.742,0.2229,0.99,4.1803,0.4523,1.3591,7426272.6645,3925086.4015,2607243.9569,36611524.236,19350675.9594
601328.SH,20220523,4.94,4.96,4.92,4.94,4.93,0.01,0.2028,754325.55,372380.287,0.1922,0.83,4.1888,0.4533,1.3618,7426272.6645,3925086.4015,2607243.9569,36685786.9626,19389926.8234
601328.SH,20220524,4.94,4.96,4.92,4.92,4.94,-0.02,-0.4049,789296.52,389805.658,0.2011,0.92,4.1718,0.4514,1.3563,7426272.6645,3925086.4015,2607243.9569,36537261.5093,19311425.0954
601328.SH,20220525,4.93,4.95,4.92,4.92,4.92,0.0,0.0,798967.98,394096.348,0.2036,0.97,4.1718,0.4514,1.3563,7426272.6645,3925086.4015,2607243.9569,36537261.5093,19311425.0954
601328.SH,20220526,4.93,4.95,4.92,4.94,4.92,0.02,0.4065,776743.98,383607.751,0.1979,0.98,4.1888,0.4533,1.3618,7426272.6645,3925086.4015,2607243.9569,36685786.9626,19389926.8234
601328.SH,20220527,4.95,4.98,4.94,4.97,4.94,0.03,0.6073,711040.71,352890.861,0.1812,0.89,4.2142,0.456,1.3701,7426272.6645,3925086.4015,2607243.9569,36908575.1426,19507679.4155
601328.SH,20220530,4.98,4.98,4.9,4.91,4.97,-0.06,-1.2072,1275952.37,629224.261,0.3251,1.67,4.1633,0.4505,1.3535,7426272.6645,3925086.4015,2607243.9569,36462998.7827,19272174.2314
601328.SH,20220531,4.9,4.93,4.89,4.91,4.91,0.0,0.0,1009063.09,495498.054,0.2571,1.16,4.1633,0.4505,1.3535,7426272.6645,3925086.4015,2607243.9569,36462998.7827,19272174.2314
601328.SH,20220601,4.92,4.93,4.9,4.92,4.91,0.01,0.2037,600251.99,295331.765,0.1529,0.66,4.1718,0.4514,1.3563,7426272.6645,3925086.4015,2607243.9569,36537261.5093,19311425.0954
601328.SH,20220602,4.92,4.93,4.91,4.92,4.92,0.0,0.0,544354.34,267631.323,0.1387,0.62,4.1718,0.4514,1.3563,7426272.6645,3925086.4015,2607243.9569,36537261.5093,19311425.0954
601328.SH,20220606,4.92,4.93,4.88,4.89,4.92,-0.03,-0.6098,1074393.97,525395.025,0.2737,1.3,4.1464,0.4487,1.348,7426272.6645,3925086.4015,2607243.9569,36314473.3294,19193672.5033
601328.SH,20220607,4.89,4.91,4.88,4.9,4.89,0.01,0.2045,770842.49,377370.297,0.1964,0.86,4.1549,0.4496,1.3508,7426272.6645,3925086.4015,2607243.9569,36388736.0561,19232923.3674
601328.SH,20220608,4.91,4.92,4.89,4.91,4.9,0.01,0.2041,859969.64,421761.984,0.2191,1.08,4.1633,0.4505,1.3535,7426272.6645,3925086.4015,2607243.9569,36462998.7827,19272174.2314
601328.SH,20220609,4.91,4.94,4.9,4.94,4.91,0.03,0.611,1182334.5,582270.899,0.3012,1.54,4.1888,0.4533,1.3618,7426272.6645,3925086.4015,2607243.9569,36685786.9626,19389926.8234
601328.SH,20220610,4.93,5.01,4.92,5.01,4.94,0.07,1.417,1701946.39,845225.375,0.4336,1.92,4.2481,0.4597,1.3811,7426272.6645,3925086.4015,2607243.9569,37205626.0491,19664682.8715
601328.SH,20220613,4.99,5.0,4.9,4.91,5.01,-0.1,-1.996,1521122.47,751421.63,0.3875,1.36,4.1633,0.4505,1.3535,7426272.6645,3925086.4015,2607243.9569,36462998.7827,19272174.2314
601328.SH,20220614,4.91,4.98,4.9,4.98,4.91,0.07,1.4257,1410334.93,696305.977,0.3593,1.17,4.2227,0.4569,1.3728,7426272.6645,3925086.4015,2607243.9569,36982837.8692,19546930.2795
601328.SH,20220615,4.98,5.06,4.96,5.0,4.98,0.02,0.4016,1528224.3,766923.177,0.3893,1.14,4.2397,0.4588,1.3783,7426272.6645,3925086.4015,2607243.9569,37131363.3225,19625432.0075
601328.SH,20220616,5.01,5.02,4.95,4.96,5.0,-0.04,-0.8,1148480.41,572389.222,0.2926,0.78,4.2057,0.4551,1.3673,7426272.6645,3925086.4015,2607243.9569,36834312.4159,19468428.5514
601328.SH,20220617,4.96,4.99,4.95,4.97,4.96,0.01,0.2016,1050401.3,521668.92,0.2676,0.72,4.2142,0.456,1.3701,7426272.6645,3925086.4015,2607243.9569,36908575.1426,19507679.4155
601328.SH,20220620,4.97,4.98,4.95,4.95,4.97,-0.02,-0.4024,750319.72,372279.545,0.1912,0.56,4.1973,0.4542,1.3646,7426272.6645,3925086.4015,2607243.9569,36760049.6893,19429177.6874
601328.SH,20220621,4.96,5.01,4.95,5.0,4.95,0.05,1.0101,994292.83,494984.474,0.2533,0.84,4.2397,0.4588,1.3783,7426272.6645,3925086.4015,2607243.9569,37131363.3225,19625432.0075
601328.SH,20220622,4.99,5.01,4.96,4.97,5.0,-0.03,-0.6,849867.77,422974.85,0.2165,0.78,4.2142,0.456,1.3701,7426272.6645,3925086.4015,2607243.9569,36908575.1426,19507679.4155
601328.SH,20220623,4.98,4.99,4.96,4.97,4.97,0.0,0.0,841424.59,418696.845,0.2144,0.88,4.2142,0.456,1.3701,7426272.6645,3925086.4015,2607243.9569,36908575.1426,19507679.4155
601328.SH,20220624,4.97,4.98,4.94,4.95,4.97,-0.02,-0.4024,1111043.59,550715.348,0.2831,1.24,4.1973,0.4542,1.3646,7426272.6645,3925086.4015,2607243.9569,36760049.6893,19429177.6874
601328.SH,20220627,4.95,4.98,4.95,4.96,4.95,0.01,0.202,769172.05,381626.693,0.196,0.85,4.2057,0.4551,1.3673,7426272.6645,3925086.4015,2607243.9569,36834312.4159,19468428.5514
601328.SH,20220628,4.96,4.98,4.95,4.97,4.96,0.01,0.2016,839615.46,416410.424,0.2139,0.92,4.2142,0.456,1.3701,7426272.6645,3925086.4015,2607243.9569,36908575.1426,19507679.4155
601328.SH,20220629,4.97,4.99,4.96,4.99,4.97,0.02,0.4024,976478.14,486314.166,0.2488,1.11,4.2312,0.4578,1.3756,7426272.6645,3925086.4015,2607243.9569,37057100.5959,19586181.1435
601328.SH,20220630,4.98,5.0,4.97,4.98,4.99,-0.01,-0.2004,868258.42,432856.601,0.2212,0.96,4.2227,0.4569,1.3728,7426272.6645,3925086.4015,2607243.9569,36982837.8692,19546930.2795
601328.SH,20220701,4.98,5.0,4.97,4.99,4.98,0.01,0.2008,559395.87,278783.004,0.1425,0.61,4.2312,0.4578,1.3756,7426272.6645,3925086.4015,2607243.9569,37057100.5959,19586181.1435
601328.SH,20220704,4.99,5.0,4.97,4.97,4.99,-0.02,-0.4008,900747.33,448502.247,0.2295,1.12,4.2142,0.456,1.3701,7426272.6645,3925086.4015,2607243.957,36908575.1426,19507679.4155
601328.SH,20220705,4.98,5.0,4.97,4.98,4.97,0.01,0.2012,900844.1,449277.412,0.2295,1.09,4.2227,0.4569,1.3728,7426272.6645,3925086.4015,2607243.9569,36982837.8692,19546930.2795
601328.SH,20220706,4.99,5.0,4.96,4.97,4.98,-0.01,-0.2008,1172633.79,583685.696,0.2988,1.39,4.2142,0.456,1.3701,7426272.6645,3925086.4015,2607243.9569,36908575.1426,19507679.4155
601328.SH,20220707,4.98,4.98,4.96,4.96,4.97,-0.01,-0.2012,903201.72,449097.765,0.2301,1.03,4.2057,0.4551,1.3673,7426272.6645,3925086.4015,2607243.9569,36834312.4159,19468428.5514
601328.SH,20220708,4.97,4.99,4.96,4.98,4.96,0.02,0.4032,1156328.21,575552.134,0.2946,1.3,4.2227,0.4569,1.3728,7426272.6645,3925086.4015,2607243.9569,36982837.8692,19546930.2795
601328.SH,20220711,4.99,5.0,4.98,4.99,4.98,0.01,0.2008,1825817.37,911309.029,0.4652,1.81,4.2312,0.4578,1.3756,7426272.6645,3925086.4015,2607243.9569,37057100.5959,19586181.1435
601328.SH,20220712,4.65,4.68,4.64,4.64,4.64,0.0,0.0,2194888.66,1021350.175,0.5592,1.84,3.9344,0.4401,1.2791,7426272.6645,3925086.4015,2607243.9569,34457905.1633,18212400.903
601328.SH,20220713,4.64,4.64,4.58,4.58,4.64,-0.06,-1.2931,1415683.41,652239.434,0.3607,0.98,3.8835,0.4344,1.2626,7426272.6645,3925086.4015,2607243.9569,34012328.8034,17976895.7189
601328.SH,20220714,4.57,4.58,4.5,4.51,4.58,-0.07,-1.5284,1354639.24,612516.998,0.3451,0.9,3.8242,0.4277,1.2433,7426272.6645,3925086.4015,2607243.9569,33492489.7169,17702139.6708
601328.SH,20220715,4.51,4.54,4.51,4.51,4.51,0.0,0.0,1184716.11,536197.292,0.3018,0.75,3.8242,0.4277,1.2433,7426272.6645,3925086.4015,2607243.9569,33492489.7169,17702139.6708
601328.SH,20220718,4.52,4.55,4.52,4.54,4.51,0.03,0.6652,640261.01,290600.058,0.1631,0.4,3.8496,0.4306,1.2515,7426272.6645,3925086.4015,2607243.9569,33715277.8968,17819892.2628
601328.SH,20220719,4.54,4.58,4.53,4.57,4.54,0.03,0.6608,620616.24,282792.813,0.1581,0.46,3.875,0.4334,1.2598,7426272.6645,3925086.4015,2607243.9569,33938066.0768,17937644.8549
601328.SH,20220720,4.58,4.61,4.57,4.6,4.57,0.03,0.6565,614105.38,282118.094,0.1565,0.59,3.9005,0.4363,1.2681,7426272.6645,3925086.4015,2607243.9569,34160854.2567,18055397.4469
601328.SH,20220721,4.61,4.62,4.58,4.59,4.6,-0.01,-0.2174,608084.7,279560.342,0.1549,0.69,3.892,0.4353,1.2653,7426272.6645,3925086.4015,2607243.9569,34086591.5301,18016146.5829
601328.SH,20220722,4.59,4.65,4.59,4.63,4.59,0.04,0.8715,810805.99,375245.459,0.2066,1.11,3.9259,0.4391,1.2764,7426272.6645,3925086.4015,2607243.9569,34383642.4366,18173150.0389
601328.SH,20220725,4.64,4.66,4.62,4.65,4.63,0.02,0.432,573252.1,266232.051,0.146,0.87,3.9429,0.441,1.2819,7426272.6645,3925086.4015,2607243.9569,34532167.8899,18251651.767
601328.SH,20220726,4.65,4.68,4.64,4.67,4.65,0.02,0.4301,613160.73,286363.022,0.1562,0.95,3.9598,0.4429,1.2874,7426272.6645,3925086.4015,2607243.9569,34680693.3432,18330153.495
601328.SH,20220727,4.67,4.68,4.64,4.65,4.67,-0.02,-0.4283,549555.34,255868.812,0.14,0.85,3.9429,0.441,1.2819,7426272.6645,3925086.4015,2607243.9569,34532167.8899,18251651.767
601328.SH,20220728,4.66,4.67,4.62,4.64,4.65,-0.01,-0.2151,868598.92,402953.381,0.2213,1.38,3.9344,0.4401,1.2791,7426272.6645,3925086.4015,2607243.9569,34457905.1633,18212400.903
601328.SH,20220729,4.65,4.66,4.62,4.62,4.64,-0.02,-0.431,498073.72,230859.554,0.1269,0.73,3.9174,0.4382,1.2736,7426272.6645,3925086.4015,2607243.9569,34309379.71,18133899.1749
601328.SH,20220801,4.62,4.63,4.59,4.59,4.62,-0.03,-0.6494,643916.26,296162.227,0.1641,1.04,3.892,0.4353,1.2653,7426272.6645,3925086.4015,2607243.9569,34086591.5301,18016146.5829
601328.SH,20220802,4.58,4.59,4.55,4.57,4.59,-0.02,-0.4357,781856.32,357004.349,0.1992,1.23,3.875,0.4334,1.2598,7426272.6645,3925086.4015,2607243.9569,33938066.0768,17937644.8549
601328.SH,20220803,4.57,4.59,4.55,4.55,4.57,-0.02,-0.4376,608150.69,278041.915,0.1549,0.91,3.8581,0.4315,1.2543,7426272.6645,3925086.4015,2607243.9569,33789540.6235,17859143.1268
601328.SH,20220804,4.56,4.59,4.55,4.57,4.55,0.02,0.4396,513757.29,234662.509,0.1309,0.76,3.875,0.4334,1.2598,7426272.6645,3925086.4015,2607243.9569,33938066.0768,17937644.8549
601328.SH,20220805,4.58,4.61,4.56,4.6,4.57,0.03,0.6565,561305.4,257127.309,0.143,0.92,3.9005,0.4363,1.2681,7426272.6645,3925086.4015,2607243.9569,34160854.2567,18055397.4469
601328.SH,20220808,4.6,4.62,4.58,4.58,4.6,-0.02,-0.4348,390211.2,179247.282,0.0994,0.63,3.8835,0.4344,1.2626,7426272.6645,3925086.4015,2607243.9569,34012328.8034,17976895.7189
601328.SH,20220809,4.58,4.59,4.57,4.57,4.58,-0.01,-0.2183,394984.35,180629.151,0.1006,0.69,3.875,0.4334,1.2598,7426272.6645,3925086.4015,2607243.9569,33938066.0768,17937644.8549
601328.SH,20220810,4.58,4.59,4.56,4.57,4.57,0.0,0.0,363233.83,166052.032,0.0925,0.74,3.875,0.4334,1.2598,7426272.6645,3925086.4015,2607243.9569,33938066.0768,17937644.8549
601328.SH,20220811,4.58,4.61,4.57,4.6,4.57,0.03,0.6565,437815.23,201151.416,0.1115,0.98,3.9005,0.4363,1.2681,7426272.6645,3925086.4015,2607243.9569,34160854.2567,18055397.4469
601328.SH,20220812,4.6,4.61,4.59,4.6,4.6,0.0,0.0,368043.25,169334.709,0.0938,0.86,3.9005,0.4363,1.2681,7426272.6645,3925086.4015,2607243.9569,34160854.2567,18055397.4469
601328.SH,20220815,4.6,4.61,4.58,4.58,4.6,-0.02,-0.4348,551264.75,253093.296,0.1404,1.41,3.8835,0.4344,1.2626,7426272.6645,3925086.4015,2607243.9569,34012328.8034,17976895.7189
601328.SH,20220816,4.58,4.6,4.58,4.58,4.58,0.0,0.0,329295.02,151082.104,0.0839,0.78,3.8835,0.4344,1.2626,7426272.6645,3925086.4015,2607243.9569,34012328.8034,17976895.7189
601328.SH,20220817,4.59,4.61,4.57,4.6,4.58,0.02,0.4367,426887.09,196077.968,0.1088,1.04,3.9005,0.4363,1.2681,7426272.6645,3925086.4015,2607243.9569,34160854.2567,18055397.4469
601328.SH,20220818,4.6,4.6,4.57,4.57,4.6,-0.03,-0.6522,383251.74,175539.948,0.0976,0.91,3.875,0.4334,1.2598,7426272.6645,3925086.4015,2607243.9569,33938066.0768,17937644.8549
601328.SH,20220819,4.57,4.59,4.57,4.57,4.57,0.0,0.0,338939.37,155257.445,0.0864,0.82,3.875,0.4334,1.2598,7426272.6645,3925086.4015,2607243.9569,33938066.0768,17937644.8549
601328.SH,20220822,4.57,4.59,4.57,4.58,4.57,0.01,0.2188,362507.86,165899.128,0.0924,0.89,3.8835,0.4202,1.2626,7426272.6645,3925086.4015,2607243.9569,34012328.8034,17976895.7189
601328.SH,20220823,4.58,4.58,4.56,4.56,4.58,-0.02,-0.4367,511744.27,233519.134,0.1304,1.39,3.8666,0.4184,1.2571,7426272.6645,3925086.4015,2607243.9569,33863803.3501,17898393.9908
601328.SH,20220824,4.56,4.58,4.56,4.56,4.56,0.0,0.0,414848.32,189459.564,0.1057,1.03,3.8666,0.4184,1.2571,7426272.6645,3925086.4015,2607243.9569,33863803.3501,17898393.9908
601328.SH,20220825,4.57,4.58,4.56,4.58,4.56,0.02,0.4386,401407.01,183414.816,0.1023,1.0,3.8835,0.4202,1.2626,7426272.6645,3925086.4015,2607243.9569,34012328.8034,17976895.7189
601328.SH,20220826,4.58,4.59,4.57,4.58,4.58,0.0,0.0,367085.79,168061.414,0.0935,0.9,3.8835,0.4202,1.2626,7426272.6645,3925086.4015,2607243.9569,34012328.8034,17976895.7189
601328.SH,20220829,4.58,4.58,4.56,4.56,4.58,-0.02,-0.4367,463194.83,211538.988,0.118,1.13,3.8666,0.4224,1.2571,7426272.6645,3925086.4015,2607243.9569,33863803.3501,17898393.9908
601328.SH,20220830,4.56,4.58,4.55,4.56,4.56,0.0,0.0,593709.94,270821.328,0.1513,1.38,3.8666,0.4224,1.2571,7426272.6645,3925086.4015,2607243.9569,33863803.3501,17898393.9908
601328.SH,20220831,4.56,4.59,4.55,4.58,4.56,0.02,0.4386,698395.58,319232.396,0.1779,1.56,3.8835,0.4242,1.2626,7426272.6645,3925086.4015,2607243.9569,34012328.8034,17976895.7189
601328.SH,20220901,4.57,4.6,4.57,4.57,4.58,-0.01,-0.2183,581326.34,266377.227,0.1481,1.15,3.875,0.4233,1.2598,7426272.6645,3925086.4015,2607243.9569,33938066.0768,17937644.8549
601328.SH,20220902,4.58,4.59,4.57,4.58,4.57,0.01,0.2188,498490.88,228473.159,0.127,0.92,3.8835,0.4242,1.2626,7426272.6645,3925086.4015,2607243.9569,34012328.8034,17976895.7189
601328.SH,20220905,4.58,4.6,4.57,4.6,4.58,0.02,0.4367,543619.58,249037.023,0.1385,0.96,3.9005,0.4261,1.2681,7426272.6645,3925086.4015,2607243.9569,34160854.2567,18055397.4469
601328.SH,20220906,4.6,4.62,4.59,4.6,4.6,0.0,0.0,613515.02,282647.827,0.1563,1.05,3.9005,0.4261,1.2681,7426272.6645,3925086.4015,2607243.9569,34160854.2567,18055397.4469
601328.SH,20220907,4.61,4.61,4.59,4.59,4.6,-0.01,-0.2174,378902.61,174174.915,0.0965,0.65,3.892,0.4252,1.2653,7426272.6645,3925086.4015,2607243.9569,34086591.5301,18016146.5829
601328.SH,20220908,4.6,4.62,4.59,4.61,4.59,0.02,0.4357,538914.87,248267.752,0.1373,1.03,3.909,0.427,1.2708,7426272.6645,3925086.4015,2607243.9569,34235116.9833,18094648.3109
601328.SH,20220909,4.62,4.66,4.61,4.65,4.61,0.04,0.8677,887955.89,412519.052,0.2262,1.73,3.9429,0.4307,1.2819,7426272.6645,3925086.4015,2607243.9569,34532167.8899,18251651.767
601328.SH,20220913,4.66,4.67,4.63,4.64,4.65,-0.01,-0.2151,691249.92,321444.392,0.1761,1.17,3.9344,0.4298,1.2791,7426272.6645,3925086.4015,2607243.9569,34457905.1633,18212400.903
601328.SH,20220914,4.63,4.65,4.62,4.63,4.64,-0.01,-0.2155,461904.12,214177.293,0.1177,0.74,3.9259,0.4289,1.2764,7426272.6645,3925086.4015,2607243.9569,34383642.4366,18173150.0389
601328.SH,20220915,4.64,4.68,4.63,4.65,4.63,0.02,0.432,822085.32,382875.606,0.2094,1.39,3.9429,0.4307,1.2819,7426272.6645,3925086.4015,2607243.9569,34532167.8899,18251651.767
601328.SH,20220916,4.65,4.65,4.6,4.6,4.65,-0.05,-1.0753,870712.01,402823.814,0.2218,1.28,3.9005,0.4261,1.2681,7426272.6645,3925086.4015,2607243.9569,34160854.2567,18055397.4469
601328.SH,20220919,4.61,4.65,4.6,4.65,4.6,0.05,1.087,688546.5,318639.341,0.1754,0.92,3.9429,0.4307,1.2819,7426272.6645,3925086.4015,2607243.9569,34532167.8899,18251651.767
601328.SH,20220920,4.65,4.65,4.63,4.65,4.65,0.0,0.0,590814.21,274140.261,0.1505,0.84,3.9429,0.4307,1.2819,7426272.6645,3925086.4015,2607243.9569,34532167.8899,18251651.767
601328.SH,20220921,4.64,4.65,4.63,4.63,4.65,-0.02,-0.4301,390803.08,181270.668,0.0996,0.57,3.9259,0.4289,1.2764,7426272.6645,3925086.4015,2607243.9569,34383642.4366,18173150.0389
601328.SH,20220922,4.63,4.65,4.61,4.65,4.63,0.02,0.432,550749.8,254810.473,0.1403,0.82,3.9429,0.4307,1.2819,7426272.6645,3925086.4015,2607243.9569,34532167.8899,18251651.767
601328.SH,20220923,4.64,4.66,4.63,4.65,4.65,0.0,0.0,639972.5,297558.17,0.163,1.04,3.9429,0.4307,1.2819,7426272.6645,3925086.4015,2607243.9569,34532167.8899,18251651.767
601328.SH,20220926,4.64,4.66,4.6,4.6,4.65,-0.05,-1.0753,805944.49,373491.197,0.2053,1.41,3.9005,0.4261,1.2681,7426272.6645,3925086.4015,2607243.9569,34160854.2567,18055397.4469
601328.SH,20220927,4.6,4.62,4.57,4.59,4.6,-0.01,-0.2174,622292.18,285691.772,0.1585,1.04,3.892,0.4252,1.2653,7426272.6645,3925086.4015,2607243.9569,34086591.5301,18016146.5829
601328.SH,20220928,4.59,4.62,4.57,4.62,4.59,0.03,0.6536,723211.77,332552.866,0.1843,1.2,3.9174,0.4279,1.2736,7426272.6645,3925086.4015,2607243.9569,34309379.71,18133899.1749
601328.SH,20220929,4.62,4.63,4.58,4.58,4.62,-0.04,-0.8658,593083.82,272887.289,0.1511,0.89,3.8835,0.4242,1.2626,7426272.6645,3925086.4015,2607243.9569,34012328.8034,17976895.7189
601328.SH,20220930,4.6,4.63,4.59,4.62,4.58,0.04,0.8734,699009.42,322780.562,0.1781,1.03,3.9174,0.4279,1.2736,7426272.6645,3925086.4015,2607243.9569,34309379.71,18133899.1749
601328.SH,20221010,4.62,4.64,4.61,4.61,4.62,-0.01,-0.2165,712228.39,329480.43,0.1815,1.03,3.909,0.427,1.2708,7426272.6645,3925086.4015,2607243.9569,34235116.9833,18094648.3109
601328.SH,20221011,4.63,4.64,4.61,4.61,4.61,0.0,0.0,558216.62,258071.257,0.1422,0.83,3.909,0.427,1.2708,7426272.6645,3925086.4015,2607243.9569,34235116.9833,18094648.3109
601328.SH,20221012,4.61,4.63,4.6,4.61,4.61,0.0,0.0,457603.22,211145.411,0.1166,0.7,3.909,0.427,1.2708,7426272.6645,3925086.4015,2607243.9569,34235116.9833,18094648.3109
601328.SH,20221013,4.61,4.63,4.6,4.61,4.61,0.0,0.0,505533.4,233136.843,0.1288,0.84,3.909,0.427,1.2708,7426272.6645,3925086.4015,2607243.9569,34235116.9833,18094648.3109
601328.SH,20221014,4.62,4.63,4.61,4.61,4.61,0.0,0.0,468407.57,216426.317,0.1193,0.8,3.909,0.427,1.2708,7426272.6645,3925086.4015,2607243.9569,34235116.9833,18094648.3109
601328.SH,20221017,4.61,4.62,4.6,4.6,4.61,-0.01,-0.2169,485829.93,223781.448,0.1238,0.9,3.9005,0.4261,1.2681,7426272.6645,3925086.4015,2607243.9569,34160854.2567,18055397.4469
601328.SH,20221018,4.61,4.62,4.6,4.6,4.6,0.0,0.0,386867.48,178145.568,0.0986,0.78,3.9005,0.4261,1.2681,7426272.6645,3925086.4015,2607243.9569,34160854.2567,18055397.4469
601328.SH,20221019,4.6,4.61,4.59,4.59,4.6,-0.01,-0.2174,364514.55,167595.102,0.0929,0.79,3.892,0.4252,1.2653,7426272.6645,3925086.4015,2607243.9569,34086591.5301,18016146.5829
601328.SH,20221020,4.59,4.61,4.58,4.59,4.59,0.0,0.0,483764.12,222153.476,0.1232,1.09,3.892,0.4252,1.2653,7426272.6645,3925086.4015,2607243.9569,34086591.5301,18016146.5829
601328.SH,20221021,4.59,4.61,4.58,4.59,4.59,0.0,0.0,476172.05,218858.089,0.1213,1.09,3.892,0.4252,1.2653,7426272.6645,3925086.4015,2607243.9569,34086591.5301,18016146.5829
601328.SH,20221024,4.59,4.6,4.56,4.56,4.59,-0.03,-0.6536,833906.54,381525.946,0.2125,1.9,3.8666,0.4224,1.2571,7426272.6645,3925086.4015,2607243.9569,33863803.3501,17898393.9908
601328.SH,20221025,4.57,4.58,4.52,4.56,4.56,0.0,0.0,1002914.74,456086.427,0.2555,1.97,3.8666,0.4224,1.2571,7426272.6645,3925086.4015,2607243.9569,33863803.3501,17898393.9908
601328.SH,20221026,4.55,4.56,4.51,4.51,4.56,-0.05,-1.0965,978512.76,443409.831,0.2493,1.55,3.8242,0.4177,1.2433,7426272.6645,3925086.4015,2607243.9569,33492489.7169,17702139.6708
601328.SH,20221027,4.51,4.52,4.47,4.47,4.51,-0.04,-0.8869,1204077.79,541228.796,0.3068,1.59,3.7903,0.414,1.2322,7426272.6645,3925086.4015,2607243.9569,33195438.8103,17545136.2147
601328.SH,20221028,4.47,4.51,4.46,4.48,4.47,0.01,0.2237,824573.96,369942.224,0.2101,0.92,3.7987,0.415,1.235,7426272.6645,3925086.4015,2607243.9569,33269701.537,17584387.0787
601328.SH,20221031,4.47,4.48,4.44,4.45,4.48,-0.03,-0.6696,926301.72,413070.055,0.236,0.96,3.7733,0.4006,1.2267,7426272.6645,3925086.4015,2607243.9569,33046913.357,17466634.4867
601328.SH,20221101,4.46,4.5,4.45,4.48,4.45,0.03,0.6742,891620.44,398667.678,0.2272,0.9,3.7987,0.4033,1.235,7426272.6645,3925086.4015,2607243.9569,33269701.537,17584387.0787
601328.SH,20221102,4.48,4.5,4.44,4.49,4.48,0.01,0.2232,612315.76,273790.82,0.156,0.63,3.8072,0.4042,1.2378,7426272.6645,3925086.4015,2607243.9569,33343964.2636,17623637.9427
601328.SH,20221103,4.49,4.49,4.46,4.47,4.49,-0.02,-0.4454,440478.04,196997.618,0.1122,0.49,3.7903,0.4024,1.2322,7426272.6645,3925086.4015,2607243.9569,33195438.8103,17545136.2147
601328.SH,20221104,4.47,4.53,4.46,4.53,4.47,0.06,1.3423,641379.77,289191.395,0.1634,0.87,3.8411,0.4078,1.2488,7426272.6645,3925086.4015,2607243.9569,33641015.1702,17780641.3988
601328.SH,20221107,4.52,4.53,4.5,4.51,4.53,-0.02,-0.4415,616487.29,278064.304,0.1571,0.88,3.8242,0.406,1.2433,7426272.6645,3925086.4015,2607243.9569,33492489.7169,17702139.6708
601328.SH,20221108,4.52,4.53,4.51,4.53,4.51,0.02,0.4435,311750.34,140808.703,0.0794,0.49,3.8411,0.4078,1.2488,7426272.6645,3925086.4015,2607243.9569,33641015.1702,17780641.3988
601328.SH,20221109,4.53,4.55,4.52,4.54,4.53,0.01,0.2208,304713.53,138220.747,0.0776,0.58,3.8496,0.4087,1.2515,7426272.6645,3925086.4015,2607243.9569,33715277.8968,17819892.2628
601328.SH,20221110,4.53,4.54,4.51,4.53,4.54,-0.01,-0.2203,314090.18,141991.509,0.08,0.68,3.8411,0.4078,1.2488,7426272.6645,3925086.4015,2607243.9569,33641015.1702,17780641.3988
601328.SH,20221111,4.54,4.6,4.54,4.58,4.53,0.05,1.1038,906499.56,413843.823,0.231,2.07,3.8835,0.4123,1.2626,7426272.6645,3925086.4015,2607243.9569,34012328.8034,17976895.7189
601328.SH,20221114,4.59,4.62,4.58,4.6,4.58,0.02,0.4367,897727.6,413349.572,0.2287,1.83,3.9005,0.4141,1.2681,7426272.6645,3925086.4015,2607243.9569,34160854.2567,18055397.4469
601328.SH,20221115,4.59,4.62,4.58,4.61,4.6,0.01,0.2174,645172.82,297317.2,0.1644,1.18,3.909,0.415,1.2708,7426272.6645,3925086.4015,2607243.9569,34235116.9833,18094648.3109
601328.SH,20221116,4.6,4.61,4.58,4.59,4.61,-0.02,-0.4338,388460.96,178467.096,0.099,0.63,3.892,0.4132,1.2653,7426272.6645,3925086.4015,2607243.9569,34086591.5301,18016146.5829
601328.SH,20221117,4.58,4.6,4.58,4.6,4.59,0.01,0.2179,357084.44,163903.332,0.091,0.57,3.9005,0.4141,1.2681,7426272.6645,3925086.4015,2607243.9569,34160854.2567,18055397.4469
601328.SH,20221118,4.6,4.61,4.57,4.57,4.6,-0.03,-0.6522,537724.02,246623.625,0.137,0.84,3.875,0.4114,1.2598,7426272.6645,3925086.4015,2607243.9569,33938066.0768,17937644.8549
601328.SH,20221121,4.57,4.59,4.55,4.57,4.57,0.0,0.0,468519.93,214032.035,0.1194,0.83,3.875,0.4114,1.2598,7426272.6645,3925086.4015,2607243.9569,33938066.0768,17937644.8549
601328.SH,20221122,4.57,4.64,4.57,4.63,4.57,0.06,1.3129,1021558.98,471666.484,0.2603,2.13,3.9259,0.4168,1.2764,7426272.6645,3925086.4015,2607243.9569,34383642.4366,18173150.0389
601328.SH,20221123,4.64,4.69,4.64,4.66,4.63,0.03,0.6479,1180781.12,550711.4,0.3008,2.13,3.9514,0.4195,1.2846,7426272.6645,3925086.4015,2607243.9569,34606430.6166,18290902.631
601328.SH,20221124,4.67,4.68,4.64,4.65,4.66,-0.01,-0.2146,578890.49,269676.951,0.1475,0.81,3.9429,0.4186,1.2819,7426272.6645,3925086.4015,2607243.9569,34532167.8899,18251651.767
601328.SH,20221125,4.66,4.74,4.65,4.72,4.65,0.07,1.5054,1456105.71,685846.063,0.371,1.92,4.0022,0.4249,1.3012,7426272.6645,3925086.4015,2607243.9569,35052006.9764,18526407.8151
601328.SH,20221128,4.69,4.72,4.64,4.72,4.72,0.0,0.0,1089414.42,510107.899,0.2776,1.16,4.0022,0.4249,1.3012,7426272.6645,3925086.4015,2607243.9569,35052006.9764,18526407.8151
601328.SH,20221129,4.71,4.77,4.7,4.76,4.72,0.04,0.8475,1325891.59,629669.508,0.3378,1.24,4.0362,0.4285,1.3122,7426272.6645,3925086.4015,2607243.9569,35349057.883,18683411.2711
601328.SH,20221130,4.76,4.77,4.72,4.72,4.76,-0.04,-0.8403,1145010.29,543383.671,0.2917,1.02,4.0022,0.4249,1.3012,7426272.6645,3925086.4015,2607243.9569,35052006.9764,18526407.8151
601328.SH,20221201,4.77,4.78,4.71,4.71,4.72,-0.01,-0.2119,1081695.98,512129.503,0.2756,0.97,3.9938,0.424,1.2984,7426272.6645,3925086.4015,2607243.9569,34977744.2498,18487156.9511
601328.SH,20221202,4.71,4.73,4.68,4.69,4.71,-0.02,-0.4246,827083.85,388448.319,0.2107,0.68,3.9768,0.4222,1.2929,7426272.6645,3925086.4015,2607243.9569,34829218.7965,18408655.223
601328.SH,20221205,4.71,4.76,4.7,4.75,4.69,0.06,1.2793,1075156.6,509268.07,0.2739,0.98,4.0277,0.4276,1.3094,7426272.6645,3925086.4015,2607243.9569,35274795.1564,18644160.4071
601328.SH,20221206,4.75,4.78,4.73,4.76,4.75,0.01,0.2105,717987.21,341771.482,0.1829,0.66,4.0362,0.4285,1.3122,7426272.6645,3925086.4015,2607243.9569,35349057.883,18683411.2711
601328.SH,20221207,4.76,4.79,4.74,4.75,4.76,-0.01,-0.2101,972729.18,463042.527,0.2478,1.0,4.0277,0.4276,1.3094,7426272.6645,3925086.4015,2607243.9569,35274795.1564,18644160.4071
601328.SH,20221208,4.75,4.78,4.74,4.78,4.75,0.03,0.6316,744531.57,354683.54,0.1897,0.8,4.0531,0.4303,1.3177,7426272.6645,3925086.4015,2607243.9569,35497583.3363,18761912.9992
601328.SH,20221209,4.77,4.79,4.75,4.76,4.78,-0.02,-0.4184,797252.63,380268.216,0.2031,0.92,4.0362,0.4285,1.3122,7426272.6645,3925086.4015,2607243.9569,35349057.883,18683411.2711
601328.SH,20221212,4.76,4.77,4.72,4.72,4.76,-0.04,-0.8403,696466.9,330170.033,0.1774,0.81,4.0022,0.4249,1.3012,7426272.6645,3925086.4015,2607243.9569,35052006.9764,18526407.8151
601328.SH,20221213,4.72,4.76,4.72,4.74,4.72,0.02,0.4237,557884.37,264707.902,0.1421,0.71,4.0192,0.4267,1.3067,7426272.6645,3925086.4015,2607243.9569,35200532.4297,18604909.5431
601328.SH,20221214,4.75,4.77,4.72,4.75,4.74,0.01,0.211,619580.9,293975.375,0.1579,0.82,4.0277,0.4276,1.3094,7426272.6645,3925086.4015,2607243.9569,35274795.1564,18644160.4071
601328.SH,20221215,4.75,4.75,4.71,4.71,4.75,-0.04,-0.8421,519818.49,245643.604,0.1324,0.76,3.9938,0.424,1.2984,7426272.6645,3925086.4015,2607243.9569,34977744.2498,18487156.9511
601328.SH,20221216,4.71,4.77,4.71,4.77,4.71,0.06,1.2739,857844.8,407866.268,0.2186,1.34,4.0446,0.4294,1.3149,7426272.6645,3925086.4015,2607243.9569,35423320.6097,18722662.1352
601328.SH,20221219,4.76,4.79,4.7,4.7,4.77,-0.07,-1.4675,876948.98,414713.78,0.2234,1.35,3.9853,0.4231,1.2956,7426272.6645,3925086.4015,2607243.9569,34903481.5232,18447906.0871
601328.SH,20221220,4.7,4.73,4.66,4.66,4.7,-0.04,-0.8511,793818.76,372008.817,0.2022,1.16,3.9514,0.4195,1.2846,7426272.6645,3925086.4015,2607243.9569,34606430.6166,18290902.631
601328.SH,20221221,4.68,4.7,4.66,4.66,4.66,0.0,0.0,500453.6,234265.506,0.1275,0.68,3.9514,0.4195,1.2846,7426272.6645,3925086.4015,2607243.9569,34606430.6166,18290902.631
601328.SH,20221222,4.69,4.72,4.66,4.69,4.66,0.03,0.6438,541471.06,254216.144,0.138,0.76,3.9768,0.4222,1.2929,7426272.6645,3925086.4015,2607243.9569,34829218.7965,18408655.223
601328.SH,20221223,4.68,4.71,4.67,4.68,4.69,-0.01,-0.2132,458753.5,215160.139,0.1169,0.64,3.9683,0.4213,1.2901,7426272.6645,3925086.4015,2607243.9569,34754956.0699,18369404.359
601328.SH,20221226,4.68,4.69,4.64,4.65,4.68,-0.03,-0.641,622137.27,290093.044,0.1585,0.98,3.9429,0.4186,1.2819,7426272.6645,3925086.4015,2607243.9569,34532167.8899,18251651.767
601328.SH,20221227,4.66,4.73,4.66,4.71,4.65,0.06,1.2903,570109.55,267762.951,0.1452,0.98,3.9938,0.424,1.2984,7426272.6645,3925086.4015,2607243.9569,34977744.2498,18487156.9511
601328.SH,20221228,4.71,4.75,4.7,4.75,4.71,0.04,0.8493,563854.0,267143.568,0.1437,1.05,4.0277,0.4276,1.3094,7426272.6645,3925086.4015,2607243.9569,35274795.1564,18644160.4071
601328.SH,20221229,4.74,4.76,4.7,4.71,4.75,-0.04,-0.8421,763819.88,360486.613,0.1946,1.39,3.9938,0.424,1.2984,7426272.6645,3925086.4015,2607243.9569,34977744.2498,18487156.9511
601328.SH,20221230,4.73,4.76,4.72,4.74,4.71,0.03,0.6369,792200.24,375783.188,0.2018,1.33,4.0192,0.4267,1.3067,7426272.6645,3925086.4015,2607243.9569,35200532.4297,18604909.5431
601328.SH,20230103,4.74,4.76,4.71,4.74,4.74,0.0,0.0,879680.07,416402.383,0.2241,1.33,4.0192,0.4267,1.3067,7426272.6645,3925086.4015,2607243.9569,35200532.4297,18604909.5431
601328.SH,20230104,4.75,4.81,4.73,4.8,4.74,0.06,1.2658,1163919.37,557635.967,0.2965,1.63,4.0701,0.4321,1.3232,7426272.6645,3925086.4015,2607243.9569,35646108.7896,18840414.7272
601328.SH,20230105,4.82,4.83,4.8,4.81,4.8,0.01,0.2083,795360.96,382812.94,0.2026,0.96,4.0786,0.433,1.326,7426272.6645,3925086.4015,2607243.9569,35720371.5162,18879665.5912
601328.SH,20230106,4.81,4.83,4.79,4.81,4.81,0.0,0.0,576748.95,277513.505,0.1469,0.66,4.0786,0.433,1.326,7426272.6645,3925086.4015,2607243.9569,35720371.5162,18879665.5912
601328.SH,20230109,4.82,4.83,4.81,4.81,4.81,0.0,0.0,473310.36,228091.937,0.1206,0.56,4.0786,0.433,1.326,7426272.6645,3925086.4015,2607243.9569,35720371.5162,18879665.5912
601328.SH,20230110,4.81,4.82,4.78,4.79,4.81,-0.02,-0.4158,505742.97,242575.456,0.1288,0.65,4.0616,0.4312,1.3205,7426272.6645,3925086.4015,2607243.9569,35571846.063,18801163.8632
601328.SH,20230111,4.79,4.84,4.78,4.83,4.79,0.04,0.8351,704267.33,339381.404,0.1794,1.0,4.0955,0.4348,1.3315,7426272.6645,3925086.4015,2607243.9569,35868896.9695,18958167.3192
601328.SH,20230112,4.84,4.84,4.8,4.83,4.83,0.0,0.0,587549.33,283289.36,0.1497,0.96,4.0955,0.4348,1.3315,7426272.6645,3925086.4015,2607243.9569,35868896.9695,18958167.3192
601328.SH,20230113,4.83,4.87,4.82,4.87,4.83,0.04,0.8282,670121.71,325162.944,0.1707,1.18,4.1294,0.4384,1.3425,7426272.6645,3925086.4015,2607243.9569,36165947.8761,19115170.7753
601328.SH,20230116,4.87,4.88,4.83,4.84,4.87,-0.03,-0.616,1037735.86,503229.253,0.2644,1.76,4.104,0.4357,1.3342,7426272.6645,3925086.4015,2607243.9569,35943159.6962,18997418.1833
601328.SH,20230117,4.84,4.87,4.83,4.86,4.84,0.02,0.4132,698128.82,338568.927,0.1779,1.0,4.1209,0.4375,1.3398,7426272.6645,3925086.4015,2607243.9569,36091685.1495,19075919.9113
601328.SH,20230118,4.86,4.88,4.85,4.87,4.86,0.01,0.2058,555443.61,270457.589,0.1415,0.75,4.1294,0.4384,1.3425,7426272.6645,3925086.4015,2607243.9569,36165947.8761,19115170.7753
601328.SH,20230119,4.87,4.88,4.85,4.88,4.87,0.01,0.2053,418572.35,203569.31,0.1066,0.59,4.1379,0.4393,1.3453,7426272.6645,3925086.4015,2607243.9569,36240210.6028,19154421.6393
601328.SH,20230120,4.88,4.89,4.86,4.87,4.88,-0.01,-0.2049,468457.73,228227.805,0.1193,0.69,4.1294,0.4384,1.3425,7426272.6645,3925086.4015,2607243.9569,36165947.8761,19115170.7753
601328.SH,20230130,4.9,4.92,4.87,4.88,4.87,0.01,0.2053,900786.41,440681.488,0.2295,1.42,4.1379,0.4393,1.3453,7426272.6645,3925086.4015,2607243.9569,36240210.6028,19154421.6393
601328.SH,20230131,4.89,4.91,4.85,4.85,4.88,-0.03,-0.6148,797532.33,389046.228,0.2032,1.31,4.1125,0.4366,1.337,7426272.6645,3925086.4015,2607243.9569,36017422.4228,19036669.0473
601328.SH,20230201,4.86,4.87,4.85,4.86,4.85,0.01,0.2062,595586.06,289331.607,0.1517,0.95,4.1209,0.4375,1.3398,7426272.6645,3925086.4015,2607243.9569,36091685.1495,19075919.9113
601328.SH,20230202,4.87,4.88,4.84,4.85,4.86,-0.01,-0.2058,863899.23,419004.652,0.2201,1.36,4.1125,0.4366,1.337,7426272.6645,3925086.4015,2607243.9569,36017422.4228,19036669.0473
601328.SH,20230203,4.84,4.85,4.82,4.84,4.85,-0.01,-0.2062,735585.32,355541.602,0.1874,1.01,4.104,0.4357,1.3342,7426272.6645,3925086.4015,2607243.9569,35943159.6962,18997418.1833
601328.SH,20230206,4.83,4.84,4.81,4.84,4.84,0.0,0.0,727688.64,351202.304,0.1854,0.93,4.104,0.4357,1.3342,7426272.6645,3925086.4015,2607243.9569,35943159.6962,18997418.1833
601328.SH,20230207,4.84,4.85,4.83,4.85,4.84,0.01,0.2066,565925.32,273734.629,0.1442,0.76,4.1125,0.4366,1.337,7426272.6645,3925086.4015,2607243.9569,36017422.4228,19036669.0473
601328.SH,20230208,4.85,4.87,4.84,4.87,4.85,0.02,0.4124,554339.37,269339.955,0.1412,0.79,4.1294,0.4384,1.3425,7426272.6645,3925086.4015,2607243.9569,36165947.8761,19115170.7753
601328.SH,20230209,4.87,4.89,4.86,4.88,4.87,0.01,0.2053,569192.65,277630.083,0.145,0.83,4.1379,0.4393,1.3453,7426272.6645,3925086.4015,2607243.9569,36240210.6028,19154421.6393
601328.SH,20230210,4.88,4.9,4.86,4.9,4.88,0.02,0.4098,550872.62,268604.337,0.1403,0.87,4.1549,0.4411,1.3508,7426272.6645,3925086.4015,2607243.9569,36388736.0561,19232923.3674
601328.SH,20230213,4.89,4.9,4.85,4.88,4.9,-0.02,-0.4082,813852.38,396584.646,0.2073,1.37,4.1379,0.4393,1.3453,7426272.6645,3925086.4015,2607243.9569,36240210.6028,19154421.6393
601328.SH,20230214,4.88,4.89,4.86,4.87,4.88,-0.01,-0.2049,374851.56,182691.669,0.0955,0.61,4.1294,0.4384,1.3425,7426272.6645,3925086.4015,2607243.9569,36165947.8761,19115170.7753
601328.SH,20230215,4.87,4.88,4.86,4.86,4.87,-0.01,-0.2053,307442.14,149548.582,0.0783,0.54,4.1209,0.4375,1.3398,7426272.6645,3925086.4015,2607243.9569,36091685.1495,19075919.9113
601328.SH,20230216,4.86,4.89,4.85,4.85,4.86,-0.01,-0.2058,616004.05,300163.192,0.1569,1.18,4.1125,0.4366,1.337,7426272.6645,3925086.4015,2607243.9569,36017422.4228,19036669.0473
601328.SH,20230217,4.86,4.88,4.85,4.85,4.85,0.0,0.0,643032.77,312593.746,0.1638,1.21,4.1125,0.4366,1.337,7426272.6645,3925086.4015,2607243.9569,36017422.4228,19036669.0473
601328.SH,20230220,4.87,4.92,4.85,4.92,4.85,0.07,1.4433,1082091.22,528293.55,0.2757,1.96,4.1718,0.4429,1.3563,7426272.6645,3925086.4015,2607243.9569,36537261.5093,19311425.0954
601328.SH,20230221,4.91,4.92,4.88,4.9,4.92,-0.02,-0.4065,581706.8,285003.251,0.1482,0.96,4.1549,0.4411,1.3508,7426272.6645,3925086.4015,2607243.9569,36388736.0561,19232923.3674
601328.SH,20230222,4.9,4.91,4.88,4.88,4.9,-0.02,-0.4082,564732.73,276144.616,0.1439,0.87,4.1379,0.4393,1.3453,7426272.6645,3925086.4015,2607243.9569,36240210.6028,19154421.6393
601328.SH,20230223,4.88,4.9,4.87,4.88,4.88,0.0,0.0,478361.55,233677.655,0.1219,0.69,4.1379,0.4393,1.3453,7426272.6645,3925086.4015,2607243.9569,36240210.6028,19154421.6393
601328.SH,20230224,4.89,4.89,4.87,4.88,4.88,0.0,0.0,450654.29,220035.025,0.1148,0.67,4.1379,0.4393,1.3453,7426272.6645,3925086.4015,2607243.9569,36240210.6028,19154421.6393
601328.SH,20230227,4.88,4.89,4.86,4.86,4.88,-0.02,-0.4098,556522.13,270935.815,0.1418,0.88,4.1209,0.4375,1.3398,7426272.6645,3925086.4015,2607243.9569,36091685.1495,19075919.9113
601328.SH,20230228,4.87,4.9,4.86,4.9,4.86,0.04,0.823,617677.84,301615.163,0.1574,1.17,4.1549,0.4411,1.3508,7426272.6645,3925086.4015,2607243.9569,36388736.0561,19232923.3674
601328.SH,20230301,4.9,4.92,4.89,4.92,4.9,0.02,0.4082,825859.42,405569.715,0.2104,1.55,4.1718,0.4429,1.3563,7426272.6645,3925086.4015,2607243.9569,36537261.5093,19311425.0954
601328.SH,20230302,4.92,4.97,4.91,4.95,4.92,0.03,0.6098,777824.69,384567.489,0.1982,1.33,4.1973,0.4456,1.3646,7426272.6645,3925086.4015,2607243.9569,36760049.6893,19429177.6874
601328.SH,20230303,4.96,5.01,4.94,5.0,4.95,0.05,1.0101,1028307.86,512043.658,0.262,1.59,4.2397,0.4501,1.3783,7426272.6645,3925086.4015,2607243.9569,37131363.3225,19625432.0075
601328.SH,20230306,5.01,5.03,4.99,5.01,5.0,0.01,0.2,1134264.97,568019.547,0.289,1.49,4.2481,0.451,1.3811,7426272.6645,3925086.4015,2607243.9569,37205626.0491,19664682.8715
601328.SH,20230307,5.01,5.15,5.0,5.06,5.01,0.05,0.998,1928298.73,980919.403,0.4913,2.2,4.2905,0.4555,1.3949,7426272.6645,3925086.4015,2607243.9569,37576939.6824,19860937.1916
601328.SH,20230308,5.04,5.1,5.02,5.09,5.06,0.03,0.5929,977150.74,494382.287,0.249,0.86,4.316,0.4582,1.4032,7426272.6645,3925086.4015,2607243.9569,37799727.8623,19978689.7836
601328.SH,20230309,5.08,5.12,5.06,5.06,5.09,-0.03,-0.5894,878383.16,446372.115,0.2238,0.75,4.2905,0.4555,1.3949,7426272.6645,3925086.4015,2607243.9569,37576939.6824,19860937.1916
601328.SH,20230310,5.05,5.08,4.99,4.99,5.06,-0.07,-1.3834,1147418.61,576639.104,0.2923,0.96,4.2312,0.4492,1.3756,7426272.6645,3925086.4015,2607243.9569,37057100.5959,19586181.1435
601328.SH,20230313,4.97,5.05,4.97,5.05,4.99,0.06,1.2024,846362.71,425022.808,0.2156,0.7,4.2821,0.4546,1.3921,7426272.6645,3925086.4015,2607243.9569,37502676.9557,19821686.3276
601328.SH,20230314,5.03,5.07,5.02,5.06,5.05,0.01,0.198,738098.0,372669.832,0.188,0.64,4.2905,0.4555,1.3949,7426272.6645,3925086.4015,2607243.9569,37576939.6824,19860937.1916
601328.SH,20230315,5.08,5.11,5.07,5.1,5.06,0.04,0.7905,670595.45,341602.856,0.1708,0.73,4.3245,0.4591,1.4059,7426272.6645,3925086.4015,2607243.9569,37873990.589,20017940.6477
601328.SH,20230316,5.08,5.15,5.08,5.1,5.1,0.0,0.0,1049522.33,537836.231,0.2674,1.23,4.3245,0.4591,1.4059,7426272.6645,3925086.4015,2607243.9569,37873990.589,20017940.6477
601328.SH,20230317,5.12,5.17,5.1,5.13,5.1,0.03,0.5882,1152498.29,592570.713,0.2936,1.29,4.3499,0.4618,1.4142,7426272.6645,3925086.4015,2607243.9569,38096778.7689,20135693.2397
601328.SH,20230320,5.14,5.23,5.14,5.18,5.13,0.05,0.9747,1695686.2,881283.093,0.432,1.9,4.3923,0.4663,1.428,7426272.6645,3925086.4015,2607243.9569,38468092.4021,20331947.5598
601328.SH,20230321,5.18,5.21,5.09,5.1,5.18,-0.08,-1.5444,1056720.53,542101.256,0.2692,1.0,4.3245,0.4591,1.4059,7426272.6645,3925086.4015,2607243.9569,37873990.589,20017940.6477
601328.SH,20230322,5.12,5.16,5.11,5.15,5.1,0.05,0.9804,809095.33,415659.357,0.2061,0.72,4.3668,0.4636,1.4197,7426272.6645,3925086.4015,2607243.9569,38245304.2222,20214194.9677
601328.SH,20230323,5.14,5.18,5.12,5.17,5.15,0.02,0.3883,584867.75,301679.522,0.149,0.51,4.3838,0.4654,1.4252,7426272.6645,3925086.4015,2607243.9569,38393829.6755,20292696.6958
601328.SH,20230324,5.16,5.17,5.1,5.11,5.17,-0.06,-1.1605,819583.09,419905.469,0.2088,0.77,4.3329,0.46,1.4087,7426272.6645,3925086.4015,2607243.9569,37948253.3156,20057191.5117
601328.SH,20230327,5.11,5.13,5.07,5.09,5.11,-0.02,-0.3914,871534.79,443447.999,0.222,0.88,4.316,0.4582,1.4032,7426272.6645,3925086.4015,2607243.9569,37799727.8623,19978689.7836
601328.SH,20230328,5.08,5.12,5.07,5.11,5.09,0.02,0.3929,567917.82,289277.129,0.1447,0.69,4.3329,0.46,1.4087,7426272.6645,3925086.4015,2607243.9569,37948253.3156,20057191.5117
601328.SH,20230329,5.13,5.14,5.1,5.11,5.11,0.0,0.0,613000.89,313559.714,0.1562,0.84,4.3329,0.46,1.4087,7426272.6645,3925086.4015,2607243.9569,37948253.3156,20057191.5117
601328.SH,20230330,5.11,5.19,5.1,5.13,5.11,0.02,0.3914,869044.91,446218.484,0.2214,1.26,4.3499,0.4618,1.4142,7426272.6645,3925086.4015,2607243.9569,38096778.7689,20135693.2397
601328.SH,20230331,5.16,5.16,5.1,5.11,5.13,-0.02,-0.3899,936025.43,479731.614,0.2385,1.25,4.1181,0.4472,1.3902,7426272.6645,3925086.4015,2607243.9569,37948253.3156,20057191.5117
601328.SH,20230403,5.11,5.13,5.09,5.1,5.11,-0.01,-0.1957,701447.87,358269.007,0.1787,0.91,4.1101,0.4463,1.3874,7426272.6645,3925086.4015,2607243.9569,37873990.589,20017940.6477
601328.SH,20230404,5.11,5.17,5.1,5.17,5.1,0.07,1.3725,976966.29,502814.889,0.2489,1.32,4.1665,0.4524,1.4065,7426272.6645,3925086.4015,2607243.9569,38393829.6755,20292696.6958
601328.SH,20230406,5.17,5.2,5.16,5.2,5.17,0.03,0.5803,646153.8,335219.04,0.1646,0.79,4.1907,0.4551,1.4146,7426272.6645,3925086.4015,2607243.9569,38616617.8554,20410449.2878
601328.SH,20230407,5.19,5.2,5.16,5.18,5.2,-0.02,-0.3846,468600.83,242615.094,0.1194,0.57,4.1746,0.4533,1.4092,7426272.6645,3925086.4015,2607243.9569,38468092.4021,20331947.5598
601328.SH,20230410,5.18,5.2,5.16,5.18,5.18,0.0,0.0,530705.06,275073.503,0.1352,0.71,4.1746,0.4533,1.4092,7426272.6645,3925086.4015,2607243.9569,38468092.4021,20331947.5598
601328.SH,20230411,5.2,5.21,5.18,5.2,5.18,0.02,0.3861,683984.88,355462.626,0.1743,1.03,4.1907,0.4551,1.4146,7426272.6645,3925086.4015,2607243.9569,38616617.8554,20410449.2878
601328.SH,20230412,5.21,5.28,5.2,5.26,5.2,0.06,1.1538,1035854.97,543775.22,0.2639,1.57,4.239,0.4603,1.431,7426272.6645,3925086.4015,2607243.9569,39062194.2153,20645954.4719
601328.SH,20230413,5.26,5.32,5.24,5.3,5.26,0.04,0.7605,1129422.44,597279.111,0.2877,1.68,4.2713,0.4638,1.4418,7426272.6645,3925086.4015,2607243.9569,39359245.1219,20802957.928
601328.SH,20230414,5.31,5.32,5.26,5.3,5.3,0.0,0.0,736492.11,389598.904,0.1876,0.96,4.2713,0.4638,1.4418,7426272.6645,3925086.4015,2607243.9569,39359245.1219,20802957.928
601328.SH,20230417,5.29,5.47,5.28,5.47,5.3,0.17,3.2075,1839884.06,992327.292,0.4687,2.23,4.4083,0.4787,1.4881,7426272.6645,3925086.4015,2607243.9569,40621711.4748,21470222.6162
601328.SH,20230418,5.46,5.55,5.45,5.51,5.47,0.04,0.7313,1357039.52,746309.383,0.3457,1.25,4.4405,0.4822,1.499,7426272.6645,3925086.4015,2607243.9569,40918762.3814,21627226.0723
601328.SH,20230419,5.5,5.56,5.47,5.53,5.51,0.02,0.363,1094748.76,604333.748,0.2789,0.9,4.4566,0.4839,1.5044,7426272.6645,3925086.4015,2607243.9569,41067287.8347,21705727.8003
601328.SH,20230420,5.53,5.56,5.48,5.52,5.53,-0.01,-0.1808,919215.02,507114.612,0.2342,0.75,4.4486,0.4831,1.5017,7426272.6645,3925086.4015,2607243.9569,40993025.108,21666476.9363
601328.SH,20230421,5.52,5.59,5.49,5.49,5.52,-0.03,-0.5435,1254498.1,695099.865,0.3196,1.05,4.4244,0.4804,1.4935,7426272.6645,3925086.4015,2607243.9569,40770236.9281,21548724.3442
601328.SH,20230424,5.49,5.56,5.48,5.51,5.49,0.02,0.3643,1089017.75,601497.049,0.2775,0.84,4.4405,0.4822,1.499,7426272.6645,3925086.4015,2607243.9569,40918762.3814,21627226.0723
601328.SH,20230425,5.52,5.63,5.51,5.63,5.51,0.12,2.1779,1935735.99,1082341.552,0.4932,1.69,4.5372,0.4927,1.5316,7426272.6645,3925086.4015,2607243.9569,41809915.1011,22098236.4404
601328.SH,20230426,5.61,5.62,5.45,5.55,5.63,-0.08,-1.421,2015969.77,1110897.563,0.5136,1.6,4.4727,0.4857,1.5099,7426272.6645,3925086.4015,2607243.9569,41215813.288,21784229.5283
601328.SH,20230427,5.51,5.6,5.47,5.57,5.55,0.02,0.3604,1369869.24,758529.242,0.349,0.95,4.4889,0.4874,1.5153,7426272.6645,3925086.4015,2607243.9569,41364338.7413,21862731.2564
601328.SH,20230428,5.57,5.64,5.56,5.57,5.57,0.0,0.0,1297206.66,725648.688,0.3305,0.85,4.4889,0.4874,1.5153,7426272.6645,3925086.4015,2607243.9569,41364338.7413,21862731.2564
601328.SH,20230504,5.59,5.96,5.58,5.92,5.57,0.35,6.2837,3735306.45,2170047.48,0.9516,2.42,4.7709,0.5047,1.6105,7426272.6645,3925086.4015,2607243.9569,43963534.1738,23236511.4969
601328.SH,20230505,5.89,6.07,5.89,6.03,5.92,0.11,1.8581,3178450.73,1905606.325,0.8098,1.53,4.8596,0.514,1.6404,7426272.6645,3925086.4015,2607243.9569,44780424.1669,23668271.001
601328.SH,20230508,6.03,6.49,6.01,6.32,6.03,0.29,4.8093,4496738.91,2824628.947,1.1456,1.94,5.0933,0.5388,1.7193,7426272.6645,3925086.4015,2607243.9569,46934043.2396,24806546.0575
601328.SH,20230509,6.37,6.45,6.18,6.21,6.32,-0.11,-1.7405,3642072.65,2291209.915,0.9279,1.29,5.0046,0.5294,1.6894,7426272.6645,3925086.4015,2607243.9569,46117153.2465,24374786.5533
601328.SH,20230510,6.18,6.26,5.9,5.93,6.21,-0.28,-4.5089,2644641.64,1589611.878,0.6738,0.81,4.779,0.5055,1.6132,7426272.6645,3925086.4015,2607243.9569,44037796.9005,23275762.3609
601328.SH,20230511,5.96,6.05,5.86,5.91,5.93,-0.02,-0.3373,1452644.27,861738.288,0.3701,0.41,4.7629,0.5038,1.6078,7426272.6645,3925086.4015,2607243.9569,43889271.4472,23197260.6329
601328.SH,20230512,5.89,5.92,5.8,5.83,5.91,-0.08,-1.3536,1269307.09,742272.572,0.3234,0.41,4.6984,0.497,1.586,7426272.6645,3925086.4015,2607243.9569,43295169.634,22883253.7207
601328.SH,20230515,5.83,5.91,5.7,5.9,5.83,0.07,1.2007,1968897.87,1138315.421,0.5016,0.73,4.7548,0.503,1.6051,7426272.6645,3925086.4015,2607243.9569,43815008.7206,23158009.7689
601328.SH,20230516,5.9,6.03,5.88,5.89,5.9,-0.01,-0.1695,1355729.29,805380.569,0.3454,0.62,4.7467,0.5021,1.6024,7426272.6645,3925086.4015,2607243.9569,43740745.9939,23118758.9048
601328.SH,20230517,5.88,5.94,5.81,5.84,5.89,-0.05,-0.8489,947175.87,555143.099,0.2413,0.54,4.7064,0.4979,1.5888,7426272.6645,3925086.4015,2607243.9569,43369432.3607,22922504.5848
601328.SH,20230518,5.86,6.02,5.85,5.93,5.84,0.09,1.5411,1724815.68,1023399.088,0.4394,1.23,4.779,0.5055,1.6132,7426272.6645,3925086.4015,2607243.9569,44037796.9005,23275762.3609
601328.SH,20230519,5.93,5.94,5.81,5.82,5.93,-0.11,-1.855,1267350.43,741938.429,0.3229,0.87,4.6903,0.4961,1.5833,7426272.6645,3925086.4015,2607243.9569,43220906.9074,22844002.8567
601328.SH,20230522,5.8,5.87,5.79,5.82,5.82,0.0,0.0,879299.03,512462.778,0.224,0.61,4.6903,0.4961,1.5833,7426272.6645,3925086.4015,2607243.9569,43220906.9074,22844002.8567
601328.SH,20230523,5.82,5.86,5.73,5.74,5.82,-0.08,-1.3746,1414536.91,816945.158,0.3604,1.15,4.6259,0.4893,1.5615,7426272.6645,3925086.4015,2607243.9569,42626805.0942,22529995.9446
601328.SH,20230524,5.74,5.74,5.6,5.6,5.74,-0.14,-2.439,1912468.76,1077990.713,0.4872,1.53,4.513,0.4774,1.5235,7426272.6645,3925086.4015,2607243.9569,41587126.9212,21980483.8484
601328.SH,20230525,5.57,5.66,5.52,5.65,5.6,0.05,0.8929,1349975.08,755736.701,0.3439,0.94,4.5533,0.4817,1.5371,7426272.6645,3925086.4015,2607243.9569,41958440.5544,22176738.1685
601328.SH,20230526,5.63,5.83,5.62,5.81,5.65,0.16,2.8319,1079691.95,620940.136,0.2751,0.79,4.6823,0.4953,1.5806,7426272.6645,3925086.4015,2607243.9569,43146644.1807,22804751.9927
601328.SH,20230529,5.81,5.97,5.8,5.96,5.81,0.15,2.5818,1423860.95,841777.586,0.3628,1.07,4.8032,0.5081,1.6214,7426272.6645,3925086.4015,2607243.9569,44260585.0804,23393514.9529
601328.SH,20230530,5.95,5.96,5.84,5.88,5.96,-0.08,-1.3423,1030695.34,608244.28,0.2626,0.72,4.7387,0.5013,1.5996,7426272.6645,3925086.4015,2607243.9569,43666483.2673,23079508.0408
601328.SH,20230531,5.86,5.89,5.83,5.85,5.88,-0.03,-0.5102,823066.47,481787.471,0.2097,0.61,4.7145,0.4987,1.5915,7426272.6645,3925086.4015,2607243.9569,43443695.0873,22961755.4488
601328.SH,20230601,5.83,5.87,5.78,5.82,5.85,-0.03,-0.5128,949832.39,552271.146,0.242,0.83,4.6903,0.4961,1.5833,7426272.6645,3925086.4015,2607243.9569,43220906.9074,22844002.8567
601328.SH,20230602,5.81,5.85,5.75,5.81,5.82,-0.01,-0.1718,1042996.8,604110.617,0.2657,0.98,4.6823,0.4953,1.5806,7426272.6645,3925086.4015,2607243.9569,43146644.1807,22804751.9927
601328.SH,20230605,5.8,5.9,5.77,5.87,5.81,0.06,1.0327,723567.15,422472.448,0.1843,0.69,4.7306,0.5004,1.5969,7426272.6645,3925086.4015,2607243.9569,43592220.5406,23040257.1768
601328.SH,20230606,5.87,5.98,5.85,5.91,5.87,0.04,0.6814,1171845.22,695096.674,0.2986,1.28,4.7629,0.5038,1.6078,7426272.6645,3925086.4015,2607243.9569,43889271.4472,23197260.6329
601328.SH,20230607,5.9,5.99,5.88,5.95,5.91,0.04,0.6768,820342.4,488252.114,0.209,0.87,4.7951,0.5072,1.6187,7426272.6645,3925086.4015,2607243.9569,44186322.3538,23354264.0889
601328.SH,20230608,5.95,6.08,5.92,6.07,5.95,0.12,2.0168,1257208.85,755946.329,0.3203,1.34,4.8918,0.5175,1.6513,7426272.6645,3925086.4015,2607243.9569,45077475.0735,23825274.4571
601328.SH,20230609,6.07,6.11,6.05,6.05,6.07,-0.02,-0.3295,875553.52,532048.253,0.2231,0.87,4.8757,0.5158,1.6459,7426272.6645,3925086.4015,2607243.9569,44928949.6202,23746772.7291
601328.SH,20230612,6.04,6.06,5.86,5.89,6.05,-0.16,-2.6446,1427797.93,846316.545,0.3638,1.47,4.7467,0.5021,1.6024,7426272.6645,3925086.4015,2607243.9569,43740745.9939,23118758.9048
601328.SH,20230613,5.9,5.94,5.88,5.93,5.89,0.04,0.6791,649897.02,384472.12,0.1656,0.59,4.779,0.5055,1.6132,7426272.6645,3925086.4015,2607243.9569,44037796.9005,23275762.3609
601328.SH,20230614,5.93,5.96,5.8,5.81,5.93,-0.12,-2.0236,1339652.61,783887.168,0.3413,1.33,4.6823,0.4953,1.5806,7426272.6645,3925086.4015,2607243.9569,43146644.1807,22804751.9927
601328.SH,20230615,5.82,5.89,5.79,5.86,5.81,0.05,0.8606,1018601.75,594622.097,0.2595,0.92,4.7226,0.4996,1.5942,7426272.6645,3925086.4015,2607243.9569,43517957.814,23001006.3128
601328.SH,20230616,5.86,5.87,5.81,5.82,5.86,-0.04,-0.6826,828411.68,483632.75,0.2111,0.78,4.6903,0.4961,1.5833,7426272.6645,3925086.4015,2607243.9569,43220906.9074,22844002.8567
601328.SH,20230619,5.81,5.82,5.71,5.72,5.82,-0.1,-1.7182,1079991.91,620560.908,0.2752,1.03,4.6097,0.4876,1.5561,7426272.6645,3925086.4015,2607243.9569,42478279.6409,22451494.2166
601328.SH,20230620,5.74,5.75,5.7,5.71,5.72,-0.01,-0.1748,536723.73,306891.99,0.1367,0.55,4.6017,0.4868,1.5534,7426272.6645,3925086.4015,2607243.9569,42404016.9143,22412243.3526
601328.SH,20230621,5.7,5.87,5.65,5.74,5.71,0.03,0.5254,1242162.23,717196.527,0.3165,1.29,4.6259,0.4893,1.5615,7426272.6645,3925086.4015,2607243.9569,42626805.0942,22529995.9446
601328.SH,20230626,5.74,5.75,5.63,5.65,5.74,-0.09,-1.5679,1022567.8,578964.025,0.2605,1.09,4.5533,0.4817,1.5371,7426272.6645,3925086.4015,2607243.9569,41958440.5544,22176738.1685
601328.SH,20230627,5.66,5.76,5.62,5.76,5.65,0.11,1.9469,873900.23,499134.565,0.2226,0.93,4.642,0.491,1.567,7426272.6645,3925086.4015,2607243.9569,42775330.5475,22608497.6726
601328.SH,20230628,5.76,5.81,5.72,5.75,5.76,-0.01,-0.1736,818344.64,470835.569,0.2085,0.86,4.6339,0.4902,1.5643,7426272.6645,3925086.4015,2607243.9569,42701067.8209,22569246.8086
601328.SH,20230629,5.77,5.78,5.72,5.73,5.75,-0.02,-0.3478,544878.24,313054.257,0.1388,0.61,4.6178,0.4885,1.5588,7426272.6645,3925086.4015,2607243.9569,42552542.3676,22490745.0806
601328.SH,20230630,5.74,5.83,5.72,5.8,5.73,0.07,1.2216,778573.33,451504.206,0.1984,0.86,4.6742,0.4944,1.5779,7426272.6645,3925086.4015,2607243.9569,43072381.4541,22765501.1287
601328.SH,20230703,5.84,5.9,5.81,5.89,5.8,0.09,1.5517,867022.89,507917.631,0.2209,1.07,4.7467,0.5021,1.6024,7426272.6645,3925086.4015,2607243.9569,43740745.9939,23118758.9048
601328.SH,20230704,5.87,5.88,5.78,5.81,5.89,-0.08,-1.3582,698034.99,406983.584,0.1778,0.9,4.6823,0.4953,1.5806,7426272.6645,3925086.4015,2607243.9569,43146644.1807,22804751.9927
601328.SH,20230705,5.81,5.84,5.77,5.79,5.81,-0.02,-0.3442,591107.73,342865.585,0.1506,0.8,4.6662,0.4936,1.5751,7426272.6645,3925086.4015,2607243.9569,42998118.7275,22726250.2647
601328.SH,20230706,5.78,5.83,5.74,5.75,5.79,-0.04,-0.6908,1022578.31,590671.455,0.2605,1.47,4.6339,0.4902,1.5643,7426272.6645,3925086.4015,2607243.9569,42701067.8209,22569246.8086
601328.SH,20230707,5.74,5.78,5.72,5.75,5.75,0.0,0.0,647511.35,372268.114,0.165,0.82,4.6339,0.4902,1.5643,7426272.6645,3925086.4015,2607243.9569,42701067.8209,22569246.8086
601328.SH,20230710,5.77,5.8,5.74,5.78,5.75,0.03,0.5217,799509.21,461364.541,0.2037,1.04,4.6581,0.4927,1.5724,7426272.6645,3925086.4015,2607243.9569,42923856.0008,22686999.4007
601328.SH,20230711,5.8,5.83,5.76,5.8,5.78,0.02,0.346,1135662.66,658818.66,0.2893,1.51,4.6742,0.4944,1.5779,7426272.6645,3925086.4015,2607243.9569,43072381.4541,22765501.1287
601328.SH,20230712,5.45,5.49,5.42,5.43,5.43,0.0,0.0,1444567.77,787791.557,0.368,1.72,4.376,0.4781,1.4772,7426272.6645,3925086.4015,2607243.9569,40324660.5682,21313219.1601
601328.SH,20230713,5.44,5.52,5.44,5.51,5.43,0.08,1.4733,1230056.4,674641.457,0.3134,1.22,4.4405,0.4851,1.499,7426272.6645,3925086.4015,2607243.9569,40918762.3814,21627226.0723
601328.SH,20230714,5.51,5.62,5.48,5.58,5.51,0.07,1.2704,1228938.27,682666.681,0.3131,1.17,4.4969,0.4913,1.518,7426272.6645,3925086.4015,2607243.9569,41438601.4679,21901982.1204
601328.SH,20230717,5.57,5.57,5.47,5.52,5.58,-0.06,-1.0753,884393.74,486632.369,0.2253,0.76,4.4486,0.486,1.5017,7426272.6645,3925086.4015,2607243.9569,40993025.108,21666476.9363
601328.SH,20230718,5.53,5.54,5.5,5.5,5.52,-0.02,-0.3623,608792.02,335890.808,0.1551,0.51,4.4324,0.4843,1.4963,7426272.6645,3925086.4015,2607243.9569,40844499.6548,21587975.2083
601328.SH,20230719,5.49,5.54,5.47,5.52,5.5,0.02,0.3636,532287.61,292840.607,0.1356,0.49,4.4486,0.486,1.5017,7426272.6645,3925086.4015,2607243.9569,40993025.108,21666476.9363
601328.SH,20230720,5.53,5.59,5.52,5.56,5.52,0.04,0.7246,685335.03,381251.229,0.1746,0.76,4.4808,0.4895,1.5126,7426272.6645,3925086.4015,2607243.9569,41290076.0146,21823480.3923
601328.SH,20230721,5.54,5.58,5.53,5.55,5.56,-0.01,-0.1799,418568.55,232386.867,0.1066,0.53,4.4727,0.4887,1.5099,7426272.6645,3925086.4015,2607243.9569,41215813.288,21784229.5283
601328.SH,20230724,5.53,5.56,5.49,5.52,5.55,-0.03,-0.5405,504336.82,278735.746,0.1285,0.81,4.4486,0.486,1.5017,7426272.6645,3925086.4015,2607243.9569,40993025.108,21666476.9363
601328.SH,20230725,5.56,5.63,5.54,5.6,5.52,0.08,1.4493,1021394.78,571498.145,0.2602,1.86,4.513,0.4931,1.5235,7426272.6645,3925086.4015,2607243.9569,41587126.9212,21980483.8484
601328.SH,20230726,5.6,5.64,5.59,5.62,5.6,0.02,0.3571,466094.59,261467.038,0.1187,0.74,4.5291,0.4948,1.5289,7426272.6645,3925086.4015,2607243.9569,41735652.3745,22058985.5764
601328.SH,20230727,5.64,5.72,5.62,5.68,5.62,0.06,1.0676,949158.66,539290.084,0.2418,1.53,4.5775,0.5001,1.5452,7426272.6645,3925086.4015,2607243.9569,42181228.7344,22294490.7605
601328.SH,20230728,5.68,5.8,5.63,5.78,5.68,0.1,1.7606,1194804.41,686220.296,0.3044,1.78,4.6581,0.5089,1.5724,7426272.6645,3925086.4015,2607243.9569,42923856.0008,22686999.4007
601328.SH,20230731,5.81,5.88,5.77,5.82,5.78,0.04,0.692,1323914.62,771132.214,0.3373,1.6,4.6903,0.5124,1.5833,7426272.6645,3925086.4015,2607243.9569,43220906.9074,22844002.8567
601328.SH,20230801,5.8,5.86,5.78,5.8,5.82,-0.02,-0.3436,775851.91,450693.758,0.1977,0.78,4.6742,0.5107,1.5779,7426272.6645,3925086.4015,2607243.9569,43072381.4541,22765501.1287
601328.SH,20230802,5.78,5.78,5.63,5.66,5.8,-0.14,-2.4138,1229188.1,700457.148,0.3132,1.3,4.5614,0.4984,1.5398,7426272.6645,3925086.4015,2607243.9569,42032703.2811,22215989.0325
601328.SH,20230803,5.68,5.72,5.63,5.71,5.66,0.05,0.8834,827547.21,470121.38,0.2108,0.76,4.6017,0.5028,1.5534,7426272.6645,3925086.4015,2607243.9569,42404016.9143,22412243.3526
601328.SH,20230804,5.73,5.78,5.69,5.7,5.71,-0.01,-0.1751,907341.98,519386.495,0.2312,0.85,4.5936,0.5019,1.5507,7426272.6645,3925086.4015,2607243.9569,42329754.1877,22372992.4886
601328.SH,20230807,5.68,5.69,5.61,5.65,5.7,-0.05,-0.8772,946014.64,533368.739,0.241,0.93,4.5533,0.4975,1.5371,7426272.6645,3925086.4015,2607243.9569,41958440.5544,22176738.1685
601328.SH,20230808,5.64,5.66,5.6,5.61,5.65,-0.04,-0.708,732638.09,412340.918,0.1867,0.78,4.5211,0.494,1.5262,7426272.6645,3925086.4015,2607243.9569,41661389.6478,22019734.7124
601328.SH,20230809,5.61,5.64,5.6,5.62,5.61,0.01,0.1783,566261.98,318477.168,0.1443,0.61,4.5291,0.4948,1.5289,7426272.6645,3925086.4015,2607243.9569,41735652.3745,22058985.5764
601328.SH,20230810,5.62,5.64,5.59,5.62,5.62,0.0,0.0,591088.51,331766.294,0.1506,0.74,4.5291,0.4948,1.5289,7426272.6645,3925086.4015,2607243.9569,41735652.3745,22058985.5764
601328.SH,20230811,5.63,5.64,5.54,5.54,5.62,-0.08,-1.4235,908003.16,505970.274,0.2313,1.21,4.4647,0.4878,1.5071,7426272.6645,3925086.4015,2607243.9569,41141550.5613,21744978.6643
601328.SH,20230814,5.5,5.51,5.45,5.47,5.54,-0.07,-1.2635,925250.86,505889.093,0.2357,1.24,4.4083,0.4816,1.4881,7426272.6645,3925086.4015,2607243.9569,40621711.4748,21470222.6162
601328.SH,20230815,5.47,5.62,5.47,5.61,5.47,0.14,2.5594,1157873.05,643927.77,0.295,1.55,4.5211,0.494,1.5262,7426272.6645,3925086.4015,2607243.9569,41661389.6478,22019734.7124
601328.SH,20230816,5.58,5.63,5.52,5.6,5.61,-0.01,-0.1783,745387.18,416726.426,0.1899,0.9,4.513,0.4931,1.5235,7426272.6645,3925086.4015,2607243.9569,41587126.9212,21980483.8484
601328.SH,20230817,5.58,5.61,5.5,5.53,5.6,-0.07,-1.25,920695.54,509976.851,0.2346,1.06,4.4566,0.4869,1.5044,7426272.6645,3925086.4015,2607243.9569,41067287.8347,21705727.8003
601328.SH,20230818,5.52,5.62,5.52,5.57,5.53,0.04,0.7233,730402.98,407767.632,0.1861,0.78,4.4889,0.4904,1.5153,7426272.6645,3925086.4015,2607243.9569,41364338.7413,21862731.2564
601328.SH,20230821,5.57,5.58,5.46,5.46,5.57,-0.11,-1.9749,1015447.65,558221.889,0.2587,1.13,4.4002,0.4807,1.4854,7426272.6645,3925086.4015,2607243.9569,40547448.7482,21430971.7522
601328.SH,20230822,5.47,5.56,5.46,5.56,5.46,0.1,1.8315,879505.83,485841.413,0.2241,0.96,4.4808,0.4895,1.5126,7426272.6645,3925086.4015,2607243.9569,41290076.0146,21823480.3923
601328.SH,20230823,5.55,5.63,5.53,5.57,5.56,0.01,0.1799,858295.54,480505.704,0.2187,1.0,4.4889,0.4904,1.5153,7426272.6645,3925086.4015,2607243.9569,41364338.7413,21862731.2564
601328.SH,20230824,5.61,5.62,5.52,5.55,5.57,-0.02,-0.3591,613821.7,341478.793,0.1564,0.7,4.4727,0.4887,1.5099,7426272.6645,3925086.4015,2607243.9569,41215813.288,21784229.5283
601328.SH,20230825,5.55,5.61,5.54,5.58,5.55,0.03,0.5405,641549.12,357795.513,0.1634,0.78,4.4969,0.4913,1.518,7426272.6645,3925086.4015,2607243.9569,41438601.4679,21901982.1204
601328.SH,20230828,5.78,5.84,5.61,5.63,5.58,0.05,0.8961,1398510.33,796539.542,0.3563,1.74,4.5372,0.4815,1.5316,7426272.6645,3925086.4015,2607243.9569,41809915.1011,22098236.4404
601328.SH,20230829,5.63,5.65,5.54,5.55,5.63,-0.08,-1.421,1176511.7,655809.241,0.2997,1.34,4.4727,0.4747,1.5099,7426272.6645,3925086.4015,2607243.9569,41215813.288,21784229.5283
601328.SH,20230830,5.55,5.56,5.5,5.53,5.55,-0.02,-0.3604,797617.05,440604.701,0.2032,0.85,4.4566,0.473,1.5044,7426272.6645,3925086.4015,2607243.9569,41067287.8347,21705727.8003
601328.SH,20230831,5.54,5.59,5.53,5.55,5.53,0.02,0.3617,860897.81,479656.84,0.2193,0.93,4.4727,0.4747,1.5099,7426272.6645,3925086.4015,2607243.9569,41215813.288,21784229.5283
601328.SH,20230901,5.56,5.59,5.52,5.53,5.55,-0.02,-0.3604,618817.33,342970.416,0.1577,0.63,4.4566,0.473,1.5044,7426272.6645,3925086.4015,2607243.9569,41067287.8347,21705727.8003
601328.SH,20230904,5.56,5.61,5.53,5.6,5.53,0.07,1.2658,821799.08,459289.009,0.2094,0.85,4.513,0.479,1.5235,7426272.6645,3925086.4015,2607243.9569,41587126.9212,21980483.8484
601328.SH,20230905,5.6,5.6,5.54,5.55,5.6,-0.05,-0.8929,596585.37,331606.428,0.152,0.7,4.4727,0.4747,1.5099,7426272.6645,3925086.4015,2607243.9569,41215813.288,21784229.5283
601328.SH,20230906,5.54,5.57,5.53,5.56,5.55,0.01,0.1802,518404.87,287744.815,0.1321,0.7,4.4808,0.4755,1.5126,7426272.6645,3925086.4015,2607243.9569,41290076.0146,21823480.3923
601328.SH,20230907,5.56,5.6,5.55,5.57,5.56,0.01,0.1799,557653.14,310788.828,0.1421,0.82,4.4889,0.4764,1.5153,7426272.6645,3925086.4015,2607243.9569,41364338.7413,21862731.2564
601328.SH,20230908,5.57,5.57,5.53,5.54,5.57,-0.03,-0.5386,414190.98,229632.006,0.1055,0.67,4.4647,0.4738,1.5071,7426272.6645,3925086.4015,2607243.9569,41141550.5613,21744978.6643
601328.SH,20230911,5.55,5.57,5.52,5.54,5.54,0.0,0.0,796580.3,441069.19,0.2029,1.37,4.4647,0.4738,1.5071,7426272.6645,3925086.4015,2607243.9569,41141550.5613,21744978.6643
601328.SH,20230912,5.54,5.55,5.52,5.53,5.54,-0.01,-0.1805,446627.04,247139.044,0.1138,0.77,4.4566,0.473,1.5044,7426272.6645,3925086.4015,2607243.9569,41067287.8347,21705727.8003
601328.SH,20230913,5.54,5.58,5.52,5.56,5.53,0.03,0.5425,837189.98,464868.375,0.2133,1.53,4.4808,0.4755,1.5126,7426272.6645,3925086.4015,2607243.9569,41290076.0146,21823480.3923
601328.SH,20230914,5.56,5.65,5.55,5.65,5.56,0.09,1.6187,1645441.89,924583.996,0.4192,2.7,4.5533,0.4832,1.5371,7426272.6645,3925086.4015,2607243.9569,41958440.5544,22176738.1685
601328.SH,20230915,5.65,5.72,5.62,5.65,5.65,0.0,0.0,1241858.74,703637.452,0.3164,1.5,4.5533,0.4832,1.5371,7426272.6645,3925086.4015,2607243.9569,41958440.5544,22176738.1685
601328.SH,20230918,5.65,5.67,5.61,5.65,5.65,0.0,0.0,694072.04,391269.666,0.1768,0.7,4.5533,0.4832,1.5371,7426272.6645,3925086.4015,2607243.9569,41958440.5544,22176738.1685
601328.SH,20230919,5.66,5.71,5.65,5.71,5.65,0.06,1.0619,965506.83,549949.795,0.246,0.99,4.6017,0.4884,1.5534,7426272.6645,3925086.4015,2607243.9569,42404016.9143,22412243.3526
601328.SH,20230920,5.71,5.76,5.68,5.75,5.71,0.04,0.7005,768777.93,441062.115,0.1959,0.71,4.6339,0.4918,1.5643,7426272.6645,3925086.4015,2607243.9569,42701067.8209,22569246.8086
601328.SH,20230921,5.75,5.78,5.71,5.74,5.75,-0.01,-0.1739,775341.67,445459.541,0.1975,0.73,4.6259,0.4909,1.5615,7426272.6645,3925086.4015,2607243.9569,42626805.0942,22529995.9446
601328.SH,20230922,5.75,5.78,5.67,5.78,5.74,0.04,0.6969,1164381.24,667996.49,0.2967,1.31,4.6581,0.4943,1.5724,7426272.6645,3925086.4015,2607243.9569,42923856.0008,22686999.4007
601328.SH,20230925,5.78,5.84,5.74,5.82,5.78,0.04,0.692,1014742.11,589312.857,0.2585,1.16,4.6903,0.4978,1.5833,7426272.6645,3925086.4015,2607243.9569,43220906.9074,22844002.8567
601328.SH,20230926,5.82,5.84,5.79,5.8,5.82,-0.02,-0.3436,614241.48,357117.979,0.1565,0.66,4.6742,0.4961,1.5779,7426272.6645,3925086.4015,2607243.9569,43072381.4541,22765501.1287
601328.SH,20230927,5.82,5.83,5.75,5.75,5.8,-0.05,-0.8621,687718.37,397473.56,0.1752,0.79,4.6339,0.4918,1.5643,7426272.6645,3925086.4015,2607243.9569,42701067.8209,22569246.8086
601328.SH,20230928,5.77,5.8,5.75,5.76,5.75,0.01,0.1739,511571.14,295203.935,0.1303,0.6,4.642,0.4926,1.567,7426272.6645,3925086.4015,2607243.9569,42775330.5475,22608497.6726
601328.SH,20231009,5.73,5.8,5.71,5.77,5.76,0.01,0.1736,672971.16,386780.417,0.1715,0.84,4.65,0.4935,1.5697,7426272.6645,3925086.4015,2607243.9569,42849593.2742,22647748.5367
601328.SH,20231010,5.8,5.82,5.76,5.77,5.77,0.0,0.0,630806.32,364857.023,0.1607,0.9,4.65,0.4935,1.5697,7426272.6645,3925086.4015,2607243.9569,42849593.2742,22647748.5367
601328.SH,20231011,5.79,5.8,5.74,5.75,5.77,-0.02,-0.3466,602999.99,347789.195,0.1536,0.97,4.6339,0.4918,1.5643,7426272.6645,3925086.4015,2607243.9569,42701067.8209,22569246.8086
601328.SH,20231012,5.81,5.92,5.79,5.91,5.75,0.16,2.7826,1614460.54,946712.918,0.4113,2.6,4.7629,0.5055,1.6078,7426272.6645,3925086.4015,2607243.9569,43889271.4472,23197260.6329
601328.SH,20231013,5.86,6.0,5.86,5.95,5.91,0.04,0.6768,1308095.12,779028.469,0.3333,1.62,4.7951,0.5089,1.6187,7426272.6645,3925086.4015,2607243.9569,44186322.3538,23354264.0889
601328.SH,20231016,5.95,5.98,5.91,5.97,5.95,0.02,0.3361,716711.34,426486.892,0.1826,0.74,4.8112,0.5106,1.6241,7426272.6645,3925086.4015,2607243.9569,44334847.8071,23432765.817
601328.SH,20231017,5.97,5.98,5.95,5.97,5.97,0.0,0.0,577031.15,344218.652,0.147,0.59,4.8112,0.5106,1.6241,7426272.6645,3925086.4015,2607243.9569,44334847.8071,23432765.817
601328.SH,20231018,5.96,6.0,5.93,5.95,5.97,-0.02,-0.335,801783.05,478839.477,0.2043,0.83,4.7951,0.5089,1.6187,7426272.6645,3925086.4015,2607243.9569,44186322.3538,23354264.0889
601328.SH,20231019,5.94,5.95,5.82,5.84,5.95,-0.11,-1.8487,1120821.03,656789.776,0.2856,1.12,4.7064,0.4995,1.5888,7426272.6645,3925086.4015,2607243.9569,43369432.3607,22922504.5848
601328.SH,20231020,5.82,5.84,5.76,5.8,5.84,-0.04,-0.6849,830041.47,481624.904,0.2115,0.92,4.6742,0.4961,1.5779,7426272.6645,3925086.4015,2607243.9569,43072381.4541,22765501.1287
601328.SH,20231023,5.81,5.85,5.77,5.8,5.8,0.0,0.0,792400.24,460486.997,0.2019,0.98,4.6742,0.4961,1.5779,7426272.6645,3925086.4015,2607243.9569,43072381.4541,22765501.1287
601328.SH,20231024,5.81,5.82,5.7,5.71,5.8,-0.09,-1.5517,1001956.42,574754.017,0.2553,1.22,4.6017,0.4884,1.5534,7426272.6645,3925086.4015,2607243.9569,42404016.9143,22412243.3526
601328.SH,20231025,5.76,5.8,5.7,5.78,5.71,0.07,1.2259,757446.92,436480.148,0.193,0.83,4.6581,0.4943,1.5724,7426272.6645,3925086.4015,2607243.9569,42923856.0008,22686999.4007
601328.SH,20231026,5.78,5.92,5.77,5.84,5.78,0.06,1.0381,837934.93,490297.282,0.2135,0.93,4.7064,0.4995,1.5888,7426272.6645,3925086.4015,2607243.9569,43369432.3607,22922504.5848
601328.SH,20231027,5.85,5.88,5.8,5.82,5.84,-0.02,-0.3425,847116.8,494308.113,0.2158,1.0,4.6903,0.4978,1.5833,7426272.6645,3925086.4015,2607243.9569,43220906.9074,22844002.8567
601328.SH,20231030,5.8,5.8,5.56,5.59,5.82,-0.23,-3.9519,2412060.95,1355899.451,0.6145,2.85,4.505,0.4682,1.5207,7426272.6645,3925086.4015,2607243.9569,41512864.1946,21941232.9844
601328.SH,20231031,5.58,5.65,5.55,5.63,5.59,0.04,0.7156,1110249.48,622405.536,0.2829,0.95,4.5372,0.4716,1.5316,7426272.6645,3925086.4015,2607243.9569,41809915.1011,22098236.4404
601328.SH,20231101,5.64,5.73,5.61,5.71,5.63,0.08,1.421,944423.11,536666.263,0.2406,0.79,4.6017,0.4783,1.5534,7426272.6645,3925086.4015,2607243.9569,42404016.9143,22412243.3526
601328.SH,20231102,5.74,5.8,5.71,5.76,5.71,0.05,0.8757,814971.2,470025.071,0.2076,0.66,4.642,0.4825,1.567,7426272.6645,3925086.4015,2607243.9569,42775330.5475,22608497.6726
601328.SH,20231103,5.76,5.77,5.71,5.71,5.76,-0.05,-0.8681,626451.44,358897.055,0.1596,0.51,4.6017,0.4783,1.5534,7426272.6645,3925086.4015,2607243.9569,42404016.9143,22412243.3526
601328.SH,20231106,5.7,5.74,5.65,5.66,5.71,-0.05,-0.8757,1083743.63,616209.338,0.2761,0.92,4.5614,0.4741,1.5398,7426272.6645,3925086.4015,2607243.9569,42032703.2811,22215989.0325
601328.SH,20231107,5.66,5.78,5.66,5.76,5.66,0.1,1.7668,1007952.32,578377.229,0.2568,1.1,4.642,0.4825,1.567,7426272.6645,3925086.4015,2607243.9569,42775330.5475,22608497.6726
601328.SH,20231108,5.75,5.81,5.74,5.76,5.76,0.0,0.0,1132066.83,652932.582,0.2884,1.26,4.642,0.4825,1.567,7426272.6645,3925086.4015,2607243.9569,42775330.5475,22608497.6726
601328.SH,20231109,5.77,5.85,5.75,5.81,5.76,0.05,0.8681,986885.56,574394.134,0.2514,1.06,4.6823,0.4867,1.5806,7426272.6645,3925086.4015,2607243.9569,43146644.1807,22804751.9927
601328.SH,20231110,5.8,5.89,5.79,5.82,5.81,0.01,0.1721,1084589.39,631731.605,0.2763,1.12,4.6903,0.4875,1.5833,7426272.6645,3925086.4015,2607243.9569,43220906.9074,22844002.8567
601328.SH,20231113,5.82,5.82,5.72,5.78,5.82,-0.04,-0.6873,713988.19,411575.817,0.1819,0.67,4.6581,0.4841,1.5724,7426272.6645,3925086.4015,2607243.9569,42923856.0008,22686999.4007
601328.SH,20231114,5.81,5.87,5.78,5.79,5.78,0.01,0.173,698963.93,405697.262,0.1781,0.71,4.6662,0.485,1.5751,7426272.6645,3925086.4015,2607243.9569,42998118.7275,22726250.2647
601328.SH,20231115,5.83,5.83,5.77,5.81,5.79,0.02,0.3454,544985.93,316141.424,0.1388,0.59,4.6823,0.4867,1.5806,7426272.6645,3925086.4015,2607243.9569,43146644.1807,22804751.9927
601328.SH,20231116,5.81,5.84,5.8,5.82,5.81,0.01,0.1721,679250.33,395727.027,0.1731,0.84,4.6903,0.4875,1.5833,7426272.6645,3925086.4015,2607243.9569,43220906.9074,22844002.8567
601328.SH,20231117,5.81,5.83,5.77,5.79,5.82,-0.03,-0.5155,737805.63,427277.223,0.188,0.99,4.6662,0.485,1.5751,7426272.6645,3925086.4015,2607243.9569,42998118.7275,22726250.2647
601328.SH,20231120,5.81,5.85,5.77,5.85,5.79,0.06,1.0363,787838.65,458081.721,0.2007,1.17,4.7145,0.49,1.5915,7426272.6645,3925086.4015,2607243.9569,43443695.0873,22961755.4488
601328.SH,20231121,5.86,5.88,5.83,5.84,5.85,-0.01,-0.1709,782604.73,458349.385,0.1994,1.13,4.7064,0.4892,1.5888,7426272.6645,3925086.4015,2607243.9569,43369432.3607,22922504.5848
601328.SH,20231122,5.84,5.88,5.82,5.87,5.84,0.03,0.5137,995571.23,583604.52,0.2536,1.41,4.7306,0.4917,1.5969,7426272.6645,3925086.4015,2607243.9569,43592220.5406,23040257.1768
601328.SH,20231123,5.86,5.88,5.83,5.84,5.87,-0.03,-0.5111,730755.01,427394.553,0.1862,0.92,4.7064,0.4892,1.5888,7426272.6645,3925086.4015,2607243.9569,43369432.3607,22922504.5848
601328.SH,20231124,5.84,5.87,5.82,5.84,5.84,0.0,0.0,715812.73,418376.155,0.1824,0.89,4.7064,0.4892,1.5888,7426272.6645,3925086.4015,2607243.9569,43369432.3607,22922504.5848
601328.SH,20231127,5.84,5.85,5.77,5.83,5.84,-0.01,-0.1712,1044076.73,605964.166,0.266,1.3,4.6984,0.4883,1.586,7426272.6645,3925086.4015,2607243.9569,43295169.634,22883253.7207
601328.SH,20231128,5.83,5.84,5.77,5.77,5.83,-0.06,-1.0292,962310.7,556811.547,0.2452,1.13,4.65,0.4833,1.5697,7426272.6645,3925086.4015,2607243.9569,42849593.2742,22647748.5367
601328.SH,20231129,5.78,5.79,5.7,5.72,5.77,-0.05,-0.8666,1197924.73,687158.302,0.3052,1.35,4.6097,0.4791,1.5561,7426272.6645,3925086.4015,2607243.9569,42478279.6409,22451494.2166
601328.SH,20231130,5.73,5.84,5.72,5.84,5.72,0.12,2.0979,1752576.6,1017885.163,0.4465,1.88,4.7064,0.4892,1.5888,7426272.6645,3925086.4015,2607243.9569,43369432.3607,22922504.5848
601328.SH,20231201,5.84,5.87,5.77,5.78,5.84,-0.06,-1.0274,1032426.89,599596.635,0.263,0.91,4.6581,0.4841,1.5724,7426272.6645,3925086.4015,2607243.9569,42923856.0008,22686999.4007
601328.SH,20231204,5.8,5.83,5.78,5.8,5.78,0.02,0.346,815208.13,473196.455,0.2077,0.68,4.6742,0.4858,1.5779,7426272.6645,3925086.4015,2607243.9569,43072381.4541,22765501.1287
601328.SH,20231205,5.8,5.83,5.77,5.77,5.8,-0.03,-0.5172,915168.6,530781.654,0.2332,0.79,4.65,0.4833,1.5697,7426272.6645,3925086.4015,2607243.9569,42849593.2742,22647748.5367
601328.SH,20231206,5.78,5.79,5.62,5.71,5.77,-0.06,-1.0399,1227416.32,700742.502,0.3127,1.07,4.6017,0.4783,1.5534,7426272.6645,3925086.4015,2607243.9569,42404016.9143,22412243.3526
601328.SH,20231207,5.71,5.75,5.67,5.72,5.71,0.01,0.1751,904370.25,516886.749,0.2304,0.79,4.6097,0.4791,1.5561,7426272.6645,3925086.4015,2607243.9569,42478279.6409,22451494.2166
601328.SH,20231208,5.72,5.75,5.68,5.71,5.72,-0.01,-0.1748,1115347.87,638027.529,0.2842,1.14,4.6017,0.4783,1.5534,7426272.6645,3925086.4015,2607243.9569,42404016.9143,22412243.3526
601328.SH,20231211,5.71,5.73,5.6,5.73,5.71,0.02,0.3503,1378720.86,781355.033,0.3513,1.38,4.6178,0.48,1.5588,7426272.6645,3925086.4015,2607243.9569,42552542.3676,22490745.0806
601328.SH,20231212,5.71,5.84,5.69,5.83,5.73,0.1,1.7452,1528993.7,886182.147,0.3895,1.38,4.6984,0.4883,1.586,7426272.6645,3925086.4015,2607243.9569,43295169.634,22883253.7207
601328.SH,20231213,5.82,5.86,5.81,5.83,5.83,0.0,0.0,1216037.36,710186.804,0.3098,0.99,4.6984,0.4883,1.586,7426272.6645,3925086.4015,2607243.9569,43295169.634,22883253.7207
601328.SH,20231214,5.83,5.84,5.75,5.82,5.83,-0.01,-0.1715,1005641.96,583704.65,0.2562,0.82,4.6903,0.4875,1.5833,7426272.6645,3925086.4015,2607243.9569,43220906.9074,22844002.8567
601328.SH,20231215,5.83,5.83,5.73,5.73,5.82,-0.09,-1.5464,892833.86,515019.4,0.2275,0.71,4.6178,0.48,1.5588,7426272.6645,3925086.4015,2607243.9569,42552542.3676,22490745.0806
601328.SH,20231218,5.73,5.83,5.7,5.8,5.73,0.07,1.2216,1133445.66,655330.331,0.2888,0.94,4.6742,0.4858,1.5779,7426272.6645,3925086.4015,2607243.9569,43072381.4541,22765501.1287
601328.SH,20231219,5.79,5.83,5.77,5.79,5.8,-0.01,-0.1724,761583.52,441147.546,0.194,0.66,4.6662,0.485,1.5751,7426272.6645,3925086.4015,2607243.9569,42998118.7275,22726250.2647
601328.SH,20231220,5.8,5.83,5.77,5.78,5.79,-0.01,-0.1727,749590.89,435012.909,0.191,0.75,4.6581,0.4841,1.5724,7426272.6645,3925086.4015,2607243.9569,42923856.0008,22686999.4007
601328.SH,20231221,5.77,5.79,5.74,5.77,5.78,-0.01,-0.173,940306.96,541948.863,0.2396,1.03,4.65,0.4833,1.5697,7426272.6645,3925086.4015,2607243.9569,42849593.2742,22647748.5367
601328.SH,20231222,5.78,5.81,5.77,5.78,5.77,0.01,0.1733,759241.61,439625.339,0.1934,0.85,4.6581,0.4841,1.5724,7426272.6645,3925086.4015,2607243.9569,42923856.0008,22686999.4007
601328.SH,20231225,5.78,5.8,5.76,5.78,5.78,0.0,0.0,494448.35,285806.458,0.126,0.57,4.6581,0.4841,1.5724,7426272.6645,3925086.4015,2607243.9569,42923856.0008,22686999.4007
601328.SH,20231226,5.79,5.81,5.77,5.78,5.78,0.0,0.0,650046.06,376184.452,0.1656,0.88,4.6581,0.4841,1.5724,7426272.6645,3925086.4015,2607243.9569,42923856.0008,22686999.4007
601328.SH,20231227,5.77,5.82,5.74,5.81,5.78,0.03,0.519,1083588.11,626585.73,0.2761,1.51,4.6823,0.4867,1.5806,7426272.6645,3925086.4015,2607243.9569,43146644.1807,22804751.9927
601328.SH,20231228,5.81,5.85,5.73,5.74,5.81,-0.07,-1.2048,1755363.74,1014092.553,0.4472,2.23,4.6259,0.4808,1.5615,7426272.6645,3925086.4015,2607243.9569,42626805.0942,22529995.9446
601328.SH,20231229,5.74,5.76,5.72,5.74,5.74,0.0,0.0,879965.65,505532.52,0.2242,0.93,4.6259,0.4808,1.5615,7426272.6645,3925086.4015,2607243.9569,42626805.0942,22529995.9446
601328.SH,20240102,5.76,5.82,5.74,5.78,5.74,0.04,0.6969,1252777.92,725441.819,0.3192,1.29,4.6581,0.4841,1.5724,7426272.6645,3925086.4015,2607243.9569,42923856.0008,22686999.4007
601328.SH,20240103,5.78,5.86,5.77,5.85,5.78,0.07,1.2111,1564273.05,912662.451,0.3985,1.39,4.7145,0.49,1.5915,7426272.6645,3925086.4015,2607243.9569,43443695.0873,22961755.4488
601328.SH,20240104,5.84,5.9,5.84,5.9,5.85,0.05,0.8547,1263684.59,741997.555,0.322,0.97,4.7548,0.4942,1.6051,7426272.6645,3925086.4015,2607243.9569,43815008.7206,23158009.7689
601328.SH,20240105,5.89,5.98,5.88,5.91,5.9,0.01,0.1695,1362115.74,808284.867,0.347,1.01,4.7629,0.495,1.6078,7426272.6645,3925086.4015,2607243.9569,43889271.4472,23197260.6329
601328.SH,20240108,5.9,5.95,5.85,5.89,5.91,-0.02,-0.3384,1078441.54,635327.397,0.2748,0.85,4.7467,0.4934,1.6024,7426272.6645,3925086.4015,2607243.9569,43740745.9939,23118758.9048
601328.SH,20240109,5.87,5.9,5.81,5.88,5.89,-0.01,-0.1698,984830.58,576699.973,0.2509,0.76,4.7387,0.4925,1.5996,7426272.6645,3925086.4015,2607243.9569,43666483.2673,23079508.0408
601328.SH,20240110,5.87,5.93,5.84,5.84,5.88,-0.04,-0.6803,790094.51,463610.158,0.2013,0.63,4.7064,0.4892,1.5888,7426272.6645,3925086.4015,2607243.9569,43369432.3607,22922504.5848
601328.SH,20240111,5.84,5.84,5.75,5.75,5.84,-0.09,-1.5411,1429723.19,828404.503,0.3643,1.3,4.6339,0.4816,1.5643,7426272.6645,3925086.4015,2607243.9569,42701067.8209,22569246.8086
601328.SH,20240112,5.75,5.83,5.75,5.81,5.75,0.06,1.0435,1051750.81,610058.255,0.268,0.93,4.6823,0.4867,1.5806,7426272.6645,3925086.4015,2607243.9569,43146644.1807,22804751.9927
601328.SH,20240115,5.82,5.84,5.78,5.83,5.81,0.02,0.3442,911630.69,530401.928,0.2323,0.85,4.6984,0.4883,1.586,7426272.6645,3925086.4015,2607243.9569,43295169.634,22883253.7207
601328.SH,20240116,5.81,5.87,5.8,5.85,5.83,0.02,0.3431,1202292.36,702211.617,0.3063,1.16,4.7145,0.49,1.5915,7426272.6645,3925086.4015,2607243.9569,43443695.0873,22961755.4488
601328.SH,20240117,5.85,5.89,5.8,5.8,5.85,-0.05,-0.8547,1500743.08,876332.956,0.3823,1.39,4.6742,0.4858,1.5779,7426272.6645,3925086.4015,2607243.9569,43072381.4541,22765501.1287
601328.SH,20240118,5.79,5.82,5.62,5.79,5.8,-0.01,-0.1724,2724693.61,1556634.116,0.6942,2.23,4.6662,0.485,1.5751,7426272.6645,3925086.4015,2607243.9569,42998118.7275,22726250.2647
601328.SH,20240119,5.76,5.79,5.68,5.77,5.79,-0.02,-0.3454,1476813.83,848467.508,0.3763,1.0,4.65,0.4833,1.5697,7426272.6645,3925086.4015,2607243.9569,42849593.2742,22647748.5367
601328.SH,20240122,5.77,5.82,5.73,5.77,5.77,0.0,0.0,2199733.62,1273837.167,0.5604,1.41,4.65,0.4833,1.5697,7426272.6645,3925086.4015,2607243.9569,42849593.2742,22647748.5367
601328.SH,20240123,5.76,5.78,5.72,5.75,5.77,-0.02,-0.3466,1174640.32,674754.623,0.2993,0.65,4.6339,0.4816,1.5643,7426272.6645,3925086.4015,2607243.9569,42701067.8209,22569246.8086
601328.SH,20240124,5.76,5.86,5.75,5.84,5.75,0.09,1.5652,1832575.51,1064419.708,0.4669,1.01,4.7064,0.4892,1.5888,7426272.6645,3925086.4015,2607243.9569,43369432.3607,22922504.5848
601328.SH,20240125,5.87,5.92,5.84,5.9,5.84,0.06,1.0274,1792120.06,1054502.354,0.4566,0.95,4.7548,0.4942,1.6051,7426272.6645,3925086.4015,2607243.9569,43815008.7206,23158009.7689
601328.SH,20240126,5.89,5.98,5.87,5.97,5.9,0.07,1.1864,2093861.5,1242152.044,0.5335,1.24,4.8112,0.5001,1.6241,7426272.6645,3925086.4015,2607243.9569,44334847.8071,23432765.817
601328.SH,20240129,5.99,6.09,5.98,6.04,5.97,0.07,1.1725,1888490.38,1139529.519,0.4811,1.04,4.8676,0.5059,1.6432,7426272.6645,3925086.4015,2607243.9569,44854686.8936,23707521.8651
601328.SH,20240130,6.03,6.07,5.95,5.99,6.04,-0.05,-0.8278,1335790.69,803415.134,0.3403,0.76,4.8273,0.5017,1.6296,7426272.6645,3925086.4015,2607243.9569,44483373.2604,23511267.545
601328.SH,20240131,5.98,6.03,5.94,6.0,5.99,0.01,0.1669,1446518.06,866234.311,0.3685,0.81,4.8354,0.5026,1.6323,7426272.6645,3925086.4015,2607243.9569,44557635.987,23550518.409
601328.SH,20240201,6.0,6.02,5.96,5.98,6.0,-0.02,-0.3333,1385471.23,830037.964,0.353,0.81,4.8193,0.5009,1.6268,7426272.6645,3925086.4015,2607243.9569,44409110.5337,23472016.681
601328.SH,20240202,5.99,6.08,5.95,6.03,5.98,0.05,0.8361,2118992.21,1278790.246,0.5399,1.3,4.8596,0.5051,1.6404,7426272.6645,3925086.4015,2607243.9569,44780424.1669,23668271.001
601328.SH,20240205,6.04,6.17,6.03,6.15,6.03,0.12,1.99,3023243.53,1849516.924,0.7702,1.85,4.9563,0.5151,1.6731,7426272.6645,3925086.4015,2607243.9569,45671576.8867,24139281.3692
601328.SH,20240206,6.15,6.25,6.14,6.19,6.15,0.04,0.6504,2405458.06,1489298.27,0.6128,1.29,4.9885,0.5185,1.684,7426272.6645,3925086.4015,2607243.9569,45968627.7933,24296284.8253
601328.SH,20240207,6.19,6.2,5.93,6.08,6.19,-0.11,-1.7771,3164610.64,1917362.55,0.8063,1.52,4.8999,0.5093,1.654,7426272.6645,3925086.4015,2607243.9569,45151737.8002,23864525.3211
601328.SH,20240208,6.05,6.06,5.91,6.01,6.08,-0.07,-1.1513,2322342.01,1384570.499,0.5917,0.96,4.8434,0.5034,1.635,7426272.6645,3925086.4015,2607243.9569,44631898.7136,23589769.273
601328.SH,20240219,6.01,6.25,6.0,6.25,6.01,0.24,3.9933,2601134.95,1603919.266,0.6627,1.0,5.0369,0.5235,1.7003,7426272.6645,3925086.4015,2607243.9569,46414204.1531,24531790.0094
601328.SH,20240220,6.28,6.38,6.22,6.35,6.25,0.1,1.6,1353028.74,854369.04,0.3447,0.5,5.1175,0.5319,1.7275,7426272.6645,3925086.4015,2607243.9569,47156831.4196,24924298.6495
601328.SH,20240221,6.32,6.46,6.31,6.41,6.35,0.06,0.9449,1564625.1,1001759.059,0.3986,0.66,5.1658,0.5369,1.7438,7426272.6645,3925086.4015,2607243.9569,47602407.7794,25159803.8336
601328.SH,20240222,6.43,6.43,6.36,6.4,6.41,-0.01,-0.156,981176.81,627735.519,0.25,0.45,5.1577,0.5361,1.7411,7426272.6645,3925086.4015,2607243.9569,47528145.0528,25120552.9696
601328.SH,20240223,6.41,6.53,6.4,6.49,6.4,0.09,1.4063,1238678.23,803588.053,0.3156,0.7,5.2303,0.5436,1.7656,7426272.6645,3925086.4015,2607243.9569,48196509.5926,25473810.7457
601328.SH,20240226,6.48,6.49,6.28,6.29,6.49,-0.2,-3.0817,1278177.51,813627.019,0.3256,0.83,5.0691,0.5269,1.7112,7426272.6645,3925086.4015,2607243.9569,46711255.0597,24688793.4654
601328.SH,20240227,6.27,6.37,6.26,6.29,6.29,0.0,0.0,940019.24,592575.307,0.2395,0.73,5.0691,0.5269,1.7112,7426272.6645,3925086.4015,2607243.9569,46711255.0597,24688793.4654
601328.SH,20240228,6.25,6.32,6.19,6.26,6.29,-0.03,-0.4769,1331671.28,833409.748,0.3393,1.11,5.0449,0.5243,1.703,7426272.6645,3925086.4015,2607243.9569,46488466.8798,24571040.8734
601328.SH,20240229,6.26,6.3,6.23,6.27,6.26,0.01,0.1597,1192632.67,746690.598,0.3038,1.03,5.053,0.5252,1.7057,7426272.6645,3925086.4015,2607243.9569,46562729.6064,24610291.7374
601328.SH,20240301,6.26,6.33,6.24,6.32,6.27,0.05,0.7974,1088114.0,684656.162,0.2772,0.91,5.0933,0.5294,1.7193,7426272.6645,3925086.4015,2607243.9569,46934043.2396,24806546.0575
601328.SH,20240304,6.31,6.32,6.23,6.26,6.32,-0.06,-0.9494,1188117.02,744275.595,0.3027,1.02,5.0449,0.5243,1.703,7426272.6645,3925086.4015,2607243.9569,46488466.8798,24571040.8734
601328.SH,20240305,6.27,6.43,6.25,6.4,6.26,0.14,2.2364,1512390.18,962397.962,0.3853,1.32,5.1577,0.5361,1.7411,7426272.6645,3925086.4015,2607243.9569,47528145.0528,25120552.9696
601328.SH,20240306,6.41,6.46,6.32,6.32,6.4,-0.08,-1.25,1030969.0,657916.384,0.2627,0.82,5.0933,0.5294,1.7193,7426272.6645,3925086.4015,2607243.9569,46934043.2396,24806546.0575
601328.SH,20240307,6.32,6.38,6.31,6.37,6.32,0.05,0.7911,888516.63,564112.871,0.2264,0.74,5.1336,0.5336,1.7329,7426272.6645,3925086.4015,2607243.9569,47305356.8729,25002800.3776
601328.SH,20240308,6.36,6.41,6.33,6.35,6.37,-0.02,-0.314,653975.25,416039.907,0.1666,0.57,5.1175,0.5319,1.7275,7426272.6645,3925086.4015,2607243.9569,47156831.4196,24924298.6495
601328.SH,20240311,6.36,6.39,6.31,6.34,6.35,-0.01,-0.1575,855821.33,542599.784,0.218,0.81,5.1094,0.531,1.7248,7426272.6645,3925086.4015,2607243.9569,47082568.6929,24885047.7855
601328.SH,20240312,6.34,6.34,6.2,6.22,6.34,-0.12,-1.8927,1345667.89,842099.833,0.3428,1.36,5.0127,0.521,1.6921,7426272.6645,3925086.4015,2607243.9569,46191415.9732,24414037.4173
601328.SH,20240313,6.21,6.22,6.17,6.2,6.22,-0.02,-0.3215,848050.82,525366.753,0.2161,0.89,4.9966,0.5193,1.6867,7426272.6645,3925086.4015,2607243.9569,46042890.5199,24335535.6893
601328.SH,20240314,6.19,6.26,6.18,6.19,6.2,-0.01,-0.1613,756668.58,469955.462,0.1928,0.82,4.9885,0.5185,1.684,7426272.6645,3925086.4015,2607243.9569,45968627.7933,24296284.8253
601328.SH,20240315,6.2,6.21,6.17,6.19,6.19,0.0,0.0,691796.32,428312.562,0.1762,0.78,4.9885,0.5185,1.684,7426272.6645,3925086.4015,2607243.9569,45968627.7933,24296284.8253
601328.SH,20240318,6.18,6.22,6.16,6.18,6.19,-0.01,-0.1616,852695.69,527299.064,0.2172,0.95,4.9805,0.5176,1.6812,7426272.6645,3925086.4015,2607243.9569,45894365.0666,24257033.9613
601328.SH,20240319,6.18,6.19,6.12,6.13,6.18,-0.05,-0.8091,763534.89,469022.076,0.1945,0.85,4.9402,0.5135,1.6676,7426272.6645,3925086.4015,2607243.9569,45523051.4334,24060779.6412
601328.SH,20240320,6.12,6.21,6.1,6.21,6.13,0.08,1.3051,955677.87,589994.257,0.2435,1.22,5.0046,0.5202,1.6894,7426272.6645,3925086.4015,2607243.9569,46117153.2465,24374786.5533
601328.SH,20240321,6.22,6.25,6.18,6.22,6.21,0.01,0.161,723556.09,450190.29,0.1843,0.9,5.0127,0.521,1.6921,7426272.6645,3925086.4015,2607243.9569,46191415.9732,24414037.4173
601328.SH,20240322,6.23,6.25,6.18,6.24,6.22,0.02,0.3215,846883.64,526916.606,0.2158,1.06,5.0288,0.5227,1.6976,7426272.6645,3925086.4015,2607243.9569,46339941.4265,24492539.1454
601328.SH,20240325,6.22,6.32,6.22,6.28,6.24,0.04,0.641,1130999.15,709991.519,0.2881,1.37,5.061,0.526,1.7085,7426272.6645,3925086.4015,2607243.9569,46636992.3331,24649542.6014
601328.SH,20240326,6.31,6.35,6.27,6.35,6.28,0.07,1.1146,1084124.71,684699.313,0.2762,1.23,5.1175,0.5319,1.7275,7426272.6645,3925086.4015,2607243.9569,47156831.4196,24924298.6495
601328.SH,20240327,6.35,6.48,6.34,6.43,6.35,0.08,1.2598,1456616.24,935700.3,0.3711,1.54,5.1819,0.5386,1.7493,7426272.6645,3925086.4015,2607243.9569,47750933.2327,25238305.5616
601328.SH,20240328,6.41,6.41,6.23,6.25,6.43,-0.18,-2.7994,2187728.48,1372193.988,0.5574,2.09,5.0054,0.5082,1.8018,7426272.6645,3925086.4015,2607242.0269,46414204.1531,24531790.0094
601328.SH,20240329,6.24,6.37,6.24,6.34,6.25,0.09,1.44,1182375.52,748914.418,0.3012,0.88,5.0775,0.5156,1.8278,7426272.6645,3925086.4015,2607242.0269,47082568.6929,24885047.7855
601328.SH,20240401,6.35,6.49,6.33,6.48,6.34,0.14,2.2082,1329909.91,855126.348,0.3388,0.94,5.1896,0.5269,1.8681,7426272.6645,3925086.4015,2607242.0269,48122246.866,25434559.8817
601328.SH,20240402,6.47,6.53,6.45,6.5,6.48,0.02,0.3086,1057572.64,686408.949,0.2694,0.73,5.2056,0.5286,1.8739,7426272.6645,3925086.4015,2607242.0269,48270772.3193,25513061.6098
601328.SH,20240403,6.49,6.55,6.46,6.51,6.5,0.01,0.1538,959538.01,624992.128,0.2445,0.67,5.2136,0.5294,1.8768,7426272.6645,3925086.4015,2607242.0269,48345035.0459,25552312.4738
601328.SH,20240408,6.5,6.57,6.46,6.55,6.51,0.04,0.6144,1001818.51,655200.248,0.2552,0.75,5.2457,0.5326,1.8883,7426272.6645,3925086.4015,2607242.0269,48642085.9525,25709315.9298
601328.SH,20240409,6.56,6.58,6.49,6.51,6.55,-0.04,-0.6107,958427.0,625272.759,0.2442,0.87,5.2136,0.5294,1.8768,7426272.6645,3925086.4015,2607242.0269,48345035.0459,25552312.4738
601328.SH,20240410,6.5,6.6,6.5,6.57,6.51,0.06,0.9217,931574.56,611382.302,0.2373,0.88,5.2617,0.5343,1.8941,7426272.6645,3925086.4015,2607242.0269,48790611.4058,25787817.6579
601328.SH,20240411,6.53,6.6,6.49,6.57,6.57,0.0,0.0,816901.64,535503.807,0.2081,0.83,5.2617,0.5343,1.8941,7426272.6645,3925086.4015,2607242.0269,48790611.4058,25787817.6579
601328.SH,20240412,6.56,6.59,6.51,6.55,6.57,-0.02,-0.3044,995313.76,653030.804,0.2536,1.07,5.2457,0.5326,1.8883,7426272.6645,3925086.4015,2607242.0269,48642085.9525,25709315.9298
601328.SH,20240415,6.54,6.69,6.54,6.68,6.55,0.13,1.9847,1294194.72,859687.757,0.3297,1.38,5.3498,0.5432,1.9258,7426272.6645,3925086.4015,2607242.0269,49607501.3989,26219577.162
601328.SH,20240416,6.66,6.76,6.63,6.7,6.68,0.02,0.2994,1557827.82,1045574.141,0.3969,1.56,5.3658,0.5448,1.9316,7426272.6645,3925086.4015,2607242.0269,49756026.8522,26298078.8901
601328.SH,20240417,6.68,6.78,6.61,6.76,6.7,0.06,0.8955,1313524.8,880361.536,0.3346,1.17,5.4139,0.5497,1.9489,7426272.6645,3925086.4015,2607242.0269,50201603.212,26533584.0741
601328.SH,20240418,6.76,6.95,6.75,6.85,6.76,0.09,1.3314,1564274.37,1072352.14,0.3985,1.31,5.4859,0.557,1.9748,7426272.6645,3925086.4015,2607242.0269,50869967.7518,26886841.8503
601328.SH,20240419,6.81,6.94,6.81,6.9,6.85,0.05,0.7299,1146859.13,790449.306,0.2922,0.85,5.526,0.5611,1.9892,7426272.6645,3925086.4015,2607242.0269,51241281.3851,27083096.1704
601328.SH,20240422,6.94,7.04,6.8,6.84,6.9,-0.06,-0.8696,1491442.78,1028358.342,0.38,1.08,5.4779,0.5562,1.9719,7426272.6645,3925086.4015,2607242.0269,50795705.0252,26847590.9863
601328.SH,20240423,6.85,7.0,6.81,6.92,6.84,0.08,1.1696,1476823.42,1021969.12,0.3763,1.04,5.542,0.5627,1.995,7426272.6645,3925086.4015,2607242.0269,51389806.8383,27161597.8984
601328.SH,20240424,6.95,6.96,6.88,6.91,6.92,-0.01,-0.1445,783701.23,542534.688,0.1997,0.56,5.534,0.5619,1.9921,7426272.6645,3925086.4015,2607242.0269,51315544.1117,27122347.0344
601328.SH,20240425,6.92,6.96,6.84,6.94,6.91,0.03,0.4342,790835.96,546187.15,0.2015,0.61,5.558,0.5643,2.0008,7426272.6645,3925086.4015,2607242.0269,51538332.2916,27240099.6264
601328.SH,20240426,6.92,7.0,6.83,6.85,6.94,-0.09,-1.2968,1226766.67,846098.44,0.3125,1.08,5.4859,0.557,1.9748,7426272.6645,3925086.4015,2607242.0269,50869967.7518,26886841.8503
601328.SH,20240429,6.85,6.88,6.78,6.8,6.85,-0.05,-0.7299,1620884.48,1107103.83,0.413,1.4,5.4459,0.5373,1.9604,7426272.6645,3925086.4015,2607243.9569,50498654.1186,26690587.5302
601328.SH,20240430,6.81,6.94,6.81,6.88,6.8,0.08,1.1765,1338892.42,921661.735,0.3411,1.13,5.51,0.5437,1.9835,7426272.6645,3925086.4015,2607243.9569,51092755.9318,27004594.4423
601328.SH,20240506,6.92,6.96,6.77,6.79,6.88,-0.09,-1.3081,1699405.17,1159342.197,0.433,1.47,5.4379,0.5366,1.9575,7426272.6645,3925086.4015,2607243.9569,50424391.392,26651336.6662
601328.SH,20240507,6.79,6.84,6.75,6.83,6.79,0.04,0.5891,1091277.51,740777.237,0.278,0.82,5.4699,0.5397,1.969,7426272.6645,3925086.4015,2607243.9569,50721442.2985,26808340.1222
601328.SH,20240508,6.81,6.95,6.8,6.93,6.83,0.1,1.4641,1265732.9,873314.513,0.3225,0.91,5.55,0.5476,1.9979,7426272.6645,3925086.4015,2607243.9569,51464069.565,27200848.7624
601328.SH,20240509,6.91,6.94,6.86,6.89,6.93,-0.04,-0.5772,833037.37,574663.355,0.2122,0.59,5.518,0.5445,1.9863,7426272.6645,3925086.4015,2607243.9569,51167018.6584,27043845.3063
601328.SH,20240510,6.89,6.96,6.87,6.94,6.89,0.05,0.7257,977729.29,677400.412,0.2491,0.78,5.558,0.5484,2.0008,7426272.6645,3925086.4015,2607243.9569,51538332.2916,27240099.6264
601328.SH,20240513,6.95,7.0,6.89,6.99,6.94,0.05,0.7205,977563.93,680027.323,0.2491,0.83,5.5981,0.5524,2.0152,7426272.6645,3925086.4015,2607243.9569,51909645.9249,27436353.9465
601328.SH,20240514,6.99,7.0,6.9,6.93,6.99,-0.06,-0.8584,1048695.53,727159.893,0.2672,1.02,5.55,0.5476,1.9979,7426272.6645,3925086.4015,2607243.9569,51464069.565,27200848.7624
601328.SH,20240515,6.92,6.95,6.88,6.91,6.93,-0.02,-0.2886,480971.21,332569.608,0.1225,0.47,5.534,0.546,1.9921,7426272.6645,3925086.4015,2607243.9569,51315544.1117,27122347.0344
601328.SH,20240516,6.92,6.98,6.89,6.97,6.91,0.06,0.8683,916143.37,636668.723,0.2334,1.06,5.582,0.5508,2.0094,7426272.6645,3925086.4015,2607243.9569,51761120.4716,27357852.2185
601328.SH,20240517,6.97,7.03,6.93,7.03,6.97,0.06,0.8608,995826.84,695156.47,0.2537,1.13,5.6301,0.5555,2.0267,7426272.6645,3925086.4015,2607243.9569,52206696.8314,27593357.4025
601328.SH,20240520,7.03,7.14,6.98,6.99,7.03,-0.04,-0.569,1470389.87,1034239.286,0.3746,1.66,5.5981,0.5524,2.0152,7426272.6645,3925086.4015,2607243.9569,51909645.9249,27436353.9465
601328.SH,20240521,6.98,7.05,6.96,7.04,6.99,0.05,0.7153,840591.77,588836.463,0.2142,0.86,5.6381,0.5563,2.0296,7426272.6645,3925086.4015,2607243.9569,52280959.5581,27632608.2666
601328.SH,20240522,7.04,7.12,7.02,7.09,7.04,0.05,0.7102,887861.46,628947.335,0.2262,0.94,5.6781,0.5603,2.044,7426272.6645,3925086.4015,2607243.9569,52652273.1913,27828862.5866
601328.SH,20240523,7.09,7.12,7.04,7.07,7.09,-0.02,-0.2821,728615.9,515767.099,0.1856,0.71,5.6621,0.5587,2.0382,7426272.6645,3925086.4015,2607243.9569,52503747.738,27750360.8586
601328.SH,20240524,7.08,7.12,7.02,7.03,7.07,-0.04,-0.5658,846994.81,598912.659,0.2158,0.86,5.6301,0.5555,2.0267,7426272.6645,3925086.4015,2607243.9569,52206696.8314,27593357.4025
601328.SH,20240527,7.03,7.12,7.03,7.1,7.03,0.07,0.9957,882028.46,624677.096,0.2247,0.92,5.6862,0.5611,2.0469,7426272.6645,3925086.4015,2607243.9569,52726535.918,27868113.4507
601328.SH,20240528,7.11,7.16,7.06,7.09,7.1,-0.01,-0.1408,794854.78,563777.884,0.2025,0.95,5.6781,0.5603,2.044,7426272.6645,3925086.4015,2607243.9569,52652273.1913,27828862.5866
601328.SH,20240529,7.08,7.13,7.05,7.08,7.09,-0.01,-0.141,881482.62,624523.661,0.2246,1.06,5.6701,0.5595,2.0411,7426272.6645,3925086.4015,2607243.9569,52578010.4647,27789611.7226
601328.SH,20240530,7.07,7.09,6.97,6.98,7.08,-0.1,-1.4124,949368.57,666713.427,0.2419,1.15,5.59,0.5516,2.0123,7426272.6645,3925086.4015,2607243.9569,51835383.1982,27397103.0825
601328.SH,20240531,7.01,7.09,6.98,7.05,6.98,0.07,1.0029,1034285.95,730019.79,0.2635,1.19,5.6461,0.5571,2.0325,7426272.6645,3925086.4015,2607243.9569,52355222.2847,27671859.1306
601328.SH,20240603,7.08,7.15,7.04,7.09,7.05,0.04,0.5674,1381203.45,980559.477,0.3519,1.52,5.6781,0.5603,2.044,7426272.6645,3925086.4015,2607243.9569,52652273.1913,27828862.5866
601328.SH,20240604,7.1,7.23,7.08,7.21,7.09,0.12,1.6925,1512301.27,1084448.281,0.3853,1.5,5.7742,0.5697,2.0786,7426272.6645,3925086.4015,2607243.9569,53543425.911,28299872.9548
601328.SH,20240605,7.2,7.24,7.17,7.21,7.21,0.0,0.0,1068082.51,768776.91,0.2721,0.93,5.7742,0.5697,2.0786,7426272.6645,3925086.4015,2607243.9569,53543425.911,28299872.9548
601328.SH,20240606,7.2,7.24,7.17,7.18,7.21,-0.03,-0.4161,1108270.36,798448.769,0.2824,0.93,5.7502,0.5674,2.0699,7426272.6645,3925086.4015,2607243.9569,53320637.7311,28182120.3628
601328.SH,20240607,7.18,7.37,7.17,7.36,7.18,0.18,2.507,1757002.22,1284554.992,0.4476,1.44,5.8944,0.5816,2.1218,7426272.6645,3925086.4015,2607243.9569,54657366.8107,28888635.915
601328.SH,20240611,7.36,7.38,7.1,7.15,7.36,-0.21,-2.8533,1946361.06,1399328.483,0.4959,1.43,5.7262,0.565,2.0613,7426272.6645,3925086.4015,2607243.9569,53097849.5512,28064367.7707
601328.SH,20240612,7.14,7.15,6.99,7.13,7.15,-0.02,-0.2797,1568463.29,1110358.522,0.3996,1.06,5.7102,0.5634,2.0555,7426272.6645,3925086.4015,2607243.9569,52949324.0979,27985866.0427
601328.SH,20240613,7.13,7.15,7.03,7.04,7.13,-0.09,-1.2623,1470935.05,1041698.391,0.3748,0.99,5.6381,0.5563,2.0296,7426272.6645,3925086.4015,2607243.9569,52280959.5581,27632608.2666
601328.SH,20240614,7.04,7.06,6.73,6.8,7.04,-0.24,-3.4091,5593514.93,3824614.856,1.4251,3.56,5.4459,0.5373,1.9604,7426272.6645,3925086.4015,2607243.9569,50498654.1186,26690587.5302
601328.SH,20240617,6.78,6.91,6.75,6.87,6.8,0.07,1.0294,2394076.35,1636460.441,0.6099,0.97,5.502,0.5429,1.9806,7426272.6645,3925086.4015,2607243.9569,51018493.2051,26965343.5783
601328.SH,20240618,6.84,6.96,6.75,6.94,6.87,0.07,1.0189,1806736.25,1244279.467,0.4603,0.7,5.558,0.5484,2.0008,7426272.6645,3925086.4015,2607243.9569,51538332.2916,27240099.6264
601328.SH,20240619,6.94,7.15,6.93,7.15,6.94,0.21,3.0259,1891043.01,1342745.058,0.4818,0.74,5.7262,0.565,2.0613,7426272.6645,3925086.4015,2607243.9569,53097849.5512,28064367.7707
601328.SH,20240620,7.15,7.21,7.11,7.18,7.15,0.03,0.4196,1302257.33,933796.881,0.3318,0.49,5.7502,0.5674,2.0699,7426272.6645,3925086.4015,2607243.9569,53320637.7311,28182120.3628
601328.SH,20240621,7.19,7.24,7.15,7.21,7.18,0.03,0.4178,1462302.06,1052834.309,0.3726,0.56,5.7742,0.5697,2.0786,7426272.6645,3925086.4015,2607243.9569,53543425.911,28299872.9548
601328.SH,20240624,7.21,7.31,7.18,7.27,7.21,0.06,0.8322,1636126.01,1187261.358,0.4168,0.92,5.8223,0.5745,2.0959,7426272.6645,3925086.4015,2607243.9569,53989002.2709,28535378.1389
601328.SH,20240625,7.27,7.34,7.25,7.28,7.27,0.01,0.1376,1531609.65,1118204.949,0.3902,0.95,5.8303,0.5753,2.0988,7426272.6645,3925086.4015,2607243.9569,54063264.9976,28574629.0029
601328.SH,20240626,7.3,7.36,7.28,7.33,7.28,0.05,0.6868,1351737.62,991335.916,0.3444,0.86,5.8703,0.5792,2.1132,7426272.6645,3925086.4015,2607243.9569,54434578.6308,28770883.323
601328.SH,20240627,7.35,7.48,7.27,7.44,7.33,0.11,1.5007,1736927.45,1286465.173,0.4425,1.19,5.9584,0.5879,2.1449,7426272.6645,3925086.4015,2607243.9569,55251468.6239,29202642.8272
601328.SH,20240628,7.43,7.51,7.42,7.47,7.44,0.03,0.4032,1269640.32,948562.128,0.3235,0.82,5.9825,0.5903,2.1535,7426272.6645,3925086.4015,2607243.9569,55474256.8038,29320395.4192
601328.SH,20240701,7.48,7.6,7.47,7.54,7.47,0.07,0.9371,1053855.69,794490.649,0.2685,0.7,6.0385,0.5958,2.1737,7426272.6645,3925086.4015,2607243.9569,55994095.8903,29595151.4673
601328.SH,20240702,7.53,7.67,7.52,7.64,7.54,0.1,1.3263,1157711.92,882238.004,0.295,0.83,6.1186,0.6037,2.2026,7426272.6645,3925086.4015,2607243.9569,56736723.1568,29987660.1075
601328.SH,20240703,7.64,7.72,7.53,7.62,7.64,-0.02,-0.2618,1238420.56,944674.28,0.3155,0.94,6.1026,0.6021,2.1968,7426272.6645,3925086.4015,2607243.9569,56588197.7035,29909158.3794
601328.SH,20240704,7.62,7.8,7.61,7.77,7.62,0.15,1.9685,1472936.03,1140947.052,0.3753,1.14,6.2227,0.614,2.24,7426272.6645,3925086.4015,2607243.9569,57702138.6032,30497921.3397
601328.SH,20240705,7.77,7.82,7.53,7.58,7.77,-0.19,-2.4453,1718172.41,1309837.876,0.4377,1.39,6.0706,0.599,2.1853,7426272.6645,3925086.4015,2607243.9569,56291146.7969,29752154.9234
601328.SH,20240708,7.57,7.73,7.54,7.69,7.58,0.11,1.4512,1210646.25,929993.549,0.3084,0.91,6.1587,0.6077,2.217,7426272.6645,3925086.4015,2607243.9569,57108036.79,30183914.4275
601328.SH,20240709,7.7,7.77,7.62,7.74,7.69,0.05,0.6502,1124408.54,866045.566,0.2865,0.83,6.1987,0.6116,2.2314,7426272.6645,3925086.4015,2607243.9569,57479350.4232,30380168.7476
601328.SH,20240710,7.4,7.48,7.34,7.38,7.37,0.01,0.1357,1497681.35,1107623.165,0.3816,1.11,5.9104,0.601,2.1276,7426272.6645,3925086.4015,2607243.9569,54805892.264,28967137.6431
601328.SH,20240711,7.37,7.4,7.29,7.35,7.38,-0.03,-0.4065,1081080.22,793342.259,0.2754,0.77,5.8864,0.5985,2.119,7426272.6645,3925086.4015,2607243.9569,54583104.0841,28849385.051
601328.SH,20240712,7.37,7.49,7.36,7.43,7.35,0.08,1.0884,1202456.53,894504.23,0.3064,0.91,5.9504,0.6051,2.142,7426272.6645,3925086.4015,2607243.9569,55177205.8972,29163391.9631
601328.SH,20240715,7.44,7.54,7.41,7.51,7.43,0.08,1.0767,1071241.32,802022.089,0.2729,0.88,6.0145,0.6116,2.1651,7426272.6645,3925086.4015,2607243.9569,55771307.7104,29477398.8753
601328.SH,20240716,7.52,7.6,7.42,7.49,7.51,-0.02,-0.2663,1127165.29,844361.482,0.2872,0.94,5.9985,0.6099,2.1593,7426272.6645,3925086.4015,2607243.9569,55622782.2571,29398897.1472
601328.SH,20240717,7.47,7.52,7.42,7.49,7.49,0.0,0.0,1156518.13,865029.932,0.2946,0.97,5.9985,0.6099,2.1593,7426272.6645,3925086.4015,2607243.9569,55622782.2571,29398897.1472
601328.SH,20240718,7.5,7.51,7.37,7.47,7.49,-0.02,-0.267,1246105.72,928540.484,0.3175,1.11,5.9825,0.6083,2.1535,7426272.6645,3925086.4015,2607243.9569,55474256.8038,29320395.4192
601328.SH,20240719,7.46,7.57,7.38,7.46,7.47,-0.01,-0.1339,1512324.51,1127733.238,0.3853,1.3,5.9745,0.6075,2.1507,7426272.6645,3925086.4015,2607243.9569,55399994.0772,29281144.5552
601328.SH,20240722,7.47,7.5,7.39,7.46,7.46,0.0,0.0,1152034.38,857106.791,0.2935,0.94,5.9745,0.6075,2.1507,7426272.6645,3925086.4015,2607243.9569,55399994.0772,29281144.5552
601328.SH,20240723,7.47,7.68,7.45,7.6,7.46,0.14,1.8767,1364683.17,1036178.126,0.3477,1.1,6.0866,0.6189,2.191,7426272.6645,3925086.4015,2607243.9569,56439672.2502,29830656.6514
601328.SH,20240724,7.58,7.72,7.56,7.68,7.6,0.08,1.0526,1344112.72,1031335.897,0.3424,1.04,6.1507,0.6254,2.2141,7426272.6645,3925086.4015,2607243.9569,57033774.0634,30144663.5635
601328.SH,20240725,7.69,7.71,7.47,7.58,7.68,-0.1,-1.3021,1420612.75,1075628.788,0.3619,1.07,6.0706,0.6173,2.1853,7426272.6645,3925086.4015,2607243.9569,56291146.7969,29752154.9234
601328.SH,20240726,7.56,7.58,7.31,7.46,7.58,-0.12,-1.5831,1526284.13,1128592.128,0.3889,1.12,5.9745,0.6075,2.1507,7426272.6645,3925086.4015,2607243.9569,55399994.0772,29281144.5552
601328.SH,20240729,7.47,7.52,7.37,7.5,7.46,0.04,0.5362,905125.01,676811.282,0.2306,0.66,6.0065,0.6108,2.1622,7426272.6645,3925086.4015,2607243.9569,55697044.9838,29438148.0113
601328.SH,20240730,7.51,7.55,7.44,7.5,7.5,0.0,0.0,926123.42,694330.603,0.2359,0.71,6.0065,0.6108,2.1622,7426272.6645,3925086.4015,2607243.9569,55697044.9838,29438148.0113
601328.SH,20240731,7.51,7.53,7.34,7.36,7.5,-0.14,-1.8667,1252975.44,926203.67,0.3192,1.02,5.8944,0.5994,2.1218,7426272.6645,3925086.4015,2607243.9569,54657366.8107,28888635.915
601328.SH,20240801,7.33,7.5,7.21,7.4,7.36,0.04,0.5435,1202607.58,888957.416,0.3064,1.0,5.9264,0.6026,2.1334,7426272.6645,3925086.4015,2607243.9569,54954417.7173,29045639.3711
601328.SH,20240802,7.4,7.5,7.34,7.42,7.4,0.02,0.2703,979243.49,727636.435,0.2495,0.84,5.9424,0.6042,2.1391,7426272.6645,3925086.4015,2607243.9569,55102943.1706,29124141.0991
601328.SH,20240805,7.45,7.46,7.35,7.37,7.42,-0.05,-0.6739,1174527.92,868712.876,0.2992,1.12,5.9024,0.6002,2.1247,7426272.6645,3925086.4015,2607243.9569,54731629.5374,28927886.7791
601328.SH,20240806,7.4,7.44,7.26,7.3,7.37,-0.07,-0.9498,1144863.74,837941.257,0.2917,1.03,5.8463,0.5945,2.1045,7426272.6645,3925086.4015,2607243.9569,54211790.4509,28653130.731
601328.SH,20240807,7.3,7.41,7.28,7.31,7.3,0.01,0.137,1009285.83,742659.675,0.2571,0.88,5.8543,0.5953,2.1074,7426272.6645,3925086.4015,2607243.9569,54286053.1775,28692381.595
601328.SH,20240808,7.33,7.34,7.28,7.29,7.31,-0.02,-0.2736,570516.31,416785.771,0.1454,0.52,5.8383,0.5937,2.1017,7426272.6645,3925086.4015,2607243.9569,54137527.7242,28613879.8669
601328.SH,20240809,7.28,7.34,7.23,7.32,7.29,0.03,0.4115,624288.27,456154.125,0.1591,0.64,5.8623,0.5961,2.1103,7426272.6645,3925086.4015,2607243.9569,54360315.9041,28731632.459
601328.SH,20240812,7.31,7.38,7.29,7.37,7.32,0.05,0.6831,567921.08,417539.64,0.1447,0.63,5.9024,0.6002,2.1247,7426272.6645,3925086.4015,2607243.9569,54731629.5374,28927886.7791
601328.SH,20240813,7.37,7.52,7.36,7.45,7.37,0.08,1.0855,954104.33,711553.692,0.2431,1.22,5.9665,0.6067,2.1478,7426272.6645,3925086.4015,2607243.9569,55325731.3505,29241893.6912
601328.SH,20240814,7.47,7.54,7.44,7.53,7.45,0.08,1.0738,870505.37,653326.791,0.2218,1.17,6.0305,0.6132,2.1708,7426272.6645,3925086.4015,2607243.9569,55919833.1637,29555900.6033
601328.SH,20240815,7.53,7.64,7.52,7.6,7.53,0.07,0.9296,1138524.04,863365.5,0.2901,1.59,6.0866,0.6189,2.191,7426272.6645,3925086.4015,2607243.9569,56439672.2502,29830656.6514
601328.SH,20240816,7.61,7.74,7.6,7.73,7.6,0.13,1.7105,1077018.96,828725.47,0.2744,1.3,6.1907,0.6295,2.2285,7426272.6645,3925086.4015,2607243.9569,57405087.6966,30340917.8836
601328.SH,20240819,7.71,7.94,7.68,7.92,7.73,0.19,2.458,1213655.42,950847.039,0.3092,1.32,6.3429,0.645,2.2833,7426272.6645,3925086.4015,2607243.9569,58816079.5028,31086684.2999
601328.SH,20240820,7.93,7.98,7.85,7.96,7.92,0.04,0.5051,1108327.0,879645.639,0.2824,1.05,6.3749,0.6482,2.2948,7426272.6645,3925086.4015,2607243.9569,59113130.4094,31243687.7559
601328.SH,20240821,7.94,7.99,7.84,7.96,7.96,0.0,0.0,899252.31,714298.702,0.2291,0.83,6.3749,0.6482,2.2948,7426272.6645,3925086.4015,2607243.9569,59113130.4094,31243687.7559
601328.SH,20240822,7.97,8.04,7.95,7.99,7.96,0.03,0.3769,1177186.74,942849.431,0.2999,1.08,6.3989,0.6507,2.3035,7426272.6645,3925086.4015,2607243.9569,59335918.5894,31361440.348
601328.SH,20240823,8.0,8.02,7.88,7.98,7.99,-0.01,-0.1252,943285.45,751033.666,0.2403,0.86,6.3909,0.6499,2.3006,7426272.6645,3925086.4015,2607243.9569,59261655.8627,31322189.484
601328.SH,20240826,7.96,8.0,7.88,7.95,7.98,-0.03,-0.3759,715343.68,568719.96,0.1822,0.67,6.3669,0.6474,2.2919,7426272.6645,3925086.4015,2607243.9569,59038867.6828,31204436.8919
601328.SH,20240827,7.97,8.05,7.95,8.03,7.95,0.08,1.0063,1101856.58,883316.328,0.2807,1.14,6.431,0.6539,2.315,7426272.6645,3925086.4015,2607243.9569,59632969.4959,31518443.804
601328.SH,20240828,8.03,8.06,7.9,7.94,8.03,-0.09,-1.1208,1051090.39,837792.558,0.2678,1.09,6.3589,0.6466,2.289,7426272.6645,3925086.4015,2607243.9569,58964604.9561,31165186.0279
601328.SH,20240829,7.9,7.9,7.55,7.56,7.94,-0.38,-4.7859,1809934.26,1391273.071,0.4611,1.81,6.0545,0.653,2.1795,7426272.6645,3925086.4015,2607243.9569,56142621.3436,29673653.1953
601328.SH,20240830,7.52,7.57,7.1,7.11,7.56,-0.45,-5.9524,3593001.28,2602245.063,0.9154,3.2,5.6942,0.6141,2.0498,7426272.6645,3925086.4015,2607243.9569,52800798.6446,27907364.3147
601328.SH,20240902,7.05,7.14,6.96,7.06,7.11,-0.05,-0.7032,2235521.01,1580170.811,0.5695,1.35,5.6541,0.6098,2.0353,7426272.6645,3925086.4015,2296728.4001,52429485.0114,27711109.9946
601328.SH,20240903,7.06,7.07,6.78,6.88,7.06,-0.18,-2.5496,2153528.8,1479947.96,0.5487,1.1,5.51,0.5647,1.9835,7426272.6645,3925086.4015,2296728.4001,51092755.9318,27004594.4423
601328.SH,20240904,6.84,6.92,6.76,6.81,6.88,-0.07,-1.0174,1433566.9,978167.122,0.3652,0.66,5.4539,0.5423,1.9633,7426272.6645,3925086.4015,2296728.4001,50572916.8452,26729838.3942
601328.SH,20240905,6.83,6.85,6.7,6.8,6.81,-0.01,-0.1468,1476262.61,1000583.934,0.3761,0.66,5.4459,0.5415,1.9604,7426272.6645,3925086.4015,2296728.4001,50498654.1186,26690587.5302
601328.SH,20240906,6.8,6.92,6.79,6.8,6.8,0.0,0.0,1256434.56,860377.167,0.3201,0.58,5.4459,0.5415,1.9604,7426272.6645,3925086.4015,2296728.4001,50498654.1186,26690587.5302
601328.SH,20240909,6.79,6.82,6.7,6.73,6.8,-0.07,-1.0294,1322897.98,892513.05,0.337,0.77,5.3898,0.5359,1.9402,7426272.6645,3925086.4015,2296728.4001,49978815.0321,26415831.4821
601328.SH,20240910,6.72,6.77,6.66,6.74,6.73,0.01,0.1486,1288125.65,865281.449,0.3282,0.84,5.3978,0.5367,1.9431,7426272.6645,3925086.4015,2296728.4001,50053077.7587,26455082.3461
601328.SH,20240911,6.71,6.73,6.51,6.54,6.74,-0.2,-2.9674,1636102.36,1076756.79,0.4168,1.21,5.2377,0.5208,1.8854,7426272.6645,3925086.4015,2296728.4001,48567823.2258,25670065.0658
601328.SH,20240912,6.52,6.61,6.42,6.55,6.54,0.01,0.1529,1428452.35,933551.257,0.3639,1.02,5.2457,0.5216,1.8883,7426272.6645,3925086.4015,2296728.4001,48642085.9525,25709315.9298
601328.SH,20240913,6.55,6.61,6.46,6.48,6.55,-0.07,-1.0687,1243782.24,810864.342,0.3169,0.9,5.1896,0.516,1.8681,7426272.6645,3925086.4015,2296728.4001,48122246.866,25434559.8817
601328.SH,20240918,6.49,6.57,6.48,6.55,6.48,0.07,1.0802,968879.46,632734.081,0.2468,0.7,5.2457,0.5216,1.8883,7426272.6645,3925086.4015,2296728.4001,48642085.9525,25709315.9298
601328.SH,20240919,6.57,6.6,6.48,6.55,6.55,0.0,0.0,1123670.68,734173.865,0.2863,0.86,5.2457,0.5216,1.8883,7426272.6645,3925086.4015,2296728.4001,48642085.9525,25709315.9298
601328.SH,20240920,6.54,6.63,6.53,6.59,6.55,0.04,0.6107,1400991.97,921480.024,0.3569,1.09,5.2777,0.5248,1.8998,7426272.6645,3925086.4015,2296728.4001,48939136.8591,25866319.3859
601328.SH,20240923,6.58,6.72,6.54,6.68,6.59,0.09,1.3657,1155466.65,767844.521,0.2944,0.94,5.3498,0.5319,1.9258,7426272.6645,3925086.4015,2296728.4001,49607501.3989,26219577.162
601328.SH,20240924,6.73,7.14,6.7,7.13,6.68,0.45,6.7365,2562947.75,1781325.926,0.653,2.17,5.7102,0.5678,2.0555,7426272.6645,3925086.4015,2296728.4001,52949324.0979,27985866.0427
601328.SH,20240925,7.21,7.38,7.1,7.21,7.13,0.08,1.122,2323979.16,1682776.001,0.5921,1.61,5.7742,0.5741,2.0786,7426272.6645,3925086.4015,2296728.4001,53543425.911,28299872.9548
601328.SH,20240926,7.24,7.51,7.14,7.51,7.21,0.3,4.1609,2073985.02,1519602.987,0.5284,1.21,6.0145,0.598,2.1651,7426272.6645,3925086.4015,2296728.4001,55771307.7104,29477398.8753
601328.SH,20240927,7.62,7.68,7.18,7.24,7.51,-0.27,-3.5952,2128403.88,1553948.46,0.5423,1.12,5.7983,0.5765,2.0872,7426272.6645,3925086.4015,2296728.4001,53766214.091,28417625.5469
601328.SH,20240930,7.24,7.55,7.06,7.4,7.24,0.16,2.2099,4926193.73,3586842.364,1.2551,2.4,5.9264,0.5893,2.1334,7426272.6645,3925086.4015,2296728.4001,54954417.7173,29045639.3711
601328.SH,20241008,7.81,8.05,7.25,7.35,7.4,-0.05,-0.6757,5638544.4,4233390.858,1.4365,2.01,5.8864,0.5853,2.119,7426272.6645,3925086.4015,2296728.4001,54583104.0841,28849385.051
601328.SH,20241009,7.32,7.39,7.05,7.05,7.35,-0.3,-4.0816,3322381.3,2395344.101,0.8464,0.97,5.6461,0.5614,2.0325,7426272.6645,3925086.4015,2296728.4001,52355222.2847,27671859.1306
601328.SH,20241010,7.15,7.48,7.11,7.4,7.05,0.35,4.9645,3209010.05,2357001.718,0.8176,0.89,5.9264,0.5893,2.1334,7426272.6645,3925086.4015,2296728.4001,54954417.7173,29045639.3711
601328.SH,20241011,7.4,7.54,7.3,7.37,7.4,-0.03,-0.4054,2164997.24,1611876.42,0.5516,0.56,5.9024,0.5869,2.1247,7426272.6645,3925086.4015,2296728.4001,54731629.5374,28927886.7791
601328.SH,20241014,7.42,7.68,7.42,7.53,7.37,0.16,2.171,2514926.75,1904191.05,0.6407,0.65,6.0305,0.5996,2.1708,7426272.6645,3925086.4015,2296728.4001,55919833.1637,29555900.6033
601328.SH,20241015,7.52,7.59,7.37,7.37,7.53,-0.16,-2.1248,1819056.3,1359746.846,0.4634,0.54,5.9024,0.5869,2.1247,7426272.6645,3925086.4015,2296728.4001,54731629.5374,28927886.7791
601328.SH,20241016,7.37,7.64,7.36,7.61,7.37,0.24,3.2564,1981269.33,1496572.795,0.5048,0.76,6.0946,0.606,2.1939,7426272.6645,3925086.4015,2296728.4001,56513934.9768,29869907.5154
601328.SH,20241017,7.6,7.67,7.5,7.5,7.61,-0.11,-1.4455,1292566.36,978887.885,0.3293,0.55,6.0065,0.5972,2.1622,7426272.6645,3925086.4015,2296728.4001,55697044.9838,29438148.0113
601328.SH,20241018,7.52,7.57,7.32,7.48,7.5,-0.02,-0.2667,1852812.66,1379517.921,0.472,0.95,5.9905,0.5956,2.1564,7426272.6645,3925086.4015,2296728.4001,55548519.5305,29359646.2832
601328.SH,20241021,7.47,7.47,7.27,7.33,7.48,-0.15,-2.0053,1760356.58,1291235.448,0.4485,0.93,5.8703,0.5837,2.1132,7426272.6645,3925086.4015,2296728.4001,54434578.6308,28770883.323
601328.SH,20241022,7.35,7.42,7.32,7.37,7.33,0.04,0.5457,1006097.62,741335.025,0.2563,0.58,5.9024,0.5869,2.1247,7426272.6645,3925086.4015,2296728.4001,54731629.5374,28927886.7791
601328.SH,20241023,7.37,7.4,7.32,7.33,7.37,-0.04,-0.5427,1126375.0,828316.473,0.287,0.71,5.8703,0.5837,2.1132,7426272.6645,3925086.4015,2296728.4001,54434578.6308,28770883.323
601328.SH,20241024,7.33,7.4,7.31,7.34,7.33,0.01,0.1364,749860.18,551489.505,0.191,0.53,5.8784,0.5845,2.1161,7426272.6645,3925086.4015,2296728.4001,54508841.3574,28810134.187
601328.SH,20241025,7.37,7.38,7.28,7.32,7.34,-0.02,-0.2725,875502.87,642030.366,0.2231,0.67,5.8623,0.5829,2.1103,7426272.6645,3925086.4015,2296728.4001,54360315.9041,28731632.459
601328.SH,20241028,7.3,7.31,7.22,7.26,7.32,-0.06,-0.8197,785452.37,569572.694,0.2001,0.71,5.8143,0.5781,2.093,7426272.6645,3925086.4015,2296728.4001,53914739.5443,28496127.2749
601328.SH,20241029,7.27,7.34,7.22,7.23,7.26,-0.03,-0.4132,1167043.69,848364.812,0.2973,1.28,5.7903,0.5757,2.0844,7426272.6645,3925086.4015,2296728.4001,53691951.3643,28378374.6828
601328.SH,20241030,7.25,7.3,7.16,7.21,7.23,-0.02,-0.2766,1152094.22,830249.63,0.2935,1.22,5.7742,0.5741,2.0786,7426272.6645,3925086.4015,2296728.4001,53543425.911,28299872.9548
601328.SH,20241031,7.19,7.24,7.07,7.11,7.21,-0.1,-1.387,1305886.03,929820.021,0.3327,1.38,5.6942,0.554,2.0498,7426272.6645,3925086.4015,2296728.4001,52800798.6446,27907364.3147
601328.SH,20241101,7.13,7.29,7.1,7.22,7.11,0.11,1.5471,1292026.27,931845.63,0.3292,1.22,5.7823,0.5626,2.0815,7426272.6645,3925086.4015,2296728.4001,53617688.6377,28339123.8188
601328.SH,20241104,7.23,7.24,7.08,7.22,7.22,0.0,0.0,1144127.67,817647.471,0.2915,1.0,5.7823,0.5626,2.0815,7426272.6645,3925086.4015,2296728.4001,53617688.6377,28339123.8188
601328.SH,20241105,7.19,7.27,7.16,7.27,7.22,0.05,0.6925,1015235.85,734125.183,0.2587,0.84,5.8223,0.5664,2.0959,7426272.6645,3925086.4015,2296728.4001,53989002.2709,28535378.1389
601328.SH,20241106,7.23,7.28,7.16,7.2,7.27,-0.07,-0.9629,1207622.19,870217.55,0.3077,1.02,5.7662,0.561,2.0757,7426272.6645,3925086.4015,2296728.4001,53469163.1844,28260622.0908
601328.SH,20241107,7.19,7.29,7.16,7.29,7.2,0.09,1.25,1252201.76,904765.722,0.319,1.05,5.8383,0.568,2.1017,7426272.6645,3925086.4015,2296728.4001,54137527.7242,28613879.8669
601328.SH,20241108,7.3,7.35,7.18,7.22,7.29,-0.07,-0.9602,1396417.52,1011699.698,0.3558,1.18,5.7823,0.5626,2.0815,7426272.6645,3925086.4015,2296728.4001,53617688.6377,28339123.8188
601328.SH,20241111,7.16,7.21,7.1,7.11,7.22,-0.11,-1.5235,1258465.43,896760.613,0.3206,1.05,5.6942,0.554,2.0498,7426272.6645,3925086.4015,2296728.4001,52800798.6446,27907364.3147
601328.SH,20241112,7.1,7.22,7.08,7.08,7.11,-0.03,-0.4219,1380626.83,984517.973,0.3517,1.13,5.6701,0.5516,2.0411,7426272.6645,3925086.4015,2296728.4001,52578010.4647,27789611.7226
601328.SH,20241113,7.08,7.14,7.06,7.09,7.08,0.01,0.1412,850796.04,604479.14,0.2168,0.65,5.6781,0.5524,2.044,7426272.6645,3925086.4015,2296728.4001,52652273.1913,27828862.5866
601328.SH,20241114,7.08,7.2,7.06,7.13,7.09,0.04,0.5642,1290917.92,923008.089,0.3289,1.05,5.7102,0.5555,2.0555,7426272.6645,3925086.4015,2296728.4001,52949324.0979,27985866.0427
601328.SH,20241115,7.12,7.19,7.05,7.12,7.13,-0.01,-0.1403,1300923.76,928179.078,0.3314,1.05,5.7022,0.5548,2.0526,7426272.6645,3925086.4015,2296728.4001,52875061.3712,27946615.1787
601328.SH,20241118,7.16,7.39,7.16,7.29,7.12,0.17,2.3876,2088994.32,1527673.982,0.5322,1.72,5.8383,0.568,2.1017,7426272.6645,3925086.4015,2296728.4001,54137527.7242,28613879.8669
601328.SH,20241119,7.29,7.38,7.19,7.24,7.29,-0.05,-0.6859,1288262.08,936503.217,0.3282,0.93,5.7983,0.5641,2.0872,7426272.6645,3925086.4015,2296728.4001,53766214.091,28417625.5469
601328.SH,20241120,7.22,7.27,7.19,7.19,7.24,-0.05,-0.6906,945127.25,682144.73,0.2408,0.69,5.7582,0.5602,2.0728,7426272.6645,3925086.4015,2296728.4001,53394900.4578,28221371.2268
601328.SH,20241121,7.18,7.22,7.17,7.21,7.19,0.02,0.2782,643676.1,462573.529,0.164,0.47,5.7742,0.5618,2.0786,7426272.6645,3925086.4015,2296728.4001,53543425.911,28299872.9548
601328.SH,20241122,7.21,7.23,7.07,7.08,7.21,-0.13,-1.8031,1098676.15,784129.812,0.2799,0.88,5.6701,0.5516,2.0411,7426272.6645,3925086.4015,2296728.4001,52578010.4647,27789611.7226
601328.SH,20241125,7.12,7.19,7.08,7.13,7.08,0.05,0.7062,1217296.99,870980.528,0.3101,1.0,5.7102,0.5555,2.0555,7426272.6645,3925086.4015,2296728.4001,52949324.0979,27985866.0427
601328.SH,20241126,7.13,7.34,7.12,7.33,7.13,0.2,2.805,2027040.89,1473695.357,0.5164,1.95,5.8703,0.5711,2.1132,7426272.6645,3925086.4015,2296728.4001,54434578.6308,28770883.323
601328.SH,20241127,7.32,7.48,7.31,7.47,7.33,0.14,1.91,1602794.56,1186559.133,0.4083,1.35,5.9825,0.582,2.1535,7426272.6645,3925086.4015,2296728.4001,55474256.8038,29320395.4192
601328.SH,20241128,7.45,7.51,7.37,7.43,7.47,-0.04,-0.5355,991900.28,736737.212,0.2527,0.75,5.9504,0.5789,2.142,7426272.6645,3925086.4015,2296728.4001,55177205.8972,29163391.9631
601328.SH,20241129,7.45,7.5,7.32,7.33,7.43,-0.1,-1.3459,1209593.75,894719.478,0.3082,0.87,5.8703,0.5711,2.1132,7426272.6645,3925086.4015,2296728.4001,54434578.6308,28770883.323
601328.SH,20241202,7.31,7.33,7.2,7.24,7.33,-0.09,-1.2278,1751285.89,1265771.225,0.4462,1.24,5.7983,0.5641,2.0872,7426272.6645,3925086.4015,2296728.4001,53766214.091,28417625.5469
601328.SH,20241203,7.22,7.37,7.21,7.35,7.24,0.11,1.5193,1803155.83,1312262.948,0.4594,1.19,5.8864,0.5727,2.119,7426272.6645,3925086.4015,2296728.4001,54583104.0841,28849385.051
601328.SH,20241204,7.33,7.4,7.27,7.36,7.35,0.01,0.1361,1457869.34,1071399.371,0.3714,0.99,5.8944,0.5735,2.1218,7426272.6645,3925086.4015,2296728.4001,54657366.8107,28888635.915
601328.SH,20241205,7.34,7.41,7.31,7.31,7.36,-0.05,-0.6793,1051814.98,772385.423,0.268,0.73,5.8543,0.5696,2.1074,7426272.6645,3925086.4015,2296728.4001,54286053.1775,28692381.595
601328.SH,20241206,7.31,7.42,7.3,7.37,7.31,0.06,0.8208,1490354.3,1099641.14,0.3797,1.02,5.9024,0.5742,2.1247,7426272.6645,3925086.4015,2296728.4001,54731629.5374,28927886.7791
601328.SH,20241209,7.38,7.43,7.32,7.4,7.37,0.03,0.4071,1397292.32,1032119.107,0.356,0.92,5.9264,0.5766,2.1334,7426272.6645,3925086.4015,2296728.4001,54954417.7173,29045639.3711
601328.SH,20241210,7.48,7.57,7.41,7.5,7.4,0.1,1.3514,2216444.31,1659714.038,0.5647,1.54,6.0065,0.5844,2.1622,7426272.6645,3925086.4015,2296728.4001,55697044.9838,29438148.0113
601328.SH,20241211,7.49,7.56,7.32,7.33,7.5,-0.17,-2.2667,2151947.56,1590917.765,0.5483,1.41,5.8703,0.5711,2.1132,7426272.6645,3925086.4015,2296728.4001,54434578.6308,28770883.323
601328.SH,20241212,7.34,7.46,7.31,7.45,7.33,0.12,1.6371,1988809.49,1470991.634,0.5067,1.2,5.9665,0.5805,2.1478,7426272.6645,3925086.4015,2296728.4001,55325731.3505,29241893.6912
601328.SH,20241213,7.42,7.44,7.28,7.31,7.45,-0.14,-1.8792,3750411.44,2753428.065,0.9555,2.03,5.8543,0.5696,2.1074,7426272.6645,3925086.4015,2296728.4001,54286053.1775,28692381.595
601328.SH,20241216,7.3,7.5,7.3,7.42,7.31,0.11,1.5048,2664685.52,1978021.475,0.6789,1.16,5.9424,0.5781,2.1391,7426272.6645,3925086.4015,2296728.4001,55102943.1706,29124141.0991
601328.SH,20241217,7.41,7.5,7.39,7.39,7.42,-0.03,-0.4043,1521551.51,1130398.143,0.3876,0.6,5.9184,0.5758,2.1305,7426272.6645,3925086.4015,2296728.4001,54880154.9907,29006388.5071
601328.SH,20241218,7.43,7.56,7.42,7.52,7.39,0.13,1.7591,1670827.38,1255335.814,0.4257,0.69,6.0225,0.5859,2.168,7426272.6645,3925086.4015,2296728.4001,55845570.437,29516649.7393
601328.SH,20241219,7.5,7.59,7.44,7.49,7.52,-0.03,-0.3989,1380313.75,1035377.383,0.3517,0.6,5.9985,0.5836,2.1593,7426272.6645,3925086.4015,2296728.4001,55622782.2571,29398897.1472
601328.SH,20241220,7.49,7.6,7.48,7.5,7.49,0.01,0.1335,1424052.05,1073507.685,0.3628,0.65,6.0065,0.5844,2.1622,7426272.6645,3925086.4015,2296728.4001,55697044.9838,29438148.0113
601328.SH,20241223,7.52,7.72,7.5,7.68,7.5,0.18,2.4,1890284.88,1445333.319,0.4816,1.09,6.1507,0.5984,2.2141,7426272.6645,3925086.4015,2296728.4001,57033774.0634,30144663.5635
601328.SH,20241224,7.66,7.74,7.61,7.73,7.68,0.05,0.651,1370133.64,1054205.31,0.3491,0.87,6.1907,0.6023,2.2285,7426272.6645,3925086.4015,2296728.4001,57405087.6966,30340917.8836
601328.SH,20241225,7.74,7.86,7.69,7.74,7.73,0.01,0.1294,1661992.35,1287904.278,0.4234,1.07,6.1987,0.6031,2.2314,7426272.6645,3925086.4015,2296728.4001,57479350.4232,30380168.7476
601328.SH,20241226,7.73,7.74,7.6,7.7,7.74,-0.04,-0.5168,1305292.88,999546.182,0.3326,0.84,6.1667,0.6,2.2199,7426272.6645,3925086.4015,2296728.4001,57182299.5167,30223165.2916
601328.SH,20241227,7.69,7.75,7.54,7.71,7.7,0.01,0.1299,1399454.97,1070968.15,0.3565,0.91,6.1747,0.6007,2.2227,7426272.6645,3925086.4015,2296728.4001,57256562.2433,30262416.1556
601328.SH,20241230,7.68,7.84,7.68,7.82,7.71,0.11,1.4267,1613352.28,1255834.494,0.411,1.06,6.2628,0.6093,2.2544,7426272.6645,3925086.4015,2296728.4001,58073452.2364,30694175.6597
601328.SH,20241231,7.8,7.89,7.75,7.77,7.82,-0.05,-0.6394,1438734.95,1125689.751,0.3665,0.98,6.2227,0.6054,2.24,7426272.6645,3925086.4015,2296728.4001,57702138.6032,30497921.3397
601328.SH,20250102,7.78,7.84,7.5,7.53,7.77,-0.24,-3.0888,2051511.94,1566422.871,0.5227,1.38,6.0305,0.5867,2.1708,7426272.6645,3925086.4015,2296728.4001,55919833.1637,29555900.6033
601328.SH,20250103,7.56,7.6,7.41,7.43,7.53,-0.1,-1.328,1548186.5,1157196.373,0.3944,0.99,5.9504,0.5789,2.142,7426272.6645,3925086.4015,2296728.4001,55177205.8972,29163391.9631
601328.SH,20250106,7.49,7.49,7.28,7.41,7.43,-0.02,-0.2692,1833891.42,1353335.539,0.4672,1.14,5.9344,0.5774,2.1362,7426272.6645,3925086.4015,2296728.4001,55028680.4439,29084890.2351
601328.SH,20250107,7.41,7.48,7.34,7.46,7.41,0.05,0.6748,1433460.07,1061305.188,0.3652,0.84,5.9745,0.5813,2.1507,7426272.6645,3925086.4015,2296728.4001,55399994.0772,29281144.5552
601328.SH,20250108,7.45,7.58,7.44,7.52,7.46,0.06,0.8043,1533922.92,1154543.859,0.3908,0.92,6.0225,0.5859,2.168,7426272.6645,3925086.4015,2296728.4001,55845570.437,29516649.7393
601328.SH,20250109,7.52,7.53,7.39,7.4,7.52,-0.12,-1.5957,1291746.5,960038.885,0.3291,0.77,5.9264,0.5766,2.1334,7426272.6645,3925086.4015,2296728.4001,54954417.7173,29045639.3711
601328.SH,20250110,7.42,7.46,7.32,7.4,7.4,0.0,0.0,1161616.95,859680.296,0.2959,0.76,5.9264,0.5766,2.1334,7426272.6645,3925086.4015,2296728.4001,54954417.7173,29045639.3711
601328.SH,20250113,7.37,7.4,7.22,7.27,7.4,-0.13,-1.7568,1352458.94,986864.869,0.3446,0.93,5.8223,0.5664,2.0959,7426272.6645,3925086.4015,2296728.4001,53989002.2709,28535378.1389
601328.SH,20250114,7.3,7.4,7.26,7.36,7.27,0.09,1.238,1182696.7,870060.702,0.3013,0.87,5.8944,0.5735,2.1218,7426272.6645,3925086.4015,2296728.4001,54657366.8107,28888635.915
601328.SH,20250115,7.36,7.58,7.36,7.41,7.36,0.05,0.6793,1470237.11,1098933.413,0.3746,1.13,5.9344,0.5774,2.1362,7426272.6645,3925086.4015,2296728.4001,55028680.4439,29084890.2351
601328.SH,20250116,7.45,7.46,7.37,7.43,7.41,0.02,0.2699,1014165.48,752895.226,0.2584,0.79,5.9504,0.5789,2.142,7426272.6645,3925086.4015,2296728.4001,55177205.8972,29163391.9631
601328.SH,20250117,7.42,7.43,7.27,7.28,7.43,-0.15,-2.0188,1929047.14,1414368.1,0.4915,1.56,5.8303,0.5672,2.0988,7426272.6645,3925086.4015,2296728.4001,54063264.9976,28574629.0029
601328.SH,20250120,7.31,7.35,7.25,7.28,7.28,0.0,0.0,1147978.45,839642.153,0.2925,0.83,5.8303,0.5672,2.0988,7426272.6645,3925086.4015,2296728.4001,54063264.9976,28574629.0029
601328.SH,20250121,7.3,7.35,7.26,7.29,7.28,0.01,0.1374,931192.71,679897.435,0.2372,0.69,5.8383,0.568,2.1017,7426272.6645,3925086.4015,2296728.4001,54137527.7242,28613879.8669
601328.SH,20250122,7.29,7.3,7.14,7.17,7.29,-0.12,-1.6461,1630850.22,1175223.016,0.4155,1.26,5.7422,0.5587,2.0671,7426272.6645,3925086.4015,2296728.4001,53246375.0045,28142869.4988
601328.SH,20250123,7.22,7.42,7.21,7.4,7.17,0.23,3.2078,2417498.59,1777837.534,0.6159,1.82,5.9264,0.5766,2.1334,7426272.6645,3925086.4015,2296728.4001,54954417.7173,29045639.3711
601328.SH,20250124,7.26,7.26,7.1,7.17,7.22,-0.05,-0.6925,1660232.06,1191794.13,0.423,1.03,5.7422,0.5667,2.0671,7426272.6645,3925086.4015,2296728.4001,53246375.0045,28142869.4988
601328.SH,20250127,7.19,7.29,7.18,7.25,7.17,0.08,1.1158,1525413.94,1105819.637,0.3886,0.98,5.8063,0.573,2.0901,7426272.6645,3925086.4015,2296728.4001,53840476.8176,28456876.4109
601328.SH,20250205,7.3,7.31,7.15,7.17,7.25,-0.08,-1.1034,1427283.82,1025211.682,0.3636,0.87,5.7422,0.5667,2.0671,7426272.6645,3925086.4015,2296728.4001,53246375.0045,28142869.4988
601328.SH,20250206,7.16,7.23,7.14,7.16,7.17,-0.01,-0.1395,1042016.87,747342.771,0.2655,0.6,5.7342,0.5659,2.0642,7426272.6645,3925086.4015,2296728.4001,53172112.2778,28103618.6347
601328.SH,20250207,7.17,7.18,7.1,7.12,7.16,-0.04,-0.5587,1690560.57,1204343.809,0.4307,1.05,5.7022,0.5627,2.0526,7426272.6645,3925086.4015,2296728.4001,52875061.3712,27946615.1787
601328.SH,20250210,7.12,7.19,7.1,7.12,7.12,0.0,0.0,1232743.51,880107.374,0.3141,0.84,5.7022,0.5627,2.0526,7426272.6645,3925086.4015,2296728.4001,52875061.3712,27946615.1787
601328.SH,20250211,7.14,7.2,7.13,7.19,7.12,0.07,0.9831,1296369.94,929777.914,0.3303,0.94,5.7582,0.5683,2.0728,7426272.6645,3925086.4015,2296728.4001,53394900.4578,28221371.2268
601328.SH,20250212,7.19,7.27,7.15,7.26,7.19,0.07,0.9736,1324414.48,956410.401,0.3374,0.99,5.8143,0.5738,2.093,7426272.6645,3925086.4015,2296728.4001,53914739.5443,28496127.2749
601328.SH,20250213,7.24,7.34,7.24,7.32,7.26,0.06,0.8264,1245535.76,908881.064,0.3173,0.95,5.8623,0.5785,2.1103,7426272.6645,3925086.4015,2296728.4001,54360315.9041,28731632.459
601328.SH,20250214,7.32,7.34,7.26,7.34,7.32,0.02,0.2732,918453.86,670463.606,0.234,0.68,5.8784,0.5801,2.1161,7426272.6645,3925086.4015,2296728.4001,54508841.3574,28810134.187
601328.SH,20250217,7.34,7.37,7.25,7.36,7.34,0.02,0.2725,1261398.48,922318.056,0.3214,1.05,5.8944,0.5817,2.1218,7426272.6645,3925086.4015,2296728.4001,54657366.8107,28888635.915
601328.SH,20250218,7.34,7.48,7.34,7.44,7.36,0.08,1.087,1540600.75,1144396.174,0.3925,1.27,5.9584,0.588,2.1449,7426272.6645,3925086.4015,2296728.4001,55251468.6239,29202642.8272
601328.SH,20250219,7.43,7.48,7.39,7.43,7.44,-0.01,-0.1344,1019467.04,758762.539,0.2597,0.81,5.9504,0.5872,2.142,7426272.6645,3925086.4015,2296728.4001,55177205.8972,29163391.9631
601328.SH,20250220,7.42,7.45,7.38,7.42,7.43,-0.01,-0.1346,795745.6,590267.018,0.2027,0.66,5.9424,0.5865,2.1391,7426272.6645,3925086.4015,2296728.4001,55102943.1706,29124141.0991
601328.SH,20250221,7.44,7.45,7.3,7.37,7.42,-0.05,-0.6739,1243573.1,916888.872,0.3168,1.12,5.9024,0.5825,2.1247,7426272.6645,3925086.4015,2296728.4001,54731629.5374,28927886.7791
601328.SH,20250224,7.35,7.4,7.26,7.28,7.37,-0.09,-1.2212,1378715.47,1006818.29,0.3513,1.18,5.8303,0.5754,2.0988,7426272.6645,3925086.4015,2296728.4001,54063264.9976,28574629.0029
601328.SH,20250225,7.27,7.3,7.15,7.18,7.28,-0.1,-1.3736,1475012.65,1066122.039,0.3758,1.23,5.7502,0.5675,2.0699,7426272.6645,3925086.4015,2296728.4001,53320637.7311,28182120.3628
601328.SH,20250226,7.2,7.29,7.19,7.2,7.18,0.02,0.2786,964315.69,698020.336,0.2457,0.82,5.7662,0.5691,2.0757,7426272.6645,3925086.4015,2296728.4001,53469163.1844,28260622.0908
601328.SH,20250227,7.22,7.28,7.16,7.26,7.2,0.06,0.8333,1063398.04,768696.68,0.2709,0.91,5.8143,0.5738,2.093,7426272.6645,3925086.4015,2296728.4001,53914739.5443,28496127.2749
601328.SH,20250228,7.27,7.32,7.21,7.21,7.26,-0.05,-0.6887,1369503.23,994075.738,0.3489,1.12,5.7742,0.5699,2.0786,7426272.6645,3925086.4015,2296728.4001,53543425.911,28299872.9548
601328.SH,20250303,7.23,7.24,7.12,7.2,7.21,-0.01,-0.1387,1295096.56,930354.603,0.33,1.04,5.7662,0.5691,2.0757,7426272.6645,3925086.4015,2296728.4001,53469163.1844,28260622.0908
601328.SH,20250304,7.18,7.21,7.14,7.14,7.2,-0.06,-0.8333,900782.73,645471.863,0.2295,0.73,5.7182,0.5643,2.0584,7426272.6645,3925086.4015,2296728.4001,53023586.8245,28025116.9067
601328.SH,20250305,7.14,7.29,7.13,7.27,7.14,0.13,1.8207,1499285.82,1083709.889,0.382,1.34,5.8223,0.5746,2.0959,7426272.6645,3925086.4015,2296728.4001,53989002.2709,28535378.1389
601328.SH,20250306,7.26,7.27,7.18,7.21,7.27,-0.06,-0.8253,1253951.89,904938.518,0.3195,1.02,5.7742,0.5699,2.0786,7426272.6645,3925086.4015,2296728.4001,53543425.911,28299872.9548
601328.SH,20250307,7.22,7.24,7.17,7.17,7.21,-0.04,-0.5548,901732.38,648794.868,0.2297,0.71,5.7422,0.5667,2.0671,7426272.6645,3925086.4015,2296728.4001,53246375.0045,28142869.4988
601328.SH,20250310,7.18,7.19,7.08,7.1,7.17,-0.07,-0.9763,1630414.82,1160492.028,0.4154,1.39,5.6862,0.5612,2.0469,7426272.6645,3925086.4015,2296728.4001,52726535.918,27868113.4507
601328.SH,20250311,7.08,7.19,7.06,7.18,7.1,0.08,1.1268,1421452.97,1012200.314,0.3621,1.15,5.7502,0.5675,2.0699,7426272.6645,3925086.4015,2296728.4001,53320637.7311,28182120.3628
601328.SH,20250312,7.16,7.18,7.11,7.11,7.18,-0.07,-0.9749,935080.81,667348.943,0.2382,0.7,5.6942,0.562,2.0498,7426272.6645,3925086.4015,2296728.4001,52800798.6446,27907364.3147
601328.SH,20250313,7.11,7.15,7.1,7.12,7.11,0.01,0.1406,993397.8,707347.659,0.2531,0.81,5.7022,0.5627,2.0526,7426272.6645,3925086.4015,2296728.4001,52875061.3712,27946615.1787
601328.SH,20250314,7.14,7.23,7.12,7.17,7.12,0.05,0.7022,1776815.93,1275770.307,0.4527,1.51,5.7422,0.5667,2.0671,7426272.6645,3925086.4015,2296728.4001,53246375.0045,28142869.4988
601328.SH,20250317,7.19,7.27,7.18,7.23,7.17,0.06,0.8368,1375821.87,995098.367,0.3505,1.02,5.7903,0.5714,2.0844,7426272.6645,3925086.4015,2296728.4001,53691951.3643,28378374.6828
601328.SH,20250318,7.25,7.27,7.21,7.22,7.23,-0.01,-0.1383,964033.54,697075.915,0.2456,0.74,5.7823,0.5706,2.0815,7426272.6645,3925086.4015,2296728.4001,53617688.6377,28339123.8188
601328.SH,20250319,7.23,7.31,7.23,7.31,7.22,0.09,1.2465,1388467.43,1011108.084,0.3537,1.15,5.8543,0.5778,2.1074,7426272.6645,3925086.4015,2296728.4001,54286053.1775,28692381.595
601328.SH,20250320,7.33,7.33,7.21,7.23,7.31,-0.08,-1.0944,1527873.79,1107027.271,0.3893,1.18,5.7903,0.5714,2.0844,7426272.6645,3925086.4015,2296728.4001,53691951.3643,28378374.6828
601328.SH,20250321,7.24,7.26,7.21,7.21,7.23,-0.02,-0.2766,1325788.79,958606.984,0.3378,0.94,5.7742,0.5699,2.0786,7426272.6645,3925086.4015,2296728.4001,53543425.911,28299872.9548
601328.SH,20250324,7.25,7.45,7.25,7.44,7.21,0.23,3.19,3149964.85,2323493.486,0.8025,2.39,5.9038,0.5699,2.1265,7426272.6645,3925086.4015,2296728.4001,55251468.6239,29202642.8272
601328.SH,20250325,7.43,7.52,7.42,7.44,7.44,0.0,0.0,1388691.31,1035254.018,0.3538,0.83,5.9038,0.5699,2.1265,7426272.6645,3925086.4015,2296728.4001,55251468.6239,29202642.8272
601328.SH,20250326,7.44,7.48,7.4,7.44,7.44,0.0,0.0,895766.24,666313.53,0.2282,0.51,5.9038,0.5699,2.1265,7426272.6645,3925086.4015,2296728.4001,55251468.6239,29202642.8272
601328.SH,20250327,7.44,7.51,7.44,7.44,7.44,0.0,0.0,851309.0,636139.609,0.2169,0.51,5.9038,0.5699,2.1265,7426272.6645,3925086.4015,2296728.4001,55251468.6239,29202642.8272
601328.SH,20250328,7.46,7.46,7.35,7.36,7.44,-0.08,-1.0753,1122255.9,828088.866,0.2859,0.74,5.8403,0.5638,2.1036,7426272.6645,3925086.4015,2296728.4001,54657366.8107,28888635.915
601328.SH,20250331,7.43,7.53,7.31,7.45,7.36,0.09,1.2228,2272384.44,1690239.113,0.5789,1.53,5.9118,0.5707,2.1293,7426272.6645,3925086.4015,2296728.4001,55325731.3505,29241893.6912
601328.SH,20250401,7.41,7.49,7.35,7.41,7.45,-0.04,-0.5369,1394803.72,1032521.031,0.3554,1.07,5.88,0.5676,2.1179,7426272.6645,3925086.4015,2296728.4001,55028680.4439,29084890.2351
601328.SH,20250402,7.39,7.58,7.39,7.58,7.41,0.17,2.2942,1673442.27,1256645.822,0.4263,1.28,6.0149,0.5806,2.1665,7426272.6645,3925086.4015,2296728.4001,56291146.7969,29752154.9234
601328.SH,20250403,7.5,7.68,7.5,7.67,7.58,0.09,1.1873,1319022.87,1005777.635,0.336,0.9,6.0863,0.5875,2.1922,7426272.6645,3925086.4015,2296728.4001,56959511.3367,30105412.6995
601328.SH,20250407,7.41,7.63,7.13,7.29,7.67,-0.38,-4.9544,4248564.49,3121283.186,1.0824,2.73,5.7848,0.5584,2.0836,7426272.6645,3925086.4015,2296728.4001,54137527.7242,28613879.8669
601328.SH,20250408,7.29,7.39,7.22,7.34,7.29,0.05,0.6859,3024168.02,2204488.597,0.7705,1.39,5.8245,0.5622,2.0979,7426272.6645,3925086.4015,2296728.4001,54508841.3574,28810134.187
601328.SH,20250409,7.3,7.38,7.22,7.32,7.34,-0.02,-0.2725,2265848.36,1653632.507,0.5773,0.97,5.8086,0.5607,2.0922,7426272.6645,3925086.4015,2296728.4001,54360315.9041,28731632.459
601328.SH,20250410,7.34,7.36,7.27,7.3,7.32,-0.02,-0.2732,1475354.12,1079098.378,0.3759,0.59,5.7927,0.5592,2.0865,7426272.6645,3925086.4015,2296728.4001,54211790.4509,28653130.731
601328.SH,20250411,7.34,7.39,7.29,7.37,7.3,0.07,0.9589,1417577.54,1039822.853,0.3612,0.57,5.8483,0.5645,2.1065,7426272.6645,3925086.4015,2296728.4001,54731629.5374,28927886.7791
601328.SH,20250414,7.39,7.59,7.38,7.56,7.37,0.19,2.578,1862857.37,1399480.983,0.4746,0.75,5.999,0.5791,2.1608,7426272.6645,3925086.4015,2296728.4001,56142621.3436,29673653.1953
601328.SH,20250415,7.56,7.71,7.55,7.7,7.56,0.14,1.8519,1719280.84,1313463.186,0.438,0.86,6.1101,0.5898,2.2008,7426272.6645,3925086.4015,2296728.4001,57182299.5167,30223165.2916
601328.SH,20250416,7.7,7.79,7.66,7.77,7.7,0.07,0.9091,1961828.7,1513803.8,0.4998,1.12,6.1657,0.5952,2.2208,7426272.6645,3925086.4015,2296728.4001,57702138.6032,30497921.3397
601328.SH,20250417,7.74,7.77,7.63,7.7,7.77,-0.07,-0.9009,1346143.54,1036120.851,0.343,0.8,6.1101,0.5898,2.2008,7426272.6645,3925086.4015,2296728.4001,57182299.5167,30223165.2916
601328.SH,20250418,7.53,7.63,7.52,7.57,7.5,0.07,0.9333,1160077.9,879493.708,0.2956,0.7,6.007,0.5887,2.1636,7426272.6645,3925086.4015,2296728.4001,56216884.0703,29712904.0594
601328.SH,20250421,7.56,7.7,7.5,7.5,7.57,-0.07,-0.9247,1198339.51,908203.775,0.3053,0.74,5.9514,0.5833,2.1436,7426272.6645,3925086.4015,2296728.4001,55697044.9838,29438148.0113
601328.SH,20250422,7.5,7.6,7.49,7.56,7.5,0.06,0.8,909032.45,687228.385,0.2316,0.62,5.999,0.588,2.1608,7426272.6645,3925086.4015,2296728.4001,56142621.3436,29673653.1953
601328.SH,20250423,7.57,7.59,7.5,7.51,7.56,-0.05,-0.6614,980509.76,738738.47,0.2498,0.75,5.9594,0.5841,2.1465,7426272.6645,3925086.4015,2296728.4001,55771307.7104,29477398.8753
601328.SH,20250424,7.53,7.64,7.52,7.62,7.51,0.11,1.4647,1100952.85,836093.722,0.2805,0.98,6.0467,0.5926,2.1779,7426272.6645,3925086.4015,2296728.4001,56588197.7035,29909158.3794
601328.SH,20250425,7.63,7.66,7.51,7.58,7.62,-0.04,-0.5249,985284.74,745545.313,0.251,0.92,6.0149,0.5895,2.1665,7426272.6645,3925086.4015,2296728.4001,56291146.7969,29752154.9234
601328.SH,20250428,7.57,7.64,7.55,7.61,7.58,0.03,0.3958,803288.76,611300.734,0.2047,0.78,6.0387,0.5918,2.1751,7426272.6645,3925086.4015,2296728.4001,56513934.9768,29869907.5154
601328.SH,20250429,7.6,7.65,7.56,7.57,7.61,-0.04,-0.5256,767449.19,582525.291,0.1955,0.8,6.007,0.5887,2.1636,7426272.6645,3925086.4015,2296728.4001,56216884.0703,29712904.0594
601328.SH,20250430,7.58,7.6,7.4,7.47,7.57,-0.1,-1.321,1429605.89,1065280.194,0.3642,1.54,5.9276,0.5681,2.1351,7426272.6645,3925086.4015,2296728.4001,55474256.8038,29320395.4192
601328.SH,20250506,7.49,7.49,7.36,7.41,7.47,-0.06,-0.8032,1238381.72,916790.2,0.3155,1.22,5.88,0.5635,2.1179,7426272.6645,3925086.4015,2296728.4001,55028680.4439,29084890.2351
601328.SH,20250507,7.44,7.49,7.38,7.48,7.41,0.07,0.9447,1226652.14,914207.359,0.3125,1.17,5.9356,0.5689,2.1379,7426272.6645,3925086.4015,2296728.4001,55548519.5305,29359646.2832
601328.SH,20250508,7.47,7.55,7.45,7.46,7.48,-0.02,-0.2674,1018155.89,761950.589,0.2594,0.93,5.9197,0.5673,2.1322,7426272.6645,3925086.4015,2296728.4001,55399994.0772,29281144.5552
601328.SH,20250509,7.46,7.54,7.46,7.51,7.46,0.05,0.6702,1080484.03,812209.961,0.2753,0.95,5.9594,0.5711,2.1465,7426272.6645,3925086.4015,2296728.4001,55771307.7104,29477398.8753
601328.SH,20250512,7.52,7.64,7.49,7.6,7.51,0.09,1.1984,1528870.57,1157639.765,0.3895,1.28,6.0308,0.578,2.1722,7426272.6645,3925086.4015,2296728.4001,56439672.2502,29830656.6514
601328.SH,20250513,7.59,7.68,7.56,7.67,7.6,0.07,0.9211,1236847.83,944944.92,0.3151,1.02,6.0863,0.5833,2.1922,7426272.6645,3925086.4015,2296728.4001,56959511.3367,30105412.6995
601328.SH,20250514,7.65,7.76,7.62,7.72,7.67,0.05,0.6519,1498260.43,1154036.402,0.3817,1.23,6.126,0.5871,2.2065,7426272.6645,3925086.4015,2296728.4001,57330824.9699,30301667.0196
601328.SH,20250515,7.72,7.78,7.67,7.68,7.72,-0.04,-0.5181,1061636.22,819013.006,0.2705,0.83,6.0943,0.5841,2.1951,7426272.6645,3925086.4015,2296728.4001,57033774.0634,30144663.5635
601328.SH,20250516,7.69,7.71,7.53,7.58,7.68,-0.1,-1.3021,1405964.56,1066437.593,0.3582,1.1,6.0149,0.5765,2.1665,7426272.6645,3925086.4015,2296728.4001,56291146.7969,29752154.9234
601328.SH,20250519,7.58,7.65,7.57,7.57,7.58,-0.01,-0.1319,1107727.29,843341.339,0.2822,0.82,6.007,0.5757,2.1636,7426272.6645,3925086.4015,2296728.4001,56216884.0703,29712904.0594
601328.SH,20250520,7.61,7.69,7.59,7.61,7.57,0.04,0.5284,1033842.98,789516.839,0.2634,0.82,6.0387,0.5787,2.1751,7426272.6645,3925086.4015,2296728.4001,56513934.9768,29869907.5154
601328.SH,20250521,7.62,7.75,7.61,7.69,7.61,0.08,1.0512,1255142.27,966159.495,0.3198,1.03,6.1022,0.5848,2.1979,7426272.6645,3925086.4015,2296728.4001,57108036.79,30183914.4275
601328.SH,20250522,7.71,7.77,7.68,7.77,7.69,0.08,1.0403,901270.87,697094.368,0.2296,0.77,6.1657,0.5909,2.2208,7426272.6645,3925086.4015,2296728.4001,57702138.6032,30497921.3397
601328.SH,20250523,7.77,7.82,7.66,7.67,7.77,-0.1,-1.287,965194.07,745524.492,0.2459,0.85,6.0863,0.5833,2.1922,7426272.6645,3925086.4015,2296728.4001,56959511.3367,30105412.6995
601328.SH,20250526,7.66,7.73,7.6,7.63,7.67,-0.04,-0.5215,1012775.22,775546.428,0.258,0.96,6.0546,0.5803,2.1808,7426272.6645,3925086.4015,2296728.4001,56662460.4301,29948409.2434
601328.SH,20250527,7.64,7.72,7.62,7.63,7.63,0.0,0.0,923584.07,707948.511,0.2353,0.89,6.0546,0.5803,2.1808,7426272.6645,3925086.4015,2296728.4001,56662460.4301,29948409.2434
601328.SH,20250528,7.63,7.66,7.53,7.58,7.63,-0.05,-0.6553,920536.47,698215.21,0.2345,0.91,6.0149,0.5765,2.1665,7426272.6645,3925086.4015,2296728.4001,56291146.7969,29752154.9234
601328.SH,20250529,7.59,7.6,7.52,7.54,7.58,-0.04,-0.5277,1003417.18,758107.606,0.2556,1.06,5.9832,0.5734,2.1551,7426272.6645,3925086.4015,2296728.4001,55994095.8903,29595151.4673
601328.SH,20250530,7.55,7.64,7.52,7.6,7.54,0.06,0.7958,1175112.96,891644.779,0.2994,1.22,6.0308,0.578,2.1722,7426272.6645,3925086.4015,2296728.4001,56439672.2502,29830656.6514
601328.SH,20250603,7.58,7.75,7.57,7.7,7.6,0.1,1.3158,1220335.34,935441.22,0.3109,1.21,6.1101,0.5856,2.2008,7426272.6645,3925086.4015,2296728.4001,57182299.5167,30223165.2916
601328.SH,20250604,7.72,7.75,7.68,7.69,7.7,-0.01,-0.1299,896117.12,691283.97,0.2283,0.85,6.1022,0.5848,2.1979,7426272.6645,3925086.4015,2296728.4001,57108036.79,30183914.4275
601328.SH,20250605,7.69,7.72,7.62,7.68,7.69,-0.01,-0.13,1003827.63,770443.468,0.2557,0.96,6.0943,0.5841,2.1951,7426272.6645,3925086.4015,2296728.4001,57033774.0634,30144663.5635
601328.SH,20250606,7.69,7.74,7.66,7.69,7.68,0.01,0.1302,769992.67,592625.05,0.1962,0.73,6.1022,0.5848,2.1979,7426272.6645,3925086.4015,2296728.4001,57108036.79,30183914.4275
601328.SH,20250609,7.71,7.72,7.62,7.67,7.69,-0.02,-0.2601,1219893.33,934608.706,0.3108,1.2,6.0863,0.5833,2.1922,7426272.6645,3925086.4015,2296728.4001,56959511.3367,30105412.6995
601328.SH,20250610,7.66,7.8,7.65,7.7,7.67,0.03,0.3911,1550671.36,1199310.418,0.3951,1.52,6.1101,0.5856,2.2008,7426272.6645,3925086.4015,2296728.4001,57182299.5167,30223165.2916
601328.SH,20250611,7.71,7.76,7.68,7.71,7.7,0.01,0.1299,817119.66,630493.555,0.2082,0.75,6.1181,0.5863,2.2037,7426272.6645,3925086.4015,2296728.4001,57256562.2433,30262416.1556
601328.SH,20250612,7.71,7.74,7.67,7.72,7.71,0.01,0.1297,791768.76,610325.456,0.2017,0.74,6.126,0.5871,2.2065,7426272.6645,3925086.4015,2296728.4001,57330824.9699,30301667.0196
601328.SH,20250613,7.72,7.75,7.67,7.69,7.72,-0.03,-0.3886,1082073.64,833624.834,0.2757,1.05,6.1022,0.5848,2.1979,7426272.6645,3925086.4015,2296728.4001,57108036.79,30183914.4275
601328.SH,20250616,7.68,7.76,7.64,7.76,7.69,0.07,0.9103,1172135.55,903283.537,0.2986,1.07,6.1577,0.5901,2.2179,7426272.6645,3925086.4015,2296728.4001,57627875.8765,30458670.4756
601328.SH,20250617,7.76,7.78,7.72,7.75,7.76,-0.01,-0.1289,1030506.14,798204.934,0.2625,0.95,6.1498,0.5894,2.2151,7426272.6645,3925086.4015,2296728.4001,57553613.1499,30419419.6116
601328.SH,20250618,7.75,7.78,7.72,7.78,7.75,0.03,0.3871,1167470.43,905779.571,0.2974,1.19,6.1736,0.5917,2.2237,7426272.6645,3925086.4015,2296728.4001,57776401.3298,30537172.2037
601328.SH,20250619,7.77,7.82,7.73,7.78,7.78,0.0,0.0,1247177.15,970104.248,0.3177,1.19,7.3459,0.627,2.6459,8836378.4223,3925086.4015,2296728.4001,68747024.1255,30537172.2037
601328.SH,20250620,7.78,7.95,7.76,7.94,7.78,0.16,2.0566,2046143.79,1612643.02,0.5213,1.8,7.4969,0.6399,2.7003,8836378.4223,3925086.4015,2296728.4001,70160844.6731,31165186.0279
601328.SH,20250623,7.94,8.14,7.83,8.06,7.94,0.12,1.5113,2819825.87,2260684.585,0.7184,2.12,7.6102,0.6496,2.7411,8836378.4223,3925086.4015,2296728.4001,71221210.0837,31636196.3961
601328.SH,20250624,8.08,8.24,8.07,8.19,8.06,0.13,1.6129,2712999.12,2216034.796,0.6912,1.63,7.733,0.66,2.7853,8836378.4223,3925086.4015,2296728.4001,72369939.2786,32146457.6283
601328.SH,20250625,8.19,8.33,8.14,8.32,8.19,0.13,1.5873,2225173.77,1836557.962,0.5669,1.11,7.8557,0.6705,2.8295,8836378.4223,3925086.4015,2296728.4001,73518668.4735,32656718.8605
601328.SH,20250626,8.3,8.34,8.24,8.31,8.32,-0.01,-0.1202,1983205.42,1644219.212,0.5053,0.9,7.8463,0.6697,2.8261,8836378.4223,3925086.4015,2296728.4001,73430304.6893,32617467.9965
601328.SH,20250627,8.28,8.3,8.02,8.04,8.31,-0.27,-3.2491,2613148.57,2131298.404,0.6658,1.11,7.5914,0.648,2.7343,8836378.4223,3925086.4015,2296728.4001,71044482.5153,31557694.6681
601328.SH,20250630,8.02,8.08,7.97,8.0,8.04,-0.04,-0.4975,1386354.19,1109618.606,0.3532,0.56,7.5536,0.6447,2.7207,8836378.4223,3925086.4015,2296728.4001,70691027.3784,31400691.212
601328.SH,20250701,8.04,8.14,8.03,8.1,8.0,0.1,1.25,1142221.98,924994.196,0.291,0.52,7.648,0.6528,2.7547,8836378.4223,3925086.4015,2296728.4001,71574665.2206,31793199.8522
601328.SH,20250702,8.13,8.17,8.11,8.11,8.1,0.01,0.1235,932538.8,759219.557,0.2376,0.5,7.6575,0.6536,2.7581,8836378.4223,3925086.4015,2296728.4001,71663029.0049,31832450.7162
601328.SH,20250703,8.11,8.15,8.05,8.07,8.11,-0.04,-0.4932,847675.47,685543.964,0.216,0.53,7.6197,0.6504,2.7445,8836378.4223,3925086.4015,2296728.4001,71309573.868,31675447.2601
601328.SH,20250704,8.07,8.27,8.06,8.22,8.07,0.15,1.8587,1407574.46,1151123.117,0.3586,1.02,7.7613,0.6625,2.7955,8836378.4223,3925086.4015,2296728.4001,72635030.6313,32264210.2203
601328.SH,20250707,8.21,8.23,8.13,8.17,8.22,-0.05,-0.6083,1038132.37,848329.77,0.2645,0.91,7.7141,0.6584,2.7785,8836378.4223,3925086.4015,2296728.4001,72193211.7102,32067955.9003
601328.SH,20250708,8.18,8.22,8.15,8.16,8.17,-0.01,-0.1224,1008740.28,824713.336,0.257,0.94,7.7047,0.6576,2.7751,8836378.4223,3925086.4015,2296728.4001,72104847.926,32028705.0362
601328.SH,20250709,8.16,8.27,8.15,8.22,8.16,0.06,0.7353,1245624.82,1023236.544,0.3173,1.19,7.7613,0.6625,2.7955,8836378.4223,3925086.4015,2296728.4001,72635030.6313,32264210.2203
601328.SH,20250710,8.22,8.32,8.21,8.21,8.22,-0.01,-0.1217,1739032.46,1437220.139,0.4431,1.57,7.7519,0.6617,2.7921,8836378.4223,3925086.4015,2296728.4001,72546666.8471,32224959.3563
601328.SH,20250711,8.22,8.3,8.05,8.05,8.21,-0.16,-1.9488,2676689.12,2190168.225,0.6819,2.08,7.6008,0.6488,2.7377,8836378.4223,3925086.4015,2296728.4001,71132846.2995,31596945.5321
601328.SH,20250714,8.05,8.24,8.05,8.14,8.05,0.09,1.118,1852307.54,1512926.361,0.4719,1.2,7.6858,0.656,2.7683,8836378.4223,3925086.4015,2296728.4001,71928120.3575,31950203.3082
601328.SH,20250715,8.16,8.21,8.07,8.08,8.14,-0.06,-0.7371,1317018.49,1069997.627,0.3355,0.77,7.6291,0.6512,2.7479,8836378.4223,3925086.4015,2296728.4001,71397937.6522,31714698.1241
601328.SH,20250716,8.09,8.11,7.98,8.02,8.08,-0.06,-0.7426,1267639.69,1016932.816,0.323,0.72,7.5725,0.6463,2.7275,8836378.4223,3925086.4015,2296728.4001,70867754.9468,31479192.94
601328.SH,20250717,8.01,8.04,7.97,7.99,8.02,-0.03,-0.3741,849752.18,679817.291,0.2165,0.48,7.5441,0.6439,2.7173,8836378.4223,3925086.4015,2296728.4001,70602663.5942,31361440.348
601328.SH,20250718,8.01,8.11,7.98,8.05,7.99,0.06,0.7509,1139257.35,917647.27,0.2903,0.72,7.6008,0.6488,2.7377,8836378.4223,3925086.4015,2296728.4001,71132846.2995,31596945.5321
601328.SH,20250721,8.05,8.08,8.0,8.0,8.05,-0.05,-0.6211,1205186.21,967049.818,0.307,0.94,7.5536,0.6447,2.7207,8836378.4223,3925086.4015,2296728.4001,70691027.3784,31400691.212
601328.SH,20250722,7.99,7.99,7.87,7.92,8.0,-0.08,-1.0,1726755.72,1366663.358,0.4399,1.49,7.4781,0.6383,2.6935,8836378.4223,3925086.4015,2296728.4001,69984117.1046,31086684.2999
601328.SH,20250723,7.92,8.04,7.89,7.96,7.92,0.04,0.5051,1498009.55,1193884.724,0.3817,1.21,7.5158,0.6415,2.7071,8836378.4223,3925086.4015,2296728.4001,70337572.2415,31243687.7559
601328.SH,20250724,7.96,7.97,7.81,7.82,7.96,-0.14,-1.7588,1905496.39,1498941.691,0.4855,1.48,7.3836,0.6302,2.6595,8836378.4223,3925086.4015,2296728.4001,69100479.2624,30694175.6597
601328.SH,20250725,7.81,7.85,7.73,7.74,7.82,-0.08,-1.023,1742657.86,1355964.798,0.444,1.17,7.3081,0.6238,2.6323,8836378.4223,3925086.4015,2296728.4001,68393568.9886,30380168.7476
601328.SH,20250728,7.76,7.8,7.71,7.71,7.74,-0.03,-0.3876,1327993.26,1028792.169,0.3383,0.82,7.2798,0.6214,2.6221,8836378.4223,3925086.4015,2296728.4001,68128477.6359,30262416.1556
601328.SH,20250729,7.72,7.75,7.62,7.62,7.71,-0.09,-1.1673,1632462.82,1253807.51,0.4159,1.0,7.1948,0.6141,2.5915,8836378.4223,3925086.4015,2296728.4001,67333203.5779,29909158.3794
601328.SH,20250730,7.63,7.74,7.6,7.68,7.62,0.06,0.7874,1816826.57,1394780.647,0.4629,1.12,7.2514,0.6189,2.6119,8836378.4223,3925086.4015,2296728.4001,67863386.2833,30144663.5635
601328.SH,20250731,7.67,7.71,7.55,7.65,7.68,-0.03,-0.3906,1750338.67,1334338.002,0.4459,1.04,7.2231,0.6165,2.6017,8836378.4223,3925086.4015,2296728.4001,67598294.9306,30026910.9715
601328.SH,20250801,7.64,7.69,7.58,7.61,7.65,-0.04,-0.5229,1379325.13,1051324.995,0.3514,0.83,7.1854,0.6133,2.5881,8836378.4223,3925086.4015,2296728.4001,67244839.7937,29869907.5154
601328.SH,20250804,7.6,7.76,7.6,7.66,7.61,0.05,0.657,2100948.69,1614493.417,0.5353,1.33,7.2326,0.6173,2.6051,8836378.4223,3925086.4015,2296728.4001,67686658.7148,30066161.8355
601328.SH,20250805,7.66,7.78,7.65,7.77,7.66,0.11,1.436,1826237.13,1409099.615,0.4653,1.05,7.3364,0.6262,2.6425,8836378.4223,3925086.4015,2296728.4001,68658660.3413,30497921.3397
601328.SH,20250806,7.77,7.81,7.7,7.72,7.77,-0.05,-0.6435,1644746.53,1272875.763,0.419,0.93,7.2892,0.6222,2.6255,8836378.4223,3925086.4015,2296728.4001,68216841.4202,30301667.0196
601328.SH,20250807,7.72,7.78,7.68,7.76,7.72,0.04,0.5181,1400526.2,1084680.164,0.3568,0.8,7.327,0.6254,2.6391,8836378.4223,3925086.4015,2296728.4001,68570296.557,30458670.4756
601328.SH,20250808,7.76,7.82,7.73,7.75,7.76,-0.01,-0.1289,1253860.62,973599.159,0.3194,0.75,7.3175,0.6246,2.6357,8836378.4223,3925086.4015,2296728.4001,68481932.7728,30419419.6116
601328.SH,20250811,7.75,7.77,7.67,7.67,7.75,-0.08,-1.0323,1445967.8,1112568.327,0.3684,0.88,7.242,0.6181,2.6085,8836378.4223,3925086.4015,2296728.4001,67775022.499,30105412.6995
601328.SH,20250812,7.66,7.77,7.66,7.68,7.67,0.01,0.1304,1574567.51,1214853.181,0.4012,1.04,7.2514,0.6189,2.6119,8836378.4223,3925086.4015,2296728.4001,67863386.2833,30144663.5635
601328.SH,20250813,7.69,7.72,7.58,7.58,7.68,-0.1,-1.3021,1939737.68,1480363.97,0.4942,1.33,7.157,0.6109,2.5779,8836378.4223,3925086.4015,2296728.4001,66979748.441,29752154.9234
601328.SH,20250814,7.59,7.65,7.59,7.6,7.58,0.02,0.2639,1297972.79,988553.443,0.3307,0.85,7.1759,0.6125,2.5847,8836378.4223,3925086.4015,2296728.4001,67156476.0095,29830656.6514
601328.SH,20250815,7.61,7.62,7.42,7.43,7.6,-0.17,-2.2368,2911168.58,2177825.378,0.7417,1.94,7.0154,0.5988,2.5269,8836378.4223,3925086.4015,2296728.4001,65654291.6777,29163391.9631
601328.SH,20250818,7.45,7.49,7.42,7.44,7.43,0.01,0.1346,1881148.48,1401716.895,0.4793,1.03,7.0248,0.5996,2.5303,8836378.4223,3925086.4015,2296728.4001,65742655.4619,29202642.8272
601328.SH,20250819,7.45,7.53,7.45,7.51,7.44,0.07,0.9409,1503442.09,1127526.493,0.383,0.78,7.0909,0.6052,2.5541,8836378.4223,3925086.4015,2296728.4001,66361201.9515,29477398.8753
601328.SH,20250820,7.52,7.59,7.5,7.54,7.51,0.03,0.3995,1311493.29,989435.444,0.3341,0.69,7.1193,0.6077,2.5643,8836378.4223,3925086.4015,2296728.4001,66626293.3041,29595151.4673
601328.SH,20250821,7.54,7.59,7.49,7.59,7.54,0.05,0.6631,1345561.27,1016511.315,0.3428,0.76,7.1665,0.6117,2.5813,8836378.4223,3925086.4015,2296728.4001,67068112.2253,29791405.7874
601328.SH,20250822,7.59,7.6,7.52,7.57,7.59,-0.02,-0.2635,1432960.02,1082300.346,0.3651,0.8,7.1476,0.6101,2.5745,8836378.4223,3925086.4015,2296728.4001,66891384.6568,29712904.0594
601328.SH,20250825,7.57,7.69,7.54,7.68,7.57,0.11,1.4531,2032848.64,1550004.442,0.5179,1.36,7.2514,0.6189,2.6119,8836378.4223,3925086.4015,2296728.4001,67863386.2833,30144663.5635
601328.SH,20250826,7.67,7.71,7.6,7.61,7.68,-0.07,-0.9115,1276293.37,975543.998,0.3252,0.84,7.1854,0.6133,2.5881,8836378.4223,3925086.4015,2296728.4001,67244839.7937,29869907.5154
601328.SH,20250827,7.6,7.61,7.44,7.44,7.61,-0.17,-2.2339,2061024.4,1545547.102,0.5251,1.39,7.0248,0.5996,2.5303,8836378.4223,3925086.4015,2296728.4001,65742655.4619,29202642.8272
601328.SH,20250828,7.44,7.47,7.36,7.41,7.44,-0.03,-0.4032,1810111.06,1340355.36,0.4612,1.11,6.9965,0.5972,2.5201,8836378.4223,3925086.4015,2296728.4001,65477564.1092,29084890.2351
601328.SH,20250829,7.4,7.49,7.27,7.27,7.41,-0.14,-1.8893,3659528.94,2692976.495,0.9323,2.12,6.8643,0.5859,2.4724,8836378.4223,3925086.4015,2296728.4001,64240471.1301,28535378.1389
601328.SH,20250901,7.31,7.42,7.19,7.19,7.27,-0.08,-1.1004,4810215.63,3503023.035,1.2255,2.22,6.7888,0.5677,2.4452,8836378.4223,3925086.4015,3614570.8447,63533560.8563,28221371.2268
601328.SH,20250902,7.21,7.34,7.2,7.33,7.19,0.14,1.9471,2754179.17,2004305.32,1.0564,1.01,6.921,0.5787,2.4928,8836378.4223,2607243.9569,2296728.4001,64770653.8355,19111098.2041
601328.SH,20250903,7.32,7.34,7.23,7.27,7.33,-0.06,-0.8186,1886306.53,1371500.489,0.7235,0.62,6.8643,0.574,2.4724,8836378.4223,2607243.9569,2296728.4001,64240471.1301,18954663.5667
601328.SH,20250904,7.25,7.35,7.13,7.33,7.27,0.06,0.8253,2753808.85,1996001.095,1.0562,0.92,6.921,0.5787,2.4928,8836378.4223,2607243.9569,2296728.4001,64770653.8355,19111098.2041
601328.SH,20250905,7.28,7.33,7.22,7.26,7.33,-0.07,-0.955,1738111.48,1264011.142,0.6666,0.55,6.8549,0.5732,2.469,8836378.4223,2607243.9569,2296728.4001,64152107.3459,18928591.1271
601328.SH,20250908,7.25,7.27,7.14,7.17,7.26,-0.09,-1.2397,2443829.77,1758190.82,0.9373,0.88,6.7699,0.5661,2.4384,8836378.4223,2607243.9569,2296728.4001,63356833.2879,18693939.171
601328.SH,20250909,7.16,7.21,7.15,7.18,7.17,0.01,0.1395,1221349.39,876596.314,0.4684,0.53,6.7793,0.5669,2.4418,8836378.4223,2607243.9569,2296728.4001,63445197.0721,18720011.6105
601328.SH,20250910,7.19,7.26,7.15,7.2,7.18,0.02,0.2786,1755758.98,1266878.451,0.6734,0.87,6.7982,0.5685,2.4486,8836378.4223,2607243.9569,2296728.4001,63621924.6406,18772156.4897
601328.SH,20250911,7.2,7.29,7.18,7.27,7.2,0.07,0.9722,1724275.6,1246514.822,0.6613,0.87,6.8643,0.574,2.4724,8836378.4223,2607243.9569,2296728.4001,64240471.1301,18954663.5667
601328.SH,20250912,7.27,7.3,7.12,7.13,7.27,-0.14,-1.9257,3301012.1,2371576.341,1.2661,1.86,6.7321,0.5629,2.4248,8836378.4223,2607243.9569,2296728.4001,63003378.151,18589649.4127
601328.SH,20250915,7.13,7.17,7.06,7.1,7.13,-0.03,-0.4208,2007336.63,1426822.049,0.7699,0.96,6.7038,0.5606,2.4146,8836378.4223,2607243.9569,2296728.4001,62738286.7983,18511432.094
601328.SH,20250916,7.08,7.12,6.98,7.01,7.1,-0.09,-1.2676,2987373.34,2104301.312,1.1458,1.49,6.6188,0.5535,2.384,8836378.4223,2607243.9569,2296728.4001,61943012.7403,18276780.1379
601328.SH,20250917,7.01,7.06,6.98,7.03,7.01,0.02,0.2853,1684132.5,1183018.589,0.6459,0.72,6.6377,0.555,2.3908,8836378.4223,2607243.9569,2296728.4001,62119740.3088,18328925.017
601328.SH,20250918,7.05,7.06,6.9,6.9,7.03,-0.13,-1.8492,2127066.71,1481036.227,0.8158,0.91,6.515,0.5448,2.3466,8836378.4223,2607243.9569,2296728.4001,60971011.1139,17989983.3026
601328.SH,20250919,6.89,6.95,6.8,6.95,6.9,0.05,0.7246,2640523.68,1817865.022,1.0128,1.09,6.5622,0.5487,2.3636,8836378.4223,2607243.9569,2296728.4001,61412830.035,18120345.5005
601328.SH,20250922,6.9,6.94,6.81,6.81,6.95,-0.14,-2.0144,1451671.65,995393.341,0.5568,0.63,6.43,0.5377,2.316,8836378.4223,2607243.9569,2296728.4001,60175737.0559,17755331.3465
601328.SH,20250923,6.79,6.97,6.75,6.94,6.81,0.13,1.909,2920702.25,2019144.152,1.1202,1.34,6.5527,0.5479,2.3602,8836378.4223,2607243.9569,2296728.4001,61324466.2508,18094273.0609
601328.SH,20250924,6.93,7.02,6.88,6.88,6.94,-0.06,-0.8646,1894442.07,1311655.945,0.7266,0.88,6.4961,0.5432,2.3398,8836378.4223,2607243.9569,2296728.4001,60794283.5454,17937838.4235
601328.SH,20250925,6.88,6.89,6.8,6.85,6.88,-0.03,-0.436,1306578.46,893046.247,0.5011,0.59,6.4678,0.5408,2.3296,8836378.4223,2607243.9569,2296728.4001,60529192.1928,17859621.1048
601328.SH,20250926,6.84,6.87,6.78,6.82,6.85,-0.03,-0.438,1211937.97,826975.739,0.4648,0.59,6.4394,0.5385,2.3194,8836378.4223,2607243.9569,2296728.4001,60264100.8401,17781403.7861
601328.SH,20250929,6.82,6.89,6.74,6.8,6.82,-0.02,-0.2933,2070419.22,1407957.808,0.7941,1.18,6.4206,0.5369,2.3126,8836378.4223,2607243.9569,2296728.4001,60087373.2716,17729258.9069
601328.SH,20250930,6.81,6.82,6.71,6.72,6.8,-0.08,-1.1765,1848677.9,1246769.703,0.7091,0.98,6.345,0.5306,2.2854,8836378.4223,2607243.9569,2296728.4001,59380462.9979,17520679.3904
601328.SH,20251009,6.7,6.73,6.66,6.72,6.72,0.0,0.0,1731060.7,1159225.927,0.6639,1.04,6.345,0.5306,2.2854,8836378.4223,2607243.9569,2296728.4001,59380462.9979,17520679.3904
601328.SH,20251010,6.71,6.83,6.7,6.75,6.72,0.03,0.4464,2191160.86,1482048.791,0.8404,1.34,6.3733,0.5329,2.2956,8836378.4223,2607243.9569,2296728.4001,59645554.3505,17598896.7091
601328.SH,20251013,6.74,6.77,6.65,6.72,6.75,-0.03,-0.4444,2330201.85,1563914.82,0.8937,1.29,6.345,0.5306,2.2854,8836378.4223,2607243.9569,2296728.4001,59380462.9979,17520679.3904
601328.SH,20251014,6.7,6.86,6.67,6.86,6.72,0.14,2.0833,3198752.38,2172507.307,1.2269,1.57,6.4772,0.5416,2.333,8836378.4223,2607243.9569,2296728.4001,60617555.977,17885693.5443
601328.SH,20251015,6.86,6.92,6.83,6.88,6.86,0.02,0.2915,2367277.08,1627987.073,0.908,1.05,6.4961,0.5432,2.3398,8836378.4223,2607243.9569,2296728.4001,60794283.5454,17937838.4235
601328.SH,20251016,6.88,7.03,6.87,7.0,6.88,0.12,1.7442,2764018.5,1924583.921,1.0601,1.17,6.6094,0.5527,2.3806,8836378.4223,2607243.9569,2296728.4001,61854648.9561,18250707.6983
601328.SH,20251017,7.0,7.11,6.95,6.98,7.0,-0.02,-0.2857,2601888.31,1829178.381,0.9979,1.01,6.5905,0.5511,2.3738,8836378.4223,2607243.9569,2296728.4001,61677921.3877,18198562.8192
601328.SH,20251020,6.97,7.0,6.83,6.97,6.98,-0.01,-0.1433,2382405.73,1648472.034,0.9138,0.9,6.5811,0.5503,2.3704,8836378.4223,2607243.9569,2296728.4001,61589557.6034,18172490.3796
601328.SH,20251021,6.95,7.07,6.95,7.03,6.97,0.06,0.8608,2018308.21,1414189.095,0.7741,0.76,6.6377,0.555,2.3908,8836378.4223,2607243.9569,2296728.4001,62119740.3088,18328925.017
601328.SH,20251022,7.03,7.16,7.03,7.14,7.03,0.11,1.5647,2150871.9,1528933.629,0.825,0.89,6.7416,0.5637,2.4282,8836378.4223,2607243.9569,2296728.4001,63091741.9352,18615721.8523
601328.SH,20251023,7.16,7.24,7.1,7.2,7.14,0.06,0.8403,2515009.1,1806795.998,0.9646,1.06,6.7982,0.5685,2.4486,8836378.4223,2607243.9569,2296728.4001,63621924.6406,18772156.4897
601328.SH,20251024,7.19,7.32,7.16,7.23,7.2,0.03,0.4167,2731982.71,1979761.058,1.0478,1.17,6.8266,0.5708,2.4588,8836378.4223,2607243.9569,2296728.4001,63887015.9932,18850373.8084
601328.SH,20251027,7.21,7.33,7.13,7.28,7.23,0.05,0.6916,3458912.29,2506671.416,1.3267,1.47,6.8738,0.5748,2.4758,8836378.4223,2607243.9569,2296728.4001,64328834.9143,18980736.0062
601328.SH,20251028,7.29,7.32,7.18,7.27,7.28,-0.01,-0.1374,2301588.47,1667818.27,0.8828,0.89,6.8643,0.574,2.4724,8836378.4223,2607243.9569,2296728.4001,64240471.1301,18954663.5667
601328.SH,20251029,7.25,7.26,7.12,7.13,7.27,-0.14,-1.9257,2491078.7,1788941.185,0.9554,0.95,6.7321,0.5629,2.4248,8836378.4223,2607243.9569,2296728.4001,63003378.151,18589649.4127
601328.SH,20251030,7.13,7.18,7.06,7.09,7.13,-0.04,-0.561,2365243.88,1679829.61,0.9072,0.88,6.6944,0.5598,2.4112,8836378.4223,2607243.9569,2296728.4001,62649923.0141,18485359.6544
601328.SH,20251031,7.14,7.19,7.05,7.18,7.09,0.09,1.2694,2205352.63,1571277.773,0.8459,0.83,6.7793,0.5587,2.4418,8836378.4223,2607243.9569,2296728.4001,63445197.0721,18720011.6105
601328.SH,20251103,7.18,7.3,7.15,7.27,7.18,0.09,1.2535,2125924.72,1541531.622,0.8154,0.83,6.8643,0.5657,2.4724,8836378.4223,2607243.9569,2296728.4001,64240471.1301,18954663.5667
601328.SH,20251104,7.28,7.39,7.26,7.39,7.27,0.12,1.6506,2284393.66,1680668.768,0.8762,0.99,6.9776,0.575,2.5133,8836378.4223,2607243.9569,2296728.4001,65300836.5408,19267532.8415
601328.SH,20251105,7.4,7.42,7.34,7.34,7.39,-0.05,-0.6766,1720305.97,1267548.34,0.6598,0.75,6.9304,0.5712,2.4962,8836378.4223,2607243.9569,2296728.4001,64859017.6197,19137170.6436
601328.SH,20251106,7.34,7.36,7.29,7.34,7.34,0.0,0.0,1751476.51,1282771.044,0.6718,0.82,6.9304,0.5712,2.4962,8836378.4223,2607243.9569,2296728.4001,64859017.6197,19137170.6436
601328.SH,20251107,7.35,7.39,7.28,7.31,7.34,-0.03,-0.4087,1555436.85,1138648.692,0.5966,0.77,6.9021,0.5688,2.486,8836378.4223,2607243.9569,2296728.4001,64593926.267,19058953.3249
601328.SH,20251110,7.3,7.38,7.27,7.37,7.31,0.06,0.8208,1381739.73,1014165.672,0.53,0.73,6.9587,0.5735,2.5065,8836378.4223,2607243.9569,2296728.4001,65124108.9724,19215387.9624
601328.SH,20251111,7.36,7.41,7.33,7.39,7.37,0.02,0.2714,1140782.85,841825.46,0.4375,0.66,6.9776,0.575,2.5133,8836378.4223,2607243.9569,2296728.4001,65300836.5408,19267532.8415
601328.SH,20251112,7.41,7.49,7.4,7.45,7.39,0.06,0.8119,1833957.32,1368119.58,0.7034,1.21,7.0343,0.5797,2.5337,8836378.4223,2607243.9569,2296728.4001,65831019.2461,19423967.4789
601328.SH,20251113,7.45,7.48,7.37,7.45,7.45,0.0,0.0,1699741.62,1262560.773,0.6519,1.11,7.0343,0.5797,2.5337,8836378.4223,2607243.9569,2296728.4001,65831019.2461,19423967.4789
601328.SH,20251114,7.46,7.58,7.46,7.52,7.45,0.07,0.9396,2071950.01,1561616.915,0.7947,1.36,7.1004,0.5852,2.5575,8836378.4223,2607243.9569,2296728.4001,66449565.7357,19606474.5559
601328.SH,20251117,7.5,7.51,7.38,7.39,7.52,-0.13,-1.7287,1566550.31,1162337.681,0.6008,0.96,6.9776,0.575,2.5133,8836378.4223,2607243.9569,2296728.4001,65300836.5408,19267532.8415
601328.SH,20251118,7.39,7.49,7.35,7.43,7.39,0.04,0.5413,1444514.48,1072560.594,0.554,0.87,7.0154,0.5782,2.5269,8836378.4223,2607243.9569,2296728.4001,65654291.6777,19371822.5998
601328.SH,20251119,7.44,7.57,7.42,7.53,7.43,0.1,1.3459,1767661.92,1330169.624,0.678,1.03,7.1098,0.5859,2.5609,8836378.4223,2607243.9569,2296728.4001,66537929.5199,19632546.9955
601328.SH,20251120,7.51,7.72,7.48,7.65,7.53,0.12,1.5936,2687880.57,2056049.317,1.0309,1.57,7.2231,0.5953,2.6017,8836378.4223,2607243.9569,2296728.4001,67598294.9306,19945416.2703
601328.SH,20251121,7.66,7.72,7.59,7.62,7.65,-0.03,-0.3922,2440888.47,1866496.696,0.9362,1.28,7.1948,0.5929,2.5915,8836378.4223,2607243.9569,2296728.4001,67333203.5779,19867198.9516
601328.SH,20251124,7.62,7.65,7.54,7.56,7.62,-0.06,-0.7874,1895383.85,1439505.461,0.727,0.96,7.1381,0.5883,2.5711,8836378.4223,2607243.9569,2296728.4001,66803020.8726,19710764.3142
601328.SH,20251125,7.55,7.72,7.51,7.72,7.56,0.16,2.1164,2120590.75,1621928.998,0.8133,1.04,7.2892,0.6007,2.6255,8836378.4223,2607243.9569,2296728.4001,68216841.4202,20127923.3473
601328.SH,20251126,7.72,7.77,7.63,7.66,7.72,-0.06,-0.7772,1500768.05,1152698.732,0.5756,0.69,7.2326,0.5961,2.6051,8836378.4223,2607243.9569,2296728.4001,67686658.7148,19971488.7099
601328.SH,20251127,7.67,7.73,7.57,7.71,7.66,0.05,0.6527,1595184.54,1221929.081,0.6118,0.75,7.2798,0.5999,2.6221,8836378.4223,2607243.9569,2296728.4001,68128477.6359,20101850.9077
601328.SH,20251128,7.69,7.71,7.56,7.59,7.71,-0.12,-1.5564,1667619.95,1269241.952,0.6396,0.87,7.1665,0.5906,2.5813,8836378.4223,2607243.9569,2296728.4001,67068112.2253,19788981.6329
601328.SH,20251201,7.57,7.7,7.54,7.69,7.59,0.1,1.3175,2024168.37,1551013.205,0.7764,1.15,7.2609,0.5984,2.6153,8836378.4223,2607243.9569,2296728.4001,67951750.0675,20049706.0286
601328.SH,20251202,7.69,7.74,7.62,7.65,7.69,-0.04,-0.5202,975516.34,747924.349,0.3742,0.55,7.2231,0.5953,2.6017,8836378.4223,2607243.9569,2296728.4001,67598294.9306,19945416.2703
601328.SH,20251203,7.63,7.67,7.49,7.53,7.65,-0.12,-1.5686,1533305.89,1159856.31,0.5881,0.99,7.1098,0.5859,2.5609,8836378.4223,2607243.9569,2296728.4001,66537929.5199,19632546.9955
601328.SH,20251204,7.51,7.52,7.41,7.44,7.53,-0.09,-1.1952,1346522.71,1003409.689,0.5165,0.86,7.0248,0.5789,2.5303,8836378.4223,2607243.9569,2296728.4001,65742655.4619,19397895.0393
601328.SH,20251205,7.43,7.52,7.39,7.42,7.44,-0.02,-0.2688,1416166.47,1054271.679,0.5432,0.94,7.006,0.5774,2.5235,8836378.4223,2607243.9569,2296728.4001,65565927.8935,19345750.1602
601328.SH,20251208,7.43,7.51,7.41,7.46,7.42,0.04,0.5391,1208276.44,902795.03,0.4634,0.83,7.0437,0.5805,2.5371,8836378.4223,2607243.9569,2296728.4001,65919383.0304,19450039.9185
601328.SH,20251209,7.49,7.49,7.4,7.45,7.46,-0.01,-0.134,951174.11,708456.825,0.3648,0.73,7.0343,0.5797,2.5337,8836378.4223,2607243.9569,2296728.4001,65831019.2461,19423967.4789
601328.SH,20251210,7.43,7.47,7.3,7.31,7.45,-0.14,-1.8792,1489728.62,1094958.821,0.5714,1.15,6.9021,0.5688,2.486,8836378.4223,2607243.9569,2296728.4001,64593926.267,19058953.3249
601328.SH,20251211,7.32,7.36,7.29,7.36,7.31,0.05,0.684,1175951.2,861849.196,0.451,0.92,6.9493,0.5727,2.503,8836378.4223,2607243.9569,2296728.4001,65035745.1881,19189315.5228
601328.SH,20251212,7.35,7.38,7.29,7.35,7.36,-0.01,-0.1359,1805933.18,1324056.587,0.6927,1.45,6.9399,0.5719,2.4996,8836378.4223,2607243.9569,2296728.4001,64947381.4039,19163243.0832
601328.SH,20251215,7.35,7.39,7.33,7.33,7.35,-0.02,-0.2721,990473.6,728794.899,0.3799,0.75,6.921,0.5704,2.4928,8836378.4223,2607243.9569,2296728.4001,64770653.8355,19111098.2041
601328.SH,20251216,7.32,7.33,7.23,7.27,7.33,-0.06,-0.8186,1214323.85,883046.003,0.4657,0.95,6.8643,0.5657,2.4724,8836378.4223,2607243.9569,2296728.4001,64240471.1301,18954663.5667
601328.SH,20251217,7.26,7.37,7.23,7.31,7.27,0.04,0.5502,1263209.55,923294.412,0.4845,0.95,6.9021,0.5688,2.486,8836378.4223,2607243.9569,2296728.4001,64593926.267,19058953.3249
601328.SH,20251218,7.31,7.48,7.31,7.46,7.31,0.15,2.052,1152950.52,854120.359,0.4422,0.89,7.0437,0.5805,2.5371,8836378.4223,2607243.9569,2296728.4001,65919383.0304,19450039.9185
601328.SH,20251219,7.46,7.47,7.39,7.43,7.46,-0.03,-0.4021,1305635.07,969935.937,0.5008,1.02,7.0154,0.5782,2.5269,8836378.4223,2607243.9569,2296728.4001,65654291.6777,19371822.5998
601328.SH,20251222,7.42,7.46,7.37,7.4,7.43,-0.03,-0.4038,1151021.43,853117.729,0.4415,0.97,6.9871,0.5758,2.5167,8836378.4223,2607243.9569,2296728.4001,65389200.325,19293605.2811
601328.SH,20251223,7.4,7.47,7.38,7.44,7.4,0.04,0.5405,1159846.1,862394.998,0.4449,0.95,7.0248,0.5789,2.5303,8836378.4223,2607243.9569,2296728.4001,65742655.4619,19397895.0393
601328.SH,20251224,7.43,7.47,7.36,7.36,7.44,-0.08,-1.0753,1470969.84,1089209.433,0.5642,1.22,6.9493,0.5727,2.503,8836378.4223,2607243.9569,2296728.4001,65035745.1881,19189315.5228
601328.SH,20251225,7.24,7.27,7.19,7.2,7.2,0.0,0.0,1099560.3,794016.976,0.4217,0.88,6.7982,0.5672,2.4486,8836378.4223,2607243.9569,2296728.4001,63621924.6406,18772156.4897
601328.SH,20251226,7.19,7.23,7.16,7.22,7.2,0.02,0.2778,901931.04,649541.092,0.3459,0.73,6.8171,0.5687,2.4554,8836378.4223,2607243.9569,2296728.4001,63798652.209,18824301.3688
601328.SH,20251229,7.21,7.38,7.18,7.37,7.22,0.15,2.0776,1695108.55,1236075.847,0.6502,1.47,6.9587,0.5806,2.5065,8836378.4223,2607243.9569,2296728.4001,65124108.9724,19215387.9624
601328.SH,20251230,7.35,7.36,7.24,7.24,7.37,-0.13,-1.7639,1088185.45,792980.56,0.4174,0.86,6.836,0.5703,2.4622,8836378.4223,2607243.9569,2296728.4001,63975379.7775,18876446.248
601328.SH,20251231,7.25,7.3,7.23,7.25,7.24,0.01,0.1381,856328.34,621381.356,0.3284,0.68,6.8454,0.5711,2.4656,8836378.4223,2607243.9569,2296728.4001,64063743.5617,18902518.6875
