ts_code,trade_date,open,high,low,close,pre_close,change,pct_chg,vol,amount,turnover_rate,volume_ratio,pe,pb,ps,total_share,float_share,free_share,total_mv,circ_mv
601939.SH,20180601,7.09,7.17,7.04,7.08,7.12,-0.04,-0.56,984067.37,698373.882,1.0257,0.69,7.3064,1.007,2.8473,25001097.7486,959365.7606,890107.583,177007772.0601,6792309.585
601939.SH,20180604,7.1,7.23,7.09,7.17,7.08,0.09,1.27,1497404.09,1074269.053,1.5608,1.11,7.3993,1.0198,2.8835,25001097.7486,959365.7606,890107.583,179257870.8575,6878652.5035
601939.SH,20180605,7.16,7.18,7.08,7.18,7.17,0.01,0.14,1075422.21,767443.427,1.121,0.75,7.4096,1.0212,2.8876,25001097.7486,959365.7606,890107.583,179507881.8349,6888246.1611
601939.SH,20180606,7.14,7.18,7.1,7.13,7.18,-0.05,-0.7,891237.09,636039.73,0.929,0.74,7.358,1.0141,2.8675,25001097.7486,959365.7606,890107.583,178257826.9475,6840277.8731
601939.SH,20180607,7.18,7.25,7.14,7.18,7.13,0.05,0.7,1338168.93,961484.137,1.3948,1.19,7.4096,1.0212,2.8876,25001097.7486,959365.7606,890107.583,179507881.8349,6888246.1611
601939.SH,20180608,7.15,7.15,7.02,7.03,7.18,-0.15,-2.09,1414921.04,1000555.963,1.4749,1.22,7.2548,0.9999,2.8272,25001097.7486,959365.7606,890107.583,175757717.1727,6744341.297
601939.SH,20180611,7.01,7.05,6.94,7.01,7.03,-0.02,-0.28,1082797.02,756004.885,1.1287,0.87,7.2342,0.9971,2.8192,25001097.7486,959365.7606,890107.583,175257695.2177,6725153.9818
601939.SH,20180612,7.0,7.09,6.96,7.08,7.01,0.07,1.0,870242.53,611196.926,0.9071,0.75,7.3064,1.007,2.8473,25001097.7486,959365.7606,890107.583,177007772.0601,6792309.585
601939.SH,20180613,7.06,7.08,6.99,7.06,7.08,-0.02,-0.28,880223.46,619052.1,0.9175,0.79,7.2858,1.0042,2.8393,25001097.7486,959365.7606,890107.583,176507750.1051,6773122.2698
601939.SH,20180614,7.02,7.14,7.01,7.11,7.06,0.05,0.71,947088.77,670928.337,0.9872,0.85,7.3374,1.0113,2.8594,25001097.7486,959365.7606,890107.583,177757804.9925,6821090.5579
601939.SH,20180615,7.09,7.25,7.07,7.23,7.11,0.12,1.69,1676504.98,1207402.045,1.7475,1.61,7.4612,1.0284,2.9077,25001097.7486,959365.7606,890107.583,180757936.7224,6936214.4491
601939.SH,20180619,7.16,7.26,7.05,7.23,7.23,0.0,0.0,3022876.78,2175419.163,3.1509,2.77,7.4612,1.0284,2.9077,25001097.7486,959365.7606,890107.583,180757936.7224,6936214.4491
601939.SH,20180620,7.17,7.2,7.07,7.11,7.23,-0.12,-1.66,904295.39,642909.172,0.9426,0.61,7.3374,1.0113,2.8594,25001097.7486,959365.7606,890107.583,177757804.9925,6821090.5579
601939.SH,20180621,7.11,7.22,7.06,7.06,7.11,-0.05,-0.7,948948.77,677782.014,0.9891,0.64,7.2858,1.0042,2.8393,25001097.7486,959365.7606,890107.583,176507750.1051,6773122.2698
601939.SH,20180622,7.02,7.12,7.0,7.06,7.06,0.0,0.0,781675.84,550025.321,0.8148,0.52,7.2858,1.0042,2.8393,25001097.7486,959365.7606,890107.583,176507750.1051,6773122.2698
601939.SH,20180625,7.12,7.12,6.89,6.9,7.06,-0.16,-2.27,1127717.59,789011.453,1.1755,0.77,7.1206,0.9814,2.775,25001097.7486,959365.7606,890107.583,172507574.4653,6619623.7481
601939.SH,20180626,6.84,6.85,6.6,6.73,6.9,-0.17,-2.46,1537790.1,1029144.641,1.6029,1.13,6.9452,0.9572,2.7066,25001097.7486,959365.7606,890107.583,168257387.8481,6456531.5688
601939.SH,20180627,6.68,6.69,6.52,6.57,6.73,-0.16,-2.38,1254801.19,827665.602,1.3079,1.18,6.7801,0.9345,2.6422,25001097.7486,959365.7606,890107.583,164257212.2083,6303033.0471
601939.SH,20180628,6.53,6.54,6.39,6.42,6.57,-0.15,-2.28,1116610.87,721456.728,1.1639,0.99,6.6253,0.9131,2.5819,25001097.7486,959365.7606,890107.583,160507047.546,6159128.1831
601939.SH,20180629,6.44,6.58,6.44,6.55,6.42,0.13,2.02,921416.51,599531.911,0.9604,0.79,6.7595,0.9316,2.6342,25001097.7486,959365.7606,890107.583,163757190.2533,6283845.7319
601939.SH,20180702,6.53,6.54,6.19,6.22,6.55,-0.33,-5.04,1365295.82,866521.762,1.4231,1.15,6.4189,0.8847,2.5015,25001097.7486,959365.7606,890107.583,155506827.9963,5967255.0309
601939.SH,20180703,6.23,6.33,6.15,6.32,6.22,0.1,1.61,1570227.24,979937.244,1.6367,1.27,6.5221,0.8989,2.5417,25001097.7486,959365.7606,890107.583,158006937.7712,6063191.607
601939.SH,20180704,6.31,6.42,6.28,6.32,6.32,0.0,0.0,982479.53,624349.666,1.0241,0.79,6.5221,0.8989,2.5417,25001097.7486,959365.7606,890107.583,158006937.7712,6063191.607
601939.SH,20180705,6.31,6.46,6.3,6.41,6.32,0.09,1.42,1115357.11,713693.846,1.1626,0.94,6.615,0.9117,2.5779,25001097.7486,959365.7606,890107.583,160257036.5685,6149534.5254
601939.SH,20180706,6.4,6.53,6.35,6.46,6.41,0.05,0.78,973611.63,627116.571,1.0148,0.82,6.6666,0.9188,2.598,25001097.7486,959365.7606,890107.583,161507091.456,6197502.8135
601939.SH,20180709,6.49,6.82,6.49,6.81,6.46,0.35,5.42,1447813.51,969141.617,1.5091,1.21,7.0278,0.9686,2.7388,25001097.7486,959365.7606,890107.583,170257475.668,6533280.8297
601939.SH,20180710,6.82,6.82,6.69,6.77,6.81,-0.04,-0.59,1059033.88,715595.122,1.1039,0.87,6.9865,0.9629,2.7227,25001097.7486,959365.7606,890107.583,169257431.758,6494906.1993
601939.SH,20180711,6.6,6.82,6.57,6.73,6.77,-0.04,-0.59,1334894.23,897370.142,1.3914,1.2,6.9452,0.9572,2.7066,25001097.7486,959365.7606,890107.583,168257387.8481,6456531.5688
601939.SH,20180712,6.71,7.02,6.71,6.97,6.73,0.24,3.57,1555668.84,1080426.879,1.6216,1.31,7.1929,0.9914,2.8031,25001097.7486,959365.7606,890107.583,174257651.3077,6686779.3514
601939.SH,20180713,6.99,7.0,6.9,6.98,6.97,0.01,0.14,906557.15,629661.56,0.945,0.71,7.2032,0.9928,2.8071,25001097.7486,959365.7606,890107.583,174507662.2852,6696373.009
601939.SH,20180716,6.94,7.02,6.72,6.8,6.98,-0.18,-2.58,1341476.79,917672.89,1.3983,1.06,7.0174,0.9672,2.7347,25001097.7486,959365.7606,890107.583,170007464.6905,6523687.1721
601939.SH,20180717,6.47,6.48,6.3,6.37,6.51,-0.14,-2.15,1190914.96,758494.058,1.2414,0.96,6.5737,0.9452,2.5618,25001097.7486,959365.7606,890107.583,159256992.6586,6111159.895
601939.SH,20180718,6.39,6.54,6.38,6.4,6.37,0.03,0.47,816523.51,527155.858,0.8511,0.65,6.6047,0.9496,2.5739,25001097.7486,959365.7606,890107.583,160007025.591,6139940.8678
601939.SH,20180719,6.43,6.45,6.31,6.35,6.4,-0.05,-0.78,932870.19,594258.911,0.9724,0.8,6.5531,0.9422,2.5538,25001097.7486,959365.7606,890107.583,158756970.7036,6091972.5798
601939.SH,20180720,6.34,6.85,6.31,6.78,6.35,0.43,6.7717,2564125.26,1704420.808,2.6727,2.47,6.9968,1.006,2.7267,25001097.7486,959365.7606,890107.583,169507442.7355,6504499.8569
601939.SH,20180723,6.77,6.99,6.7,6.93,6.78,0.15,2.2124,2426225.41,1663072.71,2.529,1.77,7.1516,1.0282,2.787,25001097.7486,959365.7606,890107.583,173257607.3978,6648404.721
601939.SH,20180724,6.92,7.08,6.87,6.93,6.93,0.0,0.0,1962392.15,1365588.094,2.0455,1.24,7.1516,1.0282,2.787,25001097.7486,959365.7606,890107.583,173257607.3978,6648404.721
601939.SH,20180725,6.95,6.99,6.83,6.92,6.93,-0.01,-0.1443,989207.63,681585.423,1.0311,0.57,7.1413,1.0268,2.783,25001097.7486,959365.7606,890107.583,173007596.4203,6638811.0634
601939.SH,20180726,6.92,7.01,6.81,6.91,6.92,-0.01,-0.1445,1025918.86,707607.046,1.0694,0.58,7.131,1.0253,2.779,25001097.7486,959365.7606,890107.583,172757585.4428,6629217.4057
601939.SH,20180727,6.85,6.94,6.82,6.85,6.91,-0.06,-0.8683,713806.23,490692.082,0.744,0.4,7.069,1.0164,2.7548,25001097.7486,959365.7606,890107.583,171257519.5779,6571655.4601
601939.SH,20180730,6.85,7.01,6.81,6.95,6.85,0.1,1.4599,1125745.03,778528.342,1.1734,0.79,7.1722,1.0312,2.7951,25001097.7486,959365.7606,890107.583,173757629.3528,6667592.0362
601939.SH,20180731,6.94,7.06,6.86,7.01,6.95,0.06,0.8633,990768.1,690614.061,1.0327,0.85,7.2342,1.0401,2.8192,25001097.7486,959365.7606,890107.583,175257695.2177,6725153.9818
601939.SH,20180801,7.02,7.1,6.87,6.88,7.01,-0.13,-1.8545,1209441.75,846923.597,1.2607,1.25,7.1,1.0208,2.7669,25001097.7486,959365.7606,890107.583,172007552.5104,6600436.4329
601939.SH,20180802,6.8,6.86,6.69,6.74,6.88,-0.14,-2.0349,1147425.75,776322.129,1.196,1.13,6.9555,1.0001,2.7106,25001097.7486,959365.7606,890107.583,168507398.8256,6466125.2264
601939.SH,20180803,6.74,6.91,6.73,6.83,6.74,0.09,1.3353,1014787.06,693748.595,1.0578,0.98,7.0484,1.0134,2.7468,25001097.7486,959365.7606,890107.583,170757497.6229,6552468.1449
601939.SH,20180806,6.82,6.98,6.8,6.89,6.83,0.06,0.8785,1036199.87,715522.047,1.0801,0.94,7.1103,1.0223,2.7709,25001097.7486,959365.7606,890107.583,172257563.4879,6610030.0905
601939.SH,20180807,6.9,6.99,6.81,6.98,6.89,0.09,1.3062,1275063.02,880131.294,1.3291,1.18,7.2032,1.0357,2.8071,25001097.7486,959365.7606,890107.583,174507662.2852,6696373.009
601939.SH,20180808,6.96,6.97,6.82,6.85,6.98,-0.13,-1.8625,861487.99,593199.418,0.898,0.76,7.069,1.0164,2.7548,25001097.7486,959365.7606,890107.583,171257519.5779,6571655.4601
601939.SH,20180809,6.81,6.95,6.81,6.93,6.85,0.08,1.1679,864125.38,596646.035,0.9007,0.81,7.1516,1.0282,2.787,25001097.7486,959365.7606,890107.583,173257607.3978,6648404.721
601939.SH,20180810,6.91,6.93,6.83,6.85,6.93,-0.08,-1.1544,680741.66,467243.539,0.7096,0.67,7.069,1.0164,2.7548,25001097.7486,959365.7606,890107.583,171257519.5779,6571655.4601
601939.SH,20180813,6.81,6.81,6.56,6.67,6.85,-0.18,-2.6277,1498197.02,997999.582,1.5617,1.59,6.8833,0.9897,2.6825,25001097.7486,959365.7606,890107.583,166757321.9832,6398969.6232
601939.SH,20180814,6.65,6.69,6.56,6.68,6.67,0.01,0.1499,689260.38,457230.727,0.7185,0.67,6.8936,0.9911,2.6865,25001097.7486,959365.7606,890107.583,167007332.9606,6408563.2808
601939.SH,20180815,6.65,6.67,6.55,6.57,6.68,-0.11,-1.6467,733772.63,485048.752,0.7649,0.8,6.7801,0.9748,2.6422,25001097.7486,959365.7606,890107.583,164257212.2083,6303033.0471
601939.SH,20180816,6.49,6.61,6.46,6.6,6.57,0.03,0.4566,851057.1,558048.408,0.8871,0.95,6.8111,0.9793,2.6543,25001097.7486,959365.7606,890107.583,165007245.1408,6331814.02
601939.SH,20180817,6.65,6.69,6.5,6.52,6.6,-0.08,-1.2121,610187.36,400971.812,0.636,0.69,6.7285,0.9674,2.6221,25001097.7486,959365.7606,890107.583,163007157.3209,6255064.7591
601939.SH,20180820,6.55,6.68,6.52,6.66,6.52,0.14,2.1472,846437.58,560117.68,0.8823,0.97,6.873,0.9882,2.6784,25001097.7486,959365.7606,890107.583,166507311.0057,6389375.9656
601939.SH,20180821,6.65,6.76,6.63,6.72,6.66,0.06,0.9009,811674.25,544969.482,0.8461,1.09,6.9349,0.9971,2.7026,25001097.7486,959365.7606,890107.583,168007376.8706,6446937.9112
601939.SH,20180822,6.71,6.72,6.64,6.7,6.72,-0.02,-0.2976,358517.06,239799.481,0.3737,0.47,6.9142,0.9941,2.6945,25001097.7486,959365.7606,890107.583,167507354.9156,6427750.596
601939.SH,20180823,6.7,6.75,6.64,6.69,6.7,-0.01,-0.1493,384157.6,257071.685,0.4004,0.55,6.9039,0.9926,2.6905,25001097.7486,959365.7606,890107.583,167257343.9381,6418156.9384
601939.SH,20180824,6.66,6.91,6.64,6.8,6.69,0.11,1.6442,931007.6,630184.029,0.9704,1.55,7.0174,1.009,2.7347,25001097.7486,959365.7606,890107.583,170007464.6905,6523687.1721
601939.SH,20180827,6.83,6.91,6.78,6.91,6.8,0.11,1.6176,1013238.46,694969.374,1.0562,1.52,7.131,1.0253,2.779,25001097.7486,959365.7606,890107.583,172757585.4428,6629217.4057
601939.SH,20180828,6.92,7.02,6.9,6.95,6.91,0.04,0.5789,873951.02,608936.199,0.911,1.25,7.1722,1.0312,2.7951,25001097.7486,959365.7606,890107.583,173757629.3528,6667592.0362
601939.SH,20180829,6.92,6.94,6.86,6.9,6.95,-0.05,-0.7194,403195.39,278197.972,0.4203,0.57,7.1206,1.0172,2.775,25001097.7486,959365.7606,890107.583,172507574.4653,6619623.7481
601939.SH,20180830,6.9,6.95,6.83,6.83,6.9,-0.07,-1.0145,414933.7,285119.488,0.4325,0.58,7.0484,1.0069,2.7468,25001097.7486,959365.7606,890107.583,170757497.6229,6552468.1449
601939.SH,20180831,6.83,6.96,6.77,6.88,6.83,0.05,0.7321,728204.11,501188.351,0.759,1.0,7.1,1.0143,2.7669,25001097.7486,959365.7606,890107.583,172007552.5104,6600436.4329
601939.SH,20180903,6.87,6.96,6.83,6.88,6.88,0.0,0.0,690021.38,474967.01,0.7192,1.0,7.1,1.0143,2.7669,25001097.7486,959365.7606,890107.583,172007552.5104,6600436.4329
601939.SH,20180904,6.88,6.96,6.79,6.93,6.88,0.05,0.7267,631176.0,433955.878,0.6579,1.01,7.1516,1.0216,2.787,25001097.7486,959365.7606,890107.583,173257607.3978,6648404.721
601939.SH,20180905,6.89,6.93,6.69,6.71,6.93,-0.22,-3.1746,904700.28,614648.087,0.943,1.58,6.9246,0.9892,2.6985,25001097.7486,959365.7606,890107.583,167757365.8931,6437344.2536
601939.SH,20180906,6.68,6.74,6.66,6.67,6.71,-0.04,-0.5961,495824.72,331672.806,0.5168,0.74,6.8833,0.9833,2.6825,25001097.7486,959365.7606,890107.583,166757321.9832,6398969.6232
601939.SH,20180907,6.68,6.72,6.57,6.66,6.67,-0.01,-0.1499,1031326.93,684750.756,1.075,1.49,6.873,0.9818,2.6784,25001097.7486,959365.7606,890107.583,166507311.0057,6389375.9656
601939.SH,20180910,6.61,6.7,6.58,6.62,6.66,-0.04,-0.6006,641739.54,425852.854,0.6689,0.85,6.8317,0.9759,2.6623,25001097.7486,959365.7606,890107.583,165507267.0957,6351001.3352
601939.SH,20180911,6.63,6.69,6.54,6.58,6.62,-0.04,-0.6042,492734.16,325538.299,0.5136,0.67,6.7904,0.97,2.6463,25001097.7486,959365.7606,890107.583,164507223.1858,6312626.7047
601939.SH,20180912,6.55,6.58,6.5,6.54,6.58,-0.04,-0.6079,492358.86,321668.342,0.5132,0.69,6.7491,0.9641,2.6302,25001097.7486,959365.7606,890107.583,163507179.2758,6274252.0743
601939.SH,20180913,6.59,6.64,6.55,6.64,6.54,0.1,1.5291,550785.69,363528.216,0.5741,0.87,6.8523,0.9789,2.6704,25001097.7486,959365.7606,890107.583,166007289.0507,6370188.6504
601939.SH,20180914,6.63,6.7,6.62,6.65,6.64,0.01,0.1506,466158.89,310643.611,0.4859,0.73,6.8626,0.9804,2.6744,25001097.7486,959365.7606,890107.583,166257300.0282,6379782.308
601939.SH,20180917,6.63,6.68,6.61,6.61,6.65,-0.04,-0.6015,447951.43,297708.876,0.4669,0.85,6.8214,0.9745,2.6583,25001097.7486,959365.7606,890107.583,165257256.1182,6341407.6776
601939.SH,20180918,6.6,6.71,6.59,6.69,6.61,0.08,1.2103,509739.75,339006.212,0.5313,1.04,6.9039,0.9863,2.6905,25001097.7486,959365.7606,890107.583,167257343.9381,6418156.9384
601939.SH,20180919,6.67,6.83,6.67,6.78,6.69,0.09,1.3453,930159.21,629695.724,0.9696,1.89,6.9968,0.9995,2.7267,25001097.7486,959365.7606,890107.583,169507442.7355,6504499.8569
601939.SH,20180920,6.8,6.95,6.8,6.85,6.78,0.07,1.0324,946631.19,650379.489,0.9867,1.63,7.069,1.0098,2.7548,25001097.7486,959365.7606,890107.583,171257519.5779,6571655.4601
601939.SH,20180921,6.88,7.23,6.8,7.21,6.85,0.36,5.2555,2081220.82,1468902.167,2.1694,3.15,7.4406,1.0629,2.8996,25001097.7486,959365.7606,890107.583,180257914.7674,6917027.1339
601939.SH,20180925,7.1,7.16,7.01,7.1,7.21,-0.11,-1.5257,1244613.31,881939.024,1.2973,1.27,7.327,1.0467,2.8554,25001097.7486,959365.7606,890107.583,177507794.0151,6811496.9003
601939.SH,20180926,7.09,7.24,7.07,7.13,7.1,0.03,0.4225,1491998.69,1069107.34,1.5552,1.31,7.358,1.0511,2.8675,25001097.7486,959365.7606,890107.583,178257826.9475,6840277.8731
601939.SH,20180927,7.11,7.15,7.04,7.13,7.13,0.0,0.0,736591.78,521977.817,0.7678,0.55,7.358,1.0511,2.8675,25001097.7486,959365.7606,890107.583,178257826.9475,6840277.8731
601939.SH,20180928,7.12,7.32,7.11,7.24,7.13,0.11,1.5428,1334490.19,964494.574,1.391,1.03,7.4715,1.0673,2.9117,25001097.7486,959365.7606,890107.583,181007947.6999,6945808.1067
601939.SH,20181008,7.04,7.05,6.87,6.93,7.24,-0.31,-4.2818,1373490.62,957368.809,1.4317,1.0,7.1516,1.0216,2.787,25001097.7486,959365.7606,890107.583,173257607.3978,6648404.721
601939.SH,20181009,6.91,6.95,6.81,6.9,6.93,-0.03,-0.4329,728896.73,501655.251,0.7598,0.59,7.1206,1.0172,2.775,25001097.7486,959365.7606,890107.583,172507574.4653,6619623.7481
601939.SH,20181010,6.9,6.98,6.84,6.94,6.9,0.04,0.5797,701392.3,484999.379,0.7311,0.62,7.1619,1.0231,2.791,25001097.7486,959365.7606,890107.583,173507618.3753,6657998.3786
601939.SH,20181011,6.69,6.85,6.64,6.68,6.94,-0.26,-3.7464,1158285.81,781890.646,1.2073,1.19,6.8936,0.9848,2.6865,25001097.7486,959365.7606,890107.583,167007332.9606,6408563.2808
601939.SH,20181012,6.74,6.96,6.68,6.93,6.68,0.25,3.7425,1172695.23,799336.048,1.2224,1.11,7.1516,1.0216,2.787,25001097.7486,959365.7606,890107.583,173257607.3978,6648404.721
601939.SH,20181015,6.92,6.93,6.78,6.81,6.93,-0.12,-1.7316,739661.42,505724.948,0.771,0.72,7.0278,1.0039,2.7388,25001097.7486,959365.7606,890107.583,170257475.668,6533280.8297
601939.SH,20181016,6.82,6.95,6.79,6.86,6.81,0.05,0.7342,930528.56,640502.756,0.9699,1.03,7.0794,1.0113,2.7589,25001097.7486,959365.7606,890107.583,171507530.5554,6581249.1177
601939.SH,20181017,6.93,6.95,6.77,6.83,6.86,-0.03,-0.4373,873861.36,600089.833,0.9109,0.93,7.0484,1.0069,2.7468,25001097.7486,959365.7606,890107.583,170757497.6229,6552468.1449
601939.SH,20181018,6.82,6.85,6.69,6.73,6.83,-0.1,-1.4641,914532.58,619083.173,0.9533,0.94,6.9452,0.9922,2.7066,25001097.7486,959365.7606,890107.583,168257387.8481,6456531.5688
601939.SH,20181019,6.7,7.0,6.67,6.98,6.73,0.25,3.7147,1454340.75,998399.291,1.5159,1.57,7.2032,1.029,2.8071,25001097.7486,959365.7606,890107.583,174507662.2852,6696373.009
601939.SH,20181022,7.02,7.25,7.02,7.19,6.98,0.21,3.0086,1751671.72,1254580.984,1.8259,1.78,7.4199,1.06,2.8916,25001097.7486,959365.7606,890107.583,179757892.8124,6897839.8187
601939.SH,20181023,7.15,7.19,6.91,6.96,7.19,-0.23,-3.1989,1308065.85,920985.368,1.3635,1.1,7.1826,1.0261,2.7991,25001097.7486,959365.7606,890107.583,174007640.3303,6677185.6938
601939.SH,20181024,6.98,7.26,6.97,7.15,6.96,0.19,2.7299,1292393.92,920512.041,1.3471,1.03,7.3786,0.9702,2.8755,25001097.7486,959365.7606,890107.583,178757848.9025,6859465.1883
601939.SH,20181025,7.0,7.25,6.98,7.24,7.15,0.09,1.2587,1037360.61,740635.018,1.0813,0.77,7.4715,0.9824,2.9117,25001097.7486,959365.7606,890107.583,181007947.6999,6945808.1067
601939.SH,20181026,7.26,7.28,7.11,7.28,7.24,0.04,0.5525,1033957.94,744012.02,1.0778,0.76,7.5128,0.9878,2.9278,25001097.7486,959365.7606,890107.583,182007991.6098,6984182.7372
601939.SH,20181029,7.28,7.32,7.02,7.08,7.28,-0.2,-2.7473,1126481.61,804603.98,1.1742,0.88,7.3064,0.9607,2.8473,25001097.7486,959365.7606,890107.583,177007772.0601,6792309.585
601939.SH,20181030,7.09,7.25,7.04,7.13,7.08,0.05,0.7062,1062779.45,758710.872,1.1078,0.92,7.358,0.9675,2.8675,25001097.7486,959365.7606,890107.583,178257826.9475,6840277.8731
601939.SH,20181031,7.15,7.18,7.06,7.15,7.13,0.02,0.2805,697285.91,496659.172,0.7268,0.63,7.3786,0.9702,2.8755,25001097.7486,959365.7606,890107.583,178757848.9025,6859465.1883
601939.SH,20181101,7.17,7.2,7.06,7.09,7.15,-0.06,-0.8392,867188.75,616931.436,0.9039,0.87,7.3167,0.9621,2.8514,25001097.7486,959365.7606,890107.583,177257783.0376,6801903.2427
601939.SH,20181102,7.17,7.22,7.06,7.17,7.09,0.08,1.1283,1791928.93,1280031.358,1.8678,1.87,7.3993,0.9729,2.8835,25001097.7486,959365.7606,890107.583,179257870.8575,6878652.5035
601939.SH,20181105,7.11,7.15,7.01,7.05,7.17,-0.12,-1.6736,1118984.43,790433.867,1.1664,1.01,7.2754,0.9566,2.8353,25001097.7486,959365.7606,890107.583,176257739.1276,6763528.6122
601939.SH,20181106,7.04,7.04,6.94,7.0,7.05,-0.05,-0.7092,739582.84,516677.554,0.7709,0.67,7.2238,0.9498,2.8152,25001097.7486,959365.7606,890107.583,175007684.2402,6715560.3242
601939.SH,20181107,6.99,7.04,6.95,6.97,7.0,-0.03,-0.4286,726059.28,507058.332,0.7568,0.7,7.1929,0.9458,2.8031,25001097.7486,959365.7606,890107.583,174257651.3077,6686779.3514
601939.SH,20181108,7.01,7.07,6.95,6.97,6.97,0.0,0.0,799285.79,559978.246,0.8331,0.76,7.1929,0.9458,2.8031,25001097.7486,959365.7606,890107.583,174257651.3077,6686779.3514
601939.SH,20181109,6.85,6.85,6.66,6.72,6.97,-0.25,-3.5868,2514211.86,1692649.024,2.6207,2.43,6.9349,0.9119,2.7026,25001097.7486,959365.7606,890107.583,168007376.8706,6446937.9112
601939.SH,20181112,6.69,6.73,6.64,6.72,6.72,0.0,0.0,1103705.14,737923.973,1.1505,0.94,6.9349,0.9119,2.7026,25001097.7486,959365.7606,890107.583,168007376.8706,6446937.9112
601939.SH,20181113,6.66,6.77,6.65,6.72,6.72,0.0,0.0,877104.44,587886.254,0.9143,0.75,6.9349,0.9119,2.7026,25001097.7486,959365.7606,890107.583,168007376.8706,6446937.9112
601939.SH,20181114,6.71,6.72,6.6,6.62,6.72,-0.1,-1.4881,1260124.25,839177.644,1.3135,1.05,6.8317,0.8983,2.6623,25001097.7486,959365.7606,890107.583,165507267.0957,6351001.3352
601939.SH,20181115,6.61,6.68,6.61,6.67,6.62,0.05,0.7553,732604.99,487029.242,0.7636,0.56,6.8833,0.9051,2.6825,25001097.7486,959365.7606,890107.583,166757321.9832,6398969.6232
601939.SH,20181116,6.68,6.7,6.61,6.66,6.67,-0.01,-0.1499,1029267.24,685232.316,1.0729,0.79,6.873,0.9037,2.6784,25001097.7486,959365.7606,890107.583,166507311.0057,6389375.9656
601939.SH,20181119,6.67,6.77,6.66,6.76,6.66,0.1,1.5015,1164225.12,784298.441,1.2135,1.16,6.9762,0.9173,2.7187,25001097.7486,959365.7606,890107.583,169007420.7805,6485312.5417
601939.SH,20181120,6.73,6.75,6.68,6.72,6.76,-0.04,-0.5917,1028139.75,690218.806,1.0717,1.02,6.9349,0.9119,2.7026,25001097.7486,959365.7606,890107.583,168007376.8706,6446937.9112
601939.SH,20181121,6.69,6.72,6.67,6.72,6.72,0.0,0.0,472865.87,316783.158,0.4929,0.45,6.9349,0.9119,2.7026,25001097.7486,959365.7606,890107.583,168007376.8706,6446937.9112
601939.SH,20181122,6.72,6.72,6.67,6.69,6.72,-0.03,-0.4464,386712.37,258722.557,0.4031,0.44,6.9039,0.9078,2.6905,25001097.7486,959365.7606,890107.583,167257343.9381,6418156.9384
601939.SH,20181123,6.68,6.72,6.61,6.65,6.69,-0.04,-0.5979,757418.5,504926.986,0.7895,0.93,6.8626,0.9024,2.6744,25001097.7486,959365.7606,890107.583,166257300.0282,6379782.308
601939.SH,20181126,6.66,6.74,6.64,6.69,6.65,0.04,0.6015,759486.98,508596.311,0.7917,1.0,6.9039,0.9078,2.6905,25001097.7486,959365.7606,890107.583,167257343.9381,6418156.9384
601939.SH,20181127,6.7,6.72,6.64,6.66,6.69,-0.03,-0.4484,392094.65,261777.732,0.4087,0.58,6.873,0.9037,2.6784,25001097.7486,959365.7606,890107.583,166507311.0057,6389375.9656
601939.SH,20181128,6.66,6.69,6.65,6.69,6.66,0.03,0.4505,421315.18,281200.839,0.4392,0.76,6.9039,0.9078,2.6905,25001097.7486,959365.7606,890107.583,167257343.9381,6418156.9384
601939.SH,20181129,6.72,6.72,6.62,6.63,6.69,-0.06,-0.8969,496513.5,330766.961,0.5175,0.91,6.842,0.8996,2.6664,25001097.7486,959365.7606,890107.583,165757278.0732,6360594.9928
601939.SH,20181130,6.64,6.65,6.6,6.65,6.63,0.02,0.3017,475417.27,315032.054,0.4956,0.84,6.8626,0.9024,2.6744,25001097.7486,959365.7606,890107.583,166257300.0282,6379782.308
601939.SH,20181203,6.76,6.8,6.69,6.77,6.65,0.12,1.8045,1446479.23,975771.155,1.5077,2.84,6.9865,0.9186,2.7227,25001097.7486,959365.7606,890107.583,169257431.758,6494906.1993
601939.SH,20181204,6.75,6.78,6.74,6.77,6.77,0.0,0.0,666293.03,450523.575,0.6945,1.03,6.9865,0.9186,2.7227,25001097.7486,959365.7606,890107.583,169257431.758,6494906.1993
601939.SH,20181205,6.7,6.74,6.69,6.73,6.77,-0.04,-0.5908,493030.55,331364.282,0.5139,0.7,6.9452,0.9132,2.7066,25001097.7486,959365.7606,890107.583,168257387.8481,6456531.5688
601939.SH,20181206,6.67,6.69,6.63,6.64,6.73,-0.09,-1.3373,767072.81,510134.919,0.7996,1.07,6.8523,0.901,2.6704,25001097.7486,959365.7606,890107.583,166007289.0507,6370188.6504
601939.SH,20181207,6.66,6.67,6.61,6.63,6.64,-0.01,-0.1506,411198.91,272692.528,0.4286,0.53,6.842,0.8996,2.6664,25001097.7486,959365.7606,890107.583,165757278.0732,6360594.9928
601939.SH,20181210,6.6,6.62,6.54,6.56,6.63,-0.07,-1.0558,603977.54,396923.923,0.6296,0.8,6.7698,0.8901,2.6382,25001097.7486,959365.7606,890107.583,164007201.2308,6293439.3895
601939.SH,20181211,6.57,6.6,6.56,6.59,6.56,0.03,0.4573,290350.22,190920.534,0.3026,0.49,6.8007,0.8942,2.6503,25001097.7486,959365.7606,890107.583,164757234.1633,6322220.3624
601939.SH,20181212,6.62,6.65,6.6,6.64,6.59,0.05,0.7587,445532.12,295216.247,0.4644,0.87,6.8523,0.901,2.6704,25001097.7486,959365.7606,890107.583,166007289.0507,6370188.6504
601939.SH,20181213,6.66,6.77,6.64,6.73,6.64,0.09,1.3554,1059247.39,712069.218,1.1041,2.1,6.9452,0.9132,2.7066,25001097.7486,959365.7606,890107.583,168257387.8481,6456531.5688
601939.SH,20181214,6.7,6.75,6.61,6.61,6.73,-0.12,-1.7831,1047393.65,701042.44,1.0918,1.86,6.8214,0.8969,2.6583,25001097.7486,959365.7606,890107.583,165257256.1182,6341407.6776
601939.SH,20181217,6.63,6.67,6.61,6.66,6.61,0.05,0.7564,434323.95,288688.69,0.4527,0.63,6.873,0.9037,2.6784,25001097.7486,959365.7606,890107.583,166507311.0057,6389375.9656
601939.SH,20181218,6.63,6.67,6.6,6.61,6.66,-0.05,-0.7508,365733.68,242305.529,0.3812,0.56,6.8214,0.8969,2.6583,25001097.7486,959365.7606,890107.583,165257256.1182,6341407.6776
601939.SH,20181219,6.63,6.64,6.53,6.54,6.61,-0.07,-1.059,525001.7,345443.552,0.5472,0.78,6.7491,0.8874,2.6302,25001097.7486,959365.7606,890107.583,163507179.2758,6274252.0743
601939.SH,20181220,6.55,6.56,6.33,6.4,6.54,-0.14,-2.1407,1143801.73,732410.857,1.1922,1.67,6.6047,0.8684,2.5739,25001097.7486,959365.7606,890107.583,160007025.591,6139940.8678
601939.SH,20181221,6.36,6.36,6.2,6.3,6.4,-0.1,-1.5625,864854.63,541211.793,0.9015,1.23,6.5015,0.8549,2.5337,25001097.7486,959365.7606,890107.583,157506915.8162,6044004.2918
601939.SH,20181224,6.27,6.31,6.23,6.3,6.3,0.0,0.0,409354.46,256643.875,0.4267,0.61,6.5015,0.8549,2.5337,25001097.7486,959365.7606,890107.583,157506915.8162,6044004.2918
601939.SH,20181225,6.24,6.32,6.2,6.28,6.3,-0.02,-0.3175,610490.5,381254.614,0.6363,0.92,6.4808,0.8521,2.5256,25001097.7486,959365.7606,890107.583,157006893.8612,6024816.9766
601939.SH,20181226,6.26,6.33,6.25,6.29,6.28,0.01,0.1592,412019.46,258949.847,0.4295,0.58,6.4911,0.8535,2.5296,25001097.7486,959365.7606,890107.583,157256904.8387,6034410.6342
601939.SH,20181227,6.35,6.35,6.28,6.29,6.29,0.0,0.0,733160.01,462236.148,0.7642,1.07,6.4911,0.8535,2.5296,25001097.7486,959365.7606,890107.583,157256904.8387,6034410.6342
601939.SH,20181228,6.31,6.39,6.3,6.37,6.29,0.08,1.2719,670219.27,426258.025,0.6986,1.11,6.5737,0.8644,2.5618,25001097.7486,959365.7606,890107.583,159256992.6586,6111159.895
601939.SH,20190102,6.37,6.39,6.23,6.25,6.37,-0.12,-1.8838,510900.55,320842.479,0.5325,0.9,6.4499,0.8481,2.5135,25001097.7486,959365.7606,890107.583,156256860.9288,5996036.0038
601939.SH,20190103,6.25,6.31,6.22,6.26,6.25,0.01,0.16,375585.42,235052.101,0.3915,0.64,6.4602,0.8494,2.5176,25001097.7486,959365.7606,890107.583,156506871.9062,6005629.6614
601939.SH,20190104,6.21,6.37,6.19,6.36,6.26,0.1,1.5974,727294.95,458501.374,0.7581,1.35,6.5634,0.863,2.5578,25001097.7486,959365.7606,890107.583,159006981.6811,6101566.2374
601939.SH,20190107,6.38,6.4,6.31,6.34,6.36,-0.02,-0.3145,605939.77,384318.175,0.6316,1.0,6.5427,0.8603,2.5497,25001097.7486,959365.7606,890107.583,158506959.7261,6082378.9222
601939.SH,20190108,6.33,6.37,6.29,6.34,6.34,0.0,0.0,456831.9,289134.67,0.4762,0.79,6.5427,0.8603,2.5497,25001097.7486,959365.7606,890107.583,158506959.7261,6082378.9222
601939.SH,20190109,6.36,6.47,6.34,6.41,6.34,0.07,1.1041,840755.83,540871.613,0.8764,1.57,6.615,0.8698,2.5779,25001097.7486,959365.7606,890107.583,160257036.5685,6149534.5254
601939.SH,20190110,6.39,6.4,6.33,6.34,6.41,-0.07,-1.092,468286.45,297714.662,0.4881,0.78,6.5427,0.8603,2.5497,25001097.7486,959365.7606,890107.583,158506959.7261,6082378.9222
601939.SH,20190111,6.35,6.37,6.3,6.36,6.34,0.02,0.3155,517930.11,328395.759,0.5399,0.84,6.5634,0.863,2.5578,25001097.7486,959365.7606,890107.583,159006981.6811,6101566.2374
601939.SH,20190114,6.36,6.36,6.29,6.3,6.36,-0.06,-0.9434,372473.65,235168.38,0.3882,0.64,6.5015,0.8549,2.5337,25001097.7486,959365.7606,890107.583,157506915.8162,6044004.2918
601939.SH,20190115,6.31,6.4,6.28,6.38,6.3,0.08,1.2698,668641.42,424690.478,0.697,1.26,6.584,0.8657,2.5658,25001097.7486,959365.7606,890107.583,159507003.6361,6120753.5526
601939.SH,20190116,6.38,6.42,6.36,6.41,6.38,0.03,0.4702,478174.44,305763.197,0.4984,0.83,6.615,0.8698,2.5779,25001097.7486,959365.7606,890107.583,160257036.5685,6149534.5254
601939.SH,20190117,6.43,6.53,6.37,6.45,6.41,0.04,0.624,1000676.9,645673.46,1.0431,2.0,6.6563,0.8752,2.594,25001097.7486,959365.7606,890107.583,161257080.4785,6187909.1559
601939.SH,20190118,6.48,6.66,6.47,6.64,6.45,0.19,2.9457,1466634.82,968432.717,1.5288,2.41,6.8523,0.901,2.6704,25001097.7486,959365.7606,890107.583,166007289.0507,6370188.6504
601939.SH,20190121,6.65,6.75,6.63,6.67,6.64,0.03,0.4518,982947.2,657049.373,1.0246,1.23,6.8833,0.9051,2.6825,25001097.7486,959365.7606,890107.583,166757321.9832,6398969.6232
601939.SH,20190122,6.67,6.7,6.56,6.6,6.67,-0.07,-1.0495,487312.53,322753.931,0.508,0.53,6.8111,0.8956,2.6543,25001097.7486,959365.7606,890107.583,165007245.1408,6331814.02
601939.SH,20190123,6.61,6.71,6.6,6.65,6.6,0.05,0.7576,396204.12,263998.741,0.413,0.45,6.8626,0.9024,2.6744,25001097.7486,959365.7606,890107.583,166257300.0282,6379782.308
601939.SH,20190124,6.68,6.71,6.63,6.68,6.65,0.03,0.4511,440526.34,293920.145,0.4592,0.51,6.8936,0.9064,2.6865,25001097.7486,959365.7606,890107.583,167007332.9606,6408563.2808
601939.SH,20190125,6.72,6.84,6.72,6.81,6.68,0.13,1.9461,1029738.99,700807.868,1.0734,1.36,7.0278,0.9241,2.7388,25001097.7486,959365.7606,890107.583,170257475.668,6533280.8297
601939.SH,20190128,6.87,6.91,6.75,6.77,6.81,-0.04,-0.5874,687908.98,470418.902,0.717,1.03,6.9865,0.9186,2.7227,25001097.7486,959365.7606,890107.583,169257431.758,6494906.1993
601939.SH,20190129,6.79,6.88,6.71,6.85,6.77,0.08,1.1817,617262.1,419451.098,0.6434,1.01,7.069,0.9295,2.7548,25001097.7486,959365.7606,890107.583,171257519.5779,6571655.4601
601939.SH,20190130,6.83,6.93,6.79,6.86,6.85,0.01,0.146,705716.04,485669.536,0.7356,1.11,7.0794,0.9308,2.7589,25001097.7486,959365.7606,890107.583,171507530.5554,6581249.1177
601939.SH,20190131,6.9,7.1,6.9,7.07,6.86,0.21,3.0612,1297088.24,910484.299,1.352,1.86,7.2961,0.9593,2.8433,25001097.7486,959365.7606,890107.583,176757761.0826,6782715.9274
601939.SH,20190201,7.1,7.1,6.97,7.06,7.07,-0.01,-0.1414,793824.78,559102.748,0.8274,0.92,7.2858,0.958,2.8393,25001097.7486,959365.7606,890107.583,176507750.1051,6773122.2698
601939.SH,20190211,7.02,7.09,6.97,7.06,7.06,0.0,0.0,833906.83,585831.231,0.8692,1.02,7.2858,0.958,2.8393,25001097.7486,959365.7606,890107.583,176507750.1051,6773122.2698
601939.SH,20190212,7.08,7.11,7.0,7.05,7.06,-0.01,-0.1416,549460.1,387517.753,0.5727,0.65,7.2754,0.9566,2.8353,25001097.7486,959365.7606,890107.583,176257739.1276,6763528.6122
601939.SH,20190213,7.06,7.16,7.0,7.11,7.05,0.06,0.8511,1016056.77,718040.875,1.0591,1.22,7.3374,0.9648,2.8594,25001097.7486,959365.7606,890107.583,177757804.9925,6821090.5579
601939.SH,20190214,7.09,7.1,7.0,7.03,7.11,-0.08,-1.1252,770921.77,542252.739,0.8036,0.86,7.2548,0.9539,2.8272,25001097.7486,959365.7606,890107.583,175757717.1727,6744341.297
601939.SH,20190215,7.01,7.01,6.82,6.84,7.03,-0.19,-2.7027,1038670.7,716428.252,1.0827,1.31,7.0587,0.9281,2.7508,25001097.7486,959365.7606,890107.583,171007508.6004,6562061.8025
601939.SH,20190218,6.88,6.98,6.88,6.97,6.84,0.13,1.9006,1047713.28,726808.751,1.0921,1.24,7.1929,0.9458,2.8031,25001097.7486,959365.7606,890107.583,174257651.3077,6686779.3514
601939.SH,20190219,6.95,7.08,6.92,6.97,6.97,0.0,0.0,1117330.75,781498.354,1.1647,1.26,7.1929,0.9458,2.8031,25001097.7486,959365.7606,890107.583,174257651.3077,6686779.3514
601939.SH,20190220,7.0,7.04,6.94,6.97,6.97,0.0,0.0,582241.06,406963.59,0.6069,0.58,7.1929,0.9458,2.8031,25001097.7486,959365.7606,890107.583,174257651.3077,6686779.3514
601939.SH,20190221,6.99,7.03,6.92,6.94,6.97,-0.03,-0.4304,656599.24,456806.489,0.6844,0.72,7.1619,0.9417,2.791,25001097.7486,959365.7606,890107.583,173507618.3753,6657998.3786
601939.SH,20190222,6.92,6.96,6.8,6.95,6.94,0.01,0.1441,1312107.02,899945.169,1.3677,1.48,7.1722,0.9431,2.7951,25001097.7486,959365.7606,890107.583,173757629.3528,6667592.0362
601939.SH,20190225,7.0,7.44,6.97,7.38,6.95,0.43,6.1871,3532901.86,2526870.298,3.6825,3.75,7.616,1.0014,2.968,25001097.7486,959365.7606,890107.583,184508101.3847,7080119.3132
601939.SH,20190226,7.3,7.36,7.13,7.19,7.38,-0.19,-2.5745,2562732.27,1852810.384,2.6713,1.78,7.4199,0.9756,2.8916,25001097.7486,959365.7606,890107.583,179757892.8124,6897839.8187
601939.SH,20190227,7.2,7.45,7.15,7.25,7.19,0.06,0.8345,2259908.72,1641600.009,2.3556,1.31,7.4818,0.9838,2.9157,25001097.7486,959365.7606,890107.583,181257958.6774,6955401.7644
601939.SH,20190228,7.24,7.28,7.16,7.18,7.25,-0.07,-0.9655,1115388.23,804654.258,1.1626,0.54,7.4096,0.9743,2.8876,25001097.7486,959365.7606,890107.583,179507881.8349,6888246.1611
601939.SH,20190301,7.22,7.34,7.16,7.34,7.18,0.16,2.2284,1693261.03,1226911.364,1.765,0.79,7.5747,0.996,2.9519,25001097.7486,959365.7606,890107.583,183508057.4747,7041744.6828
601939.SH,20190304,7.42,7.55,7.29,7.36,7.34,0.02,0.2725,2907043.78,2154262.502,3.0302,1.3,7.5954,0.9987,2.96,25001097.7486,959365.7606,890107.583,184008079.4297,7060931.998
601939.SH,20190305,7.3,7.33,7.22,7.3,7.36,-0.06,-0.8152,1812782.96,1318536.791,1.8896,0.86,7.5334,0.9906,2.9358,25001097.7486,959365.7606,890107.583,182508013.5648,7003370.0524
601939.SH,20190306,7.25,7.35,7.25,7.33,7.3,0.03,0.411,1606158.75,1171006.03,1.6742,0.82,7.5644,0.9946,2.9479,25001097.7486,959365.7606,890107.583,183258046.4972,7032151.0252
601939.SH,20190307,7.3,7.3,7.18,7.2,7.33,-0.13,-1.7735,1755895.91,1269724.524,1.8303,0.96,7.4302,0.977,2.8956,25001097.7486,959365.7606,890107.583,180007903.7899,6907433.4763
601939.SH,20190308,7.1,7.12,6.9,6.91,7.2,-0.29,-4.0278,2168256.79,1520485.645,2.2601,1.11,7.131,0.9376,2.779,25001097.7486,959365.7606,890107.583,172757585.4428,6629217.4057
601939.SH,20190311,6.91,6.98,6.84,6.97,6.91,0.06,0.8683,1363307.28,941768.323,1.4211,0.67,7.1929,0.9458,2.8031,25001097.7486,959365.7606,890107.583,174257651.3077,6686779.3514
601939.SH,20190312,6.98,7.06,6.96,7.01,6.97,0.04,0.5739,1435679.15,1006282.037,1.4965,0.82,7.2342,0.9512,2.8192,25001097.7486,959365.7606,890107.583,175257695.2177,6725153.9818
601939.SH,20190313,7.0,7.01,6.88,6.95,7.01,-0.06,-0.8559,1348474.85,935376.477,1.4056,0.81,7.1722,0.9431,2.7951,25001097.7486,959365.7606,890107.583,173757629.3528,6667592.0362
601939.SH,20190314,6.93,7.02,6.91,6.95,6.95,0.0,0.0,927207.31,646249.705,0.9665,0.57,7.1722,0.9431,2.7951,25001097.7486,959365.7606,890107.583,173757629.3528,6667592.0362
601939.SH,20190315,6.94,7.08,6.93,7.03,6.95,0.08,1.1511,1325404.85,930447.587,1.3815,0.91,7.2548,0.9539,2.8272,25001097.7486,959365.7606,890107.583,175757717.1727,6744341.297
601939.SH,20190318,7.03,7.15,7.01,7.15,7.03,0.12,1.707,1350209.8,957546.404,1.4074,1.05,7.3786,0.9702,2.8755,25001097.7486,959365.7606,890107.583,178757848.9025,6859465.1883
601939.SH,20190319,7.16,7.18,7.12,7.14,7.15,-0.01,-0.1399,995484.3,711771.367,1.0376,0.78,7.3683,0.9688,2.8715,25001097.7486,959365.7606,890107.583,178507837.925,6849871.5307
601939.SH,20190320,7.13,7.17,7.07,7.14,7.14,0.0,0.0,857705.54,610725.987,0.894,0.72,7.3683,0.9688,2.8715,25001097.7486,959365.7606,890107.583,178507837.925,6849871.5307
601939.SH,20190321,7.13,7.14,7.06,7.07,7.14,-0.07,-0.9804,1049983.12,744281.265,1.0945,0.96,7.2961,0.9593,2.8433,25001097.7486,959365.7606,890107.583,176757761.0826,6782715.9274
601939.SH,20190322,7.08,7.09,6.97,7.03,7.07,-0.04,-0.5658,1004060.25,705127.309,1.0466,0.9,7.2548,0.9539,2.8272,25001097.7486,959365.7606,890107.583,175757717.1727,6744341.297
601939.SH,20190325,6.96,6.99,6.84,6.84,7.03,-0.19,-2.7027,1503045.11,1038311.406,1.5667,1.43,7.0587,0.9281,2.7508,25001097.7486,959365.7606,890107.583,171007508.6004,6562061.8025
601939.SH,20190326,6.88,6.89,6.8,6.81,6.84,-0.03,-0.4386,1025044.3,700752.596,1.0685,0.95,7.0278,0.9241,2.7388,25001097.7486,959365.7606,890107.583,170257475.668,6533280.8297
601939.SH,20190327,6.84,6.94,6.83,6.9,6.81,0.09,1.3216,877713.76,604403.932,0.9149,0.81,7.1206,0.9363,2.775,25001097.7486,959365.7606,890107.583,172507574.4653,6619623.7481
601939.SH,20190328,6.86,6.86,6.76,6.82,6.9,-0.08,-1.1594,967381.51,658896.765,1.0084,0.89,6.6956,0.8989,2.5878,25001097.7486,959365.7606,890107.583,170507486.6455,6542874.4873
601939.SH,20190329,6.83,6.96,6.82,6.95,6.82,0.13,1.9062,1941629.35,1343632.486,2.0239,1.81,6.8233,0.916,2.6371,25001097.7486,959365.7606,890107.583,173757629.3528,6667592.0362
601939.SH,20190401,6.97,7.15,6.97,7.14,6.95,0.19,2.7338,2653868.54,1878833.62,2.7663,2.1,7.0098,0.9411,2.7092,25001097.7486,959365.7606,890107.583,178507837.925,6849871.5307
601939.SH,20190402,7.16,7.27,7.1,7.16,7.14,0.02,0.2801,2014460.8,1444985.274,2.0998,1.35,7.0294,0.9437,2.7168,25001097.7486,959365.7606,890107.583,179007859.88,6869058.8459
601939.SH,20190403,7.05,7.24,7.05,7.23,7.16,0.07,0.9777,1683139.38,1204852.986,1.7544,1.0,7.0981,0.9529,2.7434,25001097.7486,959365.7606,890107.583,180757936.7224,6936214.4491
601939.SH,20190404,7.25,7.46,7.23,7.44,7.23,0.21,2.9046,2659802.43,1963161.44,2.7725,1.44,7.3043,0.9806,2.823,25001097.7486,959365.7606,890107.583,186008167.2496,7137681.2589
601939.SH,20190408,7.5,7.63,7.34,7.38,7.44,-0.06,-0.8065,2308076.72,1728979.084,2.4058,1.05,7.2454,0.9727,2.8003,25001097.7486,959365.7606,890107.583,184508101.3847,7080119.3132
601939.SH,20190409,7.34,7.41,7.3,7.33,7.38,-0.05,-0.6775,1188241.83,872932.06,1.2386,0.52,7.1963,0.9661,2.7813,25001097.7486,959365.7606,890107.583,183258046.4972,7032151.0252
601939.SH,20190410,7.29,7.36,7.22,7.31,7.33,-0.02,-0.2729,1285442.85,935110.969,1.3399,0.65,7.1767,0.9635,2.7737,25001097.7486,959365.7606,890107.583,182758024.5423,7012963.71
601939.SH,20190411,7.33,7.4,7.22,7.23,7.31,-0.08,-1.0944,1075590.28,783486.596,1.1211,0.59,7.0981,0.9529,2.7434,25001097.7486,959365.7606,890107.583,180757936.7224,6936214.4491
601939.SH,20190412,7.22,7.25,7.18,7.22,7.23,-0.01,-0.1383,853003.54,615170.483,0.8891,0.5,7.0883,0.9516,2.7396,25001097.7486,959365.7606,890107.583,180507925.7449,6926620.7915
601939.SH,20190415,7.33,7.55,7.33,7.37,7.22,0.15,2.0776,2428841.61,1811040.447,2.5317,1.81,7.2356,0.9714,2.7965,25001097.7486,959365.7606,890107.583,184258090.4072,7070525.6556
601939.SH,20190416,7.33,7.76,7.31,7.73,7.37,0.36,4.8847,3293940.39,2507651.686,3.4335,2.41,7.589,1.0189,2.9331,25001097.7486,959365.7606,890107.583,193258485.5967,7415897.3294
601939.SH,20190417,7.7,7.85,7.65,7.76,7.73,0.03,0.3881,2208033.63,1709075.558,2.3016,1.24,7.6185,1.0228,2.9445,25001097.7486,959365.7606,890107.583,194008518.5291,7444678.3023
601939.SH,20190418,7.71,7.74,7.55,7.59,7.76,-0.17,-2.1907,1776923.59,1351078.158,1.8522,0.9,7.4516,1.0004,2.88,25001097.7486,959365.7606,890107.583,189758331.9119,7281586.123
601939.SH,20190419,7.6,7.69,7.52,7.62,7.59,0.03,0.3953,1460226.22,1110259.26,1.5221,0.69,7.481,1.0044,2.8913,25001097.7486,959365.7606,890107.583,190508364.8443,7310367.0958
601939.SH,20190422,7.61,7.63,7.35,7.37,7.62,-0.25,-3.2808,2095593.83,1560902.631,2.1844,0.94,7.2356,0.9714,2.7965,25001097.7486,959365.7606,890107.583,184258090.4072,7070525.6556
601939.SH,20190423,7.34,7.45,7.32,7.39,7.37,0.02,0.2714,1127690.55,831957.898,1.1755,0.52,7.2552,0.974,2.8041,25001097.7486,959365.7606,890107.583,184758112.3622,7089712.9708
601939.SH,20190424,7.41,7.48,7.33,7.41,7.39,0.02,0.2706,1101434.7,815549.173,1.1481,0.64,7.2749,0.9767,2.8117,25001097.7486,959365.7606,890107.583,185258134.3171,7108900.286
601939.SH,20190425,7.39,7.41,7.3,7.33,7.41,-0.08,-1.0796,834068.03,613414.458,0.8694,0.55,7.1963,0.9661,2.7813,25001097.7486,959365.7606,890107.583,183258046.4972,7032151.0252
601939.SH,20190426,7.3,7.35,7.25,7.26,7.33,-0.07,-0.955,957101.02,697915.629,0.9976,0.72,7.1276,0.9569,2.7547,25001097.7486,959365.7606,890107.583,181507969.6548,6964995.422
601939.SH,20190429,7.29,7.46,7.26,7.41,7.26,0.15,2.0661,1170236.44,862686.7,1.2198,0.96,7.2749,0.9767,2.8117,25001097.7486,959365.7606,890107.583,185258134.3171,7108900.286
601939.SH,20190430,7.35,7.47,7.33,7.44,7.41,0.03,0.4049,1129308.03,836065.696,1.1771,1.09,7.3043,0.9425,2.823,25001097.7486,959365.7606,890107.583,186008167.2496,7137681.2589
601939.SH,20190506,7.24,7.28,7.06,7.15,7.44,-0.29,-3.8978,1773875.37,1268556.328,1.849,1.71,7.0196,0.9058,2.713,25001097.7486,959365.7606,890107.583,178757848.9025,6859465.1883
601939.SH,20190507,7.17,7.2,7.07,7.11,7.15,-0.04,-0.5594,970839.2,691125.741,1.012,0.83,6.9803,0.9007,2.6978,25001097.7486,959365.7606,890107.583,177757804.9925,6821090.5579
601939.SH,20190508,7.02,7.09,6.94,7.01,7.11,-0.1,-1.4065,1042240.9,731691.056,1.0864,0.87,6.8822,0.8881,2.6599,25001097.7486,959365.7606,890107.583,175257695.2177,6725153.9818
601939.SH,20190509,6.96,7.02,6.86,6.9,7.01,-0.11,-1.5692,1060321.15,735164.445,1.1052,0.87,6.7742,0.8741,2.6182,25001097.7486,959365.7606,890107.583,172507574.4653,6619623.7481
601939.SH,20190510,6.93,7.02,6.86,7.0,6.9,0.1,1.4493,1065211.95,741929.006,1.1103,0.89,6.8723,0.8868,2.6561,25001097.7486,959365.7606,890107.583,175007684.2402,6715560.3242
601939.SH,20190513,6.9,7.0,6.87,6.96,7.0,-0.04,-0.5714,843051.37,584073.906,0.8788,0.71,6.8331,0.8817,2.6409,25001097.7486,959365.7606,890107.583,174007640.3303,6677185.6938
601939.SH,20190514,6.91,6.98,6.89,6.92,6.96,-0.04,-0.5747,628110.31,435687.851,0.6547,0.63,6.7938,0.8767,2.6257,25001097.7486,959365.7606,890107.583,173007596.4203,6638811.0634
601939.SH,20190515,6.96,7.02,6.92,7.02,6.92,0.1,1.4451,745478.26,520200.636,0.7771,0.8,6.892,0.8893,2.6637,25001097.7486,959365.7606,890107.583,175507706.1952,6734747.6394
601939.SH,20190516,6.99,7.02,6.96,7.0,7.02,-0.02,-0.2849,504787.22,353027.246,0.5262,0.58,6.8723,0.8868,2.6561,25001097.7486,959365.7606,890107.583,175007684.2402,6715560.3242
601939.SH,20190517,7.0,7.02,6.92,6.92,7.0,-0.08,-1.1429,734829.99,511875.093,0.766,0.97,6.7938,0.8767,2.6257,25001097.7486,959365.7606,890107.583,173007596.4203,6638811.0634
601939.SH,20190520,6.92,6.99,6.92,6.96,6.92,0.04,0.578,554134.39,385294.424,0.5776,0.8,6.8331,0.8817,2.6409,25001097.7486,959365.7606,890107.583,174007640.3303,6677185.6938
601939.SH,20190521,6.97,7.05,6.95,7.0,6.96,0.04,0.5747,699262.34,489865.365,0.7289,1.1,6.8723,0.8868,2.6561,25001097.7486,959365.7606,890107.583,175007684.2402,6715560.3242
601939.SH,20190522,7.01,7.01,6.95,6.98,7.0,-0.02,-0.2857,456003.03,318148.252,0.4753,0.7,6.8527,0.8843,2.6485,25001097.7486,959365.7606,890107.583,174507662.2852,6696373.009
601939.SH,20190523,6.95,6.99,6.92,6.96,6.98,-0.02,-0.2865,608432.3,423368.501,0.6342,1.03,6.8331,0.8817,2.6409,25001097.7486,959365.7606,890107.583,174007640.3303,6677185.6938
601939.SH,20190524,6.96,7.03,6.96,7.01,6.96,0.05,0.7184,651025.5,455871.523,0.6786,1.07,6.8822,0.8881,2.6599,25001097.7486,959365.7606,890107.583,175257695.2177,6725153.9818
601939.SH,20190527,6.99,7.02,6.92,6.99,7.01,-0.02,-0.2853,881202.53,614089.948,0.9185,1.48,6.8625,0.8855,2.6523,25001097.7486,959365.7606,890107.583,174757673.2627,6705966.6666
601939.SH,20190528,6.98,7.04,6.97,7.01,6.99,0.02,0.2861,637282.99,446027.218,0.6643,0.97,6.8822,0.8881,2.6599,25001097.7486,959365.7606,890107.583,175257695.2177,6725153.9818
601939.SH,20190529,6.98,7.02,6.95,6.96,7.01,-0.05,-0.7133,557887.51,389350.735,0.5815,0.86,6.8331,0.8817,2.6409,25001097.7486,959365.7606,890107.583,174007640.3303,6677185.6938
601939.SH,20190530,6.95,7.0,6.95,6.99,6.96,0.03,0.431,605129.35,421961.404,0.6308,0.91,6.8625,0.8855,2.6523,25001097.7486,959365.7606,890107.583,174757673.2627,6705966.6666
601939.SH,20190531,6.98,7.01,6.96,6.98,6.99,-0.01,-0.1431,555652.66,388162.269,0.5792,0.83,6.8527,0.8843,2.6485,25001097.7486,959365.7606,890107.583,174507662.2852,6696373.009
601939.SH,20190603,6.99,7.07,6.97,7.01,6.98,0.03,0.4298,970155.18,680274.236,1.0112,1.5,6.8822,0.8881,2.6599,25001097.7486,959365.7606,890107.583,175257695.2177,6725153.9818
601939.SH,20190604,7.01,7.11,6.99,7.08,7.01,0.07,0.9986,1108922.14,782288.167,1.1559,1.67,6.9509,0.8969,2.6864,25001097.7486,959365.7606,890107.583,177007772.0601,6792309.585
601939.SH,20190605,7.1,7.23,7.08,7.16,7.08,0.08,1.1299,1074380.26,771999.312,1.1199,1.41,7.0294,0.9071,2.7168,25001097.7486,959365.7606,890107.583,179007859.88,6869058.8459
601939.SH,20190606,7.18,7.23,7.14,7.16,7.16,0.0,0.0,762485.28,547089.785,0.7948,0.88,7.0294,0.9071,2.7168,25001097.7486,959365.7606,890107.583,179007859.88,6869058.8459
601939.SH,20190610,7.18,7.3,7.18,7.28,7.16,0.12,1.676,870255.32,630757.269,0.9071,0.97,7.1472,0.9223,2.7623,25001097.7486,959365.7606,890107.583,182007991.6098,6984182.7372
601939.SH,20190611,7.27,7.33,7.24,7.3,7.28,0.02,0.2747,1139649.97,829014.805,1.1879,1.19,7.1669,0.9248,2.7699,25001097.7486,959365.7606,890107.583,182508013.5648,7003370.0524
601939.SH,20190612,7.27,7.28,7.22,7.25,7.3,-0.05,-0.6849,819268.34,593329.688,0.854,0.83,7.1178,0.9185,2.751,25001097.7486,959365.7606,890107.583,181257958.6774,6955401.7644
601939.SH,20190613,7.25,7.26,7.17,7.22,7.25,-0.03,-0.4138,564445.22,407001.111,0.5884,0.6,7.0883,0.9147,2.7396,25001097.7486,959365.7606,890107.583,180507925.7449,6926620.7915
601939.SH,20190614,7.22,7.28,7.21,7.22,7.22,0.0,0.0,630370.08,456369.047,0.6571,0.76,7.0883,0.9147,2.7396,25001097.7486,959365.7606,890107.583,180507925.7449,6926620.7915
601939.SH,20190617,7.23,7.28,7.21,7.26,7.22,0.04,0.554,441973.8,320474.137,0.4607,0.55,7.1276,0.9197,2.7547,25001097.7486,959365.7606,890107.583,181507969.6548,6964995.422
601939.SH,20190618,7.25,7.37,7.23,7.35,7.26,0.09,1.2397,905587.48,662772.825,0.9439,1.26,7.216,0.9311,2.7889,25001097.7486,959365.7606,890107.583,183758068.4522,7051338.3404
601939.SH,20190619,7.45,7.49,7.4,7.46,7.35,0.11,1.4966,1053841.96,784250.021,1.0985,1.57,7.324,0.9451,2.8306,25001097.7486,959365.7606,890107.583,186508189.2046,7156868.5741
601939.SH,20190620,7.45,7.62,7.42,7.54,7.46,0.08,1.0724,1316689.8,993897.229,1.3725,1.83,7.4025,0.9552,2.861,25001097.7486,959365.7606,890107.583,188508277.0244,7233617.8349
601939.SH,20190621,7.5,7.56,7.38,7.41,7.54,-0.13,-1.7241,1631764.98,1214047.171,1.7009,1.88,7.2749,0.9387,2.8117,25001097.7486,959365.7606,890107.583,185258134.3171,7108900.286
601939.SH,20190624,7.41,7.45,7.38,7.44,7.41,0.03,0.4049,753380.03,558724.228,0.7853,0.7,7.3043,0.9425,2.823,25001097.7486,959365.7606,890107.583,186008167.2496,7137681.2589
601939.SH,20190625,7.44,7.44,7.25,7.34,7.44,-0.1,-1.3441,1142915.06,838613.811,1.1913,1.01,7.2061,0.9299,2.7851,25001097.7486,959365.7606,890107.583,183508057.4747,7041744.6828
601939.SH,20190626,7.31,7.44,7.3,7.38,7.34,0.04,0.545,729670.64,538394.956,0.7606,0.62,7.2454,0.9349,2.8003,25001097.7486,959365.7606,890107.583,184508101.3847,7080119.3132
601939.SH,20190627,7.39,7.46,7.38,7.41,7.38,0.03,0.4065,788634.73,584583.026,0.822,0.71,7.2749,0.9387,2.8117,25001097.7486,959365.7606,890107.583,185258134.3171,7108900.286
601939.SH,20190628,7.41,7.44,7.35,7.44,7.41,0.03,0.4049,654995.25,484191.673,0.6827,0.65,7.3043,0.9425,2.823,25001097.7486,959365.7606,890107.583,186008167.2496,7137681.2589
601939.SH,20190701,7.5,7.52,7.42,7.46,7.44,0.02,0.2688,1336729.35,996795.855,1.3933,1.64,7.324,0.9451,2.8306,25001097.7486,959365.7606,890107.583,186508189.2046,7156868.5741
601939.SH,20190702,7.45,7.48,7.43,7.48,7.46,0.02,0.2681,695941.54,518733.637,0.7254,0.75,7.3436,0.9476,2.8382,25001097.7486,959365.7606,890107.583,187008211.1595,7176055.8893
601939.SH,20190703,7.46,7.51,7.45,7.51,7.48,0.03,0.4011,744161.87,556998.193,0.7757,0.88,7.373,0.9514,2.8496,25001097.7486,959365.7606,890107.583,187758244.092,7204836.8621
601939.SH,20190704,7.5,7.55,7.48,7.5,7.51,-0.01,-0.1332,704667.08,529441.883,0.7345,0.83,7.3632,0.9502,2.8458,25001097.7486,959365.7606,890107.583,187508233.1145,7195243.2045
601939.SH,20190705,7.5,7.55,7.48,7.54,7.5,0.04,0.5333,583940.64,438591.839,0.6087,0.71,7.4025,0.9552,2.861,25001097.7486,959365.7606,890107.583,188508277.0244,7233617.8349
601939.SH,20190708,7.52,7.52,7.35,7.46,7.54,-0.08,-1.061,949501.86,705658.451,0.9897,1.17,7.324,0.9451,2.8306,25001097.7486,959365.7606,890107.583,186508189.2046,7156868.5741
601939.SH,20190709,7.45,7.46,7.39,7.4,7.46,-0.06,-0.8043,629362.93,466309.584,0.656,0.86,7.265,0.9375,2.8079,25001097.7486,959365.7606,890107.583,185008123.3396,7099306.6284
601939.SH,20190710,7.1,7.11,6.97,6.99,7.09,-0.1,-1.4104,1149723.57,806817.428,1.1984,1.59,6.8625,0.9213,2.6523,25001097.7486,959365.7606,890107.583,174757673.2627,6705966.6666
601939.SH,20190711,7.03,7.07,7.0,7.04,6.99,0.05,0.7153,1019076.94,718233.117,1.0622,1.27,6.9116,0.9278,2.6713,25001097.7486,959365.7606,890107.583,176007728.1501,6753934.9546
601939.SH,20190712,7.07,7.2,7.05,7.17,7.04,0.13,1.8466,784624.64,560361.947,0.8179,0.91,7.0392,0.945,2.7206,25001097.7486,959365.7606,890107.583,179257870.8575,6878652.5035
601939.SH,20190715,7.16,7.2,7.09,7.18,7.17,0.01,0.1395,575944.91,412159.405,0.6003,0.64,7.0491,0.9463,2.7244,25001097.7486,959365.7606,890107.583,179507881.8349,6888246.1611
601939.SH,20190716,7.19,7.21,7.16,7.18,7.18,0.0,0.0,468021.75,336556.483,0.4878,0.56,7.0491,0.9463,2.7244,25001097.7486,959365.7606,890107.583,179507881.8349,6888246.1611
601939.SH,20190717,7.19,7.2,7.11,7.13,7.18,-0.05,-0.6964,386427.06,276144.472,0.4028,0.48,7.0,0.9397,2.7054,25001097.7486,959365.7606,890107.583,178257826.9475,6840277.8731
601939.SH,20190718,7.13,7.25,7.11,7.23,7.13,0.1,1.4025,932963.63,672338.977,0.9725,1.44,7.0981,0.9529,2.7434,25001097.7486,959365.7606,890107.583,180757936.7224,6936214.4491
601939.SH,20190719,7.23,7.3,7.19,7.25,7.23,0.02,0.2766,592546.32,429560.031,0.6176,0.94,7.1178,0.9555,2.751,25001097.7486,959365.7606,890107.583,181257958.6774,6955401.7644
601939.SH,20190722,7.25,7.26,7.18,7.22,7.25,-0.03,-0.4138,608434.87,439495.858,0.6342,1.03,7.0883,0.9516,2.7396,25001097.7486,959365.7606,890107.583,180507925.7449,6926620.7915
601939.SH,20190723,7.23,7.31,7.2,7.29,7.22,0.07,0.9695,776787.64,564353.972,0.8097,1.3,7.1571,0.9608,2.7661,25001097.7486,959365.7606,890107.583,182258002.5873,6993776.3948
601939.SH,20190724,7.31,7.41,7.29,7.37,7.29,0.08,1.0974,873779.17,643488.29,0.9108,1.33,7.2356,0.9713,2.7965,25001097.7486,959365.7606,890107.583,184258090.4072,7070525.6556
601939.SH,20190725,7.35,7.42,7.32,7.41,7.37,0.04,0.5427,619188.4,456703.641,0.6454,0.82,7.2749,0.9766,2.8117,25001097.7486,959365.7606,890107.583,185258134.3171,7108900.286
601939.SH,20190726,7.37,7.45,7.35,7.36,7.41,-0.05,-0.6748,692051.98,511369.487,0.7214,1.0,7.2258,0.97,2.7927,25001097.7486,959365.7606,890107.583,184008079.4297,7060931.998
601939.SH,20190729,7.36,7.38,7.29,7.37,7.36,0.01,0.1359,672752.06,493433.692,0.7012,0.94,7.2356,0.9713,2.7965,25001097.7486,959365.7606,890107.583,184258090.4072,7070525.6556
601939.SH,20190730,7.38,7.48,7.38,7.4,7.37,0.03,0.4071,641476.73,477356.25,0.6686,0.88,7.265,0.9753,2.8079,25001097.7486,959365.7606,890107.583,185008123.3396,7099306.6284
601939.SH,20190731,7.38,7.42,7.35,7.37,7.4,-0.03,-0.4054,404322.51,298312.61,0.4214,0.58,7.2356,0.9713,2.7965,25001097.7486,959365.7606,890107.583,184258090.4072,7070525.6556
601939.SH,20190801,7.35,7.37,7.28,7.33,7.37,-0.04,-0.5427,651680.83,477591.15,0.6793,1.08,7.1963,0.9661,2.7813,25001097.7486,959365.7606,890107.583,183258046.4972,7032151.0252
601939.SH,20190802,7.25,7.29,7.17,7.21,7.33,-0.12,-1.6371,918610.0,663621.445,0.9575,1.5,7.0785,0.9502,2.7358,25001097.7486,959365.7606,890107.583,180257914.7674,6917027.1339
601939.SH,20190805,7.17,7.19,7.08,7.1,7.21,-0.11,-1.5257,745303.21,529753.391,0.7769,1.13,6.9705,0.9358,2.694,25001097.7486,959365.7606,890107.583,177507794.0151,6811496.9003
601939.SH,20190806,7.03,7.06,6.96,7.03,7.1,-0.07,-0.9859,998473.97,699984.75,1.0408,1.49,6.9018,0.9265,2.6675,25001097.7486,959365.7606,890107.583,175757717.1727,6744341.297
601939.SH,20190807,7.07,7.09,7.0,7.03,7.03,0.0,0.0,606637.11,427376.375,0.6323,0.82,6.9018,0.9265,2.6675,25001097.7486,959365.7606,890107.583,175757717.1727,6744341.297
601939.SH,20190808,7.06,7.15,7.04,7.14,7.03,0.11,1.5647,533330.4,378993.311,0.5559,0.68,7.0098,0.941,2.7092,25001097.7486,959365.7606,890107.583,178507837.925,6849871.5307
601939.SH,20190809,7.15,7.2,7.1,7.14,7.14,0.0,0.0,709433.46,507131.66,0.7395,0.93,7.0098,0.941,2.7092,25001097.7486,959365.7606,890107.583,178507837.925,6849871.5307
601939.SH,20190812,7.13,7.19,7.11,7.19,7.14,0.05,0.7003,526037.65,375915.664,0.5483,0.73,7.0589,0.9476,2.7282,25001097.7486,959365.7606,890107.583,179757892.8124,6897839.8187
601939.SH,20190813,7.14,7.16,7.06,7.1,7.19,-0.09,-1.2517,530182.56,377168.181,0.5526,0.79,6.9705,0.9358,2.694,25001097.7486,959365.7606,890107.583,177507794.0151,6811496.9003
601939.SH,20190814,7.15,7.17,7.08,7.08,7.1,-0.02,-0.2817,584059.56,415759.905,0.6088,1.01,6.9509,0.9331,2.6864,25001097.7486,959365.7606,890107.583,177007772.0601,6792309.585
601939.SH,20190815,7.0,7.13,6.98,7.1,7.08,0.02,0.2825,492400.79,348342.403,0.5133,0.85,6.9705,0.9358,2.694,25001097.7486,959365.7606,890107.583,177507794.0151,6811496.9003
601939.SH,20190816,7.11,7.14,7.05,7.09,7.1,-0.01,-0.1408,493544.53,350083.901,0.5144,0.87,6.9607,0.9344,2.6902,25001097.7486,959365.7606,890107.583,177257783.0376,6801903.2427
601939.SH,20190819,7.01,7.08,6.92,7.07,7.09,-0.02,-0.2821,1725716.42,1205643.187,1.7988,3.29,6.9411,0.9318,2.6827,25001097.7486,959365.7606,890107.583,176757761.0826,6782715.9274
601939.SH,20190820,7.03,7.03,6.98,6.99,7.07,-0.08,-1.1315,942363.5,659593.349,0.9823,1.23,6.8625,0.9213,2.6523,25001097.7486,959365.7606,890107.583,174757673.2627,6705966.6666
601939.SH,20190821,6.98,7.01,6.95,7.0,6.99,0.01,0.1431,708889.6,495342.99,0.7389,0.84,6.8723,0.9226,2.6561,25001097.7486,959365.7606,890107.583,175007684.2402,6715560.3242
601939.SH,20190822,7.0,7.01,6.94,6.95,7.0,-0.05,-0.7143,652709.24,454384.989,0.6804,0.75,6.8233,0.916,2.6371,25001097.7486,959365.7606,890107.583,173757629.3528,6667592.0362
601939.SH,20190823,6.97,7.02,6.95,7.01,6.95,0.06,0.8633,659336.81,460905.275,0.6873,0.73,6.8822,0.9239,2.6599,25001097.7486,959365.7606,890107.583,175257695.2177,6725153.9818
601939.SH,20190826,6.94,6.98,6.9,6.93,7.01,-0.08,-1.1412,749624.59,518929.961,0.7814,0.8,6.8036,0.9133,2.6295,25001097.7486,959365.7606,890107.583,173257607.3978,6648404.721
601939.SH,20190827,6.95,6.99,6.93,6.95,6.93,0.02,0.2886,991794.93,690292.588,1.0338,1.34,6.8233,0.916,2.6371,25001097.7486,959365.7606,890107.583,173757629.3528,6667592.0362
601939.SH,20190828,6.93,6.96,6.92,6.95,6.95,0.0,0.0,548219.7,380362.547,0.5714,0.73,6.8233,0.916,2.6371,25001097.7486,959365.7606,890107.583,173757629.3528,6667592.0362
601939.SH,20190829,6.94,6.98,6.92,6.94,6.95,-0.01,-0.1439,671802.23,466509.065,0.7003,0.93,6.8134,0.9134,2.6333,25001097.7486,959365.7606,890107.583,173507618.3753,6657998.3786
601939.SH,20190830,6.97,6.98,6.89,6.9,6.94,-0.04,-0.5764,611069.47,423102.623,0.637,0.84,6.7742,0.9081,2.6182,25001097.7486,959365.7606,890107.583,172507574.4653,6619623.7481
601939.SH,20190902,6.9,6.92,6.86,6.88,6.9,-0.02,-0.2899,875907.66,604161.878,0.913,1.23,6.7545,0.9055,2.6106,25001097.7486,959365.7606,890107.583,172007552.5104,6600436.4329
601939.SH,20190903,6.88,6.89,6.85,6.88,6.88,0.0,0.0,664763.98,456463.102,0.6929,0.9,6.7545,0.9055,2.6106,25001097.7486,959365.7606,890107.583,172007552.5104,6600436.4329
601939.SH,20190904,6.86,7.01,6.86,7.0,6.88,0.12,1.7442,1175467.65,816353.82,1.2253,1.74,6.8723,0.9213,2.6561,25001097.7486,959365.7606,890107.583,175007684.2402,6715560.3242
601939.SH,20190905,7.02,7.15,7.02,7.09,7.0,0.09,1.2857,1172823.61,832805.536,1.2225,1.47,6.9607,0.9331,2.6902,25001097.7486,959365.7606,890107.583,177257783.0376,6801903.2427
601939.SH,20190906,7.12,7.13,7.08,7.11,7.09,0.02,0.2821,508330.93,361148.422,0.5299,0.56,6.9803,0.9358,2.6978,25001097.7486,959365.7606,890107.583,177757804.9925,6821090.5579
601939.SH,20190909,7.14,7.16,7.06,7.09,7.11,-0.02,-0.2813,774342.74,548754.413,0.8071,0.88,6.9607,0.9331,2.6902,25001097.7486,959365.7606,890107.583,177257783.0376,6801903.2427
601939.SH,20190910,7.1,7.12,7.03,7.06,7.09,-0.03,-0.4231,577798.02,407557.978,0.6023,0.67,6.9313,0.9292,2.6789,25001097.7486,959365.7606,890107.583,176507750.1051,6773122.2698
601939.SH,20190911,7.08,7.15,7.06,7.14,7.06,0.08,1.1331,882139.13,627517.423,0.9195,1.05,7.0098,0.9397,2.7092,25001097.7486,959365.7606,890107.583,178507837.925,6849871.5307
601939.SH,20190912,7.16,7.17,7.12,7.14,7.14,0.0,0.0,572449.48,408864.157,0.5967,0.73,7.0098,0.9397,2.7092,25001097.7486,959365.7606,890107.583,178507837.925,6849871.5307
601939.SH,20190916,7.14,7.14,7.08,7.12,7.14,-0.02,-0.2801,372460.04,264510.533,0.3882,0.56,6.9902,0.9371,2.7016,25001097.7486,959365.7606,890107.583,178007815.97,6830684.2155
601939.SH,20190917,7.11,7.12,7.03,7.04,7.12,-0.08,-1.1236,419624.66,296724.647,0.4374,0.66,6.9116,0.9265,2.6713,25001097.7486,959365.7606,890107.583,176007728.1501,6753934.9546
601939.SH,20190918,7.04,7.09,7.03,7.05,7.04,0.01,0.142,430481.83,304312.052,0.4487,0.76,6.9214,0.9279,2.6751,25001097.7486,959365.7606,890107.583,176257739.1276,6763528.6122
601939.SH,20190919,7.07,7.08,7.02,7.05,7.05,0.0,0.0,299623.76,210933.742,0.3123,0.56,6.9214,0.9279,2.6751,25001097.7486,959365.7606,890107.583,176257739.1276,6763528.6122
601939.SH,20190920,7.07,7.11,7.04,7.08,7.05,0.03,0.4255,491037.48,347545.234,0.5118,1.17,6.9509,0.9318,2.6864,25001097.7486,959365.7606,890107.583,177007772.0601,6792309.585
601939.SH,20190923,7.06,7.09,6.95,6.99,7.08,-0.09,-1.2712,806060.51,563705.429,0.8402,2.0,6.8625,0.92,2.6523,25001097.7486,959365.7606,890107.583,174757673.2627,6705966.6666
601939.SH,20190924,6.99,7.01,6.96,6.96,6.99,-0.03,-0.4292,384338.66,268227.648,0.4006,0.79,6.8331,0.916,2.6409,25001097.7486,959365.7606,890107.583,174007640.3303,6677185.6938
601939.SH,20190925,6.95,7.02,6.93,6.98,6.96,0.02,0.2874,425388.32,296820.347,0.4434,0.88,6.8527,0.9186,2.6485,25001097.7486,959365.7606,890107.583,174507662.2852,6696373.009
601939.SH,20190926,7.0,7.1,6.98,7.05,6.98,0.07,1.0029,821038.66,578952.004,0.8558,1.71,6.9214,0.9279,2.6751,25001097.7486,959365.7606,890107.583,176257739.1276,6763528.6122
601939.SH,20190927,7.06,7.08,6.96,7.07,7.05,0.02,0.2837,727061.77,510678.475,0.7579,1.24,6.9411,0.9305,2.6827,25001097.7486,959365.7606,890107.583,176757761.0826,6782715.9274
601939.SH,20190930,7.03,7.1,6.99,6.99,7.07,-0.08,-1.1315,386013.56,272326.685,0.4024,0.61,6.8625,0.92,2.6523,25001097.7486,959365.7606,890107.583,174757673.2627,6705966.6666
601939.SH,20191008,6.99,7.12,6.98,7.08,6.99,0.09,1.2876,677012.31,478616.32,0.7057,1.23,6.9509,0.9318,2.6864,25001097.7486,959365.7606,890107.583,177007772.0601,6792309.585
601939.SH,20191009,7.05,7.17,7.04,7.14,7.08,0.06,0.8475,674504.3,480947.441,0.7031,1.11,7.0098,0.9397,2.7092,25001097.7486,959365.7606,890107.583,178507837.925,6849871.5307
601939.SH,20191010,7.14,7.16,7.1,7.14,7.14,0.0,0.0,460671.45,328778.258,0.4802,0.7,7.0098,0.9397,2.7092,25001097.7486,959365.7606,890107.583,178507837.925,6849871.5307
601939.SH,20191011,7.16,7.23,7.13,7.21,7.14,0.07,0.9804,779657.8,560437.485,0.8127,1.33,7.0785,0.9489,2.7358,25001097.7486,959365.7606,890107.583,180257914.7674,6917027.1339
601939.SH,20191014,7.22,7.42,7.22,7.3,7.21,0.09,1.2483,1064484.71,779755.376,1.1096,1.79,7.1669,0.9608,2.7699,25001097.7486,959365.7606,890107.583,182508013.5648,7003370.0524
601939.SH,20191015,7.3,7.37,7.27,7.36,7.3,0.06,0.8219,658126.72,481520.671,0.686,0.9,7.2258,0.9687,2.7927,25001097.7486,959365.7606,890107.583,184008079.4297,7060931.998
601939.SH,20191016,7.36,7.44,7.24,7.27,7.36,-0.09,-1.2228,798195.31,585045.117,0.832,1.1,7.1374,0.9568,2.7585,25001097.7486,959365.7606,890107.583,181757980.6323,6974589.0796
601939.SH,20191017,7.28,7.32,7.25,7.26,7.27,-0.01,-0.1376,473106.79,344392.426,0.4931,0.63,7.1276,0.9555,2.7547,25001097.7486,959365.7606,890107.583,181507969.6548,6964995.422
601939.SH,20191018,7.29,7.36,7.19,7.25,7.26,-0.01,-0.1377,542404.24,393717.594,0.5654,0.72,7.1178,0.9542,2.751,25001097.7486,959365.7606,890107.583,181257958.6774,6955401.7644
601939.SH,20191021,7.25,7.36,7.24,7.36,7.25,0.11,1.5172,572624.65,419287.21,0.5969,0.81,7.2258,0.9687,2.7927,25001097.7486,959365.7606,890107.583,184008079.4297,7060931.998
601939.SH,20191022,7.38,7.38,7.29,7.37,7.36,0.01,0.1359,439752.54,322857.083,0.4584,0.72,7.2356,0.97,2.7965,25001097.7486,959365.7606,890107.583,184258090.4072,7070525.6556
601939.SH,20191023,7.33,7.43,7.33,7.38,7.37,0.01,0.1357,723807.61,534065.822,0.7545,1.28,7.2454,0.9713,2.8003,25001097.7486,959365.7606,890107.583,184508101.3847,7080119.3132
601939.SH,20191024,7.39,7.55,7.38,7.43,7.38,0.05,0.6775,1013184.55,756859.878,1.0561,1.84,7.2945,0.9779,2.8193,25001097.7486,959365.7606,890107.583,185758156.2721,7128087.6013
601939.SH,20191025,7.42,7.45,7.36,7.44,7.43,0.01,0.1346,455978.43,338058.437,0.4753,0.69,7.3043,0.9792,2.823,25001097.7486,959365.7606,890107.583,186008167.2496,7137681.2589
601939.SH,20191028,7.45,7.49,7.33,7.36,7.44,-0.08,-1.0753,638394.31,470768.258,0.6654,1.0,7.2258,0.9687,2.7927,25001097.7486,959365.7606,890107.583,184008079.4297,7060931.998
601939.SH,20191029,7.36,7.39,7.26,7.3,7.36,-0.06,-0.8152,665684.42,486991.113,0.6939,1.02,7.1669,0.9608,2.7699,25001097.7486,959365.7606,890107.583,182508013.5648,7003370.0524
601939.SH,20191030,7.3,7.35,7.27,7.32,7.3,0.02,0.274,403618.5,295135.563,0.4207,0.58,7.1865,0.9634,2.7775,25001097.7486,959365.7606,890107.583,183008035.5198,7022557.3676
601939.SH,20191031,7.34,7.36,7.22,7.29,7.32,-0.03,-0.4098,577058.25,419685.564,0.6015,0.91,7.1571,0.8863,2.7661,25001097.7486,959365.7606,890107.583,182258002.5873,6993776.3948
601939.SH,20191101,7.29,7.32,7.19,7.3,7.29,0.01,0.1372,796602.6,578002.41,0.8303,1.45,7.1669,0.8875,2.7699,25001097.7486,959365.7606,890107.583,182508013.5648,7003370.0524
601939.SH,20191104,7.27,7.36,7.27,7.34,7.3,0.04,0.5479,772303.67,565330.523,0.805,1.25,7.2061,0.8924,2.7851,25001097.7486,959365.7606,890107.583,183508057.4747,7041744.6828
601939.SH,20191105,7.33,7.45,7.29,7.38,7.34,0.04,0.545,735938.39,542446.727,0.7671,1.14,7.2454,0.8972,2.8003,25001097.7486,959365.7606,890107.583,184508101.3847,7080119.3132
601939.SH,20191106,7.37,7.53,7.34,7.49,7.38,0.11,1.4905,1227606.23,918108.933,1.2796,1.87,7.3534,0.9106,2.842,25001097.7486,959365.7606,890107.583,187258222.137,7185649.5469
601939.SH,20191107,7.47,7.55,7.45,7.49,7.49,0.0,0.0,591921.83,443913.265,0.617,0.72,7.3534,0.9106,2.842,25001097.7486,959365.7606,890107.583,187258222.137,7185649.5469
601939.SH,20191108,7.54,7.55,7.34,7.35,7.49,-0.14,-1.8692,696221.82,515832.474,0.7257,0.84,7.216,0.8936,2.7889,25001097.7486,959365.7606,890107.583,183758068.4522,7051338.3404
601939.SH,20191111,7.34,7.34,7.22,7.22,7.35,-0.13,-1.7687,800659.92,581047.15,0.8346,0.99,7.0883,0.8778,2.7396,25001097.7486,959365.7606,890107.583,180507925.7449,6926620.7915
601939.SH,20191112,7.25,7.27,7.2,7.24,7.22,0.02,0.277,463717.59,335493.682,0.4834,0.57,7.108,0.8802,2.7472,25001097.7486,959365.7606,890107.583,181007947.6999,6945808.1067
601939.SH,20191113,7.22,7.24,7.15,7.19,7.24,-0.05,-0.6906,489038.8,351668.334,0.5098,0.65,7.0589,0.8741,2.7282,25001097.7486,959365.7606,890107.583,179757892.8124,6897839.8187
601939.SH,20191114,7.19,7.2,7.12,7.16,7.19,-0.03,-0.4172,605087.63,432570.453,0.6307,0.99,7.0294,0.8705,2.7168,25001097.7486,959365.7606,890107.583,179007859.88,6869058.8459
601939.SH,20191115,7.16,7.17,7.11,7.15,7.16,-0.01,-0.1397,535246.86,382173.193,0.5579,0.88,7.0196,0.8693,2.713,25001097.7486,959365.7606,890107.583,178757848.9025,6859465.1883
601939.SH,20191118,7.15,7.19,7.13,7.17,7.15,0.02,0.2797,523139.02,374508.653,0.5453,0.9,7.0392,0.8717,2.7206,25001097.7486,959365.7606,890107.583,179257870.8575,6878652.5035
601939.SH,20191119,7.17,7.2,7.14,7.19,7.17,0.02,0.2789,512901.9,367694.687,0.5346,0.98,7.0589,0.8741,2.7282,25001097.7486,959365.7606,890107.583,179757892.8124,6897839.8187
601939.SH,20191120,7.17,7.19,7.06,7.11,7.19,-0.08,-1.1127,852158.13,606962.748,0.8883,1.6,6.9803,0.8644,2.6978,25001097.7486,959365.7606,890107.583,177757804.9925,6821090.5579
601939.SH,20191121,7.08,7.13,7.05,7.13,7.11,0.02,0.2813,480534.85,341102.929,0.5009,0.79,7.0,0.8668,2.7054,25001097.7486,959365.7606,890107.583,178257826.9475,6840277.8731
601939.SH,20191122,7.14,7.16,7.1,7.14,7.13,0.01,0.1403,463138.62,330363.964,0.4828,0.8,7.0098,0.8681,2.7092,25001097.7486,959365.7606,890107.583,178507837.925,6849871.5307
601939.SH,20191125,7.15,7.22,7.13,7.21,7.14,0.07,0.9804,383658.93,276160.413,0.3999,0.68,7.0785,0.8766,2.7358,25001097.7486,959365.7606,890107.583,180257914.7674,6917027.1339
601939.SH,20191126,7.23,7.27,7.19,7.21,7.21,0.0,0.0,602034.58,435232.505,0.6275,1.12,7.0785,0.8766,2.7358,25001097.7486,959365.7606,890107.583,180257914.7674,6917027.1339
601939.SH,20191127,7.23,7.24,7.16,7.22,7.21,0.01,0.1387,421008.96,302945.311,0.4388,0.76,7.0883,0.8778,2.7396,25001097.7486,959365.7606,890107.583,180507925.7449,6926620.7915
601939.SH,20191128,7.22,7.22,7.1,7.14,7.22,-0.08,-1.108,633023.98,451915.08,0.6598,1.35,7.0098,0.8681,2.7092,25001097.7486,959365.7606,890107.583,178507837.925,6849871.5307
601939.SH,20191129,7.11,7.17,7.09,7.1,7.14,-0.04,-0.5602,460187.95,327345.312,0.4797,0.92,6.9705,0.8632,2.694,25001097.7486,959365.7606,890107.583,177507794.0151,6811496.9003
601939.SH,20191202,7.1,7.13,7.08,7.12,7.1,0.02,0.2817,413957.89,293812.108,0.4315,0.83,6.9902,0.8656,2.7016,25001097.7486,959365.7606,890107.583,178007815.97,6830684.2155
601939.SH,20191203,7.11,7.15,7.09,7.15,7.12,0.03,0.4213,339056.11,241680.536,0.3534,0.67,7.0196,0.8693,2.713,25001097.7486,959365.7606,890107.583,178757848.9025,6859465.1883
601939.SH,20191204,7.13,7.16,7.12,7.14,7.15,-0.01,-0.1399,341876.14,244259.751,0.3564,0.75,7.0098,0.8681,2.7092,25001097.7486,959365.7606,890107.583,178507837.925,6849871.5307
601939.SH,20191205,7.18,7.19,7.12,7.14,7.14,0.0,0.0,465763.17,333408.796,0.4855,1.06,7.0098,0.8681,2.7092,25001097.7486,959365.7606,890107.583,178507837.925,6849871.5307
601939.SH,20191206,7.15,7.17,7.1,7.14,7.14,0.0,0.0,479376.87,341371.615,0.4997,1.19,7.0098,0.8681,2.7092,25001097.7486,959365.7606,890107.583,178507837.925,6849871.5307
601939.SH,20191209,7.13,7.14,7.07,7.09,7.14,-0.05,-0.7003,590563.28,418853.804,0.6156,1.45,6.9607,0.862,2.6902,25001097.7486,959365.7606,890107.583,177257783.0376,6801903.2427
601939.SH,20191210,7.08,7.1,7.06,7.07,7.09,-0.02,-0.2821,400678.09,283512.744,0.4176,0.9,6.9411,0.8596,2.6827,25001097.7486,959365.7606,890107.583,176757761.0826,6782715.9274
601939.SH,20191211,7.09,7.12,7.05,7.1,7.07,0.03,0.4243,453851.53,321790.301,0.4731,1.0,6.9705,0.8632,2.694,25001097.7486,959365.7606,890107.583,177507794.0151,6811496.9003
601939.SH,20191212,7.1,7.12,7.08,7.11,7.1,0.01,0.1408,395953.0,281177.42,0.4127,0.83,6.9803,0.8644,2.6978,25001097.7486,959365.7606,890107.583,177757804.9925,6821090.5579
601939.SH,20191213,7.14,7.2,7.13,7.2,7.11,0.09,1.2658,925673.88,663464.517,0.9649,1.99,7.0687,0.8754,2.732,25001097.7486,959365.7606,890107.583,180007903.7899,6907433.4763
601939.SH,20191216,7.2,7.2,7.12,7.15,7.2,-0.05,-0.6944,917672.17,655065.063,0.9565,1.66,7.0196,0.8693,2.713,25001097.7486,959365.7606,890107.583,178757848.9025,6859465.1883
601939.SH,20191217,7.15,7.26,7.08,7.23,7.15,0.08,1.1189,1556348.26,1116313.595,1.6223,2.52,7.0981,0.879,2.7434,25001097.7486,959365.7606,890107.583,180757936.7224,6936214.4491
601939.SH,20191218,7.2,7.32,7.2,7.24,7.23,0.01,0.1383,962566.91,697865.178,1.0033,1.13,7.108,0.8802,2.7472,25001097.7486,959365.7606,890107.583,181007947.6999,6945808.1067
601939.SH,20191219,7.24,7.29,7.22,7.26,7.24,0.02,0.2762,498104.1,361526.002,0.5192,0.52,7.1276,0.8827,2.7547,25001097.7486,959365.7606,890107.583,181507969.6548,6964995.422
601939.SH,20191220,7.26,7.29,7.23,7.25,7.26,-0.01,-0.1377,492044.0,357062.211,0.5129,0.51,7.1178,0.8814,2.751,25001097.7486,959365.7606,890107.583,181257958.6774,6955401.7644
601939.SH,20191223,7.26,7.29,7.18,7.19,7.25,-0.06,-0.8276,660801.13,477223.964,0.6888,0.75,7.0589,0.8741,2.7282,25001097.7486,959365.7606,890107.583,179757892.8124,6897839.8187
601939.SH,20191224,7.19,7.22,7.16,7.19,7.19,0.0,0.0,411993.03,296133.994,0.4294,0.49,7.0589,0.8741,2.7282,25001097.7486,959365.7606,890107.583,179757892.8124,6897839.8187
601939.SH,20191225,7.18,7.2,7.15,7.17,7.19,-0.02,-0.2782,420732.74,301869.279,0.4386,0.7,7.0392,0.8717,2.7206,25001097.7486,959365.7606,890107.583,179257870.8575,6878652.5035
601939.SH,20191226,7.17,7.23,7.16,7.23,7.17,0.06,0.8368,474991.12,341836.069,0.4951,0.96,7.0981,0.879,2.7434,25001097.7486,959365.7606,890107.583,180757936.7224,6936214.4491
601939.SH,20191227,7.22,7.27,7.19,7.25,7.23,0.02,0.2766,757775.06,549192.159,0.7899,1.54,7.1178,0.8814,2.751,25001097.7486,959365.7606,890107.583,181257958.6774,6955401.7644
601939.SH,20191230,7.22,7.25,7.16,7.23,7.25,-0.02,-0.2759,1190302.1,858107.626,1.2407,2.18,7.0981,0.879,2.7434,25001097.7486,959365.7606,890107.583,180757936.7224,6936214.4491
601939.SH,20191231,7.21,7.25,7.2,7.23,7.23,0.0,0.0,574759.47,415013.586,0.5991,0.88,7.0981,0.879,2.7434,25001097.7486,959365.7606,890107.583,180757936.7224,6936214.4491
601939.SH,20200102,7.29,7.39,7.28,7.31,7.23,0.08,1.1065,1193038.16,874838.199,1.2436,1.74,7.1767,0.8887,2.7737,25001097.7486,959365.7606,890107.583,182758024.5423,7012963.71
601939.SH,20200103,7.31,7.35,7.29,7.31,7.31,0.0,0.0,705830.61,516045.235,0.7357,0.84,7.1767,0.8887,2.7737,25001097.7486,959365.7606,890107.583,182758024.5423,7012963.71
601939.SH,20200106,7.29,7.32,7.22,7.24,7.31,-0.07,-0.9576,828712.77,603218.997,0.8638,0.94,7.108,0.8802,2.7472,25001097.7486,959365.7606,890107.583,181007947.6999,6945808.1067
601939.SH,20200107,7.26,7.29,7.22,7.23,7.24,-0.01,-0.1381,1106435.65,800936.075,1.1533,1.23,7.0981,0.879,2.7434,25001097.7486,959365.7606,890107.583,180757936.7224,6936214.4491
601939.SH,20200108,7.21,7.21,7.14,7.14,7.23,-0.09,-1.2448,971101.19,696441.886,1.0122,1.1,7.0098,0.8681,2.7092,25001097.7486,959365.7606,890107.583,178507837.925,6849871.5307
601939.SH,20200109,7.19,7.2,7.13,7.16,7.14,0.02,0.2801,848503.01,607455.302,0.8844,0.88,7.0294,0.8705,2.7168,25001097.7486,959365.7606,890107.583,179007859.88,6869058.8459
601939.SH,20200110,7.17,7.18,7.14,7.16,7.16,0.0,0.0,530992.16,379598.664,0.5535,0.6,7.0294,0.8705,2.7168,25001097.7486,959365.7606,890107.583,179007859.88,6869058.8459
601939.SH,20200113,7.16,7.17,7.12,7.17,7.16,0.01,0.1397,735764.36,525773.774,0.7669,0.86,7.0392,0.8717,2.7206,25001097.7486,959365.7606,890107.583,179257870.8575,6878652.5035
601939.SH,20200114,7.18,7.2,7.16,7.16,7.17,-0.01,-0.1395,546323.26,392032.898,0.5695,0.65,7.0294,0.8705,2.7168,25001097.7486,959365.7606,890107.583,179007859.88,6869058.8459
601939.SH,20200115,7.17,7.17,7.13,7.14,7.16,-0.02,-0.2793,439992.14,314244.319,0.4586,0.61,7.0098,0.8681,2.7092,25001097.7486,959365.7606,890107.583,178507837.925,6849871.5307
601939.SH,20200116,7.15,7.15,7.08,7.09,7.14,-0.05,-0.7003,941075.91,668514.263,0.9809,1.52,6.9607,0.862,2.6902,25001097.7486,959365.7606,890107.583,177257783.0376,6801903.2427
601939.SH,20200117,7.09,7.13,7.07,7.08,7.09,-0.01,-0.141,553205.19,392561.725,0.5766,0.87,6.9509,0.8608,2.6864,25001097.7486,959365.7606,890107.583,177007772.0601,6792309.585
601939.SH,20200120,7.09,7.11,7.07,7.1,7.08,0.02,0.2825,739731.11,524550.417,0.7711,1.15,6.9705,0.8632,2.694,25001097.7486,959365.7606,890107.583,177507794.0151,6811496.9003
601939.SH,20200121,7.09,7.09,7.03,7.04,7.1,-0.06,-0.8451,894648.95,630441.873,0.9325,1.39,6.9116,0.8559,2.6713,25001097.7486,959365.7606,890107.583,176007728.1501,6753934.9546
601939.SH,20200122,7.02,7.06,6.99,7.05,7.04,0.01,0.142,870632.79,611037.706,0.9075,1.22,6.9214,0.8571,2.6751,25001097.7486,959365.7606,890107.583,176257739.1276,6763528.6122
601939.SH,20200123,7.02,7.03,6.92,6.97,7.05,-0.08,-1.1348,1255989.9,874549.382,1.3092,1.57,6.8429,0.8474,2.6447,25001097.7486,959365.7606,890107.583,174257651.3077,6686779.3514
601939.SH,20200203,6.42,6.66,6.33,6.44,6.97,-0.53,-7.604,1936614.64,1255253.732,2.0186,2.24,6.3226,0.783,2.4436,25001097.7486,959365.7606,890107.583,161007069.501,6178315.4983
601939.SH,20200204,6.43,6.74,6.41,6.68,6.44,0.24,3.7267,1654194.71,1088628.225,1.7243,1.45,6.5582,0.8121,2.5347,25001097.7486,959365.7606,890107.583,167007332.9606,6408563.2808
601939.SH,20200205,6.68,6.77,6.61,6.71,6.68,0.03,0.4491,1036252.38,695437.342,1.0801,0.78,6.5876,0.8158,2.5461,25001097.7486,959365.7606,890107.583,167757365.8931,6437344.2536
601939.SH,20200206,6.74,6.74,6.63,6.69,6.71,-0.02,-0.2981,1439352.09,960638.75,1.5003,1.07,6.568,0.8134,2.5385,25001097.7486,959365.7606,890107.583,167257343.9381,6418156.9384
601939.SH,20200207,6.65,6.65,6.57,6.63,6.69,-0.06,-0.8969,1082384.28,714670.329,1.1282,0.74,6.5091,0.8061,2.5157,25001097.7486,959365.7606,890107.583,165757278.0732,6360594.9928
601939.SH,20200210,6.6,6.63,6.56,6.62,6.63,-0.01,-0.1508,698717.29,461239.306,0.7283,0.49,6.4993,0.8048,2.5119,25001097.7486,959365.7606,890107.583,165507267.0957,6351001.3352
601939.SH,20200211,6.63,6.69,6.6,6.69,6.62,0.07,1.0574,948842.07,632527.248,0.989,0.8,6.568,0.8134,2.5385,25001097.7486,959365.7606,890107.583,167257343.9381,6418156.9384
601939.SH,20200212,6.68,6.69,6.64,6.69,6.69,0.0,0.0,631233.8,420957.355,0.658,0.61,6.568,0.8134,2.5385,25001097.7486,959365.7606,890107.583,167257343.9381,6418156.9384
601939.SH,20200213,6.69,6.69,6.6,6.62,6.69,-0.07,-1.0463,919536.37,610198.15,0.9585,0.96,6.4993,0.8048,2.5119,25001097.7486,959365.7606,890107.583,165507267.0957,6351001.3352
601939.SH,20200214,6.6,6.67,6.58,6.65,6.62,0.03,0.4532,688549.35,456977.713,0.7177,0.8,6.5287,0.8085,2.5233,25001097.7486,959365.7606,890107.583,166257300.0282,6379782.308
601939.SH,20200217,6.64,6.74,6.62,6.74,6.65,0.09,1.3534,909928.21,608933.843,0.9485,1.17,6.6171,0.8194,2.5574,25001097.7486,959365.7606,890107.583,168507398.8256,6466125.2264
601939.SH,20200218,6.73,6.74,6.68,6.7,6.74,-0.04,-0.5935,844002.48,566197.724,0.8798,1.03,6.5778,0.8146,2.5423,25001097.7486,959365.7606,890107.583,167507354.9156,6427750.596
601939.SH,20200219,6.69,6.74,6.68,6.71,6.7,0.01,0.1493,909091.86,609473.673,0.9476,1.14,6.5876,0.8158,2.5461,25001097.7486,959365.7606,890107.583,167757365.8931,6437344.2536
601939.SH,20200220,6.71,6.77,6.64,6.76,6.71,0.05,0.7452,1227634.01,822081.008,1.2796,1.44,6.6367,0.8219,2.565,25001097.7486,959365.7606,890107.583,169007420.7805,6485312.5417
601939.SH,20200221,6.73,6.82,6.7,6.77,6.76,0.01,0.1479,925764.05,625241.501,0.965,1.01,6.6465,0.8231,2.5688,25001097.7486,959365.7606,890107.583,169257431.758,6494906.1993
601939.SH,20200224,6.77,6.77,6.7,6.71,6.77,-0.06,-0.8863,880497.84,591534.393,0.9178,0.91,6.5876,0.8158,2.5461,25001097.7486,959365.7606,890107.583,167757365.8931,6437344.2536
601939.SH,20200225,6.65,6.68,6.61,6.64,6.71,-0.07,-1.0432,889275.76,589708.388,0.9269,0.93,6.5189,0.8073,2.5195,25001097.7486,959365.7606,890107.583,166007289.0507,6370188.6504
601939.SH,20200226,6.59,6.69,6.55,6.65,6.64,0.01,0.1506,838202.6,555858.617,0.8737,0.87,6.5287,0.8085,2.5233,25001097.7486,959365.7606,890107.583,166257300.0282,6379782.308
601939.SH,20200227,6.65,6.67,6.62,6.67,6.65,0.02,0.3008,725983.42,482165.486,0.7567,0.76,6.5484,0.8109,2.5309,25001097.7486,959365.7606,890107.583,166757321.9832,6398969.6232
601939.SH,20200228,6.61,6.64,6.5,6.5,6.67,-0.17,-2.5487,1279463.82,839874.422,1.3337,1.5,6.3815,0.7903,2.4664,25001097.7486,959365.7606,890107.583,162507135.3659,6235877.4439
601939.SH,20200302,6.51,6.61,6.51,6.59,6.5,0.09,1.3846,804392.13,528691.17,0.8385,0.87,6.4698,0.8012,2.5005,25001097.7486,959365.7606,890107.583,164757234.1633,6322220.3624
601939.SH,20200303,6.63,6.67,6.59,6.6,6.59,0.01,0.1517,901535.24,597097.091,0.9397,0.99,6.4796,0.8024,2.5043,25001097.7486,959365.7606,890107.583,165007245.1408,6331814.02
601939.SH,20200304,6.6,6.63,6.57,6.6,6.6,0.0,0.0,879905.24,580431.846,0.9172,0.97,6.4796,0.8024,2.5043,25001097.7486,959365.7606,890107.583,165007245.1408,6331814.02
601939.SH,20200305,6.62,6.72,6.58,6.71,6.6,0.11,1.6667,1666223.27,1109477.278,1.7368,1.81,6.5876,0.8158,2.5461,25001097.7486,959365.7606,890107.583,167757365.8931,6437344.2536
601939.SH,20200306,6.66,6.7,6.62,6.63,6.71,-0.08,-1.1923,835120.44,555393.215,0.8705,0.75,6.5091,0.8061,2.5157,25001097.7486,959365.7606,890107.583,165757278.0732,6360594.9928
601939.SH,20200309,6.57,6.57,6.47,6.48,6.63,-0.15,-2.2624,1639687.78,1066905.787,1.7091,1.61,6.3618,0.7878,2.4588,25001097.7486,959365.7606,890107.583,162007113.4109,6216690.1287
601939.SH,20200310,6.45,6.55,6.45,6.53,6.48,0.05,0.7716,1227944.71,799213.379,1.28,1.04,6.4109,0.7939,2.4778,25001097.7486,959365.7606,890107.583,163257168.2984,6264658.4167
601939.SH,20200311,6.54,6.59,6.51,6.52,6.53,-0.01,-0.1531,777637.52,508983.158,0.8106,0.62,6.4011,0.7927,2.474,25001097.7486,959365.7606,890107.583,163007157.3209,6255064.7591
601939.SH,20200312,6.49,6.55,6.45,6.54,6.52,0.02,0.3067,1020851.27,663980.723,1.0641,0.83,6.4207,0.7951,2.4816,25001097.7486,959365.7606,890107.583,163507179.2758,6274252.0743
601939.SH,20200313,6.37,6.53,6.34,6.49,6.54,-0.05,-0.7645,1153688.59,739770.673,1.2026,1.05,6.3716,0.789,2.4626,25001097.7486,959365.7606,890107.583,162257124.3884,6226283.7863
601939.SH,20200316,6.49,6.54,6.38,6.42,6.49,-0.07,-1.0786,1386621.41,895892.272,1.4454,1.19,6.3029,0.7805,2.436,25001097.7486,959365.7606,890107.583,160507047.546,6159128.1831
601939.SH,20200317,6.39,6.47,6.31,6.45,6.42,0.03,0.4673,1212003.43,776931.715,1.2633,1.09,6.3324,0.7842,2.4474,25001097.7486,959365.7606,890107.583,161257080.4785,6187909.1559
601939.SH,20200318,6.44,6.49,6.38,6.39,6.45,-0.06,-0.9302,882964.23,568937.726,0.9204,0.8,6.2735,0.7769,2.4246,25001097.7486,959365.7606,890107.583,159757014.6136,6130347.2102
601939.SH,20200319,6.35,6.39,6.16,6.21,6.39,-0.18,-2.8169,1563420.78,977664.636,1.6296,1.38,6.0968,0.755,2.3563,25001097.7486,959365.7606,890107.583,155256817.0188,5957661.3733
601939.SH,20200320,6.26,6.39,6.19,6.32,6.21,0.11,1.7713,1204483.61,757006.627,1.2555,0.97,6.2047,0.7684,2.3981,25001097.7486,959365.7606,890107.583,158006937.7712,6063191.607
601939.SH,20200323,6.19,6.23,6.13,6.17,6.32,-0.15,-2.3734,952815.04,587925.053,0.9932,0.76,6.0575,0.7501,2.3412,25001097.7486,959365.7606,890107.583,154256773.1089,5919286.7429
601939.SH,20200324,6.23,6.38,6.23,6.37,6.17,0.2,3.2415,1048875.55,660226.379,1.0933,0.9,6.2538,0.7744,2.417,25001097.7486,959365.7606,890107.583,159256992.6586,6111159.895
601939.SH,20200325,6.43,6.45,6.36,6.38,6.37,0.01,0.157,1129854.81,722953.83,1.1777,1.0,6.2637,0.7757,2.4208,25001097.7486,959365.7606,890107.583,159507003.6361,6120753.5526
601939.SH,20200326,6.32,6.45,6.32,6.4,6.38,0.02,0.3135,1015230.45,649203.693,1.0582,0.86,6.2833,0.7781,2.4284,25001097.7486,959365.7606,890107.583,160007025.591,6139940.8678
601939.SH,20200327,6.43,6.5,6.43,6.47,6.4,0.07,1.0938,759302.44,490965.255,0.7915,0.71,6.352,0.7866,2.455,25001097.7486,959365.7606,890107.583,161757102.4334,6207096.4711
601939.SH,20200330,6.42,6.49,6.4,6.47,6.47,0.0,0.0,768983.04,495968.056,0.8016,0.78,6.0644,0.7715,2.2924,25001097.7486,959365.7606,890107.583,161757102.4334,6207096.4711
601939.SH,20200331,6.49,6.51,6.32,6.34,6.47,-0.13,-2.0093,989833.11,633597.219,1.0318,1.05,5.9425,0.756,2.2463,25001097.7486,959365.7606,890107.583,158506959.7261,6082378.9222
601939.SH,20200401,6.33,6.4,6.32,6.38,6.34,0.04,0.6309,432432.22,275732.219,0.4507,0.46,5.98,0.7608,2.2605,25001097.7486,959365.7606,890107.583,159507003.6361,6120753.5526
601939.SH,20200402,6.35,6.43,6.34,6.43,6.38,0.05,0.7837,366279.94,234074.246,0.3818,0.46,6.0269,0.7667,2.2782,25001097.7486,959365.7606,890107.583,160757058.5235,6168721.8407
601939.SH,20200403,6.4,6.44,6.37,6.4,6.43,-0.03,-0.4666,407487.43,261224.021,0.4247,0.61,5.9988,0.7632,2.2676,25001097.7486,959365.7606,890107.583,160007025.591,6139940.8678
601939.SH,20200407,6.47,6.48,6.39,6.42,6.4,0.02,0.3125,925805.36,594115.913,0.965,1.56,6.0175,0.7655,2.2747,25001097.7486,959365.7606,890107.583,160507047.546,6159128.1831
601939.SH,20200408,6.4,6.41,6.35,6.37,6.42,-0.05,-0.7788,527124.76,336042.218,0.5495,0.84,5.9707,0.7596,2.257,25001097.7486,959365.7606,890107.583,159256992.6586,6111159.895
601939.SH,20200409,6.39,6.4,6.36,6.4,6.37,0.03,0.471,358557.5,228894.829,0.3737,0.67,5.9988,0.7632,2.2676,25001097.7486,959365.7606,890107.583,160007025.591,6139940.8678
601939.SH,20200410,6.4,6.4,6.35,6.37,6.4,-0.03,-0.4688,433715.7,276236.463,0.4521,0.84,5.9707,0.7596,2.257,25001097.7486,959365.7606,890107.583,159256992.6586,6111159.895
601939.SH,20200413,6.34,6.36,6.31,6.32,6.37,-0.05,-0.7849,391994.47,247985.215,0.4086,0.74,5.9238,0.7536,2.2392,25001097.7486,959365.7606,890107.583,158006937.7712,6063191.607
601939.SH,20200414,6.31,6.36,6.31,6.36,6.32,0.04,0.6329,452827.12,287103.948,0.472,0.86,5.9613,0.7584,2.2534,25001097.7486,959365.7606,890107.583,159006981.6811,6101566.2374
601939.SH,20200415,6.34,6.37,6.33,6.34,6.36,-0.02,-0.3145,342076.32,217284.352,0.3566,0.79,5.9425,0.756,2.2463,25001097.7486,959365.7606,890107.583,158506959.7261,6082378.9222
601939.SH,20200416,6.33,6.36,6.32,6.34,6.34,0.0,0.0,348280.14,220876.358,0.363,0.88,5.9425,0.756,2.2463,25001097.7486,959365.7606,890107.583,158506959.7261,6082378.9222
601939.SH,20200417,6.36,6.37,6.32,6.35,6.34,0.01,0.1577,837998.02,531725.227,0.8735,2.13,5.9519,0.7572,2.2499,25001097.7486,959365.7606,890107.583,158756970.7036,6091972.5798
601939.SH,20200420,6.34,6.35,6.31,6.31,6.35,-0.04,-0.6299,490512.9,309882.818,0.5113,1.03,5.9144,0.7524,2.2357,25001097.7486,959365.7606,890107.583,157756926.7937,6053597.9494
601939.SH,20200421,6.32,6.32,6.23,6.25,6.31,-0.06,-0.9509,483936.84,302960.35,0.5044,0.98,5.8582,0.7453,2.2144,25001097.7486,959365.7606,890107.583,156256860.9288,5996036.0038
601939.SH,20200422,6.23,6.26,6.2,6.26,6.25,0.01,0.16,381644.46,238147.883,0.3978,0.76,5.8675,0.7465,2.218,25001097.7486,959365.7606,890107.583,156506871.9062,6005629.6614
601939.SH,20200423,6.26,6.26,6.2,6.21,6.26,-0.05,-0.7987,482795.09,300145.133,0.5032,0.95,5.8207,0.7405,2.2003,25001097.7486,959365.7606,890107.583,155256817.0188,5957661.3733
601939.SH,20200424,6.22,6.22,6.18,6.2,6.21,-0.01,-0.161,307280.17,190473.818,0.3203,0.57,5.8113,0.7393,2.1967,25001097.7486,959365.7606,890107.583,155006806.0413,5948067.7157
601939.SH,20200427,6.2,6.3,6.2,6.26,6.2,0.06,0.9677,685708.75,429024.264,0.7148,1.6,5.8675,0.7465,2.218,25001097.7486,959365.7606,890107.583,156506871.9062,6005629.6614
601939.SH,20200428,6.26,6.3,6.2,6.27,6.26,0.01,0.1597,647166.61,405352.062,0.6746,1.38,5.8769,0.7477,2.2215,25001097.7486,959365.7606,890107.583,156756882.8837,6015223.319
601939.SH,20200429,6.28,6.42,6.28,6.42,6.27,0.15,2.3923,1031207.18,656859.311,1.0749,2.06,6.0175,0.7308,2.2747,25001097.7486,959365.7606,890107.583,160507047.546,6159128.1831
601939.SH,20200430,6.42,6.47,6.41,6.43,6.42,0.01,0.1558,510898.25,329137.342,0.5325,0.81,6.0269,0.7319,2.2782,25001097.7486,959365.7606,890107.583,160757058.5235,6168721.8407
601939.SH,20200506,6.36,6.37,6.31,6.34,6.43,-0.09,-1.3997,685852.04,434737.754,0.7149,1.08,5.9425,0.7217,2.2463,25001097.7486,959365.7606,890107.583,158506959.7261,6082378.9222
601939.SH,20200507,6.32,6.34,6.3,6.31,6.34,-0.03,-0.4732,534242.59,337504.598,0.5569,0.75,5.9144,0.7182,2.2357,25001097.7486,959365.7606,890107.583,157756926.7937,6053597.9494
601939.SH,20200508,6.33,6.36,6.32,6.35,6.31,0.04,0.6339,615141.04,389908.446,0.6412,0.9,5.9519,0.7228,2.2499,25001097.7486,959365.7606,890107.583,158756970.7036,6091972.5798
601939.SH,20200511,6.36,6.4,6.35,6.39,6.35,0.04,0.6299,580235.1,370154.15,0.6048,0.86,5.9894,0.7274,2.264,25001097.7486,959365.7606,890107.583,159757014.6136,6130347.2102
601939.SH,20200512,6.39,6.43,6.33,6.35,6.39,-0.04,-0.626,486629.01,309977.268,0.5072,0.83,5.9519,0.7228,2.2499,25001097.7486,959365.7606,890107.583,158756970.7036,6091972.5798
601939.SH,20200513,6.34,6.39,6.32,6.38,6.35,0.03,0.4724,356542.45,226460.583,0.3716,0.61,5.98,0.7262,2.2605,25001097.7486,959365.7606,890107.583,159507003.6361,6120753.5526
601939.SH,20200514,6.37,6.37,6.32,6.32,6.38,-0.06,-0.9404,329527.0,208857.492,0.3435,0.64,5.9238,0.7194,2.2392,25001097.7486,959365.7606,890107.583,158006937.7712,6063191.607
601939.SH,20200515,6.35,6.35,6.31,6.31,6.32,-0.01,-0.1582,370461.33,234159.967,0.3862,0.78,5.9144,0.7182,2.2357,25001097.7486,959365.7606,890107.583,157756926.7937,6053597.9494
601939.SH,20200518,6.33,6.35,6.29,6.32,6.31,0.01,0.1585,468427.42,296175.211,0.4883,1.1,5.9238,0.7194,2.2392,25001097.7486,959365.7606,890107.583,158006937.7712,6063191.607
601939.SH,20200519,6.36,6.41,6.34,6.39,6.32,0.07,1.1076,905668.86,577993.544,0.944,2.25,5.9894,0.7274,2.264,25001097.7486,959365.7606,890107.583,159757014.6136,6130347.2102
601939.SH,20200520,6.4,6.44,6.37,6.41,6.39,0.02,0.313,561380.43,359518.674,0.5852,1.15,6.0081,0.7296,2.2711,25001097.7486,959365.7606,890107.583,160257036.5685,6149534.5254
601939.SH,20200521,6.4,6.46,6.4,6.43,6.41,0.02,0.312,582498.44,375233.613,0.6072,1.11,6.0269,0.7319,2.2782,25001097.7486,959365.7606,890107.583,160757058.5235,6168721.8407
601939.SH,20200522,6.43,6.46,6.31,6.32,6.43,-0.11,-1.7107,910668.04,581687.601,0.9492,1.58,5.9238,0.7194,2.2392,25001097.7486,959365.7606,890107.583,158006937.7712,6063191.607
601939.SH,20200525,6.32,6.36,6.3,6.33,6.32,0.01,0.1582,441701.7,279441.114,0.4604,0.64,5.9332,0.7205,2.2428,25001097.7486,959365.7606,890107.583,158256948.7486,6072785.2646
601939.SH,20200526,6.35,6.37,6.33,6.34,6.33,0.01,0.158,412207.34,261729.153,0.4297,0.61,5.9425,0.7217,2.2463,25001097.7486,959365.7606,890107.583,158506959.7261,6082378.9222
601939.SH,20200527,6.35,6.41,6.34,6.37,6.34,0.03,0.4732,456330.33,291090.163,0.4757,0.78,5.9707,0.7251,2.257,25001097.7486,959365.7606,890107.583,159256992.6586,6111159.895
601939.SH,20200528,6.4,6.5,6.39,6.42,6.37,0.05,0.7849,765035.42,493239.04,0.7974,1.36,6.0175,0.7308,2.2747,25001097.7486,959365.7606,890107.583,160507047.546,6159128.1831
601939.SH,20200529,6.41,6.43,6.36,6.37,6.42,-0.05,-0.7788,475965.41,304091.828,0.4961,0.8,5.9707,0.7251,2.257,25001097.7486,959365.7606,890107.583,159256992.6586,6111159.895
601939.SH,20200601,6.4,6.44,6.38,6.4,6.37,0.03,0.471,542271.79,347357.349,0.5652,1.06,5.9988,0.7285,2.2676,25001097.7486,959365.7606,890107.583,160007025.591,6139940.8678
601939.SH,20200602,6.39,6.42,6.38,6.41,6.4,0.01,0.1563,871349.41,557601.105,0.9083,1.64,6.0081,0.7296,2.2711,25001097.7486,959365.7606,890107.583,160257036.5685,6149534.5254
601939.SH,20200603,6.43,6.47,6.41,6.43,6.41,0.02,0.312,761674.55,490422.049,0.7939,1.22,6.0269,0.7319,2.2782,25001097.7486,959365.7606,890107.583,160757058.5235,6168721.8407
601939.SH,20200604,6.45,6.45,6.4,6.4,6.43,-0.03,-0.4666,428133.56,274492.808,0.4463,0.63,5.9988,0.7285,2.2676,25001097.7486,959365.7606,890107.583,160007025.591,6139940.8678
601939.SH,20200605,6.41,6.44,6.39,6.43,6.4,0.03,0.4688,465148.86,298144.318,0.4849,0.76,6.0269,0.7319,2.2782,25001097.7486,959365.7606,890107.583,160757058.5235,6168721.8407
601939.SH,20200608,6.42,6.44,6.39,6.4,6.43,-0.03,-0.4666,916960.39,587522.791,0.9558,1.49,5.9988,0.7285,2.2676,25001097.7486,959365.7606,890107.583,160007025.591,6139940.8678
601939.SH,20200609,6.4,6.43,6.38,6.43,6.4,0.03,0.4688,727648.32,466705.928,0.7585,1.06,6.0269,0.7319,2.2782,25001097.7486,959365.7606,890107.583,160757058.5235,6168721.8407
601939.SH,20200610,6.43,6.43,6.39,6.4,6.43,-0.03,-0.4666,537315.56,344460.969,0.5601,0.81,5.9988,0.7285,2.2676,25001097.7486,959365.7606,890107.583,160007025.591,6139940.8678
601939.SH,20200611,6.4,6.42,6.34,6.35,6.4,-0.05,-0.7813,898946.06,574070.22,0.937,1.46,5.9519,0.7228,2.2499,25001097.7486,959365.7606,890107.583,158756970.7036,6091972.5798
601939.SH,20200612,6.31,6.38,6.3,6.38,6.35,0.03,0.4724,895595.69,567585.519,0.9335,1.26,5.98,0.7262,2.2605,25001097.7486,959365.7606,890107.583,159507003.6361,6120753.5526
601939.SH,20200615,6.33,6.34,6.26,6.27,6.38,-0.11,-1.7241,937620.02,590905.336,0.9773,1.18,5.8769,0.7137,2.2215,25001097.7486,959365.7606,890107.583,156756882.8837,6015223.319
601939.SH,20200616,6.31,6.34,6.28,6.31,6.27,0.04,0.638,517172.57,326499.142,0.5391,0.65,5.9144,0.7182,2.2357,25001097.7486,959365.7606,890107.583,157756926.7937,6053597.9494
601939.SH,20200617,6.3,6.35,6.29,6.31,6.31,0.0,0.0,418316.53,264161.354,0.436,0.55,5.9144,0.7182,2.2357,25001097.7486,959365.7606,890107.583,157756926.7937,6053597.9494
601939.SH,20200618,6.28,6.3,6.25,6.28,6.31,-0.03,-0.4754,857071.01,537602.282,0.8934,1.17,5.8863,0.7148,2.2251,25001097.7486,959365.7606,890107.583,157006893.8612,6024816.9766
601939.SH,20200619,6.28,6.3,6.25,6.28,6.28,0.0,0.0,718035.61,450176.662,0.7484,0.99,5.8863,0.7148,2.2251,25001097.7486,959365.7606,890107.583,157006893.8612,6024816.9766
601939.SH,20200622,6.28,6.34,6.27,6.3,6.28,0.02,0.3185,777326.67,490790.399,0.8103,1.13,5.905,0.7171,2.2321,25001097.7486,959365.7606,890107.583,157506915.8162,6044004.2918
601939.SH,20200623,6.29,6.31,6.26,6.27,6.3,-0.03,-0.4762,548726.62,344601.735,0.572,0.83,5.8769,0.7137,2.2215,25001097.7486,959365.7606,890107.583,156756882.8837,6015223.319
601939.SH,20200624,6.27,6.33,6.27,6.32,6.27,0.05,0.7974,680153.06,429492.296,0.709,1.02,5.9238,0.7194,2.2392,25001097.7486,959365.7606,890107.583,158006937.7712,6063191.607
601939.SH,20200629,6.38,6.4,6.25,6.28,6.32,-0.04,-0.6329,1131831.2,714348.821,1.1798,1.58,5.8863,0.7148,2.2251,25001097.7486,959365.7606,890107.583,157006893.8612,6024816.9766
601939.SH,20200630,6.3,6.33,6.28,6.31,6.28,0.03,0.4777,726096.24,457752.79,0.7569,0.94,5.9144,0.7182,2.2357,25001097.7486,959365.7606,890107.583,157756926.7937,6053597.9494
601939.SH,20200701,6.31,6.37,6.28,6.36,6.31,0.05,0.7924,961276.55,608399.244,1.002,1.24,5.9613,0.7239,2.2534,25001097.7486,959365.7606,890107.583,159006981.6811,6101566.2374
601939.SH,20200702,6.36,6.54,6.35,6.48,6.36,0.12,1.8868,2159930.87,1389838.419,2.2514,2.67,6.0738,0.7376,2.2959,25001097.7486,959365.7606,890107.583,162007113.4109,6216690.1287
601939.SH,20200703,6.49,6.69,6.49,6.68,6.48,0.2,3.0864,2028626.0,1344223.37,2.1145,1.79,6.2612,0.7604,2.3668,25001097.7486,959365.7606,890107.583,167007332.9606,6408563.2808
601939.SH,20200706,6.74,7.28,6.74,7.25,6.68,0.57,8.5329,3831752.2,2701581.035,3.994,2.73,6.7955,0.8252,2.5687,25001097.7486,959365.7606,890107.583,181257958.6774,6955401.7644
601939.SH,20200707,7.3,7.56,7.06,7.25,7.25,0.0,0.0,3221483.99,2338262.685,3.3579,1.66,6.7955,0.8252,2.5687,25001097.7486,959365.7606,890107.583,181257958.6774,6955401.7644
601939.SH,20200708,7.18,7.29,7.08,7.23,7.25,-0.02,-0.2759,2052586.99,1472747.496,2.1395,0.84,6.7767,0.823,2.5617,25001097.7486,959365.7606,890107.583,180757936.7224,6936214.4491
601939.SH,20200709,7.18,7.22,7.08,7.17,7.23,-0.06,-0.8299,1678540.49,1198908.487,1.7496,0.63,6.7205,0.8161,2.5404,25001097.7486,959365.7606,890107.583,179257870.8575,6878652.5035
601939.SH,20200710,6.85,6.86,6.52,6.55,6.85,-0.3,-4.3796,2311999.68,1537928.98,2.4099,0.9,6.1394,0.7737,2.3207,25001097.7486,959365.7606,890107.583,163757190.2533,6283845.7319
601939.SH,20200713,6.51,6.55,6.47,6.5,6.55,-0.05,-0.7634,2591243.95,1685636.472,2.701,0.99,6.0925,0.7678,2.303,25001097.7486,959365.7606,890107.583,162507135.3659,6235877.4439
601939.SH,20200714,6.48,6.51,6.37,6.42,6.5,-0.08,-1.2308,1700162.28,1093369.618,1.7722,0.72,6.0175,0.7584,2.2747,25001097.7486,959365.7606,890107.583,160507047.546,6159128.1831
601939.SH,20200715,6.43,6.46,6.3,6.31,6.42,-0.11,-1.7134,1371336.75,871594.639,1.4294,0.66,5.9144,0.7454,2.2357,25001097.7486,959365.7606,890107.583,157756926.7937,6053597.9494
601939.SH,20200716,6.34,6.39,6.28,6.3,6.31,-0.01,-0.1585,1589368.11,1008223.537,1.6567,0.82,5.905,0.7442,2.2321,25001097.7486,959365.7606,890107.583,157506915.8162,6044004.2918
601939.SH,20200717,6.34,6.35,6.26,6.29,6.3,-0.01,-0.1587,1029948.48,648171.328,1.0736,0.54,5.8957,0.743,2.2286,25001097.7486,959365.7606,890107.583,157256904.8387,6034410.6342
601939.SH,20200720,6.31,6.42,6.29,6.4,6.29,0.11,1.7488,1293218.8,824328.872,1.348,0.78,5.9988,0.756,2.2676,25001097.7486,959365.7606,890107.583,160007025.591,6139940.8678
601939.SH,20200721,6.42,6.44,6.33,6.37,6.4,-0.03,-0.4688,927177.19,589676.459,0.9664,0.66,5.9707,0.7525,2.257,25001097.7486,959365.7606,890107.583,159256992.6586,6111159.895
601939.SH,20200722,6.36,6.43,6.33,6.34,6.37,-0.03,-0.471,1042185.16,663593.77,1.0863,0.84,5.9425,0.7489,2.2463,25001097.7486,959365.7606,890107.583,158506959.7261,6082378.9222
601939.SH,20200723,6.31,6.34,6.25,6.27,6.34,-0.07,-1.1041,1347029.02,845364.746,1.4041,1.15,5.8769,0.7407,2.2215,25001097.7486,959365.7606,890107.583,156756882.8837,6015223.319
601939.SH,20200724,6.26,6.26,6.08,6.12,6.27,-0.15,-2.3923,1884913.31,1162716.76,1.9647,1.67,5.7363,0.723,2.1684,25001097.7486,959365.7606,890107.583,153006718.2214,5871318.4549
601939.SH,20200727,6.14,6.14,6.04,6.06,6.12,-0.06,-0.9804,1379497.17,837524.9,1.4379,1.06,5.6801,0.7159,2.1471,25001097.7486,959365.7606,890107.583,151506652.3565,5813756.5092
601939.SH,20200728,6.09,6.11,6.04,6.08,6.06,0.02,0.33,1001371.77,607795.389,1.0438,0.76,5.6988,0.7182,2.1542,25001097.7486,959365.7606,890107.583,152006674.3115,5832943.8244
601939.SH,20200729,6.07,6.14,6.05,6.14,6.08,0.06,0.9868,905185.48,552533.384,0.9435,0.68,5.7551,0.7253,2.1755,25001097.7486,959365.7606,890107.583,153506740.1764,5890505.7701
601939.SH,20200730,6.14,6.16,6.1,6.12,6.14,-0.02,-0.3257,740575.21,453648.667,0.7719,0.57,5.7363,0.723,2.1684,25001097.7486,959365.7606,890107.583,153006718.2214,5871318.4549
601939.SH,20200731,6.11,6.18,6.09,6.12,6.12,0.0,0.0,852676.92,522406.204,0.8888,0.72,5.7363,0.723,2.1684,25001097.7486,959365.7606,890107.583,153006718.2214,5871318.4549
601939.SH,20200803,6.12,6.16,6.11,6.15,6.12,0.03,0.4902,1039074.15,636797.636,1.0831,1.06,5.7644,0.7265,2.179,25001097.7486,959365.7606,890107.583,153756751.1539,5900099.4277
601939.SH,20200804,6.16,6.27,6.13,6.25,6.15,0.1,1.626,1617802.3,1004381.903,1.6863,1.78,5.8582,0.7383,2.2144,25001097.7486,959365.7606,890107.583,156256860.9288,5996036.0038
601939.SH,20200805,6.22,6.24,6.17,6.21,6.25,-0.04,-0.64,842266.43,522014.367,0.8779,0.82,5.8207,0.7336,2.2003,25001097.7486,959365.7606,890107.583,155256817.0188,5957661.3733
601939.SH,20200806,6.21,6.25,6.15,6.19,6.21,-0.02,-0.3221,744818.25,460422.809,0.7764,0.73,5.8019,0.7312,2.1932,25001097.7486,959365.7606,890107.583,154756795.0638,5938474.0581
601939.SH,20200807,6.19,6.22,6.15,6.18,6.19,-0.01,-0.1616,651436.05,402227.13,0.679,0.64,5.7926,0.73,2.1896,25001097.7486,959365.7606,890107.583,154506784.0863,5928880.4005
601939.SH,20200810,6.17,6.24,6.14,6.21,6.18,0.03,0.4854,744667.58,461407.02,0.7762,0.76,5.8207,0.7336,2.2003,25001097.7486,959365.7606,890107.583,155256817.0188,5957661.3733
601939.SH,20200811,6.21,6.27,6.19,6.2,6.21,-0.01,-0.161,914684.03,570207.301,0.9534,0.99,5.8113,0.7324,2.1967,25001097.7486,959365.7606,890107.583,155006806.0413,5948067.7157
601939.SH,20200812,6.16,6.22,6.16,6.21,6.2,0.01,0.1613,823678.03,510248.371,0.8586,1.06,5.8207,0.7336,2.2003,25001097.7486,959365.7606,890107.583,155256817.0188,5957661.3733
601939.SH,20200813,6.21,6.24,6.19,6.2,6.21,-0.01,-0.161,437976.23,272077.324,0.4565,0.56,5.8113,0.7324,2.1967,25001097.7486,959365.7606,890107.583,155006806.0413,5948067.7157
601939.SH,20200814,6.21,6.24,6.18,6.23,6.2,0.03,0.4839,663805.99,412165.02,0.6919,0.93,5.8394,0.7359,2.2073,25001097.7486,959365.7606,890107.583,155756838.9738,5976848.6885
601939.SH,20200817,6.23,6.42,6.23,6.37,6.23,0.14,2.2472,2181706.43,1385698.165,2.2741,3.04,5.9707,0.7525,2.257,25001097.7486,959365.7606,890107.583,159256992.6586,6111159.895
601939.SH,20200818,6.37,6.37,6.3,6.32,6.37,-0.05,-0.7849,987545.92,624758.086,1.0294,0.98,5.9238,0.7466,2.2392,25001097.7486,959365.7606,890107.583,158006937.7712,6063191.607
601939.SH,20200819,6.33,6.33,6.27,6.27,6.32,-0.05,-0.7911,651400.5,410067.338,0.679,0.64,5.8769,0.7407,2.2215,25001097.7486,959365.7606,890107.583,156756882.8837,6015223.319
601939.SH,20200820,6.28,6.28,6.19,6.2,6.27,-0.07,-1.1164,840197.31,523576.598,0.8758,0.85,5.8113,0.7324,2.1967,25001097.7486,959365.7606,890107.583,155006806.0413,5948067.7157
601939.SH,20200821,6.23,6.24,6.2,6.22,6.2,0.02,0.3226,446699.8,277724.395,0.4656,0.42,5.8301,0.7348,2.2038,25001097.7486,959365.7606,890107.583,155506827.9963,5967255.0309
601939.SH,20200824,6.23,6.26,6.21,6.22,6.22,0.0,0.0,489656.48,304968.766,0.5104,0.48,5.8301,0.7348,2.2038,25001097.7486,959365.7606,890107.583,155506827.9963,5967255.0309
601939.SH,20200825,6.23,6.25,6.2,6.21,6.22,-0.01,-0.1608,426093.69,264933.763,0.4441,0.62,5.8207,0.7336,2.2003,25001097.7486,959365.7606,890107.583,155256817.0188,5957661.3733
601939.SH,20200826,6.21,6.22,6.15,6.16,6.21,-0.05,-0.8052,579029.21,357501.066,0.6036,1.01,5.7738,0.7277,2.1825,25001097.7486,959365.7606,890107.583,154006762.1314,5909693.0853
601939.SH,20200827,6.17,6.18,6.13,6.15,6.16,-0.01,-0.1623,599138.44,368044.123,0.6245,1.08,5.7644,0.7265,2.179,25001097.7486,959365.7606,890107.583,153756751.1539,5900099.4277
601939.SH,20200828,6.15,6.21,6.13,6.21,6.15,0.06,0.9756,628304.35,388222.066,0.6549,1.24,5.8207,0.7336,2.2003,25001097.7486,959365.7606,890107.583,155256817.0188,5957661.3733
601939.SH,20200831,6.22,6.26,6.18,6.2,6.21,-0.01,-0.161,1236510.57,770331.057,1.2889,2.27,5.8113,0.7324,2.1967,25001097.7486,959365.7606,890107.583,155006806.0413,5948067.7157
601939.SH,20200901,6.18,6.21,6.16,6.2,6.2,0.0,0.0,661146.58,408684.331,0.6891,0.95,5.8113,0.7447,2.1967,25001097.7486,959365.7606,890107.583,155006806.0413,5948067.7157
601939.SH,20200902,6.18,6.19,6.14,6.17,6.2,-0.03,-0.4839,745848.41,459734.268,0.7774,1.01,5.7832,0.7411,2.1861,25001097.7486,959365.7606,890107.583,154256773.1089,5919286.7429
601939.SH,20200903,6.16,6.18,6.1,6.13,6.17,-0.04,-0.6483,797266.74,489021.754,0.831,1.03,5.7457,0.7363,2.1719,25001097.7486,959365.7606,890107.583,153256729.1989,5880912.1125
601939.SH,20200904,6.1,6.14,6.09,6.11,6.13,-0.02,-0.3263,586056.25,357785.233,0.6109,0.72,5.727,0.7339,2.1648,25001097.7486,959365.7606,890107.583,152756707.2439,5861724.7973
601939.SH,20200907,6.11,6.15,6.09,6.11,6.11,0.0,0.0,561113.89,343912.289,0.5849,0.7,5.727,0.7339,2.1648,25001097.7486,959365.7606,890107.583,152756707.2439,5861724.7973
601939.SH,20200908,6.14,6.23,6.12,6.22,6.11,0.11,1.8003,935537.47,578602.992,0.9752,1.4,5.8301,0.7471,2.2038,25001097.7486,959365.7606,890107.583,155506827.9963,5967255.0309
601939.SH,20200909,6.19,6.25,6.16,6.18,6.22,-0.04,-0.6431,653871.9,405967.007,0.6816,0.9,5.7926,0.7423,2.1896,25001097.7486,959365.7606,890107.583,154506784.0863,5928880.4005
601939.SH,20200910,6.2,6.22,6.12,6.14,6.18,-0.04,-0.6472,662097.28,407982.425,0.6901,0.94,5.7551,0.7375,2.1755,25001097.7486,959365.7606,890107.583,153506740.1764,5890505.7701
601939.SH,20200911,6.15,6.2,6.11,6.15,6.14,0.01,0.1629,566623.9,348633.344,0.5906,0.83,5.7644,0.7387,2.179,25001097.7486,959365.7606,890107.583,153756751.1539,5900099.4277
601939.SH,20200914,6.15,6.16,6.11,6.13,6.15,-0.02,-0.3252,529978.26,324807.134,0.5524,0.78,5.7457,0.7363,2.1719,25001097.7486,959365.7606,890107.583,153256729.1989,5880912.1125
601939.SH,20200915,6.13,6.15,6.11,6.12,6.13,-0.01,-0.1631,344163.62,210821.925,0.3587,0.51,5.7363,0.7351,2.1684,25001097.7486,959365.7606,890107.583,153006718.2214,5871318.4549
601939.SH,20200916,6.12,6.17,6.11,6.13,6.12,0.01,0.1634,493987.24,303103.204,0.5149,0.9,5.7457,0.7363,2.1719,25001097.7486,959365.7606,890107.583,153256729.1989,5880912.1125
601939.SH,20200917,6.13,6.16,6.11,6.15,6.13,0.02,0.3263,524184.73,321881.29,0.5464,1.01,5.7644,0.7387,2.179,25001097.7486,959365.7606,890107.583,153756751.1539,5900099.4277
601939.SH,20200918,6.14,6.25,6.12,6.24,6.15,0.09,1.4634,1081661.79,670486.6,1.1275,2.1994,5.8488,0.7495,2.2109,25001097.7486,959365.7606,890107.583,156006849.9513,5986442.3461
601939.SH,20200921,6.24,6.26,6.18,6.21,6.24,-0.03,-0.4808,560742.79,348580.757,0.5845,0.94,5.8207,0.7459,2.2003,25001097.7486,959365.7606,890107.583,155256817.0188,5957661.3733
601939.SH,20200922,6.18,6.24,6.17,6.19,6.21,-0.02,-0.3221,535037.46,331648.966,0.5577,0.89,5.8019,0.7435,2.1932,25001097.7486,959365.7606,890107.583,154756795.0638,5938474.0581
601939.SH,20200923,6.19,6.2,6.17,6.17,6.19,-0.02,-0.3231,399036.31,246650.674,0.4159,0.62,5.7832,0.7411,2.1861,25001097.7486,959365.7606,890107.583,154256773.1089,5919286.7429
601939.SH,20200924,6.17,6.17,6.11,6.13,6.17,-0.04,-0.6483,490899.05,301172.436,0.5117,0.79,5.7457,0.7363,2.1719,25001097.7486,959365.7606,890107.583,153256729.1989,5880912.1125
601939.SH,20200925,6.12,6.17,6.12,6.14,6.13,0.01,0.1631,471552.91,289686.755,0.4915,0.77,5.7551,0.7375,2.1755,25001097.7486,959365.7606,890107.583,153506740.1764,5890505.7701
601939.SH,20200928,6.14,6.21,6.11,6.19,6.14,0.05,0.8143,730869.3,449665.567,0.7618,1.49,5.8019,0.7435,2.1932,25001097.7486,959365.7606,890107.583,154756795.0638,5938474.0581
601939.SH,20200929,6.19,6.2,6.14,6.14,6.19,-0.05,-0.8078,436192.88,268616.68,0.4547,0.83,5.7551,0.7375,2.1755,25001097.7486,959365.7606,890107.583,153506740.1764,5890505.7701
601939.SH,20200930,6.14,6.2,6.12,6.15,6.14,0.01,0.1629,583988.55,360171.073,0.6087,1.15,5.7644,0.7387,2.179,25001097.7486,959365.7606,890107.583,153756751.1539,5900099.4277
601939.SH,20201009,6.2,6.2,6.13,6.14,6.15,-0.01,-0.1626,684612.46,420386.551,0.7136,1.26,5.7551,0.7375,2.1755,25001097.7486,959365.7606,890107.583,153506740.1764,5890505.7701
601939.SH,20201012,6.13,6.24,6.13,6.23,6.14,0.09,1.4658,1216081.44,752353.055,1.2676,2.09,5.8394,0.7483,2.2073,25001097.7486,959365.7606,890107.583,155756838.9738,5976848.6885
601939.SH,20201013,6.2,6.23,6.15,6.17,6.23,-0.06,-0.9631,1030459.54,637180.241,1.0741,1.41,5.7832,0.7411,2.1861,25001097.7486,959365.7606,890107.583,154256773.1089,5919286.7429
601939.SH,20201014,6.17,6.18,6.14,6.17,6.17,0.0,0.0,624997.58,384807.445,0.6515,0.79,5.7832,0.7411,2.1861,25001097.7486,959365.7606,890107.583,154256773.1089,5919286.7429
601939.SH,20201015,6.17,6.24,6.15,6.23,6.17,0.06,0.9724,1190919.09,740247.104,1.2414,1.44,5.8394,0.7483,2.2073,25001097.7486,959365.7606,890107.583,155756838.9738,5976848.6885
601939.SH,20201016,6.23,6.44,6.21,6.4,6.23,0.17,2.7287,3167930.69,2019037.694,3.3021,3.34,5.9988,0.7687,2.2676,25001097.7486,959365.7606,890107.583,160007025.591,6139940.8678
601939.SH,20201019,6.43,6.64,6.42,6.52,6.4,0.12,1.875,2490650.42,1634649.432,2.5961,1.72,6.1112,0.7831,2.3101,25001097.7486,959365.7606,890107.583,163007157.3209,6255064.7591
601939.SH,20201020,6.51,6.51,6.31,6.35,6.52,-0.17,-2.6074,1715248.91,1091680.246,1.7879,1.01,5.9519,0.7627,2.2499,25001097.7486,959365.7606,890107.583,158756970.7036,6091972.5798
601939.SH,20201021,6.35,6.47,6.31,6.43,6.35,0.08,1.2598,1078575.73,690841.759,1.1243,0.59,6.0269,0.7723,2.2782,25001097.7486,959365.7606,890107.583,160757058.5235,6168721.8407
601939.SH,20201022,6.44,6.51,6.4,6.47,6.43,0.04,0.6221,984893.09,635138.155,1.0266,0.51,6.0644,0.7771,2.2924,25001097.7486,959365.7606,890107.583,161757102.4334,6207096.4711
601939.SH,20201023,6.44,6.55,6.42,6.47,6.47,0.0,0.0,1097300.81,712648.296,1.1438,0.58,6.0644,0.7771,2.2924,25001097.7486,959365.7606,890107.583,161757102.4334,6207096.4711
601939.SH,20201026,6.48,6.51,6.39,6.44,6.47,-0.03,-0.4637,888519.43,572114.366,0.9262,0.6,6.0363,0.7735,2.2818,25001097.7486,959365.7606,890107.583,161007069.501,6178315.4983
601939.SH,20201027,6.42,6.44,6.37,6.39,6.44,-0.05,-0.7764,776860.86,496898.399,0.8098,0.67,5.9894,0.7675,2.264,25001097.7486,959365.7606,890107.583,159757014.6136,6130347.2102
601939.SH,20201028,6.38,6.39,6.26,6.29,6.39,-0.1,-1.5649,786915.81,496532.321,0.8202,0.82,5.8957,0.7555,2.2286,25001097.7486,959365.7606,890107.583,157256904.8387,6034410.6342
601939.SH,20201029,6.25,6.33,6.23,6.29,6.29,0.0,0.0,725254.36,455101.289,0.756,0.8,5.8957,0.7555,2.2286,25001097.7486,959365.7606,890107.583,157256904.8387,6034410.6342
601939.SH,20201030,6.27,6.39,6.25,6.29,6.29,0.0,0.0,835925.49,527576.126,0.8713,0.98,5.8957,0.7139,2.2286,25001097.7486,959365.7606,890107.583,157256904.8387,6034410.6342
601939.SH,20201102,6.26,6.31,6.21,6.24,6.29,-0.05,-0.7949,913138.07,571035.144,0.9518,1.14,5.8488,0.7083,2.2109,25001097.7486,959365.7606,890107.583,156006849.9513,5986442.3461
601939.SH,20201103,6.27,6.38,6.25,6.27,6.24,0.03,0.4808,812078.69,512052.961,0.8465,1.01,5.8769,0.7117,2.2215,25001097.7486,959365.7606,890107.583,156756882.8837,6015223.319
601939.SH,20201104,6.33,6.38,6.29,6.35,6.27,0.08,1.2759,724487.55,459361.804,0.7552,0.89,5.9519,0.7207,2.2499,25001097.7486,959365.7606,890107.583,158756970.7036,6091972.5798
601939.SH,20201105,6.42,6.42,6.32,6.36,6.35,0.01,0.1575,882807.24,560913.223,0.9202,1.1,5.9613,0.7219,2.2534,25001097.7486,959365.7606,890107.583,159006981.6811,6101566.2374
601939.SH,20201106,6.36,6.41,6.3,6.39,6.36,0.03,0.4717,924253.0,588442.095,0.9634,1.11,5.9894,0.7253,2.264,25001097.7486,959365.7606,890107.583,159757014.6136,6130347.2102
601939.SH,20201109,6.42,6.43,6.36,6.4,6.39,0.01,0.1565,950503.98,608177.608,0.9908,1.12,5.9988,0.7264,2.2676,25001097.7486,959365.7606,890107.583,160007025.591,6139940.8678
601939.SH,20201110,6.44,6.57,6.43,6.45,6.4,0.05,0.7813,1309526.79,849631.079,1.365,1.52,6.0456,0.7321,2.2853,25001097.7486,959365.7606,890107.583,161257080.4785,6187909.1559
601939.SH,20201111,6.45,6.63,6.43,6.58,6.45,0.13,2.0155,1710227.83,1121535.906,1.7827,1.78,6.1675,0.7468,2.3314,25001097.7486,959365.7606,890107.583,164507223.1858,6312626.7047
601939.SH,20201112,6.58,6.6,6.5,6.53,6.58,-0.05,-0.7599,660538.32,432161.29,0.6885,0.57,6.1206,0.7412,2.3136,25001097.7486,959365.7606,890107.583,163257168.2984,6264658.4167
601939.SH,20201113,6.5,6.52,6.38,6.4,6.53,-0.13,-1.9908,790075.37,507411.139,0.8235,0.71,5.9988,0.7264,2.2676,25001097.7486,959365.7606,890107.583,160007025.591,6139940.8678
601939.SH,20201116,6.4,6.43,6.37,6.42,6.4,0.02,0.3125,679808.72,435523.03,0.7086,0.63,6.0175,0.7287,2.2747,25001097.7486,959365.7606,890107.583,160507047.546,6159128.1831
601939.SH,20201117,6.42,6.52,6.41,6.48,6.42,0.06,0.9346,646555.86,418167.943,0.6739,0.63,6.0738,0.7355,2.2959,25001097.7486,959365.7606,890107.583,162007113.4109,6216690.1287
601939.SH,20201118,6.48,6.62,6.47,6.57,6.48,0.09,1.3889,1244213.8,817599.724,1.2969,1.39,6.1581,0.7457,2.3278,25001097.7486,959365.7606,890107.583,164257212.2083,6303033.0471
601939.SH,20201119,6.56,6.66,6.54,6.65,6.57,0.08,1.2177,1404950.67,930302.237,1.4645,1.75,6.2331,0.7548,2.3562,25001097.7486,959365.7606,890107.583,166257300.0282,6379782.308
601939.SH,20201120,6.62,6.63,6.53,6.57,6.65,-0.08,-1.203,648837.54,426109.658,0.6763,0.68,6.1581,0.7457,2.3278,25001097.7486,959365.7606,890107.583,164257212.2083,6303033.0471
601939.SH,20201123,6.54,6.73,6.53,6.71,6.57,0.14,2.1309,1201709.56,799388.676,1.2526,1.3,6.2893,0.7616,2.3774,25001097.7486,959365.7606,890107.583,167757365.8931,6437344.2536
601939.SH,20201124,6.69,6.76,6.63,6.64,6.71,-0.07,-1.0432,942735.99,630795.951,0.9827,0.92,6.2237,0.7537,2.3526,25001097.7486,959365.7606,890107.583,166007289.0507,6370188.6504
601939.SH,20201125,6.69,6.76,6.62,6.62,6.64,-0.02,-0.3012,962442.72,644608.424,1.0032,0.88,6.205,0.7514,2.3455,25001097.7486,959365.7606,890107.583,165507267.0957,6351001.3352
601939.SH,20201126,6.65,6.75,6.6,6.74,6.62,0.12,1.8127,1085966.41,727799.893,1.132,1.05,6.3175,0.765,2.388,25001097.7486,959365.7606,890107.583,168507398.8256,6466125.2264
601939.SH,20201127,6.74,7.03,6.74,7.03,6.74,0.29,4.3027,3146831.69,2178645.233,3.2801,3.25,6.5893,0.7979,2.4908,25001097.7486,959365.7606,890107.583,175757717.1727,6744341.297
601939.SH,20201130,7.17,7.55,7.15,7.15,7.03,0.12,1.707,5441024.09,3987101.38,5.6715,3.71,6.7018,0.8115,2.5333,25001097.7486,959365.7606,890107.583,178757848.9025,6859465.1883
601939.SH,20201201,7.18,7.37,7.07,7.3,7.15,0.15,2.0979,2425326.35,1753502.571,2.5281,1.05,6.8423,0.8286,2.5865,25001097.7486,959365.7606,890107.583,182508013.5648,7003370.0524
601939.SH,20201202,7.29,7.38,7.13,7.31,7.3,0.01,0.137,1781577.94,1297382.602,1.857,0.68,6.8517,0.8297,2.59,25001097.7486,959365.7606,890107.583,182758024.5423,7012963.71
601939.SH,20201203,7.34,7.38,7.21,7.3,7.31,-0.01,-0.1368,1048842.41,765621.1,1.0933,0.38,6.8423,0.8286,2.5865,25001097.7486,959365.7606,890107.583,182508013.5648,7003370.0524
601939.SH,20201204,7.25,7.29,7.06,7.14,7.3,-0.16,-2.1918,1327346.43,947757.895,1.3836,0.48,6.6924,0.8104,2.5298,25001097.7486,959365.7606,890107.583,178507837.925,6849871.5307
601939.SH,20201207,7.14,7.17,6.96,6.97,7.14,-0.17,-2.381,1098311.26,771889.245,1.1448,0.46,6.533,0.7911,2.4695,25001097.7486,959365.7606,890107.583,174257651.3077,6686779.3514
601939.SH,20201208,6.97,7.0,6.72,6.77,6.97,-0.2,-2.8694,1790353.62,1218299.475,1.8662,1.17,6.3456,0.7684,2.3987,25001097.7486,959365.7606,890107.583,169257431.758,6494906.1993
601939.SH,20201209,6.78,6.83,6.72,6.72,6.77,-0.05,-0.7386,1194616.05,808472.462,1.2452,0.85,6.2987,0.7627,2.381,25001097.7486,959365.7606,890107.583,168007376.8706,6446937.9112
601939.SH,20201210,6.66,6.71,6.52,6.58,6.72,-0.14,-2.0833,1690564.23,1114206.333,1.7622,1.31,6.1675,0.7468,2.3314,25001097.7486,959365.7606,890107.583,164507223.1858,6312626.7047
601939.SH,20201211,6.58,6.6,6.46,6.49,6.58,-0.09,-1.3678,1529318.65,995564.207,1.5941,1.08,6.0831,0.7366,2.2995,25001097.7486,959365.7606,890107.583,162257124.3884,6226283.7863
601939.SH,20201214,6.52,6.58,6.47,6.53,6.49,0.04,0.6163,1194672.71,778228.271,1.2453,0.82,6.1206,0.7412,2.3136,25001097.7486,959365.7606,890107.583,163257168.2984,6264658.4167
601939.SH,20201215,6.51,6.52,6.36,6.43,6.53,-0.1,-1.5314,1678890.52,1076440.239,1.75,1.13,6.0269,0.7298,2.2782,25001097.7486,959365.7606,890107.583,160757058.5235,6168721.8407
601939.SH,20201216,6.43,6.48,6.37,6.43,6.43,0.0,0.0,1613752.22,1035673.106,1.6821,1.11,6.0269,0.7298,2.2782,25001097.7486,959365.7606,890107.583,160757058.5235,6168721.8407
601939.SH,20201217,6.43,6.46,6.32,6.45,6.43,0.02,0.311,1473174.72,942128.333,1.5356,0.96,6.0456,0.7321,2.2853,25001097.7486,959365.7606,890107.583,161257080.4785,6187909.1559
601939.SH,20201218,6.41,6.44,6.37,6.41,6.45,-0.04,-0.6202,1191732.57,763087.497,1.2422,0.8,6.0081,0.7276,2.2711,25001097.7486,959365.7606,890107.583,160257036.5685,6149534.5254
601939.SH,20201221,6.4,6.44,6.33,6.36,6.41,-0.05,-0.78,1506220.19,959439.193,1.57,1.05,5.9613,0.7219,2.2534,25001097.7486,959365.7606,890107.583,159006981.6811,6101566.2374
601939.SH,20201222,6.34,6.35,6.21,6.23,6.36,-0.13,-2.044,2225333.32,1395411.566,2.3196,1.49,5.8394,0.7071,2.2073,25001097.7486,959365.7606,890107.583,155756838.9738,5976848.6885
601939.SH,20201223,6.22,6.26,6.18,6.24,6.23,0.01,0.1605,1472594.9,914669.991,1.535,0.92,5.8488,0.7083,2.2109,25001097.7486,959365.7606,890107.583,156006849.9513,5986442.3461
601939.SH,20201224,6.25,6.3,6.24,6.27,6.24,0.03,0.4808,824026.23,516183.704,0.8589,0.52,5.8769,0.7117,2.2215,25001097.7486,959365.7606,890107.583,156756882.8837,6015223.319
601939.SH,20201225,6.27,6.3,6.25,6.27,6.27,0.0,0.0,614143.22,384954.271,0.6402,0.43,5.8769,0.7117,2.2215,25001097.7486,959365.7606,890107.583,156756882.8837,6015223.319
601939.SH,20201228,6.27,6.3,6.21,6.24,6.27,-0.03,-0.4785,1267058.94,790459.904,1.3207,0.95,5.8488,0.7083,2.2109,25001097.7486,959365.7606,890107.583,156006849.9513,5986442.3461
601939.SH,20201229,6.26,6.28,6.22,6.25,6.24,0.01,0.1603,1184430.86,740559.274,1.2346,0.92,5.8582,0.7094,2.2144,25001097.7486,959365.7606,890107.583,156256860.9288,5996036.0038
601939.SH,20201230,6.26,6.27,6.2,6.22,6.25,-0.03,-0.48,1333440.49,831085.37,1.3899,1.24,5.8301,0.706,2.2038,25001097.7486,959365.7606,890107.583,155506827.9963,5967255.0309
601939.SH,20201231,6.23,6.32,6.21,6.28,6.22,0.06,0.9646,1824756.75,1144142.44,1.902,1.75,5.8863,0.7128,2.2251,25001097.7486,959365.7606,890107.583,157006893.8612,6024816.9766
601939.SH,20210104,6.24,6.27,6.2,6.25,6.28,-0.03,-0.4777,1955596.81,1218509.921,2.0384,1.57,5.8582,0.7094,2.2144,25001097.7486,959365.7606,890107.583,156256860.9288,5996036.0038
601939.SH,20210105,6.22,6.24,6.16,6.2,6.25,-0.05,-0.8,1816628.75,1124211.336,1.8936,1.2,5.8113,0.7037,2.1967,25001097.7486,959365.7606,890107.583,155006806.0413,5948067.7157
601939.SH,20210106,6.19,6.26,6.18,6.26,6.2,0.06,0.9677,1346543.94,838376.367,1.4036,0.83,5.8675,0.7105,2.218,25001097.7486,959365.7606,890107.583,156506871.9062,6005629.6614
601939.SH,20210107,6.28,6.38,6.24,6.31,6.26,0.05,0.7987,1798607.37,1131328.927,1.8748,1.09,5.9144,0.7162,2.2357,25001097.7486,959365.7606,890107.583,157756926.7937,6053597.9494
601939.SH,20210108,6.32,6.4,6.3,6.34,6.31,0.03,0.4754,1836192.6,1165237.523,1.914,1.05,5.9425,0.7196,2.2463,25001097.7486,959365.7606,890107.583,158506959.7261,6082378.9222
601939.SH,20210111,6.36,6.5,6.35,6.45,6.34,0.11,1.735,2684473.56,1731517.098,2.7982,1.53,6.0456,0.7321,2.2853,25001097.7486,959365.7606,890107.583,161257080.4785,6187909.1559
601939.SH,20210112,6.45,6.5,6.38,6.49,6.45,0.04,0.6202,1827318.11,1175621.29,1.9047,0.96,6.0831,0.7366,2.2995,25001097.7486,959365.7606,890107.583,162257124.3884,6226283.7863
601939.SH,20210113,6.48,6.6,6.47,6.58,6.49,0.09,1.3867,1537755.28,1005468.726,1.6029,0.81,6.1675,0.7468,2.3314,25001097.7486,959365.7606,890107.583,164507223.1858,6312626.7047
601939.SH,20210114,6.59,6.69,6.54,6.55,6.58,-0.03,-0.4559,1500280.42,990295.521,1.5638,0.77,6.1394,0.7434,2.3207,25001097.7486,959365.7606,890107.583,163757190.2533,6283845.7319
601939.SH,20210115,6.62,6.83,6.62,6.69,6.55,0.14,2.1374,2914589.89,1960671.319,3.038,1.55,6.2706,0.7593,2.3703,25001097.7486,959365.7606,890107.583,167257343.9381,6418156.9384
601939.SH,20210118,6.75,6.8,6.66,6.76,6.69,0.07,1.0463,1786202.62,1202704.263,1.8619,0.85,6.3362,0.7673,2.3951,25001097.7486,959365.7606,890107.583,169007420.7805,6485312.5417
601939.SH,20210119,6.75,7.03,6.7,6.95,6.76,0.19,2.8107,2607771.17,1797083.464,2.7182,1.36,6.5143,0.7888,2.4625,25001097.7486,959365.7606,890107.583,173757629.3528,6667592.0362
601939.SH,20210120,6.93,6.99,6.74,6.78,6.95,-0.17,-2.446,1846212.2,1260739.262,1.9244,0.89,6.3549,0.7695,2.4022,25001097.7486,959365.7606,890107.583,169507442.7355,6504499.8569
601939.SH,20210121,6.83,6.88,6.68,6.74,6.78,-0.04,-0.59,1636534.78,1106502.705,1.7059,0.77,6.3175,0.765,2.388,25001097.7486,959365.7606,890107.583,168507398.8256,6466125.2264
601939.SH,20210122,6.71,6.74,6.51,6.58,6.74,-0.16,-2.3739,1775989.12,1169347.409,1.8512,0.82,6.1675,0.7468,2.3314,25001097.7486,959365.7606,890107.583,164507223.1858,6312626.7047
601939.SH,20210125,6.52,6.64,6.46,6.61,6.58,0.03,0.4559,1528690.97,999332.639,1.5934,0.79,6.1956,0.7503,2.342,25001097.7486,959365.7606,890107.583,165257256.1182,6341407.6776
601939.SH,20210126,6.6,6.71,6.58,6.67,6.61,0.06,0.9077,1097441.12,731750.884,1.1439,0.58,6.2518,0.7571,2.3632,25001097.7486,959365.7606,890107.583,166757321.9832,6398969.6232
601939.SH,20210127,6.65,6.86,6.64,6.73,6.67,0.06,0.8996,1463140.98,990314.807,1.5251,0.93,6.3081,0.7639,2.3845,25001097.7486,959365.7606,890107.583,168257387.8481,6456531.5688
601939.SH,20210128,6.69,6.78,6.61,6.66,6.73,-0.07,-1.0401,1306427.51,872370.532,1.3618,0.87,6.2425,0.7559,2.3597,25001097.7486,959365.7606,890107.583,166507311.0057,6389375.9656
601939.SH,20210129,6.69,6.84,6.62,6.76,6.66,0.1,1.5015,1894631.91,1278534.914,1.9749,1.32,6.3362,0.7673,2.3951,25001097.7486,959365.7606,890107.583,169007420.7805,6485312.5417
601939.SH,20210201,6.71,6.8,6.6,6.76,6.76,0.0,0.0,1617046.24,1082512.242,1.6855,1.11,6.3362,0.7673,2.3951,25001097.7486,959365.7606,890107.583,169007420.7805,6485312.5417
601939.SH,20210202,6.74,6.81,6.66,6.72,6.76,-0.04,-0.5917,1061602.68,714041.436,1.1066,0.72,6.2987,0.7627,2.381,25001097.7486,959365.7606,890107.583,168007376.8706,6446937.9112
601939.SH,20210203,6.7,6.75,6.61,6.67,6.72,-0.05,-0.744,1237518.78,827416.288,1.2899,0.84,6.2518,0.7571,2.3632,25001097.7486,959365.7606,890107.583,166757321.9832,6398969.6232
601939.SH,20210204,6.65,6.77,6.61,6.63,6.67,-0.04,-0.5997,1640104.76,1093445.027,1.7096,1.15,6.2144,0.7525,2.3491,25001097.7486,959365.7606,890107.583,165757278.0732,6360594.9928
601939.SH,20210205,6.63,6.96,6.62,6.92,6.63,0.29,4.3741,3502706.45,2397144.45,3.6511,2.35,6.4862,0.7854,2.4518,25001097.7486,959365.7606,890107.583,173007596.4203,6638811.0634
601939.SH,20210208,6.97,7.02,6.82,6.94,6.92,0.02,0.289,2238483.48,1555257.415,2.3333,1.24,6.5049,0.7877,2.4589,25001097.7486,959365.7606,890107.583,173507618.3753,6657998.3786
601939.SH,20210209,6.9,6.97,6.81,6.9,6.94,-0.04,-0.5764,1515096.9,1040706.839,1.5793,0.78,6.4674,0.7832,2.4447,25001097.7486,959365.7606,890107.583,172507574.4653,6619623.7481
601939.SH,20210210,7.13,7.36,7.04,7.16,6.9,0.26,3.7681,3558165.23,2550625.361,3.7089,1.76,6.7111,0.8127,2.5369,25001097.7486,959365.7606,890107.583,179007859.88,6869058.8459
601939.SH,20210218,7.23,7.24,7.08,7.1,7.16,-0.06,-0.838,2152975.42,1542495.531,2.2442,0.86,6.6549,0.8059,2.5156,25001097.7486,959365.7606,890107.583,177507794.0151,6811496.9003
601939.SH,20210219,7.08,7.17,7.05,7.11,7.1,0.01,0.1408,1477923.22,1049996.246,1.5405,0.57,6.6643,0.807,2.5191,25001097.7486,959365.7606,890107.583,177757804.9925,6821090.5579
601939.SH,20210222,7.08,7.3,7.04,7.29,7.11,0.18,2.5316,2221511.56,1597139.064,2.3156,1.02,6.833,0.8274,2.5829,25001097.7486,959365.7606,890107.583,182258002.5873,6993776.3948
601939.SH,20210223,7.24,7.48,7.24,7.38,7.29,0.09,1.2346,2292304.26,1687739.447,2.3894,1.05,6.9173,0.8376,2.6148,25001097.7486,959365.7606,890107.583,184508101.3847,7080119.3132
601939.SH,20210224,7.4,7.41,7.1,7.15,7.38,-0.23,-3.1165,1691877.05,1225650.043,1.7635,0.72,6.7018,0.8115,2.5333,25001097.7486,959365.7606,890107.583,178757848.9025,6859465.1883
601939.SH,20210225,7.18,7.45,7.15,7.36,7.15,0.21,2.9371,1979649.02,1448844.936,2.0635,1.01,6.8986,0.8354,2.6077,25001097.7486,959365.7606,890107.583,184008079.4297,7060931.998
601939.SH,20210226,7.27,7.52,7.2,7.26,7.36,-0.1,-1.3587,2465777.11,1819432.843,2.5702,1.28,6.8049,0.824,2.5723,25001097.7486,959365.7606,890107.583,181507969.6548,6964995.422
601939.SH,20210301,7.25,7.3,7.18,7.27,7.26,0.01,0.1377,1077804.48,780233.779,1.1235,0.51,6.8142,0.8252,2.5758,25001097.7486,959365.7606,890107.583,181757980.6323,6974589.0796
601939.SH,20210302,7.25,7.25,6.98,7.05,7.27,-0.22,-3.0261,1674060.3,1184618.999,1.745,0.88,6.608,0.8002,2.4979,25001097.7486,959365.7606,890107.583,176257739.1276,6763528.6122
601939.SH,20210303,7.03,7.49,7.0,7.49,7.05,0.44,6.2411,2722065.8,1994836.65,2.8374,1.53,7.0204,0.8501,2.6538,25001097.7486,959365.7606,890107.583,187258222.137,7185649.5469
601939.SH,20210304,7.43,7.53,7.39,7.45,7.49,-0.04,-0.534,1636707.6,1220616.697,1.706,0.83,6.9829,0.8456,2.6396,25001097.7486,959365.7606,890107.583,186258178.2271,7147274.9165
601939.SH,20210305,7.4,7.54,7.22,7.46,7.45,0.01,0.1342,1849723.58,1364412.955,1.9281,0.97,6.9923,0.8467,2.6431,25001097.7486,959365.7606,890107.583,186508189.2046,7156868.5741
601939.SH,20210308,7.5,7.6,7.29,7.34,7.46,-0.12,-1.6086,1791474.95,1331172.379,1.8674,1.0,6.8798,0.8331,2.6006,25001097.7486,959365.7606,890107.583,183508057.4747,7041744.6828
601939.SH,20210309,7.37,7.46,7.2,7.22,7.34,-0.12,-1.6349,1733355.68,1268745.757,1.8068,0.9,6.7674,0.8195,2.5581,25001097.7486,959365.7606,890107.583,180507925.7449,6926620.7915
601939.SH,20210310,7.22,7.32,7.1,7.22,7.22,0.0,0.0,1224906.83,882205.634,1.2768,0.63,6.7674,0.8195,2.5581,25001097.7486,959365.7606,890107.583,180507925.7449,6926620.7915
601939.SH,20210311,7.28,7.41,7.28,7.41,7.22,0.19,2.6316,1234257.85,908045.825,1.2865,0.75,6.9455,0.8411,2.6254,25001097.7486,959365.7606,890107.583,185258134.3171,7108900.286
601939.SH,20210312,7.37,7.42,7.3,7.33,7.41,-0.08,-1.0796,961303.7,707484.612,1.002,0.61,6.8705,0.832,2.5971,25001097.7486,959365.7606,890107.583,183258046.4972,7032151.0252
601939.SH,20210315,7.33,7.54,7.31,7.45,7.33,0.12,1.6371,1372112.46,1022572.603,1.4302,0.99,6.9829,0.8456,2.6396,25001097.7486,959365.7606,890107.583,186258178.2271,7147274.9165
601939.SH,20210316,7.49,7.63,7.42,7.58,7.45,0.13,1.745,1345482.49,1017155.418,1.4025,1.03,7.1048,0.8603,2.6857,25001097.7486,959365.7606,890107.583,189508320.9344,7271992.4653
601939.SH,20210317,7.53,7.53,7.37,7.45,7.58,-0.13,-1.715,1082708.57,805777.172,1.1286,0.88,6.9829,0.8456,2.6396,25001097.7486,959365.7606,890107.583,186258178.2271,7147274.9165
601939.SH,20210318,7.42,7.5,7.38,7.42,7.45,-0.03,-0.4027,780683.21,578939.923,0.8137,0.65,6.9548,0.8422,2.629,25001097.7486,959365.7606,890107.583,185508145.2946,7118493.9437
601939.SH,20210319,7.44,7.46,7.2,7.21,7.42,-0.21,-2.8302,1315455.09,956628.779,1.3712,1.19,6.758,0.8184,2.5546,25001097.7486,959365.7606,890107.583,180257914.7674,6917027.1339
601939.SH,20210322,7.19,7.35,7.17,7.33,7.21,0.12,1.6644,1017158.49,740793.411,1.0602,0.86,6.8705,0.832,2.5971,25001097.7486,959365.7606,890107.583,183258046.4972,7032151.0252
601939.SH,20210323,7.3,7.38,7.2,7.27,7.33,-0.06,-0.8186,1000638.15,726428.398,1.043,0.9,6.8142,0.8252,2.5758,25001097.7486,959365.7606,890107.583,181757980.6323,6974589.0796
601939.SH,20210324,7.26,7.28,7.06,7.15,7.27,-0.12,-1.6506,1177533.11,840660.75,1.2274,1.13,6.7018,0.8115,2.5333,25001097.7486,959365.7606,890107.583,178757848.9025,6859465.1883
601939.SH,20210325,7.16,7.19,7.06,7.06,7.15,-0.09,-1.2587,820607.35,582652.86,0.8554,0.78,6.6174,0.8013,2.5014,25001097.7486,959365.7606,890107.583,176507750.1051,6773122.2698
601939.SH,20210326,7.08,7.11,7.02,7.09,7.06,0.03,0.4249,897853.3,633984.77,0.9359,0.84,6.6455,0.8047,2.5121,25001097.7486,959365.7606,890107.583,177257783.0376,6801903.2427
601939.SH,20210329,7.11,7.22,7.07,7.21,7.09,0.12,1.6925,1328724.86,947720.647,1.385,1.35,6.6504,0.7959,2.3848,25001097.7486,959365.7606,890107.583,180257914.7674,6917027.1339
601939.SH,20210330,7.2,7.25,7.14,7.24,7.21,0.03,0.4161,1003387.84,722573.62,1.0459,0.96,6.678,0.7992,2.3947,25001097.7486,959365.7606,890107.583,181007947.6999,6945808.1067
601939.SH,20210331,7.21,7.35,7.2,7.35,7.24,0.11,1.5193,1044187.37,761683.504,1.0884,1.0,6.7795,0.8114,2.4311,25001097.7486,959365.7606,890107.583,183758068.4522,7051338.3404
601939.SH,20210401,7.31,7.39,7.29,7.3,7.35,-0.05,-0.6803,558740.82,410097.976,0.5824,0.55,6.7334,0.8058,2.4146,25001097.7486,959365.7606,890107.583,182508013.5648,7003370.0524
601939.SH,20210402,7.3,7.33,7.11,7.16,7.3,-0.14,-1.9178,1089234.24,781934.571,1.1354,1.13,6.6042,0.7904,2.3683,25001097.7486,959365.7606,890107.583,179007859.88,6869058.8459
601939.SH,20210406,7.16,7.23,7.12,7.23,7.16,0.07,0.9777,574297.77,411702.576,0.5986,0.57,6.6688,0.7981,2.3914,25001097.7486,959365.7606,890107.583,180757936.7224,6936214.4491
601939.SH,20210407,7.24,7.29,7.2,7.24,7.23,0.01,0.1383,628896.38,455434.253,0.6555,0.74,6.678,0.7992,2.3947,25001097.7486,959365.7606,890107.583,181007947.6999,6945808.1067
601939.SH,20210408,7.24,7.28,7.2,7.25,7.24,0.01,0.1381,627351.63,454105.922,0.6539,0.81,6.6873,0.8003,2.398,25001097.7486,959365.7606,890107.583,181257958.6774,6955401.7644
601939.SH,20210409,7.25,7.25,7.15,7.18,7.25,-0.07,-0.9655,786501.11,565744.765,0.8198,1.13,6.6227,0.7926,2.3749,25001097.7486,959365.7606,890107.583,179507881.8349,6888246.1611
601939.SH,20210412,7.19,7.33,7.15,7.28,7.18,0.1,1.3928,1148968.59,833853.336,1.1976,1.55,6.7149,0.8036,2.408,25001097.7486,959365.7606,890107.583,182007991.6098,6984182.7372
601939.SH,20210413,7.31,7.39,7.24,7.34,7.28,0.06,0.8242,1023447.1,749692.458,1.0668,1.36,6.7703,0.8102,2.4278,25001097.7486,959365.7606,890107.583,183508057.4747,7041744.6828
601939.SH,20210414,7.33,7.34,7.2,7.24,7.34,-0.1,-1.3624,739273.78,535810.943,0.7706,0.88,6.678,0.7992,2.3947,25001097.7486,959365.7606,890107.583,181007947.6999,6945808.1067
601939.SH,20210415,7.21,7.27,7.18,7.26,7.24,0.02,0.2762,723491.44,523173.22,0.7541,0.84,6.6965,0.8014,2.4014,25001097.7486,959365.7606,890107.583,181507969.6548,6964995.422
601939.SH,20210416,7.24,7.28,7.21,7.26,7.26,0.0,0.0,611855.93,443278.71,0.6378,0.69,6.6965,0.8014,2.4014,25001097.7486,959365.7606,890107.583,181507969.6548,6964995.422
601939.SH,20210419,7.23,7.29,7.21,7.27,7.26,0.01,0.1377,721902.31,523933.508,0.7525,0.85,6.7057,0.8025,2.4047,25001097.7486,959365.7606,890107.583,181757980.6323,6974589.0796
601939.SH,20210420,7.23,7.25,7.15,7.17,7.27,-0.1,-1.3755,970162.66,697893.134,1.0113,1.27,6.6135,0.7915,2.3716,25001097.7486,959365.7606,890107.583,179257870.8575,6878652.5035
601939.SH,20210421,7.15,7.21,7.14,7.15,7.17,-0.02,-0.2789,746283.86,535285.985,0.7779,0.99,6.595,0.7893,2.365,25001097.7486,959365.7606,890107.583,178757848.9025,6859465.1883
601939.SH,20210422,7.17,7.17,7.08,7.12,7.15,-0.03,-0.4196,736014.45,523505.166,0.7672,0.98,6.5673,0.786,2.355,25001097.7486,959365.7606,890107.583,178007815.97,6830684.2155
601939.SH,20210423,7.12,7.14,7.0,7.08,7.12,-0.04,-0.5618,953983.58,674407.07,0.9944,1.26,6.5304,0.7815,2.3418,25001097.7486,959365.7606,890107.583,177007772.0601,6792309.585
601939.SH,20210426,7.11,7.13,7.01,7.03,7.08,-0.05,-0.7062,875458.71,618488.934,0.9125,1.06,6.4843,0.776,2.3253,25001097.7486,959365.7606,890107.583,175757717.1727,6744341.297
601939.SH,20210427,7.03,7.03,6.97,6.98,7.03,-0.05,-0.7112,534915.4,373787.132,0.5576,0.62,6.4382,0.7705,2.3087,25001097.7486,959365.7606,890107.583,174507662.2852,6696373.009
601939.SH,20210428,6.99,6.99,6.92,6.94,6.98,-0.04,-0.5731,665651.6,461785.774,0.6938,0.87,6.4013,0.7661,2.2955,25001097.7486,959365.7606,890107.583,173507618.3753,6657998.3786
601939.SH,20210429,6.94,6.97,6.9,6.95,6.94,0.01,0.1441,1030874.0,714346.812,1.0745,1.37,6.4105,0.741,2.2988,25001097.7486,959365.7606,890107.583,173757629.3528,6667592.0362
601939.SH,20210430,6.93,6.94,6.7,6.73,6.95,-0.22,-3.1655,1982359.23,1341746.459,2.0663,2.44,6.2076,0.7176,2.226,25001097.7486,959365.7606,890107.583,168257387.8481,6456531.5688
601939.SH,20210506,6.74,6.8,6.72,6.73,6.73,0.0,0.0,937863.28,633171.612,0.9776,0.92,6.2076,0.7176,2.226,25001097.7486,959365.7606,890107.583,168257387.8481,6456531.5688
601939.SH,20210507,6.75,6.92,6.69,6.87,6.73,0.14,2.0802,1170947.77,800079.965,1.2205,1.14,6.3367,0.7325,2.2724,25001097.7486,959365.7606,890107.583,171757541.5329,6590842.7753
601939.SH,20210510,6.87,6.94,6.85,6.94,6.87,0.07,1.0189,796374.08,549328.086,0.8301,0.69,6.4013,0.74,2.2955,25001097.7486,959365.7606,890107.583,173507618.3753,6657998.3786
601939.SH,20210511,6.91,6.96,6.87,6.91,6.94,-0.03,-0.4323,514518.13,355215.705,0.5363,0.43,6.3736,0.7368,2.2856,25001097.7486,959365.7606,890107.583,172757585.4428,6629217.4057
601939.SH,20210512,6.85,7.0,6.85,6.99,6.91,0.08,1.1577,969090.77,674445.492,1.0101,0.9,6.4474,0.7453,2.312,25001097.7486,959365.7606,890107.583,174757673.2627,6705966.6666
601939.SH,20210513,6.97,7.01,6.9,6.95,6.99,-0.04,-0.5722,610206.35,423958.673,0.6361,0.7,6.4105,0.741,2.2988,25001097.7486,959365.7606,890107.583,173757629.3528,6667592.0362
601939.SH,20210514,6.95,7.0,6.9,6.98,6.95,0.03,0.4317,814951.16,566369.806,0.8495,1.0,6.4382,0.7442,2.3087,25001097.7486,959365.7606,890107.583,174507662.2852,6696373.009
601939.SH,20210517,6.96,7.07,6.94,6.99,6.98,0.01,0.1433,859500.93,602602.59,0.8959,1.16,6.4474,0.7453,2.312,25001097.7486,959365.7606,890107.583,174757673.2627,6705966.6666
601939.SH,20210518,7.0,7.0,6.95,6.97,6.99,-0.02,-0.2861,361264.28,251600.687,0.3766,0.48,6.429,0.7432,2.3054,25001097.7486,959365.7606,890107.583,174257651.3077,6686779.3514
601939.SH,20210519,6.97,6.97,6.9,6.93,6.97,-0.04,-0.5739,441262.94,305552.82,0.46,0.61,6.3921,0.7389,2.2922,25001097.7486,959365.7606,890107.583,173257607.3978,6648404.721
601939.SH,20210520,6.92,6.98,6.9,6.94,6.93,0.01,0.1443,435869.15,302147.737,0.4543,0.71,6.4013,0.74,2.2955,25001097.7486,959365.7606,890107.583,173507618.3753,6657998.3786
601939.SH,20210521,6.94,6.96,6.85,6.87,6.94,-0.07,-1.0086,584298.25,402726.268,0.609,1.0,6.3367,0.7325,2.2724,25001097.7486,959365.7606,959365.7606,171757541.5329,6590842.7753
601939.SH,20210524,6.88,6.91,6.83,6.85,6.87,-0.02,-0.2911,476242.73,326858.389,0.4964,0.89,6.3183,0.7304,2.2657,25001097.7486,959365.7606,959365.7606,171257519.5779,6571655.4601
601939.SH,20210525,6.84,7.0,6.78,7.0,6.85,0.15,2.1898,1289323.18,890917.768,1.3439,2.8,6.4567,0.7464,2.3154,25001097.7486,959365.7606,959365.7606,175007684.2402,6715560.3242
601939.SH,20210526,6.99,7.07,6.96,7.02,7.0,0.02,0.2857,1021776.1,716960.722,1.0651,1.58,6.4751,0.7485,2.322,25001097.7486,959365.7606,890107.583,175507706.1952,6734747.6394
601939.SH,20210527,7.0,7.02,6.95,6.97,7.02,-0.05,-0.7123,894029.25,624176.699,0.9319,1.17,6.429,0.7432,2.3054,25001097.7486,959365.7606,890107.583,174257651.3077,6686779.3514
601939.SH,20210528,6.97,7.04,6.95,7.02,6.97,0.05,0.7174,865106.87,604391.168,0.9017,1.01,6.4751,0.7485,2.322,25001097.7486,959365.7606,890107.583,175507706.1952,6734747.6394
601939.SH,20210531,7.02,7.02,6.86,6.93,7.02,-0.09,-1.2821,1178818.68,813772.56,1.2287,1.3,6.3921,0.7389,2.2922,25001097.7486,959365.7606,890107.583,173257607.3978,6648404.721
601939.SH,20210601,6.92,6.92,6.83,6.86,6.93,-0.07,-1.0101,907608.06,622024.806,0.9461,0.86,6.3275,0.7314,2.269,25001097.7486,959365.7606,890107.583,171507530.5554,6581249.1177
601939.SH,20210602,6.86,6.87,6.76,6.83,6.86,-0.03,-0.4373,1152097.63,783643.938,1.2009,1.18,6.2999,0.7282,2.2591,25001097.7486,959365.7606,890107.583,170757497.6229,6552468.1449
601939.SH,20210603,6.81,6.85,6.76,6.77,6.83,-0.06,-0.8785,947780.99,643639.84,0.9879,0.95,6.2445,0.7218,2.2393,25001097.7486,959365.7606,890107.583,169257431.758,6494906.1993
601939.SH,20210604,6.77,6.85,6.75,6.81,6.77,0.04,0.5908,795020.72,540123.087,0.8287,0.79,6.2814,0.7261,2.2525,25001097.7486,959365.7606,890107.583,170257475.668,6533280.8297
601939.SH,20210607,6.79,6.8,6.76,6.78,6.81,-0.03,-0.4405,670732.23,454165.39,0.6991,0.67,6.2537,0.7229,2.2426,25001097.7486,959365.7606,890107.583,169507442.7355,6504499.8569
601939.SH,20210608,6.78,6.81,6.75,6.81,6.78,0.03,0.4425,864757.67,585614.824,0.9014,0.97,6.2814,0.7261,2.2525,25001097.7486,959365.7606,890107.583,170257475.668,6533280.8297
601939.SH,20210609,6.78,6.84,6.78,6.79,6.81,-0.02,-0.2937,710996.71,484134.142,0.7411,0.8,6.263,0.724,2.2459,25001097.7486,959365.7606,890107.583,169757453.713,6514093.5145
601939.SH,20210610,6.78,6.83,6.77,6.79,6.79,0.0,0.0,780309.72,530897.153,0.8134,0.98,6.263,0.724,2.2459,25001097.7486,959365.7606,890107.583,169757453.713,6514093.5145
601939.SH,20210611,6.79,6.81,6.73,6.76,6.79,-0.03,-0.4418,852346.7,576459.896,0.8884,1.12,6.2353,0.7208,2.236,25001097.7486,959365.7606,890107.583,169007420.7805,6485312.5417
601939.SH,20210615,6.75,6.76,6.68,6.7,6.76,-0.06,-0.8876,688369.61,461437.429,0.7175,0.89,6.1799,0.7144,2.2161,25001097.7486,959365.7606,890107.583,167507354.9156,6427750.596
601939.SH,20210616,6.7,6.76,6.67,6.72,6.7,0.02,0.2985,684260.76,459565.554,0.7132,0.88,6.1984,0.7165,2.2227,25001097.7486,959365.7606,890107.583,168007376.8706,6446937.9112
601939.SH,20210617,6.72,6.8,6.69,6.72,6.72,0.0,0.0,914333.02,617378.466,0.9531,1.23,6.1984,0.7165,2.2227,25001097.7486,959365.7606,890107.583,168007376.8706,6446937.9112
601939.SH,20210618,6.7,6.72,6.67,6.68,6.72,-0.04,-0.5952,715864.87,478793.036,0.7462,0.91,6.1615,0.7122,2.2095,25001097.7486,959365.7606,890107.583,167007332.9606,6408563.2808
601939.SH,20210621,6.67,6.7,6.64,6.65,6.68,-0.03,-0.4491,684286.75,456181.082,0.7133,0.89,6.1338,0.709,2.1996,25001097.7486,959365.7606,890107.583,166257300.0282,6379782.308
601939.SH,20210622,6.67,6.7,6.65,6.67,6.65,0.02,0.3008,578889.95,386045.239,0.6034,0.79,6.1523,0.7112,2.2062,25001097.7486,959365.7606,890107.583,166757321.9832,6398969.6232
601939.SH,20210623,6.65,6.67,6.6,6.62,6.67,-0.05,-0.7496,956734.67,633902.965,0.9973,1.34,6.1062,0.7058,2.1897,25001097.7486,959365.7606,890107.583,165507267.0957,6351001.3352
601939.SH,20210624,6.63,6.69,6.6,6.67,6.62,0.05,0.7553,841271.94,559498.758,0.8769,1.09,6.1523,0.7112,2.2062,25001097.7486,959365.7606,890107.583,166757321.9832,6398969.6232
601939.SH,20210625,6.66,6.75,6.65,6.74,6.67,0.07,1.0495,881907.6,592034.815,0.9193,1.17,6.2168,0.7186,2.2294,25001097.7486,959365.7606,890107.583,168507398.8256,6466125.2264
601939.SH,20210628,6.74,6.74,6.63,6.64,6.74,-0.1,-1.4837,979159.1,652684.45,1.0206,1.24,6.1246,0.708,2.1963,25001097.7486,959365.7606,890107.583,166007289.0507,6370188.6504
601939.SH,20210629,6.64,6.64,6.59,6.59,6.64,-0.05,-0.753,893239.67,590398.54,0.9311,1.05,6.0785,0.7026,2.1797,25001097.7486,959365.7606,890107.583,164757234.1633,6322220.3624
601939.SH,20210630,6.61,6.65,6.59,6.65,6.59,0.06,0.9105,619283.45,409429.839,0.6455,0.68,6.1338,0.709,2.1996,25001097.7486,959365.7606,890107.583,166257300.0282,6379782.308
601939.SH,20210701,6.65,6.75,6.63,6.75,6.65,0.1,1.5038,1087542.6,727527.034,1.1336,1.29,6.2261,0.7197,2.2327,25001097.7486,959365.7606,890107.583,168757409.8031,6475718.8841
601939.SH,20210702,6.7,6.7,6.63,6.68,6.75,-0.07,-1.037,768406.9,511832.998,0.801,0.86,6.1615,0.7122,2.2095,25001097.7486,959365.7606,890107.583,167007332.9606,6408563.2808
601939.SH,20210705,6.66,6.67,6.58,6.64,6.68,-0.04,-0.5988,897862.49,593728.572,0.9359,1.03,6.1246,0.708,2.1963,25001097.7486,959365.7606,890107.583,166007289.0507,6370188.6504
601939.SH,20210706,6.63,6.7,6.6,6.69,6.64,0.05,0.753,722133.26,481549.237,0.7527,0.85,6.1707,0.7133,2.2128,25001097.7486,959365.7606,890107.583,167257343.9381,6418156.9384
601939.SH,20210707,6.7,6.73,6.64,6.67,6.69,-0.02,-0.299,630026.56,421173.826,0.6567,0.77,6.1523,0.7112,2.2062,25001097.7486,959365.7606,890107.583,166757321.9832,6398969.6232
601939.SH,20210708,6.66,6.68,6.55,6.57,6.67,-0.1,-1.4993,1426341.48,939687.81,1.4868,1.74,6.06,0.7005,2.1731,25001097.7486,959365.7606,890107.583,164257212.2083,6303033.0471
601939.SH,20210709,6.55,6.57,6.45,6.48,6.57,-0.09,-1.3699,1213477.12,788190.994,1.2649,1.37,5.977,0.6909,2.1434,25001097.7486,959365.7606,890107.583,162007113.4109,6216690.1287
601939.SH,20210712,6.52,6.54,6.36,6.38,6.48,-0.1,-1.5432,1622916.28,1041873.239,1.6917,1.66,5.8848,0.6803,2.1103,25001097.7486,959365.7606,890107.583,159507003.6361,6120753.5526
601939.SH,20210713,6.39,6.41,6.34,6.39,6.38,0.01,0.1567,1226345.46,780708.196,1.2783,1.09,5.894,0.6813,2.1136,25001097.7486,959365.7606,890107.583,159757014.6136,6130347.2102
601939.SH,20210714,6.39,6.39,6.3,6.3,6.39,-0.09,-1.4085,1336664.32,844545.371,1.3933,1.09,5.811,0.6717,2.0838,25001097.7486,959365.7606,890107.583,157506915.8162,6044004.2918
601939.SH,20210715,5.99,6.08,5.96,6.06,5.97,0.09,1.5075,1371566.76,826889.709,1.4297,1.0,5.5896,0.6578,2.0044,25001097.7486,959365.7606,890107.583,151506652.3565,5813756.5092
601939.SH,20210716,6.05,6.08,6.01,6.06,6.06,0.0,0.0,675967.58,408754.834,0.7046,0.5,5.5896,0.6578,2.0044,25001097.7486,959365.7606,890107.583,151506652.3565,5813756.5092
601939.SH,20210719,6.05,6.06,5.98,6.03,6.06,-0.03,-0.495,729658.85,439183.652,0.7606,0.59,5.5619,0.6545,1.9945,25001097.7486,959365.7606,890107.583,150756619.4241,5784975.5364
601939.SH,20210720,6.02,6.03,5.98,5.99,6.03,-0.04,-0.6633,694570.92,416495.883,0.724,0.65,5.5251,0.6502,1.9813,25001097.7486,959365.7606,890107.583,149756575.5141,5746600.906
601939.SH,20210721,6.0,6.02,5.91,5.93,5.99,-0.06,-1.0017,1116321.92,664669.698,1.1636,1.16,5.4697,0.6437,1.9614,25001097.7486,959365.7606,890107.583,148256509.6492,5689038.9604
601939.SH,20210722,5.93,5.98,5.9,5.95,5.93,0.02,0.3373,912186.08,542076.967,0.9508,0.99,5.4882,0.6573,1.968,25001097.7486,959365.7606,890107.583,148756531.6042,5708226.2756
601939.SH,20210723,5.95,5.95,5.9,5.92,5.95,-0.03,-0.5042,923115.49,545965.168,0.9622,1.12,5.4605,0.6539,1.9581,25001097.7486,959365.7606,890107.583,148006498.6717,5679445.3028
601939.SH,20210726,5.91,5.92,5.83,5.86,5.92,-0.06,-1.0135,968666.39,567808.677,1.0097,1.11,5.4051,0.6473,1.9383,25001097.7486,959365.7606,890107.583,146506432.8068,5621883.3571
601939.SH,20210727,5.86,5.87,5.78,5.8,5.86,-0.06,-1.0239,926641.65,540236.343,0.9659,1.0,5.3498,0.6407,1.9184,25001097.7486,959365.7606,890107.583,145006366.9419,5564321.4115
601939.SH,20210728,5.8,5.88,5.78,5.88,5.8,0.08,1.3793,1070668.84,625948.312,1.116,1.1,5.4236,0.6495,1.9449,25001097.7486,959365.7606,890107.583,147006454.7618,5641070.6723
601939.SH,20210729,5.88,5.9,5.8,5.82,5.88,-0.06,-1.0204,773673.66,450537.197,0.8064,0.81,5.3682,0.6429,1.925,25001097.7486,959365.7606,890107.583,145506388.8969,5583508.7267
601939.SH,20210730,5.8,5.81,5.73,5.76,5.82,-0.06,-1.0309,908010.15,522858.794,0.9465,0.97,5.3129,0.6363,1.9052,25001097.7486,959365.7606,890107.583,144006323.0319,5525946.7811
601939.SH,20210802,5.74,5.81,5.68,5.79,5.76,0.03,0.5208,921017.48,529781.249,0.96,0.99,5.3406,0.6396,1.9151,25001097.7486,959365.7606,890107.583,144756355.9644,5554727.7539
601939.SH,20210803,5.78,5.79,5.72,5.74,5.79,-0.05,-0.8636,644323.17,369729.261,0.6716,0.7,5.2945,0.6341,1.8986,25001097.7486,959365.7606,890107.583,143506301.077,5506759.4658
601939.SH,20210804,5.74,5.77,5.71,5.71,5.74,-0.03,-0.5226,699407.54,400715.036,0.729,0.81,5.2668,0.6307,1.8887,25001097.7486,959365.7606,890107.583,142756268.1445,5477978.493
601939.SH,20210805,5.71,5.74,5.69,5.7,5.71,-0.01,-0.1751,636527.22,363314.049,0.6635,0.81,5.2576,0.6296,1.8854,25001097.7486,959365.7606,890107.583,142506257.167,5468384.8354
601939.SH,20210806,5.7,5.7,5.64,5.68,5.7,-0.02,-0.3509,704675.14,399453.243,0.7345,0.92,5.2391,0.6274,1.8787,25001097.7486,959365.7606,890107.583,142006235.212,5449197.5202
601939.SH,20210809,5.68,5.8,5.66,5.74,5.68,0.06,1.0563,1065246.86,612977.309,1.1104,1.48,5.2945,0.6341,1.8986,25001097.7486,959365.7606,890107.583,143506301.077,5506759.4658
601939.SH,20210810,5.75,5.84,5.72,5.83,5.74,0.09,1.5679,904776.55,523514.131,0.9431,1.21,5.3775,0.644,1.9284,25001097.7486,959365.7606,890107.583,145756399.8743,5593102.3843
601939.SH,20210811,5.86,6.05,5.85,5.99,5.83,0.16,2.7444,1816948.86,1084859.155,1.8939,2.27,5.5251,0.6617,1.9813,25001097.7486,959365.7606,890107.583,149756575.5141,5746600.906
601939.SH,20210812,5.96,5.99,5.92,5.93,5.99,-0.06,-1.0017,608430.56,362063.629,0.6342,0.59,5.4697,0.655,1.9614,25001097.7486,959365.7606,890107.583,148256509.6492,5689038.9604
601939.SH,20210813,5.94,5.95,5.9,5.91,5.93,-0.02,-0.3373,451541.59,267101.196,0.4707,0.44,5.4513,0.6528,1.9548,25001097.7486,959365.7606,890107.583,147756487.6942,5669851.6451
601939.SH,20210816,5.93,5.96,5.89,5.9,5.91,-0.01,-0.1692,593159.31,351282.826,0.6183,0.61,5.442,0.6517,1.9515,25001097.7486,959365.7606,890107.583,147506476.7167,5660257.9875
601939.SH,20210817,5.91,5.95,5.87,5.91,5.9,0.01,0.1695,869918.44,513721.665,0.9068,0.99,5.4513,0.6528,1.9548,25001097.7486,959365.7606,890107.583,147756487.6942,5669851.6451
601939.SH,20210818,5.89,6.01,5.88,5.99,5.91,0.08,1.3536,1402861.86,835566.728,1.4623,1.62,5.5251,0.6617,1.9813,25001097.7486,959365.7606,890107.583,149756575.5141,5746600.906
601939.SH,20210819,5.97,5.97,5.9,5.93,5.99,-0.06,-1.0017,875045.02,518483.256,0.9121,1.11,5.4697,0.655,1.9614,25001097.7486,959365.7606,890107.583,148256509.6492,5689038.9604
601939.SH,20210820,5.93,5.96,5.9,5.93,5.93,0.0,0.0,1013721.92,601244.529,1.0567,1.21,5.4697,0.655,1.9614,25001097.7486,959365.7606,890107.583,148256509.6492,5689038.9604
601939.SH,20210823,5.92,5.95,5.9,5.92,5.93,-0.01,-0.1686,529524.0,313705.897,0.552,0.56,5.4605,0.6539,1.9581,25001097.7486,959365.7606,890107.583,148006498.6717,5679445.3028
601939.SH,20210824,5.92,5.95,5.91,5.93,5.92,0.01,0.1689,578259.69,342961.8,0.6028,0.62,5.4697,0.655,1.9614,25001097.7486,959365.7606,890107.583,148256509.6492,5689038.9604
601939.SH,20210825,5.94,5.94,5.88,5.89,5.93,-0.04,-0.6745,626635.07,369997.981,0.6532,0.71,5.4328,0.6506,1.9482,25001097.7486,959365.7606,890107.583,147256465.7393,5650664.3299
601939.SH,20210826,5.88,5.9,5.85,5.87,5.89,-0.02,-0.3396,549406.19,322512.507,0.5727,0.76,5.4144,0.6484,1.9416,25001097.7486,959365.7606,890107.583,146756443.7843,5631477.0147
601939.SH,20210827,5.86,5.89,5.85,5.85,5.87,-0.02,-0.3407,566170.61,331828.072,0.5902,0.86,5.3959,0.6462,1.935,25001097.7486,959365.7606,890107.583,146256421.8293,5612289.6995
601939.SH,20210830,5.87,5.87,5.75,5.77,5.85,-0.08,-1.3675,914506.67,529783.248,0.9532,1.6,5.3221,0.6173,1.9085,25001097.7486,959365.7606,890107.583,144256334.0094,5535540.4387
601939.SH,20210831,5.78,5.85,5.76,5.85,5.77,0.08,1.3865,904413.76,524462.736,0.9427,1.4,5.3959,0.6258,1.935,25001097.7486,959365.7606,890107.583,146256421.8293,5612289.6995
601939.SH,20210901,5.84,5.99,5.84,5.95,5.85,0.1,1.7094,1463359.93,868570.263,1.5253,2.05,5.4882,0.6365,1.968,25001097.7486,959365.7606,890107.583,148756531.6042,5708226.2756
601939.SH,20210902,5.94,5.98,5.92,5.96,5.95,0.01,0.1681,717930.27,426924.896,0.7483,0.82,5.4974,0.6376,1.9714,25001097.7486,959365.7606,890107.583,149006542.5817,5717819.9332
601939.SH,20210903,5.96,6.04,5.92,6.01,5.96,0.05,0.8389,1166855.74,698909.183,1.2163,1.28,5.5435,0.6429,1.9879,25001097.7486,959365.7606,890107.583,150256597.4691,5765788.2212
601939.SH,20210906,6.0,6.03,5.98,6.0,6.01,-0.01,-0.1664,721745.59,433464.854,0.7523,0.7,5.5343,0.6419,1.9846,25001097.7486,959365.7606,890107.583,150006586.4916,5756194.5636
601939.SH,20210907,6.0,6.1,5.98,6.07,6.0,0.07,1.1667,1215283.79,734617.999,1.2668,1.22,5.5988,0.6494,2.0077,25001097.7486,959365.7606,890107.583,151756663.334,5823350.1668
601939.SH,20210908,6.07,6.24,6.06,6.22,6.07,0.15,2.4712,2095146.25,1292983.061,2.1839,1.98,5.7372,0.6654,2.0574,25001097.7486,959365.7606,890107.583,155506827.9963,5967255.0309
601939.SH,20210909,6.18,6.29,6.12,6.23,6.22,0.01,0.1608,1657141.3,1029636.392,1.7273,1.4,5.7464,0.6665,2.0607,25001097.7486,959365.7606,890107.583,155756838.9738,5976848.6885
601939.SH,20210910,6.23,6.35,6.22,6.27,6.23,0.04,0.6421,1759594.23,1105974.594,1.8341,1.28,5.7833,0.6708,2.0739,25001097.7486,959365.7606,890107.583,156756882.8837,6015223.319
601939.SH,20210913,6.26,6.3,6.19,6.29,6.27,0.02,0.319,1422085.5,889729.715,1.4823,0.95,5.8018,0.6729,2.0805,25001097.7486,959365.7606,890107.583,157256904.8387,6034410.6342
601939.SH,20210914,6.28,6.31,6.13,6.15,6.29,-0.14,-2.2258,1347641.41,836481.126,1.4047,0.83,5.6726,0.6579,2.0342,25001097.7486,959365.7606,890107.583,153756751.1539,5900099.4277
601939.SH,20210915,6.15,6.18,6.11,6.12,6.15,-0.03,-0.4878,670279.49,411591.869,0.6987,0.4,5.645,0.6547,2.0243,25001097.7486,959365.7606,890107.583,153006718.2214,5871318.4549
601939.SH,20210916,6.14,6.19,6.05,6.05,6.12,-0.07,-1.1438,986547.34,604443.593,1.0283,0.72,5.5804,0.6472,2.0011,25001097.7486,959365.7606,890107.583,151256641.379,5804162.8516
601939.SH,20210917,6.07,6.09,6.02,6.07,6.05,0.02,0.3306,845333.41,512056.205,0.8811,0.68,5.5988,0.6494,2.0077,25001097.7486,959365.7606,890107.583,151756663.334,5823350.1668
601939.SH,20210922,5.95,5.99,5.88,5.95,6.07,-0.12,-1.9769,1287799.6,764120.237,1.3423,1.22,5.4882,0.6365,1.968,25001097.7486,959365.7606,890107.583,148756531.6042,5708226.2756
601939.SH,20210923,5.98,6.06,5.96,5.99,5.95,0.04,0.6723,740266.98,443895.166,0.7716,0.72,5.5251,0.6408,1.9813,25001097.7486,959365.7606,890107.583,149756575.5141,5746600.906
601939.SH,20210924,5.99,6.0,5.93,5.93,5.99,-0.06,-1.0017,618461.62,368224.266,0.6447,0.68,5.4697,0.6344,1.9614,25001097.7486,959365.7606,890107.583,148256509.6492,5689038.9604
601939.SH,20210927,5.94,5.96,5.9,5.9,5.93,-0.03,-0.5059,701167.77,414698.475,0.7309,0.78,5.442,0.6312,1.9515,25001097.7486,959365.7606,890107.583,147506476.7167,5660257.9875
601939.SH,20210928,5.91,5.98,5.89,5.97,5.9,0.07,1.1864,748595.52,444901.029,0.7803,0.89,5.5066,0.6387,1.9747,25001097.7486,959365.7606,890107.583,149256553.5591,5727413.5908
601939.SH,20210929,5.94,6.05,5.91,6.0,5.97,0.03,0.5025,1082287.25,647198.079,1.1281,1.32,5.5343,0.6419,1.9846,25001097.7486,959365.7606,890107.583,150006586.4916,5756194.5636
601939.SH,20210930,5.98,6.01,5.95,5.97,6.0,-0.03,-0.5,579948.72,345952.61,0.6045,0.75,5.5066,0.6387,1.9747,25001097.7486,959365.7606,890107.583,149256553.5591,5727413.5908
601939.SH,20211008,5.98,6.05,5.97,6.04,5.97,0.07,1.1725,712012.61,428569.824,0.7422,0.95,5.5712,0.6462,1.9978,25001097.7486,959365.7606,890107.583,151006630.4015,5794569.194
601939.SH,20211011,6.04,6.14,6.04,6.11,6.04,0.07,1.1589,922985.26,563165.063,0.9621,1.21,5.6357,0.6536,2.021,25001097.7486,959365.7606,890107.583,152756707.2439,5861724.7973
601939.SH,20211012,6.09,6.13,6.06,6.09,6.11,-0.02,-0.3273,641088.37,390633.637,0.6682,0.79,5.6173,0.6515,2.0144,25001097.7486,959365.7606,890107.583,152256685.289,5842537.4821
601939.SH,20211013,6.09,6.11,6.0,6.05,6.09,-0.04,-0.6568,637259.2,384844.662,0.6643,0.81,5.5804,0.6472,2.0011,25001097.7486,959365.7606,890107.583,151256641.379,5804162.8516
601939.SH,20211014,6.05,6.07,6.02,6.04,6.05,-0.01,-0.1653,381166.74,230185.816,0.3973,0.55,5.5712,0.6462,1.9978,25001097.7486,959365.7606,890107.583,151006630.4015,5794569.194
601939.SH,20211015,6.04,6.07,6.01,6.04,6.04,0.0,0.0,538827.47,325569.914,0.5616,0.82,5.5712,0.6462,1.9978,25001097.7486,959365.7606,890107.583,151006630.4015,5794569.194
601939.SH,20211018,6.04,6.06,5.99,6.0,6.04,-0.04,-0.6623,680143.72,408893.029,0.709,1.09,5.5343,0.6419,1.9846,25001097.7486,959365.7606,890107.583,150006586.4916,5756194.5636
601939.SH,20211019,6.0,6.05,5.98,6.04,6.0,0.04,0.6667,482860.41,290921.452,0.5033,0.84,5.5712,0.6462,1.9978,25001097.7486,959365.7606,890107.583,151006630.4015,5794569.194
601939.SH,20211020,6.04,6.06,5.98,6.01,6.04,-0.03,-0.4967,486946.49,292595.313,0.5076,0.9,5.5435,0.6429,1.9879,25001097.7486,959365.7606,890107.583,150256597.4691,5765788.2212
601939.SH,20211021,6.02,6.08,6.01,6.08,6.01,0.07,1.1647,763871.64,462077.188,0.7962,1.49,5.6081,0.6504,2.011,25001097.7486,959365.7606,890107.583,152006674.3115,5832943.8244
601939.SH,20211022,6.07,6.12,6.04,6.07,6.08,-0.01,-0.1645,697539.38,423751.16,0.7271,1.18,5.5988,0.6494,2.0077,25001097.7486,959365.7606,890107.583,151756663.334,5823350.1668
601939.SH,20211025,6.03,6.07,6.01,6.05,6.07,-0.02,-0.3295,509259.88,307087.386,0.5308,0.82,5.5804,0.6472,2.0011,25001097.7486,959365.7606,890107.583,151256641.379,5804162.8516
601939.SH,20211026,6.05,6.06,6.01,6.03,6.05,-0.02,-0.3306,514242.3,310295.501,0.536,0.87,5.5619,0.6451,1.9945,25001097.7486,959365.7606,890107.583,150756619.4241,5784975.5364
601939.SH,20211027,6.02,6.02,5.97,6.01,6.03,-0.02,-0.3317,619369.42,371217.213,0.6456,1.04,5.5435,0.6429,1.9879,25001097.7486,959365.7606,890107.583,150256597.4691,5765788.2212
601939.SH,20211028,5.99,6.01,5.96,5.97,6.01,-0.04,-0.6656,370135.7,221225.108,0.3858,0.6,5.5066,0.6387,1.9747,25001097.7486,959365.7606,890107.583,149256553.5591,5727413.5908
601939.SH,20211029,5.98,5.99,5.9,5.93,5.97,-0.04,-0.67,944306.29,560524.297,0.9843,1.74,5.4697,0.6344,1.9614,25001097.7486,959365.7606,890107.583,148256509.6492,5689038.9604
601939.SH,20211101,5.93,6.01,5.91,5.99,5.93,0.06,1.0118,1065241.45,635843.23,1.1104,1.8,5.5251,0.6182,1.9813,25001097.7486,959365.7606,890107.583,149756575.5141,5746600.906
601939.SH,20211102,5.98,6.0,5.87,5.9,5.99,-0.09,-1.5025,1228934.8,728076.232,1.281,1.75,5.442,0.6089,1.9515,25001097.7486,959365.7606,890107.583,147506476.7167,5660257.9875
601939.SH,20211103,5.91,5.91,5.86,5.86,5.9,-0.04,-0.678,711336.7,417608.044,0.7415,0.84,5.4051,0.6048,1.9383,25001097.7486,959365.7606,890107.583,146506432.8068,5621883.3571
601939.SH,20211104,5.87,5.87,5.82,5.84,5.86,-0.02,-0.3413,668695.79,390164.41,0.697,0.77,5.3867,0.6027,1.9317,25001097.7486,959365.7606,890107.583,146006410.8518,5602696.0419
601939.SH,20211105,5.83,5.84,5.79,5.8,5.84,-0.04,-0.6849,620081.2,360489.153,0.6463,0.67,5.3498,0.5986,1.9184,25001097.7486,959365.7606,890107.583,145006366.9419,5564321.4115
601939.SH,20211108,5.8,5.83,5.78,5.81,5.8,0.01,0.1724,380279.14,221015.268,0.3964,0.44,5.359,0.5996,1.9217,25001097.7486,959365.7606,890107.583,145256377.9194,5573915.0691
601939.SH,20211109,5.82,5.84,5.8,5.84,5.81,0.03,0.5164,351333.11,204510.461,0.3662,0.49,5.3867,0.6027,1.9317,25001097.7486,959365.7606,890107.583,146006410.8518,5602696.0419
601939.SH,20211110,5.84,5.84,5.78,5.82,5.84,-0.02,-0.3425,573968.73,333019.257,0.5983,1.05,5.3682,0.6006,1.925,25001097.7486,959365.7606,860037.8006,145506388.8969,5583508.7267
601939.SH,20211111,5.82,5.88,5.8,5.87,5.82,0.05,0.8591,562166.02,329195.514,0.586,1.08,5.4144,0.6058,1.9416,25001097.7486,959365.7606,860037.8006,146756443.7843,5631477.0147
601939.SH,20211112,5.87,5.87,5.82,5.85,5.87,-0.02,-0.3407,478109.78,279342.037,0.4984,0.96,5.3959,0.6037,1.935,25001097.7486,959365.7606,860037.8006,146256421.8293,5612289.6995
601939.SH,20211115,5.83,5.85,5.81,5.83,5.85,-0.02,-0.3419,597552.63,348200.652,0.6229,1.27,5.3775,0.6017,1.9284,25001097.7486,959365.7606,860037.8006,145756399.8743,5593102.3843
601939.SH,20211116,5.83,5.84,5.81,5.84,5.83,0.01,0.1715,599422.05,349313.606,0.6248,1.17,5.3867,0.6027,1.9317,25001097.7486,959365.7606,860037.8006,146006410.8518,5602696.0419
601939.SH,20211117,5.83,5.84,5.81,5.83,5.84,-0.01,-0.1712,637234.81,370926.517,0.6642,1.13,5.3775,0.6017,1.9284,25001097.7486,959365.7606,860037.8006,145756399.8743,5593102.3843
601939.SH,20211118,5.82,5.84,5.8,5.83,5.83,0.0,0.0,563138.19,327540.863,0.587,0.98,5.3775,0.6017,1.9284,25001097.7486,959365.7606,860037.8006,145756399.8743,5593102.3843
601939.SH,20211119,5.82,5.86,5.8,5.84,5.83,0.01,0.1715,674397.34,393028.747,0.703,1.17,5.3867,0.6027,1.9317,25001097.7486,959365.7606,860037.8006,146006410.8518,5602696.0419
601939.SH,20211122,5.84,5.84,5.81,5.81,5.84,-0.03,-0.5137,609387.02,354611.053,0.6352,0.99,5.359,0.5996,1.9217,25001097.7486,959365.7606,860037.8006,145256377.9194,5573915.0691
601939.SH,20211123,5.82,5.83,5.8,5.82,5.81,0.01,0.1721,535654.15,311741.851,0.5583,0.87,5.3682,0.6006,1.925,25001097.7486,959365.7606,860037.8006,145506388.8969,5583508.7267
601939.SH,20211124,5.82,5.84,5.8,5.82,5.82,0.0,0.0,526249.48,306239.009,0.5485,0.87,5.3682,0.6006,1.925,25001097.7486,959365.7606,860037.8006,145506388.8969,5583508.7267
601939.SH,20211125,5.81,5.82,5.8,5.81,5.82,-0.01,-0.1718,454788.16,264185.104,0.4741,0.78,5.359,0.5996,1.9217,25001097.7486,959365.7606,860037.8006,145256377.9194,5573915.0691
601939.SH,20211126,5.8,5.81,5.77,5.79,5.81,-0.02,-0.3442,768288.14,444617.858,0.8008,1.37,5.3406,0.5975,1.9151,25001097.7486,959365.7606,860037.8006,144756355.9644,5554727.7539
601939.SH,20211129,5.76,5.78,5.74,5.76,5.79,-0.03,-0.5181,737766.4,424800.846,0.769,1.27,5.3129,0.5944,1.9052,25001097.7486,959365.7606,860037.8006,144006323.0319,5525946.7811
601939.SH,20211130,5.76,5.77,5.74,5.76,5.76,0.0,0.0,520076.49,299282.267,0.5421,0.86,5.3129,0.5944,1.9052,25001097.7486,959365.7606,860037.8006,144006323.0319,5525946.7811
601939.SH,20211201,5.75,5.79,5.74,5.79,5.76,0.03,0.5208,495911.75,285877.558,0.5169,0.82,5.3406,0.5975,1.9151,25001097.7486,959365.7606,860037.8006,144756355.9644,5554727.7539
601939.SH,20211202,5.77,5.81,5.76,5.8,5.79,0.01,0.1727,571866.02,331019.856,0.5961,0.96,5.3498,0.5986,1.9184,25001097.7486,959365.7606,860037.8006,145006366.9419,5564321.4115
601939.SH,20211203,5.8,5.82,5.76,5.81,5.8,0.01,0.1724,658750.45,381448.937,0.6867,1.06,5.359,0.5996,1.9217,25001097.7486,959365.7606,860037.8006,145256377.9194,5573915.0691
601939.SH,20211206,5.81,5.87,5.8,5.85,5.81,0.04,0.6885,942702.43,550999.729,0.9826,1.58,5.3959,0.6037,1.935,25001097.7486,959365.7606,860037.8006,146256421.8293,5612289.6995
601939.SH,20211207,5.89,5.91,5.85,5.89,5.85,0.04,0.6838,945878.85,556050.426,0.9859,1.48,5.4328,0.6079,1.9482,25001097.7486,959365.7606,860037.8006,147256465.7393,5650664.3299
601939.SH,20211208,5.89,5.9,5.85,5.87,5.89,-0.02,-0.3396,559544.21,328357.413,0.5832,0.77,5.4144,0.6058,1.9416,25001097.7486,959365.7606,860037.8006,146756443.7843,5631477.0147
601939.SH,20211209,5.88,5.94,5.85,5.91,5.87,0.04,0.6814,932333.06,550019.027,0.9718,1.27,5.4513,0.6099,1.9548,25001097.7486,959365.7606,860037.8006,147756487.6942,5669851.6451
601939.SH,20211210,5.88,5.9,5.84,5.88,5.91,-0.03,-0.5076,854869.73,501504.636,0.8911,1.06,5.4236,0.6068,1.9449,25001097.7486,959365.7606,860037.8006,147006454.7618,5641070.6723
601939.SH,20211213,5.88,5.92,5.87,5.88,5.88,0.0,0.0,632853.95,373005.752,0.6597,0.75,5.4236,0.6068,1.9449,25001097.7486,959365.7606,860037.8006,147006454.7618,5641070.6723
601939.SH,20211214,5.87,5.88,5.82,5.83,5.88,-0.05,-0.8503,606700.42,354505.211,0.6324,0.77,5.3775,0.6017,1.9284,25001097.7486,959365.7606,860037.8006,145756399.8743,5593102.3843
601939.SH,20211215,5.81,5.84,5.81,5.83,5.83,0.0,0.0,380183.22,221330.389,0.3963,0.53,5.3775,0.6017,1.9284,25001097.7486,959365.7606,860037.8006,145756399.8743,5593102.3843
601939.SH,20211216,5.82,5.84,5.81,5.84,5.83,0.01,0.1715,532497.86,310301.506,0.5551,0.78,5.3867,0.6027,1.9317,25001097.7486,959365.7606,860037.8006,146006410.8518,5602696.0419
601939.SH,20211217,5.82,5.85,5.82,5.83,5.84,-0.01,-0.1712,423111.29,246667.813,0.441,0.7,5.3775,0.6017,1.9284,25001097.7486,959365.7606,860037.8006,145756399.8743,5593102.3843
601939.SH,20211220,5.82,5.83,5.81,5.83,5.83,0.0,0.0,633874.51,369079.648,0.6607,1.23,5.3775,0.6017,1.9284,25001097.7486,959365.7606,860037.8006,145756399.8743,5593102.3843
601939.SH,20211221,5.81,5.91,5.8,5.87,5.83,0.04,0.6861,1067628.44,627154.681,1.1128,2.07,5.4144,0.6058,1.9416,25001097.7486,959365.7606,860037.8006,146756443.7843,5631477.0147
601939.SH,20211222,5.88,5.9,5.86,5.88,5.87,0.01,0.1704,573704.31,337264.567,0.598,0.94,5.4236,0.6068,1.9449,25001097.7486,959365.7606,860037.8006,147006454.7618,5641070.6723
601939.SH,20211223,5.89,5.9,5.85,5.89,5.88,0.01,0.1701,574413.56,337444.246,0.5987,0.89,5.4328,0.6079,1.9482,25001097.7486,959365.7606,860037.8006,147256465.7393,5650664.3299
601939.SH,20211224,5.88,5.91,5.86,5.91,5.89,0.02,0.3396,595741.64,351303.923,0.621,0.91,5.4513,0.6099,1.9548,25001097.7486,959365.7606,860037.8006,147756487.6942,5669851.6451
601939.SH,20211227,5.89,5.9,5.87,5.87,5.91,-0.04,-0.6768,478058.91,281176.898,0.4983,0.69,5.4144,0.6058,1.9416,25001097.7486,959365.7606,860037.8006,146756443.7843,5631477.0147
601939.SH,20211228,5.88,5.92,5.87,5.91,5.87,0.04,0.6814,593569.65,350286.115,0.6187,0.9,5.4513,0.6099,1.9548,25001097.7486,959365.7606,860037.8006,147756487.6942,5669851.6451
601939.SH,20211229,5.89,5.91,5.86,5.87,5.91,-0.04,-0.6768,476374.64,280098.45,0.4966,0.85,5.4144,0.6058,1.9416,25001097.7486,959365.7606,860037.8006,146756443.7843,5631477.0147
601939.SH,20211230,5.87,5.88,5.85,5.87,5.87,0.0,0.0,471583.95,276509.056,0.4916,0.87,5.4144,0.6058,1.9416,25001097.7486,959365.7606,860037.8006,146756443.7843,5631477.0147
601939.SH,20211231,5.86,5.87,5.84,5.86,5.87,-0.01,-0.1704,490953.91,287442.721,0.5117,0.94,5.4051,0.6048,1.9383,25001097.7486,959365.7606,860037.8006,146506432.8068,5621883.3571
601939.SH,20220104,5.85,5.92,5.85,5.91,5.86,0.05,0.8532,1170367.35,688795.982,1.2199,2.33,5.4513,0.6099,1.9548,25001097.7486,959365.7606,860037.8006,147756487.6942,5669851.6451
601939.SH,20220105,5.91,6.04,5.9,6.03,5.91,0.12,2.0305,1955978.28,1172208.326,2.0388,3.05,5.5619,0.6223,1.9945,25001097.7486,959365.7606,860037.8006,150756619.4241,5784975.5364
601939.SH,20220106,6.0,6.09,6.0,6.05,6.03,0.02,0.3317,1538671.83,931469.097,1.6038,1.69,5.5804,0.6244,2.0011,25001097.7486,959365.7606,860037.8006,151256641.379,5804162.8516
601939.SH,20220107,6.06,6.15,6.01,6.14,6.05,0.09,1.4876,1417183.07,865517.534,1.4772,1.26,5.6634,0.6337,2.0309,25001097.7486,959365.7606,860037.8006,153506740.1764,5890505.7701
601939.SH,20220110,6.13,6.18,6.08,6.12,6.14,-0.02,-0.3257,1128447.79,689894.062,1.1762,0.86,5.645,0.6316,2.0243,25001097.7486,959365.7606,860037.8006,153006718.2214,5871318.4549
601939.SH,20220111,6.11,6.17,6.09,6.14,6.12,0.02,0.3268,716827.86,439895.604,0.7472,0.5,5.6634,0.6337,2.0309,25001097.7486,959365.7606,860037.8006,153506740.1764,5890505.7701
601939.SH,20220112,6.14,6.14,6.03,6.08,6.14,-0.06,-0.9772,1070263.38,650299.897,1.1156,0.79,5.6081,0.6275,2.011,25001097.7486,959365.7606,860037.8006,152006674.3115,5832943.8244
601939.SH,20220113,6.08,6.16,6.06,6.11,6.08,0.03,0.4934,1070622.47,655483.775,1.116,0.91,5.6357,0.6306,2.021,25001097.7486,959365.7606,860037.8006,152756707.2439,5861724.7973
601939.SH,20220114,6.09,6.12,5.98,6.02,6.11,-0.09,-1.473,1186371.1,714738.605,1.2366,1.1,5.5527,0.6213,1.9912,25001097.7486,959365.7606,860037.8006,150506608.4466,5775381.8788
601939.SH,20220117,6.0,6.05,5.96,5.98,6.02,-0.04,-0.6645,720347.21,431424.028,0.7509,0.7,5.5158,0.6172,1.978,25001097.7486,959365.7606,860037.8006,149506564.5366,5737007.2484
601939.SH,20220118,5.98,6.07,5.96,6.07,5.98,0.09,1.505,1127338.65,679160.334,1.1751,1.18,5.5988,0.6264,2.0077,25001097.7486,959365.7606,860037.8006,151756663.334,5823350.1668
601939.SH,20220119,6.04,6.08,6.03,6.05,6.07,-0.02,-0.3295,724303.93,438204.36,0.755,0.7,5.5804,0.6244,2.0011,25001097.7486,959365.7606,860037.8006,151256641.379,5804162.8516
601939.SH,20220120,6.05,6.15,6.04,6.13,6.05,0.08,1.3223,1278753.69,782367.693,1.3329,1.32,5.6542,0.6326,2.0276,25001097.7486,959365.7606,860037.8006,153256729.1989,5880912.1125
601939.SH,20220121,6.11,6.12,6.05,6.07,6.13,-0.06,-0.9788,767222.85,465969.521,0.7997,0.76,5.5988,0.6264,2.0077,25001097.7486,959365.7606,860037.8006,151756663.334,5823350.1668
601939.SH,20220124,6.08,6.11,6.02,6.08,6.07,0.01,0.1647,859546.18,521315.609,0.896,0.93,5.6081,0.6275,2.011,25001097.7486,959365.7606,860037.8006,152006674.3115,5832943.8244
601939.SH,20220125,6.06,6.07,6.0,6.0,6.08,-0.08,-1.3158,671313.04,404751.937,0.6997,0.71,5.5343,0.6192,1.9846,25001097.7486,959365.7606,860037.8006,150006586.4916,5756194.5636
601939.SH,20220126,5.99,6.06,5.98,6.04,6.0,0.04,0.6667,647558.98,390444.573,0.675,0.75,5.5712,0.6233,1.9978,25001097.7486,959365.7606,860037.8006,151006630.4015,5794569.194
601939.SH,20220127,6.02,6.07,6.0,6.04,6.04,0.0,0.0,736119.16,444630.855,0.7673,0.87,5.5712,0.6233,1.9978,25001097.7486,959365.7606,860037.8006,151006630.4015,5794569.194
601939.SH,20220128,6.05,6.08,5.99,5.99,6.04,-0.05,-0.8278,850108.12,512137.382,0.8861,1.15,5.5251,0.6182,1.9813,25001097.7486,959365.7606,860037.8006,149756575.5141,5746600.906
601939.SH,20220207,6.03,6.16,6.02,6.13,5.99,0.14,2.3372,1480005.95,904434.484,1.5427,1.97,5.6542,0.6326,2.0276,25001097.7486,959365.7606,860037.8006,153256729.1989,5880912.1125
601939.SH,20220208,6.13,6.34,6.13,6.33,6.13,0.2,3.2626,2546231.69,1592208.351,2.6541,2.9,5.8387,0.6533,2.0937,25001097.7486,959365.7606,860037.8006,158256948.7486,6072785.2646
601939.SH,20220209,6.33,6.37,6.24,6.29,6.33,-0.04,-0.6319,1408602.0,887031.066,1.4683,1.13,5.8018,0.6491,2.0805,25001097.7486,959365.7606,860037.8006,157256904.8387,6034410.6342
601939.SH,20220210,6.29,6.35,6.25,6.33,6.29,0.04,0.6359,1276014.35,805654.986,1.3301,0.91,5.8387,0.6533,2.0937,25001097.7486,959365.7606,860037.8006,158256948.7486,6072785.2646
601939.SH,20220211,6.3,6.44,6.3,6.37,6.33,0.04,0.6319,1258075.47,802338.408,1.3114,0.83,5.8756,0.6574,2.107,25001097.7486,959365.7606,860037.8006,159256992.6586,6111159.895
601939.SH,20220214,6.35,6.37,6.24,6.26,6.37,-0.11,-1.7268,1232203.0,774084.646,1.2844,0.77,5.7741,0.646,2.0706,25001097.7486,959365.7606,860037.8006,156506871.9062,6005629.6614
601939.SH,20220215,6.27,6.32,6.19,6.21,6.26,-0.05,-0.7987,1018252.21,635114.218,1.0614,0.66,5.728,0.6409,2.054,25001097.7486,959365.7606,860037.8006,155256817.0188,5957661.3733
601939.SH,20220216,6.21,6.29,6.18,6.23,6.21,0.02,0.3221,706196.22,440351.454,0.7361,0.57,5.7464,0.643,2.0607,25001097.7486,959365.7606,860037.8006,155756838.9738,5976848.6885
601939.SH,20220217,6.23,6.28,6.22,6.25,6.23,0.02,0.321,703714.11,440161.007,0.7335,0.64,5.7649,0.645,2.0673,25001097.7486,959365.7606,860037.8006,156256860.9288,5996036.0038
601939.SH,20220218,6.24,6.3,6.22,6.3,6.25,0.05,0.8,756994.83,474598.283,0.7891,0.77,5.811,0.6502,2.0838,25001097.7486,959365.7606,860037.8006,157506915.8162,6044004.2918
601939.SH,20220221,6.28,6.29,6.18,6.27,6.3,-0.03,-0.4762,821407.43,511910.463,0.8562,0.93,5.7833,0.6471,2.0739,25001097.7486,959365.7606,860037.8006,156756882.8837,6015223.319
601939.SH,20220222,6.23,6.26,6.2,6.22,6.27,-0.05,-0.7974,652480.69,405529.295,0.6801,0.81,5.7372,0.6419,2.0574,25001097.7486,959365.7606,860037.8006,155506827.9963,5967255.0309
601939.SH,20220223,6.23,6.24,6.13,6.15,6.22,-0.07,-1.1254,1034185.83,637053.621,1.078,1.42,5.6726,0.6347,2.0342,25001097.7486,959365.7606,860037.8006,153756751.1539,5900099.4277
601939.SH,20220224,6.13,6.14,6.05,6.06,6.15,-0.09,-1.4634,954920.06,580904.848,0.9954,1.2,5.5896,0.6254,2.0044,25001097.7486,959365.7606,860037.8006,151506652.3565,5813756.5092
601939.SH,20220225,6.06,6.09,6.0,6.01,6.06,-0.05,-0.8251,1063150.57,641187.088,1.1082,1.26,5.5435,0.6202,1.9879,25001097.7486,959365.7606,860037.8006,150256597.4691,5765788.2212
601939.SH,20220228,6.02,6.04,5.97,6.03,6.01,0.02,0.3328,854278.24,513267.055,0.8905,0.94,5.5619,0.6223,1.9945,25001097.7486,959365.7606,860037.8006,150756619.4241,5784975.5364
601939.SH,20220301,6.05,6.12,6.02,6.1,6.03,0.07,1.1609,989396.03,599580.306,1.0313,1.09,5.6265,0.6295,2.0177,25001097.7486,959365.7606,860037.8006,152506696.2665,5852131.1397
601939.SH,20220302,6.08,6.12,6.06,6.08,6.1,-0.02,-0.3279,535566.2,326405.694,0.5583,0.55,5.6081,0.6275,2.011,25001097.7486,959365.7606,860037.8006,152006674.3115,5832943.8244
601939.SH,20220303,6.08,6.18,6.08,6.17,6.08,0.09,1.4803,903595.91,554503.329,0.9419,1.03,5.6911,0.6368,2.0408,25001097.7486,959365.7606,860037.8006,154256773.1089,5919286.7429
601939.SH,20220304,6.15,6.17,6.06,6.14,6.17,-0.03,-0.4862,1025319.62,628103.046,1.0687,1.18,5.6634,0.6337,2.0309,25001097.7486,959365.7606,860037.8006,153506740.1764,5890505.7701
601939.SH,20220307,6.09,6.13,6.05,6.07,6.14,-0.07,-1.1401,950239.24,578482.701,0.9905,1.1,5.5988,0.6264,2.0077,25001097.7486,959365.7606,860037.8006,151756663.334,5823350.1668
601939.SH,20220308,6.06,6.1,5.99,6.0,6.07,-0.07,-1.1532,1091066.1,659202.525,1.1373,1.24,5.5343,0.6192,1.9846,25001097.7486,959365.7606,860037.8006,150006586.4916,5756194.5636
601939.SH,20220309,6.0,6.05,5.78,5.95,6.0,-0.05,-0.8333,1573974.97,932344.159,1.6406,1.75,5.4882,0.6141,1.968,25001097.7486,959365.7606,860037.8006,148756531.6042,5708226.2756
601939.SH,20220310,6.0,6.02,5.93,5.99,5.95,0.04,0.6723,921277.93,550797.52,0.9603,0.83,5.5251,0.6182,1.9813,25001097.7486,959365.7606,860037.8006,149756575.5141,5746600.906
601939.SH,20220311,5.97,6.05,5.9,6.05,5.99,0.06,1.0017,1032468.51,617493.008,1.0762,0.93,5.5804,0.6244,2.0011,25001097.7486,959365.7606,860037.8006,151256641.379,5804162.8516
601939.SH,20220314,5.98,6.06,5.95,5.96,6.05,-0.09,-1.4876,1050026.85,628629.781,1.0945,0.94,5.4974,0.6151,1.9714,25001097.7486,959365.7606,860037.8006,149006542.5817,5717819.9332
601939.SH,20220315,5.94,5.95,5.8,5.82,5.96,-0.14,-2.349,1962854.19,1149999.159,2.046,1.73,5.3682,0.6006,1.925,25001097.7486,959365.7606,860037.8006,145506388.8969,5583508.7267
601939.SH,20220316,5.82,5.9,5.76,5.89,5.82,0.07,1.2027,1322357.42,771737.351,1.3784,1.01,5.4328,0.6079,1.9482,25001097.7486,959365.7606,860037.8006,147256465.7393,5650664.3299
601939.SH,20220317,5.92,5.94,5.83,5.87,5.89,-0.02,-0.3396,1348900.0,791850.194,1.406,1.07,5.4144,0.6058,1.9416,25001097.7486,959365.7606,860037.8006,146756443.7843,5631477.0147
601939.SH,20220318,5.86,6.01,5.84,5.99,5.87,0.12,2.0443,1458612.63,869029.69,1.5204,1.09,5.5251,0.6182,1.9813,25001097.7486,959365.7606,860037.8006,149756575.5141,5746600.906
601939.SH,20220321,5.99,6.0,5.93,5.95,5.99,-0.04,-0.6678,691762.85,411844.665,0.7211,0.48,5.4882,0.6141,1.968,25001097.7486,959365.7606,860037.8006,148756531.6042,5708226.2756
601939.SH,20220322,5.95,6.04,5.93,6.02,5.95,0.07,1.1765,983316.48,590974.539,1.025,0.72,5.5527,0.6213,1.9912,25001097.7486,959365.7606,860037.8006,150506608.4466,5775381.8788
601939.SH,20220323,6.02,6.03,5.99,6.03,6.02,0.01,0.1661,611102.72,367241.365,0.637,0.53,5.5619,0.6223,1.9945,25001097.7486,959365.7606,860037.8006,150756619.4241,5784975.5364
601939.SH,20220324,6.0,6.1,5.99,6.08,6.03,0.05,0.8292,891820.59,541070.096,0.9296,0.88,5.6081,0.6275,2.011,25001097.7486,959365.7606,860037.8006,152006674.3115,5832943.8244
601939.SH,20220325,6.06,6.12,6.03,6.09,6.08,0.01,0.1645,875972.89,533665.717,0.9131,0.94,5.6173,0.6285,2.0144,25001097.7486,959365.7606,860037.8006,152256685.289,5842537.4821
601939.SH,20220328,6.07,6.2,6.02,6.17,6.09,0.08,1.3136,1285781.44,789528.462,1.3402,1.59,5.6911,0.6368,2.0408,25001097.7486,959365.7606,860037.8006,154256773.1089,5919286.7429
601939.SH,20220329,6.19,6.24,6.14,6.23,6.17,0.06,0.9724,1158754.61,719379.566,1.2078,1.25,5.7464,0.643,2.0607,25001097.7486,959365.7606,860037.8006,155756838.9738,5976848.6885
601939.SH,20220330,6.24,6.24,6.16,6.19,6.23,-0.04,-0.6421,1043570.34,645740.078,1.0878,1.08,5.1157,0.6219,1.8776,25001097.7486,959365.7606,890107.583,154756795.0638,5938474.0581
601939.SH,20220331,6.17,6.29,6.16,6.29,6.19,0.1,1.6155,1330495.04,832555.622,1.3868,1.27,5.1984,0.632,1.9079,25001097.7486,959365.7606,890107.583,157256904.8387,6034410.6342
601939.SH,20220401,6.24,6.34,6.24,6.3,6.29,0.01,0.159,1419315.89,892950.051,1.4794,1.25,5.2066,0.633,1.9109,25001097.7486,959365.7606,890107.583,157506915.8162,6044004.2918
601939.SH,20220406,6.28,6.35,6.25,6.35,6.3,0.05,0.7937,1162555.77,734261.343,1.2118,0.93,5.2479,0.638,1.9261,25001097.7486,959365.7606,890107.583,158756970.7036,6091972.5798
601939.SH,20220407,6.34,6.36,6.22,6.25,6.35,-0.1,-1.5748,1093845.57,688785.03,1.1402,0.89,5.1653,0.628,1.8958,25001097.7486,959365.7606,890107.583,156256860.9288,5996036.0038
601939.SH,20220408,6.26,6.3,6.22,6.28,6.25,0.03,0.48,754694.06,473574.417,0.7867,0.62,5.1901,0.631,1.9049,25001097.7486,959365.7606,890107.583,157006893.8612,6024816.9766
601939.SH,20220411,6.28,6.28,6.23,6.25,6.28,-0.03,-0.4777,742413.41,464585.369,0.7739,0.64,5.1653,0.628,1.8958,25001097.7486,959365.7606,890107.583,156256860.9288,5996036.0038
601939.SH,20220412,6.24,6.29,6.19,6.25,6.25,0.0,0.0,789078.9,491940.199,0.8225,0.76,5.1653,0.628,1.8958,25001097.7486,959365.7606,890107.583,156256860.9288,5996036.0038
601939.SH,20220413,6.24,6.3,6.23,6.24,6.25,-0.01,-0.16,576218.37,360580.739,0.6006,0.63,5.157,0.627,1.8927,25001097.7486,959365.7606,890107.583,156006849.9513,5986442.3461
601939.SH,20220414,6.26,6.3,6.24,6.26,6.24,0.02,0.3205,665167.69,416642.298,0.6933,0.84,5.1736,0.629,1.8988,25001097.7486,959365.7606,890107.583,156506871.9062,6005629.6614
601939.SH,20220415,6.27,6.27,6.22,6.23,6.26,-0.03,-0.4792,703504.17,439019.758,0.7333,1.0,5.1488,0.626,1.8897,25001097.7486,959365.7606,890107.583,155756838.9738,5976848.6885
601939.SH,20220418,6.21,6.22,6.08,6.1,6.23,-0.13,-2.0867,1043905.38,640429.429,1.0881,1.5,5.0413,0.6129,1.8503,25001097.7486,959365.7606,890107.583,152506696.2665,5852131.1397
601939.SH,20220419,6.1,6.15,6.05,6.12,6.1,0.02,0.3279,798315.84,486775.381,0.8321,1.06,5.0579,0.6149,1.8563,25001097.7486,959365.7606,890107.583,153006718.2214,5871318.4549
601939.SH,20220420,6.12,6.14,6.08,6.09,6.12,-0.03,-0.4902,633043.59,386012.533,0.6599,0.84,5.0331,0.6119,1.8472,25001097.7486,959365.7606,890107.583,152256685.289,5842537.4821
601939.SH,20220421,6.09,6.16,6.07,6.11,6.09,0.02,0.3284,1066710.49,654004.64,1.1119,1.39,5.0496,0.6139,1.8533,25001097.7486,959365.7606,890107.583,152756707.2439,5861724.7973
601939.SH,20220422,6.11,6.26,6.1,6.24,6.11,0.13,2.1277,1363367.05,847333.63,1.4211,1.61,5.157,0.627,1.8927,25001097.7486,959365.7606,890107.583,156006849.9513,5986442.3461
601939.SH,20220425,6.19,6.23,6.1,6.1,6.24,-0.14,-2.2436,1373191.37,846474.077,1.4314,1.4,5.0413,0.6129,1.8503,25001097.7486,959365.7606,890107.583,152506696.2665,5852131.1397
601939.SH,20220426,6.1,6.13,6.04,6.06,6.1,-0.04,-0.6557,980508.08,595911.939,1.022,0.94,5.0083,0.6089,1.8381,25001097.7486,959365.7606,890107.583,151506652.3565,5813756.5092
601939.SH,20220427,6.05,6.07,5.93,6.0,6.06,-0.06,-0.9901,1309538.1,785197.303,1.365,1.21,4.9587,0.6029,1.8199,25001097.7486,959365.7606,890107.583,150006586.4916,5756194.5636
601939.SH,20220428,5.98,6.08,5.97,6.05,6.0,0.05,0.8333,885013.27,534118.541,0.9225,0.73,5.0,0.6079,1.8351,25001097.7486,959365.7606,890107.583,151256641.379,5804162.8516
601939.SH,20220429,6.06,6.09,5.98,6.07,6.05,0.02,0.3306,983447.76,593721.786,1.0251,0.83,5.0165,0.6099,1.8412,25001097.7486,959365.7606,890107.583,151756663.334,5823350.1668
601939.SH,20220505,6.08,6.11,6.02,6.06,6.07,-0.01,-0.1647,1072857.9,649649.763,1.1183,0.97,5.0083,0.5888,1.8381,25001097.7486,959365.7606,890107.583,151506652.3565,5813756.5092
601939.SH,20220506,6.02,6.05,5.98,6.01,6.06,-0.05,-0.8251,683189.34,410498.858,0.7121,0.65,4.9669,0.5839,1.823,25001097.7486,959365.7606,890107.583,150256597.4691,5765788.2212
601939.SH,20220509,5.99,6.01,5.96,5.98,6.01,-0.03,-0.4992,552517.69,330431.525,0.5759,0.56,4.9422,0.581,1.8139,25001097.7486,959365.7606,890107.583,149506564.5366,5737007.2484
601939.SH,20220510,5.96,6.0,5.93,6.0,5.98,0.02,0.3344,658682.23,393284.552,0.6866,0.79,4.9587,0.5829,1.8199,25001097.7486,959365.7606,890107.583,150006586.4916,5756194.5636
601939.SH,20220511,6.0,6.0,5.94,5.96,6.0,-0.04,-0.6667,909659.3,542444.425,0.9482,1.15,4.9256,0.579,1.8078,25001097.7486,959365.7606,890107.583,149006542.5817,5717819.9332
601939.SH,20220512,5.95,5.97,5.94,5.96,5.96,0.0,0.0,521508.58,310482.906,0.5436,0.67,4.9256,0.579,1.8078,25001097.7486,959365.7606,890107.583,149006542.5817,5717819.9332
601939.SH,20220513,5.96,6.01,5.95,6.0,5.96,0.04,0.6711,598325.57,358223.201,0.6237,0.9,4.9587,0.5829,1.8199,25001097.7486,959365.7606,890107.583,150006586.4916,5756194.5636
601939.SH,20220516,6.0,6.01,5.94,6.0,6.0,0.0,0.0,702273.75,419199.664,0.732,1.08,4.9587,0.5829,1.8199,25001097.7486,959365.7606,890107.583,150006586.4916,5756194.5636
601939.SH,20220517,5.98,6.02,5.95,5.96,6.0,-0.04,-0.6667,799950.91,478669.496,0.8338,1.18,4.9256,0.579,1.8078,25001097.7486,959365.7606,890107.583,149006542.5817,5717819.9332
601939.SH,20220518,5.97,5.98,5.94,5.98,5.96,0.02,0.3356,712646.93,424502.902,0.7428,1.01,4.9422,0.581,1.8139,25001097.7486,959365.7606,890107.583,149506564.5366,5737007.2484
601939.SH,20220519,5.96,5.97,5.93,5.96,5.98,-0.02,-0.3344,513852.33,305747.827,0.5356,0.77,4.9256,0.579,1.8078,25001097.7486,959365.7606,890107.583,149006542.5817,5717819.9332
601939.SH,20220520,5.97,6.01,5.94,5.98,5.96,0.02,0.3356,871230.17,520940.547,0.9081,1.31,4.9422,0.581,1.8139,25001097.7486,959365.7606,890107.583,149506564.5366,5737007.2484
601939.SH,20220523,5.98,5.99,5.95,5.97,5.98,-0.01,-0.1672,479175.75,285804.888,0.4995,0.67,4.9339,0.58,1.8108,25001097.7486,959365.7606,890107.583,149256553.5591,5727413.5908
601939.SH,20220524,5.97,5.99,5.95,5.96,5.97,-0.01,-0.1675,778564.51,464832.971,0.8115,1.15,4.9256,0.579,1.8078,25001097.7486,959365.7606,890107.583,149006542.5817,5717819.9332
601939.SH,20220525,5.97,6.0,5.95,6.0,5.96,0.04,0.6711,591550.58,354041.696,0.6166,0.88,4.9587,0.5829,1.8199,25001097.7486,959365.7606,890107.583,150006586.4916,5756194.5636
601939.SH,20220526,5.99,6.03,5.98,6.03,6.0,0.03,0.5,632704.35,380177.847,0.6595,0.98,4.9835,0.5858,1.829,25001097.7486,959365.7606,890107.583,150756619.4241,5784975.5364
601939.SH,20220527,6.03,6.05,6.01,6.02,6.03,-0.01,-0.1658,542775.55,327228.327,0.5658,0.81,4.9752,0.5849,1.826,25001097.7486,959365.7606,890107.583,150506608.4466,5775381.8788
601939.SH,20220530,6.04,6.05,6.0,6.02,6.02,0.0,0.0,548815.23,330860.04,0.5721,0.91,4.9752,0.5849,1.826,25001097.7486,959365.7606,890107.583,150506608.4466,5775381.8788
601939.SH,20220531,6.02,6.03,5.98,5.98,6.02,-0.04,-0.6645,811069.06,486326.802,0.8454,1.31,4.9422,0.581,1.8139,25001097.7486,959365.7606,890107.583,149506564.5366,5737007.2484
601939.SH,20220601,5.99,6.0,5.95,5.97,5.98,-0.01,-0.1672,800671.39,477809.371,0.8346,1.28,4.9339,0.58,1.8108,25001097.7486,959365.7606,890107.583,149256553.5591,5727413.5908
601939.SH,20220602,5.97,5.98,5.95,5.97,5.97,0.0,0.0,461146.69,274930.752,0.4807,0.69,4.9339,0.58,1.8108,25001097.7486,959365.7606,890107.583,149256553.5591,5727413.5908
601939.SH,20220606,5.97,5.97,5.89,5.92,5.97,-0.05,-0.8375,1368245.46,809640.727,1.4262,2.16,4.8926,0.5752,1.7957,25001097.7486,959365.7606,890107.583,148006498.6717,5679445.3028
601939.SH,20220607,5.92,5.95,5.9,5.93,5.92,0.01,0.1689,670431.02,397344.847,0.6988,0.84,4.9008,0.5761,1.7987,25001097.7486,959365.7606,890107.583,148256509.6492,5689038.9604
601939.SH,20220608,5.94,5.95,5.93,5.94,5.93,0.01,0.1686,588131.18,349312.895,0.613,0.72,4.9091,0.5771,1.8017,25001097.7486,959365.7606,890107.583,148506520.6267,5698632.618
601939.SH,20220609,5.94,5.99,5.92,5.97,5.94,0.03,0.5051,1122824.23,669841.508,1.1704,1.44,4.9339,0.58,1.8108,25001097.7486,959365.7606,890107.583,149256553.5591,5727413.5908
601939.SH,20220610,5.96,6.02,5.95,6.0,5.97,0.03,0.5025,1033714.96,618025.916,1.0775,1.23,4.9587,0.5829,1.8199,25001097.7486,959365.7606,890107.583,150006586.4916,5756194.5636
601939.SH,20220613,5.98,5.99,5.93,5.96,6.0,-0.04,-0.6667,805781.73,480106.129,0.8399,0.84,4.9256,0.579,1.8078,25001097.7486,959365.7606,890107.583,149006542.5817,5717819.9332
601939.SH,20220614,5.94,6.03,5.94,6.01,5.96,0.05,0.8389,920121.55,550017.272,0.9591,1.09,4.9669,0.5839,1.823,25001097.7486,959365.7606,890107.583,150256597.4691,5765788.2212
601939.SH,20220615,6.01,6.11,6.0,6.05,6.01,0.04,0.6656,1274474.86,773491.81,1.3285,1.43,5.0,0.5878,1.8351,25001097.7486,959365.7606,890107.583,151256641.379,5804162.8516
601939.SH,20220616,6.05,6.07,6.0,6.0,6.05,-0.05,-0.8264,978529.14,589366.578,1.02,0.95,4.9587,0.5829,1.8199,25001097.7486,959365.7606,890107.583,150006586.4916,5756194.5636
601939.SH,20220617,5.99,6.03,5.98,6.01,6.0,0.01,0.1667,632638.7,380160.628,0.6594,0.63,4.9669,0.5839,1.823,25001097.7486,959365.7606,890107.583,150256597.4691,5765788.2212
601939.SH,20220620,6.01,6.01,5.97,5.99,6.01,-0.02,-0.3328,753365.22,451049.4,0.7853,0.82,4.9504,0.582,1.8169,25001097.7486,959365.7606,890107.583,149756575.5141,5746600.906
601939.SH,20220621,5.99,6.05,5.98,6.03,5.99,0.04,0.6678,889255.68,534607.977,0.9269,0.98,4.9835,0.5858,1.829,25001097.7486,959365.7606,890107.583,150756619.4241,5784975.5364
601939.SH,20220622,6.03,6.06,5.99,6.0,6.03,-0.03,-0.4975,839256.54,505396.188,0.8748,0.93,4.9587,0.5829,1.8199,25001097.7486,959365.7606,890107.583,150006586.4916,5756194.5636
601939.SH,20220623,6.01,6.05,6.0,6.04,6.0,0.04,0.6667,587715.29,354163.436,0.6126,0.72,4.9917,0.5868,1.8321,25001097.7486,959365.7606,890107.583,151006630.4015,5794569.194
601939.SH,20220624,6.05,6.06,6.0,6.01,6.04,-0.03,-0.4967,827541.42,497933.815,0.8626,1.12,4.9669,0.5839,1.823,25001097.7486,959365.7606,890107.583,150256597.4691,5765788.2212
601939.SH,20220627,6.01,6.03,5.98,6.0,6.01,-0.01,-0.1664,1399841.45,840224.687,1.4591,1.8,4.9587,0.5829,1.8199,25001097.7486,959365.7606,890107.583,150006586.4916,5756194.5636
601939.SH,20220628,6.0,6.03,5.99,6.02,6.0,0.02,0.3333,1113922.52,669319.322,1.1611,1.23,4.9752,0.5849,1.826,25001097.7486,959365.7606,890107.583,150506608.4466,5775381.8788
601939.SH,20220629,6.01,6.06,6.0,6.05,6.02,0.03,0.4983,1085422.79,655619.047,1.1314,1.14,5.0,0.5878,1.8351,25001097.7486,959365.7606,890107.583,151256641.379,5804162.8516
601939.SH,20220630,6.05,6.08,6.04,6.06,6.05,0.01,0.1653,763715.34,462494.976,0.7961,0.76,5.0083,0.5888,1.8381,25001097.7486,959365.7606,890107.583,151506652.3565,5813756.5092
601939.SH,20220701,6.07,6.1,6.06,6.08,6.06,0.02,0.33,708567.77,430674.819,0.7386,0.68,5.0248,0.5907,1.8442,25001097.7486,959365.7606,890107.583,152006674.3115,5832943.8244
601939.SH,20220704,6.09,6.12,6.08,6.09,6.08,0.01,0.1645,922282.15,562333.776,0.9613,0.91,5.0331,0.5917,1.8472,25001097.7486,959365.7606,890107.583,152256685.289,5842537.4821
601939.SH,20220705,6.11,6.13,6.1,6.11,6.09,0.02,0.3284,1026799.33,627576.449,1.0703,1.12,5.0496,0.5936,1.8533,25001097.7486,959365.7606,890107.583,152756707.2439,5861724.7973
601939.SH,20220706,6.12,6.12,6.05,6.08,6.11,-0.03,-0.491,1069511.78,650381.687,1.1148,1.19,5.0248,0.5907,1.8442,25001097.7486,959365.7606,890107.583,152006674.3115,5832943.8244
601939.SH,20220707,6.1,6.11,6.07,6.09,6.08,0.01,0.1645,1400774.7,853790.341,1.4601,1.56,5.0331,0.5917,1.8472,25001097.7486,959365.7606,890107.583,152256685.289,5842537.4821
601939.SH,20220708,5.75,5.76,5.7,5.71,5.73,-0.02,-0.349,1484465.69,848806.855,1.5473,1.45,4.719,0.5751,1.732,25001097.7486,959365.7606,890107.583,142756268.1445,5477978.493
601939.SH,20220711,5.71,5.79,5.7,5.77,5.71,0.06,1.0508,1182343.17,680166.929,1.2324,1.0,4.7686,0.5811,1.7502,25001097.7486,959365.7606,890107.583,144256334.0094,5535540.4387
601939.SH,20220712,5.78,5.82,5.75,5.75,5.77,-0.02,-0.3466,739996.78,428053.954,0.7713,0.6,4.7521,0.5791,1.7441,25001097.7486,959365.7606,890107.583,143756312.0545,5516353.1235
601939.SH,20220713,5.75,5.76,5.66,5.67,5.75,-0.08,-1.3913,943064.24,537485.867,0.983,0.8,4.686,0.5711,1.7198,25001097.7486,959365.7606,890107.583,141756224.2346,5439603.8626
601939.SH,20220714,5.65,5.65,5.55,5.58,5.67,-0.09,-1.5873,1274520.58,711580.955,1.3285,1.11,4.6116,0.562,1.6925,25001097.7486,959365.7606,890107.583,139506125.4372,5353260.9441
601939.SH,20220715,5.58,5.58,5.49,5.49,5.58,-0.09,-1.6129,1569158.68,868003.545,1.6356,1.39,4.5372,0.5529,1.6652,25001097.7486,959365.7606,890107.583,137256026.6398,5266918.0257
601939.SH,20220718,5.51,5.57,5.5,5.57,5.49,0.08,1.4572,874698.15,483682.511,0.9117,0.77,4.6033,0.561,1.6895,25001097.7486,959365.7606,890107.583,139256114.4597,5343667.2865
601939.SH,20220719,5.55,5.61,5.53,5.59,5.57,0.02,0.3591,633666.42,353801.286,0.6605,0.59,4.6198,0.563,1.6956,25001097.7486,959365.7606,890107.583,139756136.4147,5362854.6018
601939.SH,20220720,5.59,5.67,5.58,5.65,5.59,0.06,1.0733,689186.73,388622.775,0.7184,0.65,4.6694,0.5691,1.7138,25001097.7486,959365.7606,890107.583,141256202.2796,5420416.5474
601939.SH,20220721,5.64,5.66,5.57,5.58,5.65,-0.07,-1.2389,447258.31,250752.427,0.4662,0.44,4.6116,0.562,1.6925,25001097.7486,959365.7606,890107.583,139506125.4372,5353260.9441
601939.SH,20220722,5.58,5.62,5.58,5.6,5.58,0.02,0.3584,305436.08,170895.946,0.3184,0.36,4.6281,0.564,1.6986,25001097.7486,959365.7606,890107.583,140006147.3922,5372448.2594
601939.SH,20220725,5.6,5.64,5.58,5.62,5.6,0.02,0.3571,378711.81,212799.913,0.3948,0.64,4.6446,0.566,1.7047,25001097.7486,959365.7606,890107.583,140506169.3471,5391635.5746
601939.SH,20220726,5.63,5.65,5.62,5.62,5.62,0.0,0.0,393747.52,221771.16,0.4104,0.8,4.6446,0.566,1.7047,25001097.7486,959365.7606,890107.583,140506169.3471,5391635.5746
601939.SH,20220727,5.62,5.63,5.6,5.61,5.62,-0.01,-0.1779,227661.66,127838.977,0.2373,0.51,4.6364,0.565,1.7016,25001097.7486,959365.7606,890107.583,140256158.3696,5382041.917
601939.SH,20220728,5.62,5.63,5.6,5.61,5.61,0.0,0.0,277204.26,155544.947,0.2889,0.79,4.6364,0.565,1.7016,25001097.7486,959365.7606,890107.583,140256158.3696,5382041.917
601939.SH,20220729,5.61,5.62,5.57,5.57,5.61,-0.04,-0.713,389993.82,217834.964,0.4065,1.23,4.6033,0.561,1.6895,25001097.7486,959365.7606,890107.583,139256114.4597,5343667.2865
601939.SH,20220801,5.57,5.57,5.53,5.54,5.57,-0.03,-0.5386,356020.74,197501.813,0.3711,1.07,4.5785,0.558,1.6804,25001097.7486,959365.7606,890107.583,138506081.5272,5314886.3137
601939.SH,20220802,5.53,5.53,5.48,5.49,5.54,-0.05,-0.9025,769534.24,422979.169,0.8021,2.34,4.5372,0.5529,1.6652,25001097.7486,959365.7606,890107.583,137256026.6398,5266918.0257
601939.SH,20220803,5.5,5.51,5.42,5.43,5.49,-0.06,-1.0929,840052.36,458847.616,0.8756,2.08,4.4876,0.5469,1.647,25001097.7486,959365.7606,890107.583,135755960.7749,5209356.0801
601939.SH,20220804,5.44,5.48,5.43,5.46,5.43,0.03,0.5525,471701.71,257163.673,0.4917,0.9,4.5124,0.5499,1.6561,25001097.7486,959365.7606,890107.583,136505993.7074,5238137.0529
601939.SH,20220805,5.47,5.51,5.45,5.5,5.46,0.04,0.7326,386113.12,211554.148,0.4025,0.68,4.5455,0.5539,1.6683,25001097.7486,959365.7606,890107.583,137506037.6173,5276511.6833
601939.SH,20220808,5.5,5.51,5.48,5.48,5.5,-0.02,-0.3636,272982.44,149871.574,0.2845,0.48,4.5289,0.5519,1.6622,25001097.7486,959365.7606,890107.583,137006015.6623,5257324.3681
601939.SH,20220809,5.48,5.51,5.46,5.49,5.48,0.01,0.1825,301617.39,165719.297,0.3144,0.55,4.5372,0.5529,1.6652,25001097.7486,959365.7606,890107.583,137256026.6398,5266918.0257
601939.SH,20220810,5.5,5.51,5.46,5.46,5.49,-0.03,-0.5464,230357.36,126266.101,0.2401,0.51,4.5124,0.5499,1.6561,25001097.7486,959365.7606,890107.583,136505993.7074,5238137.0529
601939.SH,20220811,5.47,5.51,5.46,5.5,5.46,0.04,0.7326,420695.22,230986.395,0.4385,1.27,4.5455,0.5539,1.6683,25001097.7486,959365.7606,890107.583,137506037.6173,5276511.6833
601939.SH,20220812,5.5,5.52,5.48,5.52,5.5,0.02,0.3636,396041.6,217991.804,0.4128,1.23,4.562,0.556,1.6743,25001097.7486,959365.7606,890107.583,138006059.5723,5295698.9985
601939.SH,20220815,5.5,5.52,5.48,5.48,5.52,-0.04,-0.7246,353850.47,194535.666,0.3688,1.09,4.5289,0.5519,1.6622,25001097.7486,959365.7606,890107.583,137006015.6623,5257324.3681
601939.SH,20220816,5.48,5.51,5.47,5.47,5.48,-0.01,-0.1825,312430.51,171311.803,0.3257,0.92,4.5207,0.5509,1.6592,25001097.7486,959365.7606,890107.583,136756004.6848,5247730.7105
601939.SH,20220817,5.48,5.51,5.46,5.5,5.47,0.03,0.5484,462457.24,253554.316,0.482,1.35,4.5455,0.5539,1.6683,25001097.7486,959365.7606,890107.583,137506037.6173,5276511.6833
601939.SH,20220818,5.49,5.5,5.46,5.47,5.5,-0.03,-0.5455,271626.64,148709.203,0.2831,0.7,4.5207,0.5509,1.6592,25001097.7486,959365.7606,890107.583,136756004.6848,5247730.7105
601939.SH,20220819,5.47,5.49,5.46,5.47,5.47,0.0,0.0,248031.17,135781.123,0.2585,0.69,4.5207,0.5509,1.6592,25001097.7486,959365.7606,890107.583,136756004.6848,5247730.7105
601939.SH,20220822,5.46,5.48,5.45,5.46,5.47,-0.01,-0.1828,316185.58,172873.799,0.3296,0.96,4.5124,0.5499,1.6561,25001097.7486,959365.7606,890107.583,136505993.7074,5238137.0529
601939.SH,20220823,5.46,5.47,5.44,5.44,5.46,-0.02,-0.3663,452665.93,246547.74,0.4718,1.41,4.4959,0.5479,1.6501,25001097.7486,959365.7606,890107.583,136005971.7524,5218949.7377
601939.SH,20220824,5.44,5.46,5.43,5.43,5.44,-0.01,-0.1838,359205.85,195521.786,0.3744,1.03,4.4876,0.5469,1.647,25001097.7486,959365.7606,890107.583,135755960.7749,5209356.0801
601939.SH,20220825,5.44,5.46,5.42,5.45,5.43,0.02,0.3683,359272.56,195366.733,0.3745,1.09,4.5041,0.5489,1.6531,25001097.7486,959365.7606,890107.583,136255982.7299,5228543.3953
601939.SH,20220826,5.46,5.47,5.43,5.47,5.45,0.02,0.367,356882.59,194597.678,0.372,1.03,4.5207,0.5509,1.6592,25001097.7486,959365.7606,890107.583,136756004.6848,5247730.7105
601939.SH,20220829,5.45,5.46,5.43,5.45,5.47,-0.02,-0.3656,308497.15,167958.258,0.3216,0.84,4.5041,0.5489,1.6531,25001097.7486,959365.7606,890107.583,136255982.7299,5228543.3953
601939.SH,20220830,5.45,5.48,5.44,5.47,5.45,0.02,0.367,287079.49,156779.968,0.2992,0.78,4.5207,0.5509,1.6592,25001097.7486,959365.7606,890107.583,136756004.6848,5247730.7105
601939.SH,20220831,5.47,5.53,5.46,5.52,5.47,0.05,0.9141,845095.73,464965.993,0.8809,2.53,4.562,0.5392,1.6743,25001097.7486,959365.7606,890107.583,138006059.5723,5295698.9985
601939.SH,20220901,5.51,5.52,5.49,5.49,5.52,-0.03,-0.5435,247700.44,136219.864,0.2582,0.57,4.5372,0.5363,1.6652,25001097.7486,959365.7606,890107.583,137256026.6398,5266918.0257
601939.SH,20220902,5.49,5.51,5.47,5.48,5.49,-0.01,-0.1821,238357.62,130711.055,0.2485,0.58,4.5289,0.5353,1.6622,25001097.7486,959365.7606,890107.583,137006015.6623,5257324.3681
601939.SH,20220905,5.48,5.5,5.45,5.49,5.48,0.01,0.1825,444471.49,243237.329,0.4633,1.15,4.5372,0.5363,1.6652,25001097.7486,959365.7606,890107.583,137256026.6398,5266918.0257
601939.SH,20220906,5.49,5.53,5.48,5.5,5.49,0.01,0.1821,530735.85,292617.594,0.5532,1.29,4.5455,0.5373,1.6683,25001097.7486,959365.7606,890107.583,137506037.6173,5276511.6833
601939.SH,20220907,5.5,5.51,5.48,5.49,5.5,-0.01,-0.1818,209877.75,115257.375,0.2188,0.45,4.5372,0.5363,1.6652,25001097.7486,959365.7606,890107.583,137256026.6398,5266918.0257
601939.SH,20220908,5.49,5.51,5.48,5.5,5.49,0.01,0.1821,241527.19,132818.708,0.2518,0.72,4.5455,0.5373,1.6683,25001097.7486,959365.7606,890107.583,137506037.6173,5276511.6833
601939.SH,20220909,5.51,5.55,5.5,5.54,5.5,0.04,0.7273,538784.93,298075.878,0.5616,1.62,4.5785,0.5412,1.6804,25001097.7486,959365.7606,890107.583,138506081.5272,5314886.3137
601939.SH,20220913,5.54,5.58,5.51,5.55,5.54,0.01,0.1805,480443.83,266364.587,0.5008,1.22,4.5868,0.5422,1.6834,25001097.7486,959365.7606,890107.583,138756092.5047,5324479.9713
601939.SH,20220914,5.53,5.55,5.51,5.53,5.55,-0.02,-0.3604,357759.01,197866.993,0.3729,0.89,4.5703,0.5402,1.6774,25001097.7486,959365.7606,890107.583,138256070.5498,5305292.6561
601939.SH,20220915,5.55,5.58,5.54,5.57,5.53,0.04,0.7233,577767.63,321357.505,0.6022,1.58,4.6033,0.5441,1.6895,25001097.7486,959365.7606,890107.583,139256114.4597,5343667.2865
601939.SH,20220916,5.55,5.56,5.52,5.52,5.57,-0.05,-0.8977,569206.8,315223.112,0.5933,1.3,4.562,0.5392,1.6743,25001097.7486,959365.7606,890107.583,138006059.5723,5295698.9985
601939.SH,20220919,5.51,5.56,5.5,5.56,5.52,0.04,0.7246,483157.53,267488.517,0.5036,0.96,4.595,0.5431,1.6865,25001097.7486,959365.7606,890107.583,139006103.4822,5334073.6289
601939.SH,20220920,5.56,5.57,5.53,5.55,5.56,-0.01,-0.1799,348380.07,193469.853,0.3631,0.71,4.5868,0.5422,1.6834,25001097.7486,959365.7606,890107.583,138756092.5047,5324479.9713
601939.SH,20220921,5.55,5.58,5.52,5.57,5.55,0.02,0.3604,359160.28,199532.464,0.3744,0.77,4.6033,0.5441,1.6895,25001097.7486,959365.7606,890107.583,139256114.4597,5343667.2865
601939.SH,20220922,5.55,5.58,5.53,5.57,5.57,0.0,0.0,413486.48,229781.393,0.431,0.88,4.6033,0.5441,1.6895,25001097.7486,959365.7606,890107.583,139256114.4597,5343667.2865
601939.SH,20220923,5.55,5.63,5.55,5.62,5.57,0.05,0.8977,839906.66,471081.749,0.8755,1.93,4.6446,0.549,1.7047,25001097.7486,959365.7606,890107.583,140506169.3471,5391635.5746
601939.SH,20220926,5.61,5.62,5.53,5.54,5.62,-0.08,-1.4235,528134.81,294485.378,0.5505,1.08,4.5785,0.5412,1.6804,25001097.7486,959365.7606,890107.583,138506081.5272,5314886.3137
601939.SH,20220927,5.54,5.55,5.51,5.53,5.54,-0.01,-0.1805,317955.26,175680.334,0.3314,0.64,4.5703,0.5402,1.6774,25001097.7486,959365.7606,890107.583,138256070.5498,5305292.6561
601939.SH,20220928,5.54,5.59,5.51,5.57,5.53,0.04,0.7233,560334.95,311311.18,0.5841,1.14,4.6033,0.5441,1.6895,25001097.7486,959365.7606,890107.583,139256114.4597,5343667.2865
601939.SH,20220929,5.57,5.59,5.51,5.51,5.57,-0.06,-1.0772,367970.73,203584.916,0.3836,0.69,4.5537,0.5383,1.6713,25001097.7486,959365.7606,890107.583,137756048.5948,5286105.3409
601939.SH,20220930,5.52,5.56,5.5,5.52,5.51,0.01,0.1815,342096.8,188947.844,0.3566,0.65,4.562,0.5392,1.6743,25001097.7486,959365.7606,890107.583,138006059.5723,5295698.9985
601939.SH,20221010,5.5,5.55,5.5,5.52,5.52,0.0,0.0,517656.0,286196.48,0.5396,1.22,4.562,0.5392,1.6743,25001097.7486,959365.7606,890107.583,138006059.5723,5295698.9985
601939.SH,20221011,5.52,5.53,5.5,5.52,5.52,0.0,0.0,554943.25,306116.703,0.5784,1.32,4.562,0.5392,1.6743,25001097.7486,959365.7606,890107.583,138006059.5723,5295698.9985
601939.SH,20221012,5.52,5.54,5.49,5.54,5.52,0.02,0.3623,494287.25,272563.281,0.5152,1.05,4.5785,0.5412,1.6804,25001097.7486,959365.7606,890107.583,138506081.5272,5314886.3137
601939.SH,20221013,5.53,5.53,5.47,5.5,5.54,-0.04,-0.722,488661.0,268563.401,0.5094,1.07,4.5455,0.5373,1.6683,25001097.7486,959365.7606,890107.583,137506037.6173,5276511.6833
601939.SH,20221014,5.49,5.52,5.48,5.49,5.5,-0.01,-0.1818,530806.64,291790.8,0.5533,1.11,4.5372,0.5363,1.6652,25001097.7486,959365.7606,890107.583,137256026.6398,5266918.0257
601939.SH,20221017,5.49,5.51,5.47,5.5,5.49,0.01,0.1821,406647.56,223239.569,0.4239,0.79,4.5455,0.5373,1.6683,25001097.7486,959365.7606,890107.583,137506037.6173,5276511.6833
601939.SH,20221018,5.5,5.52,5.48,5.5,5.5,0.0,0.0,431939.68,237542.12,0.4502,0.87,4.5455,0.5373,1.6683,25001097.7486,959365.7606,890107.583,137506037.6173,5276511.6833
601939.SH,20221019,5.49,5.51,5.48,5.49,5.5,-0.01,-0.1818,237389.45,130443.044,0.2474,0.5,4.5372,0.5363,1.6652,25001097.7486,959365.7606,890107.583,137256026.6398,5266918.0257
601939.SH,20221020,5.48,5.52,5.48,5.52,5.49,0.03,0.5464,620532.68,341421.967,0.6468,1.48,4.562,0.5392,1.6743,25001097.7486,959365.7606,890107.583,138006059.5723,5295698.9985
601939.SH,20221021,5.51,5.55,5.5,5.54,5.52,0.02,0.3623,541671.91,299582.094,0.5646,1.22,4.5785,0.5412,1.6804,25001097.7486,959365.7606,890107.583,138506081.5272,5314886.3137
601939.SH,20221024,5.53,5.54,5.5,5.51,5.54,-0.03,-0.5415,990859.69,547696.505,1.0328,2.21,4.5537,0.5383,1.6713,25001097.7486,959365.7606,890107.583,137756048.5948,5286105.3409
601939.SH,20221025,5.5,5.52,5.49,5.5,5.51,-0.01,-0.1815,475932.28,261918.992,0.4961,0.84,4.5455,0.5373,1.6683,25001097.7486,959365.7606,890107.583,137506037.6173,5276511.6833
601939.SH,20221026,5.5,5.51,5.44,5.45,5.5,-0.05,-0.9091,701269.95,383907.782,0.731,1.22,4.5041,0.5324,1.6531,25001097.7486,959365.7606,890107.583,136255982.7299,5228543.3953
601939.SH,20221027,5.45,5.45,5.42,5.42,5.45,-0.03,-0.5505,560792.22,304579.201,0.5845,0.84,4.4793,0.5295,1.644,25001097.7486,959365.7606,890107.583,135505949.7974,5199762.4225
601939.SH,20221028,5.42,5.43,5.4,5.42,5.42,0.0,0.0,415457.12,224889.945,0.4331,0.64,4.4793,0.5295,1.644,25001097.7486,959365.7606,890107.583,135505949.7974,5199762.4225
601939.SH,20221031,5.41,5.42,5.32,5.34,5.42,-0.08,-1.476,728171.11,389901.511,0.759,1.16,4.4132,0.5036,1.6197,25001097.7486,959365.7606,890107.583,133505861.9775,5123013.1616
601939.SH,20221101,5.33,5.34,5.22,5.29,5.34,-0.05,-0.9363,1198677.45,631939.327,1.2494,2.08,4.3719,0.4988,1.6046,25001097.7486,959365.7606,890107.583,132255807.0901,5075044.8736
601939.SH,20221102,5.26,5.27,5.18,5.26,5.29,-0.03,-0.5671,713154.25,373073.1,0.7434,0.99,4.3471,0.496,1.5955,25001097.7486,959365.7606,890107.583,131505774.1576,5046263.9008
601939.SH,20221103,5.23,5.25,5.22,5.24,5.26,-0.02,-0.3802,347084.79,181775.846,0.3618,0.48,4.3306,0.4941,1.5894,25001097.7486,959365.7606,890107.583,131005752.2027,5027076.5855
601939.SH,20221104,5.23,5.35,5.23,5.29,5.24,0.05,0.9542,760089.2,402085.147,0.7923,1.12,4.3719,0.4988,1.6046,25001097.7486,959365.7606,890107.583,132255807.0901,5075044.8736
601939.SH,20221107,5.28,5.29,5.25,5.28,5.29,-0.01,-0.189,818673.27,431268.056,0.8533,1.09,4.3636,0.4979,1.6015,25001097.7486,959365.7606,890107.583,132005796.1126,5065451.216
601939.SH,20221108,5.28,5.29,5.23,5.25,5.28,-0.03,-0.5682,670254.02,351629.186,0.6986,0.87,4.3388,0.4951,1.5924,25001097.7486,959365.7606,890107.583,131255763.1802,5036670.2432
601939.SH,20221109,5.25,5.29,5.24,5.27,5.25,0.02,0.381,420386.87,221481.804,0.4382,0.64,4.3554,0.497,1.5985,25001097.7486,959365.7606,890107.583,131755785.1351,5055857.5584
601939.SH,20221110,5.26,5.32,5.24,5.31,5.27,0.04,0.759,474782.55,250702.469,0.4949,0.79,4.3884,0.5007,1.6106,25001097.7486,959365.7606,890107.583,132755829.0451,5094232.1888
601939.SH,20221111,5.32,5.39,5.31,5.37,5.31,0.06,1.1299,855266.08,456721.554,0.8915,1.36,4.438,0.5064,1.6288,25001097.7486,959365.7606,890107.583,134255894.91,5151794.1344
601939.SH,20221114,5.38,5.43,5.38,5.39,5.37,0.02,0.3724,745862.4,402962.656,0.7775,1.15,4.4545,0.5083,1.6349,25001097.7486,959365.7606,890107.583,134755916.865,5170981.4496
601939.SH,20221115,5.38,5.42,5.37,5.39,5.39,0.0,0.0,529095.82,285216.669,0.5515,0.84,4.4545,0.5083,1.6349,25001097.7486,959365.7606,890107.583,134755916.865,5170981.4496
601939.SH,20221116,5.38,5.39,5.36,5.36,5.39,-0.03,-0.5566,319093.85,171278.619,0.3326,0.53,4.4298,0.5054,1.6258,25001097.7486,959365.7606,890107.583,134005883.9325,5142200.4768
601939.SH,20221117,5.36,5.37,5.33,5.34,5.36,-0.02,-0.3731,378833.73,202617.73,0.3949,0.65,4.4132,0.5036,1.6197,25001097.7486,959365.7606,890107.583,133505861.9775,5123013.1616
601939.SH,20221118,5.35,5.41,5.33,5.37,5.34,0.03,0.5618,663933.57,356460.891,0.6921,1.17,4.438,0.5064,1.6288,25001097.7486,959365.7606,890107.583,134255894.91,5151794.1344
601939.SH,20221121,5.36,5.37,5.33,5.36,5.37,-0.01,-0.1862,296403.45,158617.606,0.309,0.56,4.4298,0.5054,1.6258,25001097.7486,959365.7606,890107.583,134005883.9325,5142200.4768
601939.SH,20221122,5.36,5.48,5.36,5.44,5.36,0.08,1.4925,1130588.26,613783.488,1.1785,2.58,4.4959,0.513,1.6501,25001097.7486,959365.7606,890107.583,136005971.7524,5218949.7377
601939.SH,20221123,5.43,5.51,5.43,5.47,5.44,0.03,0.5515,825135.35,452485.755,0.8601,1.48,4.5207,0.5158,1.6592,25001097.7486,959365.7606,890107.583,136756004.6848,5247730.7105
601939.SH,20221124,5.47,5.5,5.44,5.46,5.47,-0.01,-0.1828,355470.11,194150.214,0.3705,0.54,4.5124,0.5149,1.6561,25001097.7486,959365.7606,890107.583,136505993.7074,5238137.0529
601939.SH,20221125,5.45,5.58,5.45,5.56,5.46,0.1,1.8315,1287437.11,713663.216,1.342,1.97,4.595,0.5243,1.6865,25001097.7486,959365.7606,890107.583,139006103.4822,5334073.6289
601939.SH,20221128,5.52,5.56,5.45,5.48,5.56,-0.08,-1.4388,708327.08,388655.063,0.7383,0.91,4.5289,0.5168,1.6622,25001097.7486,959365.7606,890107.583,137006015.6623,5257324.3681
601939.SH,20221129,5.51,5.61,5.5,5.6,5.48,0.12,2.1898,1185416.29,660917.462,1.2356,1.38,4.6281,0.5281,1.6986,25001097.7486,959365.7606,890107.583,140006147.3922,5372448.2594
601939.SH,20221130,5.59,5.63,5.57,5.59,5.6,-0.01,-0.1786,577191.65,322609.562,0.6016,0.66,4.6198,0.5271,1.6956,25001097.7486,959365.7606,890107.583,139756136.4147,5362854.6018
601939.SH,20221201,5.61,5.64,5.5,5.5,5.59,-0.09,-1.61,959238.03,531559.146,0.9999,1.17,4.5455,0.5186,1.6683,25001097.7486,959365.7606,890107.583,137506037.6173,5276511.6833
601939.SH,20221202,5.51,5.54,5.46,5.47,5.5,-0.03,-0.5455,624940.77,342853.652,0.6514,0.66,4.5207,0.5158,1.6592,25001097.7486,959365.7606,890107.583,136756004.6848,5247730.7105
601939.SH,20221205,5.5,5.62,5.5,5.62,5.47,0.15,2.7422,1100970.7,614246.78,1.1476,1.36,4.6446,0.53,1.7047,25001097.7486,959365.7606,890107.583,140506169.3471,5391635.5746
601939.SH,20221206,5.6,5.65,5.57,5.64,5.62,0.02,0.3559,649134.23,364593.763,0.6766,0.73,4.6612,0.5318,1.7107,25001097.7486,959365.7606,890107.583,141006191.3021,5410822.8898
601939.SH,20221207,5.64,5.66,5.59,5.59,5.64,-0.05,-0.8865,707807.64,398258.864,0.7378,0.9,4.6198,0.5271,1.6956,25001097.7486,959365.7606,890107.583,139756136.4147,5362854.6018
601939.SH,20221208,5.6,5.63,5.57,5.62,5.59,0.03,0.5367,404761.07,226947.537,0.4219,0.5,4.6446,0.53,1.7047,25001097.7486,959365.7606,890107.583,140506169.3471,5391635.5746
601939.SH,20221209,5.61,5.64,5.59,5.6,5.62,-0.02,-0.3559,464008.51,260731.725,0.4837,0.67,4.6281,0.5281,1.6986,25001097.7486,959365.7606,890107.583,140006147.3922,5372448.2594
601939.SH,20221212,5.59,5.61,5.54,5.54,5.6,-0.06,-1.0714,502134.46,279653.325,0.5234,0.75,4.5785,0.5224,1.6804,25001097.7486,959365.7606,890107.583,138506081.5272,5314886.3137
601939.SH,20221213,5.54,5.63,5.54,5.63,5.54,0.09,1.6245,634224.53,355579.002,0.6611,1.16,4.6529,0.5309,1.7077,25001097.7486,959365.7606,890107.583,140756180.3246,5401229.2322
601939.SH,20221214,5.63,5.64,5.58,5.61,5.63,-0.02,-0.3552,323833.27,181467.757,0.3375,0.6,4.6364,0.529,1.7016,25001097.7486,959365.7606,890107.583,140256158.3696,5382041.917
601939.SH,20221215,5.58,5.61,5.55,5.56,5.61,-0.05,-0.8913,325156.85,181013.149,0.3389,0.7,4.595,0.5243,1.6865,25001097.7486,959365.7606,890107.583,139006103.4822,5334073.6289
601939.SH,20221216,5.55,5.65,5.55,5.64,5.56,0.08,1.4388,734547.17,412784.227,0.7657,1.63,4.6612,0.5318,1.7107,25001097.7486,959365.7606,890107.583,141006191.3021,5410822.8898
601939.SH,20221219,5.64,5.66,5.57,5.58,5.64,-0.06,-1.0638,446421.5,249823.205,0.4653,0.89,4.6116,0.5262,1.6925,25001097.7486,959365.7606,890107.583,139506125.4372,5353260.9441
601939.SH,20221220,5.57,5.59,5.47,5.48,5.58,-0.1,-1.7921,771303.38,425493.279,0.804,1.57,4.5289,0.5168,1.6622,25001097.7486,959365.7606,890107.583,137006015.6623,5257324.3681
601939.SH,20221221,5.49,5.58,5.48,5.54,5.48,0.06,1.0949,414961.72,229693.853,0.4325,0.8,4.5785,0.5224,1.6804,25001097.7486,959365.7606,890107.583,138506081.5272,5314886.3137
601939.SH,20221222,5.57,5.58,5.51,5.53,5.54,-0.01,-0.1805,305191.16,169163.479,0.3181,0.57,4.5703,0.5215,1.6774,25001097.7486,959365.7606,890107.583,138256070.5498,5305292.6561
601939.SH,20221223,5.52,5.55,5.5,5.53,5.53,0.0,0.0,230140.5,127152.415,0.2399,0.43,4.5703,0.5215,1.6774,25001097.7486,959365.7606,890107.583,138256070.5498,5305292.6561
601939.SH,20221226,5.52,5.54,5.49,5.5,5.53,-0.03,-0.5425,369552.94,203521.461,0.3852,0.85,4.5455,0.5186,1.6683,25001097.7486,959365.7606,890107.583,137506037.6173,5276511.6833
601939.SH,20221227,5.52,5.6,5.51,5.58,5.5,0.08,1.4545,486395.2,270644.938,0.507,1.16,4.6116,0.5262,1.6925,25001097.7486,959365.7606,890107.583,139506125.4372,5353260.9441
601939.SH,20221228,5.57,5.64,5.56,5.61,5.58,0.03,0.5376,594973.15,334116.795,0.6202,1.65,4.6364,0.529,1.7016,25001097.7486,959365.7606,890107.583,140256158.3696,5382041.917
601939.SH,20221229,5.6,5.61,5.57,5.59,5.61,-0.02,-0.3565,539350.71,301270.4,0.5622,1.36,4.6198,0.5271,1.6956,25001097.7486,959365.7606,890107.583,139756136.4147,5362854.6018
601939.SH,20221230,5.62,5.65,5.59,5.63,5.59,0.04,0.7156,402966.14,226544.203,0.42,0.91,4.6529,0.5309,1.7077,25001097.7486,959365.7606,890107.583,140756180.3246,5401229.2322
601939.SH,20230103,5.62,5.63,5.56,5.63,5.63,0.0,0.0,638410.61,357774.931,0.6655,1.33,4.6529,0.5309,1.7077,25001097.7486,959365.7606,890107.583,140756180.3246,5401229.2322
601939.SH,20230104,5.63,5.69,5.62,5.68,5.63,0.05,0.8881,743601.94,421788.927,0.7751,1.4,4.6942,0.5356,1.7229,25001097.7486,959365.7606,890107.583,142006235.212,5449197.5202
601939.SH,20230105,5.7,5.7,5.65,5.68,5.68,0.0,0.0,475140.34,269497.691,0.4953,0.81,4.6942,0.5356,1.7229,25001097.7486,959365.7606,890107.583,142006235.212,5449197.5202
601939.SH,20230106,5.67,5.69,5.63,5.67,5.68,-0.01,-0.1761,530219.15,299989.173,0.5527,0.95,4.686,0.5347,1.7198,25001097.7486,959365.7606,890107.583,141756224.2346,5439603.8626
601939.SH,20230109,5.66,5.67,5.62,5.63,5.67,-0.04,-0.7055,470806.65,265539.985,0.4907,0.84,4.6529,0.5309,1.7077,25001097.7486,959365.7606,890107.583,140756180.3246,5401229.2322
601939.SH,20230110,5.64,5.64,5.59,5.6,5.63,-0.03,-0.5329,323418.9,181423.01,0.3371,0.57,4.6281,0.5281,1.6986,25001097.7486,959365.7606,890107.583,140006147.3922,5372448.2594
601939.SH,20230111,5.6,5.65,5.59,5.64,5.6,0.04,0.7143,365487.94,205423.277,0.381,0.72,4.6612,0.5318,1.7107,25001097.7486,959365.7606,890107.583,141006191.3021,5410822.8898
601939.SH,20230112,5.64,5.64,5.59,5.61,5.64,-0.03,-0.5319,429281.14,240513.62,0.4475,0.99,4.6364,0.529,1.7016,25001097.7486,959365.7606,890107.583,140256158.3696,5382041.917
601939.SH,20230113,5.6,5.64,5.59,5.64,5.61,0.03,0.5348,356085.11,200549.962,0.3712,0.84,4.6612,0.5318,1.7107,25001097.7486,959365.7606,890107.583,141006191.3021,5410822.8898
601939.SH,20230116,5.65,5.67,5.61,5.62,5.64,-0.02,-0.3546,587672.84,331312.426,0.6126,1.51,4.6446,0.53,1.7047,25001097.7486,959365.7606,890107.583,140506169.3471,5391635.5746
601939.SH,20230117,5.63,5.63,5.59,5.6,5.62,-0.02,-0.3559,474801.03,266088.435,0.4949,1.15,4.6281,0.5281,1.6986,25001097.7486,959365.7606,890107.583,140006147.3922,5372448.2594
601939.SH,20230118,5.61,5.63,5.6,5.61,5.6,0.01,0.1786,348624.9,195892.205,0.3634,0.79,4.6364,0.529,1.7016,25001097.7486,959365.7606,890107.583,140256158.3696,5382041.917
601939.SH,20230119,5.62,5.63,5.59,5.62,5.61,0.01,0.1783,356398.83,199894.92,0.3715,0.81,4.6446,0.53,1.7047,25001097.7486,959365.7606,890107.583,140506169.3471,5391635.5746
601939.SH,20230120,5.63,5.64,5.61,5.63,5.62,0.01,0.1779,309036.2,173864.586,0.3221,0.73,4.6529,0.5309,1.7077,25001097.7486,959365.7606,890107.583,140756180.3246,5401229.2322
601939.SH,20230130,5.66,5.67,5.62,5.63,5.63,0.0,0.0,507950.81,286525.713,0.5295,1.22,4.6529,0.5309,1.7077,25001097.7486,959365.7606,890107.583,140756180.3246,5401229.2322
601939.SH,20230131,5.64,5.64,5.61,5.61,5.63,-0.02,-0.3552,457899.27,257564.573,0.4773,1.15,4.6364,0.529,1.7016,25001097.7486,959365.7606,890107.583,140256158.3696,5382041.917
601939.SH,20230201,5.61,5.63,5.59,5.62,5.61,0.01,0.1783,498116.67,279299.372,0.5192,1.26,4.6446,0.53,1.7047,25001097.7486,959365.7606,890107.583,140506169.3471,5391635.5746
601939.SH,20230202,5.62,5.63,5.59,5.61,5.62,-0.01,-0.1779,461618.26,258787.996,0.4812,1.08,4.6364,0.529,1.7016,25001097.7486,959365.7606,890107.583,140256158.3696,5382041.917
601939.SH,20230203,5.6,5.61,5.58,5.6,5.61,-0.01,-0.1783,581126.35,325173.173,0.6057,1.3,4.6281,0.5281,1.6986,25001097.7486,959365.7606,890107.583,140006147.3922,5372448.2594
601939.SH,20230206,5.6,5.6,5.57,5.59,5.6,-0.01,-0.1786,470606.01,262932.891,0.4905,0.94,4.6198,0.5271,1.6956,25001097.7486,959365.7606,890107.583,139756136.4147,5362854.6018
601939.SH,20230207,5.6,5.61,5.58,5.59,5.59,0.0,0.0,230403.39,128935.14,0.2402,0.47,4.6198,0.5271,1.6956,25001097.7486,959365.7606,890107.583,139756136.4147,5362854.6018
601939.SH,20230208,5.6,5.61,5.58,5.59,5.59,0.0,0.0,237865.5,133008.557,0.2479,0.53,4.6198,0.5271,1.6956,25001097.7486,959365.7606,890107.583,139756136.4147,5362854.6018
601939.SH,20230209,5.59,5.61,5.58,5.61,5.59,0.02,0.3578,292777.68,163936.539,0.3052,0.74,4.6364,0.529,1.7016,25001097.7486,959365.7606,890107.583,140256158.3696,5382041.917
601939.SH,20230210,5.61,5.61,5.58,5.61,5.61,0.0,0.0,335021.47,187585.965,0.3492,0.92,4.6364,0.529,1.7016,25001097.7486,959365.7606,890107.583,140256158.3696,5382041.917
601939.SH,20230213,5.6,5.61,5.57,5.59,5.61,-0.02,-0.3565,449789.68,251166.542,0.4688,1.44,4.6198,0.5271,1.6956,25001097.7486,959365.7606,890107.583,139756136.4147,5362854.6018
601939.SH,20230214,5.59,5.6,5.58,5.6,5.59,0.01,0.1789,269171.78,150517.969,0.2806,0.87,4.6281,0.5281,1.6986,25001097.7486,959365.7606,890107.583,140006147.3922,5372448.2594
601939.SH,20230215,5.6,5.6,5.57,5.57,5.6,-0.03,-0.5357,468514.32,261442.918,0.4884,1.48,4.6033,0.5252,1.6895,25001097.7486,959365.7606,890107.583,139256114.4597,5343667.2865
601939.SH,20230216,5.58,5.59,5.56,5.57,5.57,0.0,0.0,481289.47,268428.843,0.5017,1.33,4.6033,0.5252,1.6895,25001097.7486,959365.7606,890107.583,139256114.4597,5343667.2865
601939.SH,20230217,5.57,5.59,5.56,5.56,5.57,-0.01,-0.1795,535122.86,298027.643,0.5578,1.34,4.595,0.5243,1.6865,25001097.7486,959365.7606,890107.583,139006103.4822,5334073.6289
601939.SH,20230220,5.56,5.62,5.56,5.62,5.56,0.06,1.0791,521611.05,291993.756,0.5437,1.18,4.6446,0.53,1.7047,25001097.7486,959365.7606,890107.583,140506169.3471,5391635.5746
601939.SH,20230221,5.62,5.65,5.6,5.64,5.62,0.02,0.3559,574508.68,323433.325,0.5988,1.26,4.6612,0.5318,1.7107,25001097.7486,959365.7606,890107.583,141006191.3021,5410822.8898
601939.SH,20230222,5.64,5.64,5.62,5.62,5.64,-0.02,-0.3546,319031.59,179640.285,0.3325,0.62,4.6446,0.53,1.7047,25001097.7486,959365.7606,890107.583,140506169.3471,5391635.5746
601939.SH,20230223,5.63,5.65,5.61,5.61,5.62,-0.01,-0.1779,270867.68,152418.636,0.2823,0.56,4.6364,0.529,1.7016,25001097.7486,959365.7606,890107.583,140256158.3696,5382041.917
601939.SH,20230224,5.62,5.63,5.6,5.6,5.61,-0.01,-0.1783,350855.86,196894.432,0.3657,0.79,4.6281,0.5281,1.6986,25001097.7486,959365.7606,890107.583,140006147.3922,5372448.2594
601939.SH,20230227,5.6,5.61,5.59,5.59,5.6,-0.01,-0.1786,296087.85,165841.917,0.3086,0.73,4.6198,0.5271,1.6956,25001097.7486,959365.7606,890107.583,139756136.4147,5362854.6018
601939.SH,20230228,5.6,5.64,5.59,5.64,5.59,0.05,0.8945,349951.06,196505.114,0.3648,0.97,4.6612,0.5318,1.7107,25001097.7486,959365.7606,890107.583,141006191.3021,5410822.8898
601939.SH,20230301,5.64,5.66,5.62,5.64,5.64,0.0,0.0,572095.47,322756.896,0.5963,1.8,4.6612,0.5318,1.7107,25001097.7486,959365.7606,890107.583,141006191.3021,5410822.8898
601939.SH,20230302,5.63,5.68,5.62,5.67,5.64,0.03,0.5319,594444.76,336612.022,0.6196,1.62,4.686,0.5347,1.7198,25001097.7486,959365.7606,890107.583,141756224.2346,5439603.8626
601939.SH,20230303,5.68,5.85,5.67,5.83,5.67,0.16,2.8219,1667667.85,961111.831,1.7383,3.85,4.8182,0.5498,1.7684,25001097.7486,959365.7606,890107.583,145756399.8743,5593102.3843
601939.SH,20230306,5.84,5.92,5.8,5.81,5.83,-0.02,-0.3431,1312136.53,766636.204,1.3677,1.89,4.8017,0.5479,1.7623,25001097.7486,959365.7606,890107.583,145256377.9194,5573915.0691
601939.SH,20230307,5.81,6.09,5.8,5.86,5.81,0.05,0.8606,2987903.28,1780471.204,3.1145,3.32,4.843,0.5526,1.7775,25001097.7486,959365.7606,890107.583,146506432.8068,5621883.3571
601939.SH,20230308,5.86,5.9,5.79,5.86,5.86,0.0,0.0,1199397.55,698707.579,1.2502,0.84,4.843,0.5526,1.7775,25001097.7486,959365.7606,890107.583,146506432.8068,5621883.3571
601939.SH,20230309,5.86,5.9,5.82,5.83,5.86,-0.03,-0.5119,940397.82,550993.139,0.9802,0.61,4.8182,0.5498,1.7684,25001097.7486,959365.7606,890107.583,145756399.8743,5593102.3843
601939.SH,20230310,5.8,5.81,5.76,5.76,5.83,-0.07,-1.2007,874599.54,505537.899,0.9116,0.54,4.7603,0.5432,1.7471,25001097.7486,959365.7606,890107.583,144006323.0319,5525946.7811
601939.SH,20230313,5.74,5.84,5.73,5.83,5.76,0.07,1.2153,734279.25,425579.746,0.7654,0.5,4.8182,0.5498,1.7684,25001097.7486,959365.7606,890107.583,145756399.8743,5593102.3843
601939.SH,20230314,5.81,5.88,5.79,5.83,5.83,0.0,0.0,696970.13,406251.235,0.7265,0.52,4.8182,0.5498,1.7684,25001097.7486,959365.7606,890107.583,145756399.8743,5593102.3843
601939.SH,20230315,5.87,5.96,5.82,5.95,5.83,0.12,2.0583,990686.62,585130.72,1.0326,1.11,4.9174,0.5611,1.8048,25001097.7486,959365.7606,890107.583,148756531.6042,5708226.2756
601939.SH,20230316,5.91,6.05,5.91,5.99,5.95,0.04,0.6723,1582362.94,951289.317,1.6494,1.87,4.9504,0.5649,1.8169,25001097.7486,959365.7606,890107.583,149756575.5141,5746600.906
601939.SH,20230317,6.02,6.07,5.96,6.02,5.99,0.03,0.5008,1354225.82,814731.01,1.4116,1.39,4.9752,0.5677,1.826,25001097.7486,959365.7606,890107.583,150506608.4466,5775381.8788
601939.SH,20230320,6.02,6.1,6.01,6.02,6.02,0.0,0.0,1352844.68,818484.068,1.4101,1.26,4.9752,0.5677,1.826,25001097.7486,959365.7606,890107.583,150506608.4466,5775381.8788
601939.SH,20230321,6.02,6.06,5.91,5.94,6.02,-0.08,-1.3289,982639.53,585434.771,1.0243,0.82,4.9091,0.5601,1.8017,25001097.7486,959365.7606,890107.583,148506520.6267,5698632.618
601939.SH,20230322,5.94,6.04,5.93,6.03,5.94,0.09,1.5152,873402.07,524400.275,0.9104,0.7,4.9835,0.5686,1.829,25001097.7486,959365.7606,890107.583,150756619.4241,5784975.5364
601939.SH,20230323,6.01,6.09,6.0,6.06,6.03,0.03,0.4975,851788.44,515762.937,0.8879,0.69,5.0083,0.5715,1.8381,25001097.7486,959365.7606,890107.583,151506652.3565,5813756.5092
601939.SH,20230324,6.06,6.06,5.97,5.99,6.06,-0.07,-1.1551,655671.79,393521.74,0.6834,0.61,4.9504,0.5649,1.8169,25001097.7486,959365.7606,890107.583,149756575.5141,5746600.906
601939.SH,20230327,5.97,6.01,5.88,5.94,5.99,-0.05,-0.8347,906813.53,536630.145,0.9452,0.96,4.9091,0.5601,1.8017,25001097.7486,959365.7606,890107.583,148506520.6267,5698632.618
601939.SH,20230328,5.94,6.0,5.91,5.95,5.94,0.01,0.1684,554544.23,330653.383,0.578,0.65,4.9174,0.5611,1.8048,25001097.7486,959365.7606,890107.583,148756531.6042,5708226.2756
601939.SH,20230329,5.98,6.0,5.94,5.94,5.95,-0.01,-0.1681,579034.78,345423.431,0.6036,0.75,4.9091,0.5601,1.8017,25001097.7486,959365.7606,890107.583,148506520.6267,5698632.618
601939.SH,20230330,5.96,6.05,5.92,5.96,5.94,0.02,0.3367,884680.81,528193.415,0.9222,1.25,4.6009,0.5485,1.8117,25001097.7486,959365.7606,890107.583,149006542.5817,5717819.9332
601939.SH,20230331,5.98,6.01,5.91,5.94,5.96,-0.02,-0.3356,810493.97,483480.541,0.8448,1.13,4.5855,0.5466,1.8056,25001097.7486,959365.7606,890107.583,148506520.6267,5698632.618
601939.SH,20230403,5.93,5.97,5.91,5.95,5.94,0.01,0.1684,676190.45,401840.025,0.7048,0.91,4.5932,0.5476,1.8086,25001097.7486,959365.7606,890107.583,148756531.6042,5708226.2756
601939.SH,20230404,5.95,6.05,5.94,6.05,5.95,0.1,1.6807,1066994.48,642696.036,1.1122,1.52,4.6704,0.5568,1.839,25001097.7486,959365.7606,890107.583,151256641.379,5804162.8516
601939.SH,20230406,6.04,6.08,6.02,6.04,6.05,-0.01,-0.1653,587063.38,355272.995,0.6119,0.73,4.6627,0.5558,1.836,25001097.7486,959365.7606,890107.583,151006630.4015,5794569.194
601939.SH,20230407,6.04,6.06,6.02,6.06,6.04,0.02,0.3311,446970.65,270250.921,0.4659,0.56,4.6781,0.5577,1.8421,25001097.7486,959365.7606,890107.583,151506652.3565,5813756.5092
601939.SH,20230410,6.06,6.07,6.0,6.05,6.06,-0.01,-0.165,574408.69,346940.839,0.5987,0.8,4.6704,0.5568,1.839,25001097.7486,959365.7606,890107.583,151256641.379,5804162.8516
601939.SH,20230411,6.07,6.08,6.03,6.07,6.05,0.02,0.3306,533176.67,323145.327,0.5558,0.8,4.6859,0.5586,1.8451,25001097.7486,959365.7606,890107.583,151756663.334,5823350.1668
601939.SH,20230412,6.07,6.17,6.06,6.16,6.07,0.09,1.4827,1329337.25,815954.68,1.3856,2.07,4.7553,0.5669,1.8725,25001097.7486,959365.7606,890107.583,154006762.1314,5909693.0853
601939.SH,20230413,6.14,6.24,6.12,6.2,6.16,0.04,0.6494,1201556.23,743649.419,1.2524,1.73,4.7862,0.5706,1.8846,25001097.7486,959365.7606,890107.583,155006806.0413,5948067.7157
601939.SH,20230414,6.18,6.22,6.13,6.19,6.2,-0.01,-0.1613,800666.6,494304.148,0.8346,0.98,4.7785,0.5696,1.8816,25001097.7486,959365.7606,890107.583,154756795.0638,5938474.0581
601939.SH,20230417,6.19,6.32,6.17,6.3,6.19,0.11,1.7771,1171106.24,733412.702,1.2207,1.32,4.8634,0.5798,1.915,25001097.7486,959365.7606,890107.583,157506915.8162,6044004.2918
601939.SH,20230418,6.29,6.39,6.28,6.33,6.3,0.03,0.4762,1053048.33,666633.399,1.0977,1.05,4.8866,0.5825,1.9242,25001097.7486,959365.7606,890107.583,158256948.7486,6072785.2646
601939.SH,20230419,6.33,6.4,6.3,6.33,6.33,0.0,0.0,1099113.87,697277.337,1.1457,0.99,4.8866,0.5825,1.9242,25001097.7486,959365.7606,890107.583,158256948.7486,6072785.2646
601939.SH,20230420,6.33,6.35,6.25,6.31,6.33,-0.02,-0.316,1031272.8,648866.706,1.075,0.97,4.8711,0.5807,1.9181,25001097.7486,959365.7606,890107.583,157756926.7937,6053597.9494
601939.SH,20230421,6.31,6.36,6.24,6.26,6.31,-0.05,-0.7924,1107240.33,698287.101,1.1541,1.07,4.8325,0.5761,1.9029,25001097.7486,959365.7606,890107.583,156506871.9062,6005629.6614
601939.SH,20230424,6.26,6.32,6.24,6.28,6.26,0.02,0.3195,1275829.48,802312.623,1.3299,1.17,4.848,0.5779,1.909,25001097.7486,959365.7606,890107.583,157006893.8612,6024816.9766
601939.SH,20230425,6.28,6.43,6.27,6.38,6.28,0.1,1.5924,2001053.6,1273275.598,2.0858,1.8,4.9252,0.5871,1.9394,25001097.7486,959365.7606,890107.583,159507003.6361,6120753.5526
601939.SH,20230426,6.37,6.4,6.2,6.35,6.38,-0.03,-0.4702,1537297.25,967889.535,1.6024,1.18,4.902,0.5844,1.9302,25001097.7486,959365.7606,890107.583,158756970.7036,6091972.5798
601939.SH,20230427,6.33,6.36,6.26,6.32,6.35,-0.03,-0.4724,1688904.9,1066547.838,1.7604,1.21,4.8789,0.5816,1.9211,25001097.7486,959365.7606,890107.583,158006937.7712,6063191.607
601939.SH,20230428,6.32,6.36,6.25,6.31,6.32,-0.01,-0.1582,1140230.82,718337.418,1.1885,0.75,4.8711,0.5807,1.9181,25001097.7486,959365.7606,890107.583,157756926.7937,6053597.9494
601939.SH,20230504,6.27,6.59,6.23,6.55,6.31,0.24,3.8035,3161583.16,2046553.081,3.2955,2.07,5.0564,0.5844,1.991,25001097.7486,959365.7606,890107.583,163757190.2533,6283845.7319
601939.SH,20230505,6.57,6.78,6.56,6.68,6.55,0.13,1.9847,2614636.59,1744346.411,2.7254,1.37,5.1568,0.596,2.0306,25001097.7486,959365.7606,890107.583,167007332.9606,6408563.2808
601939.SH,20230508,6.71,7.26,6.69,7.03,6.68,0.35,5.2395,5044390.27,3528247.748,5.258,2.49,5.4269,0.6272,2.1369,25001097.7486,959365.7606,890107.583,175757717.1727,6744341.297
601939.SH,20230509,7.19,7.28,6.93,6.99,7.03,-0.04,-0.569,3672625.44,2601258.199,3.8282,1.35,5.3961,0.6236,2.1248,25001097.7486,959365.7606,890107.583,174757673.2627,6705966.6666
601939.SH,20230510,6.99,7.0,6.57,6.62,6.99,-0.37,-5.2933,2747233.22,1838980.247,2.8636,0.88,5.1104,0.5906,2.0123,25001097.7486,959365.7606,890107.583,165507267.0957,6351001.3352
601939.SH,20230511,6.64,6.69,6.52,6.54,6.62,-0.08,-1.2085,1513529.5,996186.278,1.5776,0.44,5.0487,0.5835,1.988,25001097.7486,959365.7606,890107.583,163507179.2758,6274252.0743
601939.SH,20230512,6.51,6.6,6.39,6.51,6.54,-0.03,-0.4587,1472759.48,957159.736,1.5351,0.47,5.0255,0.5808,1.9789,25001097.7486,959365.7606,890107.583,162757146.3434,6245471.1015
601939.SH,20230515,6.48,6.64,6.35,6.62,6.51,0.11,1.6897,1909706.31,1237666.989,1.9906,0.66,5.1104,0.5906,2.0123,25001097.7486,959365.7606,890107.583,165507267.0957,6351001.3352
601939.SH,20230516,6.63,6.89,6.6,6.65,6.62,0.03,0.4532,1512084.72,1018661.103,1.5761,0.67,5.1336,0.5933,2.0214,25001097.7486,959365.7606,890107.583,166257300.0282,6379782.308
601939.SH,20230517,6.62,6.65,6.53,6.58,6.65,-0.07,-1.0526,752383.26,495220.854,0.7843,0.41,5.0796,0.587,2.0002,25001097.7486,959365.7606,890107.583,164507223.1858,6312626.7047
601939.SH,20230518,6.62,6.82,6.61,6.72,6.58,0.14,2.1277,1320061.21,887420.166,1.376,0.92,5.1876,0.5995,2.0427,25001097.7486,959365.7606,890107.583,168007376.8706,6446937.9112
601939.SH,20230519,6.7,6.74,6.58,6.65,6.72,-0.07,-1.0417,917832.97,610966.794,0.9567,0.66,5.1336,0.5933,2.0214,25001097.7486,959365.7606,890107.583,166257300.0282,6379782.308
601939.SH,20230522,6.62,6.8,6.62,6.69,6.65,0.04,0.6015,993151.31,667131.901,1.0352,0.77,5.1645,0.5969,2.0336,25001097.7486,959365.7606,890107.583,167257343.9381,6418156.9384
601939.SH,20230523,6.66,6.73,6.46,6.5,6.69,-0.19,-2.8401,1542087.16,1008265.159,1.6074,1.4,5.0178,0.5799,1.9758,25001097.7486,959365.7606,890107.583,162507135.3659,6235877.4439
601939.SH,20230524,6.51,6.51,6.27,6.3,6.5,-0.2,-3.0769,1861945.43,1179579.896,1.9408,1.68,4.8634,0.5621,1.915,25001097.7486,959365.7606,890107.583,157506915.8162,6044004.2918
601939.SH,20230525,6.27,6.3,6.15,6.21,6.3,-0.09,-1.4286,1466686.85,909715.702,1.5288,1.11,4.7939,0.554,1.8877,25001097.7486,959365.7606,890107.583,155256817.0188,5957661.3733
601939.SH,20230526,6.21,6.39,6.18,6.35,6.21,0.14,2.2544,909237.88,572038.262,0.9477,0.67,4.902,0.5665,1.9302,25001097.7486,959365.7606,890107.583,158756970.7036,6091972.5798
601939.SH,20230529,6.36,6.53,6.34,6.49,6.35,0.14,2.2047,1078196.79,695802.73,1.1239,0.8,5.0101,0.579,1.9728,25001097.7486,959365.7606,890107.583,162257124.3884,6226283.7863
601939.SH,20230530,6.49,6.51,6.38,6.46,6.49,-0.03,-0.4622,697530.4,448889.663,0.7271,0.51,4.9869,0.5763,1.9637,25001097.7486,959365.7606,890107.583,161507091.456,6197502.8135
601939.SH,20230531,6.42,6.47,6.37,6.4,6.46,-0.06,-0.9288,467415.87,299502.96,0.4872,0.39,4.9406,0.571,1.9454,25001097.7486,959365.7606,890107.583,160007025.591,6139940.8678
601939.SH,20230601,6.39,6.44,6.29,6.38,6.4,-0.02,-0.3125,711494.01,452474.051,0.7416,0.77,4.9252,0.5692,1.9394,25001097.7486,959365.7606,890107.583,159507003.6361,6120753.5526
601939.SH,20230602,6.36,6.42,6.32,6.34,6.38,-0.04,-0.627,682200.12,432956.393,0.7111,0.88,4.8943,0.5656,1.9272,25001097.7486,959365.7606,890107.583,158506959.7261,6082378.9222
601939.SH,20230605,6.35,6.51,6.34,6.49,6.34,0.15,2.3659,858219.7,553097.034,0.8946,1.18,5.0101,0.579,1.9728,25001097.7486,959365.7606,890107.583,162257124.3884,6226283.7863
601939.SH,20230606,6.47,6.59,6.45,6.48,6.49,-0.01,-0.1541,789181.14,515579.204,0.8226,1.15,5.0024,0.5781,1.9698,25001097.7486,959365.7606,890107.583,162007113.4109,6216690.1287
601939.SH,20230607,6.49,6.59,6.48,6.58,6.48,0.1,1.5432,807650.27,528652.016,0.8419,1.15,5.0796,0.587,2.0002,25001097.7486,959365.7606,890107.583,164507223.1858,6312626.7047
601939.SH,20230608,6.58,6.7,6.53,6.65,6.58,0.07,1.0638,922746.56,612184.99,0.9618,1.2,5.1336,0.5933,2.0214,25001097.7486,959365.7606,890107.583,166257300.0282,6379782.308
601939.SH,20230609,6.65,6.66,6.57,6.58,6.65,-0.07,-1.0526,903233.63,596304.808,0.9415,1.11,5.0796,0.587,2.0002,25001097.7486,959365.7606,890107.583,164507223.1858,6312626.7047
601939.SH,20230612,6.6,6.6,6.45,6.48,6.58,-0.1,-1.5198,1028721.11,668040.33,1.0723,1.2,5.0024,0.5781,1.9698,25001097.7486,959365.7606,890107.583,162007113.4109,6216690.1287
601939.SH,20230613,6.46,6.53,6.45,6.51,6.48,0.03,0.463,668169.9,434193.033,0.6965,0.75,5.0255,0.5808,1.9789,25001097.7486,959365.7606,890107.583,162757146.3434,6245471.1015
601939.SH,20230614,6.51,6.56,6.33,6.34,6.51,-0.17,-2.6114,1518966.11,974878.866,1.5833,1.75,4.8943,0.5656,1.9272,25001097.7486,959365.7606,890107.583,158506959.7261,6082378.9222
601939.SH,20230615,6.35,6.4,6.32,6.36,6.34,0.02,0.3155,1014598.41,645012.684,1.0576,1.01,4.9097,0.5674,1.9333,25001097.7486,959365.7606,890107.583,159006981.6811,6101566.2374
601939.SH,20230616,6.37,6.38,6.3,6.3,6.36,-0.06,-0.9434,1025021.29,648734.948,1.0684,1.0,4.8634,0.5621,1.915,25001097.7486,959365.7606,890107.583,157506915.8162,6044004.2918
601939.SH,20230619,6.31,6.32,6.22,6.23,6.3,-0.07,-1.1111,868504.63,541990.147,0.9053,0.83,4.8094,0.5558,1.8938,25001097.7486,959365.7606,890107.583,155756838.9738,5976848.6885
601939.SH,20230620,6.22,6.24,6.15,6.16,6.23,-0.07,-1.1236,908712.48,562354.185,0.9472,0.89,4.7553,0.5496,1.8725,25001097.7486,959365.7606,890107.583,154006762.1314,5909693.0853
601939.SH,20230621,6.16,6.33,6.13,6.22,6.16,0.06,0.974,1029023.02,643113.751,1.0726,0.96,4.8017,0.5549,1.8907,25001097.7486,959365.7606,890107.583,155506827.9963,5967255.0309
601939.SH,20230626,6.22,6.23,6.12,6.14,6.22,-0.08,-1.2862,890705.91,548197.393,0.9284,0.92,4.7399,0.5478,1.8664,25001097.7486,959365.7606,890107.583,153506740.1764,5890505.7701
601939.SH,20230627,6.14,6.25,6.13,6.24,6.14,0.1,1.6287,640735.16,397504.014,0.6679,0.68,4.8171,0.5567,1.8968,25001097.7486,959365.7606,890107.583,156006849.9513,5986442.3461
601939.SH,20230628,6.24,6.27,6.2,6.2,6.24,-0.04,-0.641,450040.78,280193.348,0.4691,0.52,4.7862,0.5531,1.8846,25001097.7486,959365.7606,890107.583,155006806.0413,5948067.7157
601939.SH,20230629,6.21,6.24,6.17,6.2,6.2,0.0,0.0,604053.87,375302.805,0.6296,0.77,4.7862,0.5531,1.8846,25001097.7486,959365.7606,890107.583,155006806.0413,5948067.7157
601939.SH,20230630,6.23,6.27,6.18,6.26,6.2,0.06,0.9677,590814.31,368503.402,0.6158,0.82,4.8325,0.5585,1.9029,25001097.7486,959365.7606,890107.583,156506871.9062,6005629.6614
601939.SH,20230703,6.26,6.37,6.24,6.34,6.26,0.08,1.278,853640.25,538526.328,0.8898,1.34,4.8943,0.5656,1.9272,25001097.7486,959365.7606,890107.583,158506959.7261,6082378.9222
601939.SH,20230704,6.32,6.35,6.27,6.28,6.34,-0.06,-0.9464,583317.07,367230.953,0.608,0.93,4.848,0.5603,1.909,25001097.7486,959365.7606,890107.583,157006893.8612,6024816.9766
601939.SH,20230705,6.27,6.29,6.23,6.26,6.28,-0.02,-0.3185,509349.92,318458.439,0.5309,0.83,4.8325,0.5585,1.9029,25001097.7486,959365.7606,890107.583,156506871.9062,6005629.6614
601939.SH,20230706,6.24,6.28,6.19,6.2,6.26,-0.06,-0.9585,670112.83,416773.373,0.6985,1.07,4.7862,0.5531,1.8846,25001097.7486,959365.7606,890107.583,155006806.0413,5948067.7157
601939.SH,20230707,6.19,6.25,6.18,6.19,6.2,-0.01,-0.1613,654046.31,406127.638,0.6817,1.02,4.7785,0.5522,1.8816,25001097.7486,959365.7606,890107.583,154756795.0638,5938474.0581
601939.SH,20230710,6.22,6.24,6.19,6.22,6.19,0.03,0.4847,434008.93,269676.409,0.4524,0.66,4.8017,0.5549,1.8907,25001097.7486,959365.7606,890107.583,155506827.9963,5967255.0309
601939.SH,20230711,6.22,6.29,6.21,6.29,6.22,0.07,1.1254,674966.49,422790.312,0.7036,1.18,4.8557,0.5612,1.912,25001097.7486,959365.7606,890107.583,157256904.8387,6034410.6342
601939.SH,20230712,6.29,6.34,6.24,6.24,6.29,-0.05,-0.7949,988387.73,621335.499,1.0303,1.68,4.8171,0.5567,1.8968,25001097.7486,959365.7606,890107.583,156006849.9513,5986442.3461
601939.SH,20230713,6.28,6.4,6.26,6.38,6.24,0.14,2.2436,1580876.57,1002327.845,1.6478,2.31,4.9252,0.5692,1.9394,25001097.7486,959365.7606,890107.583,159507003.6361,6120753.5526
601939.SH,20230714,6.03,6.04,5.92,5.96,5.99,-0.03,-0.5008,1523854.67,909437.478,1.5884,1.76,4.6009,0.5508,1.8117,25001097.7486,959365.7606,890107.583,149006542.5817,5717819.9332
601939.SH,20230717,5.96,5.96,5.88,5.91,5.96,-0.05,-0.8389,900586.4,531432.249,0.9387,0.87,4.5623,0.5462,1.7965,25001097.7486,959365.7606,890107.583,147756487.6942,5669851.6451
601939.SH,20230718,5.93,5.93,5.86,5.88,5.91,-0.03,-0.5076,549101.87,323195.33,0.5724,0.48,4.5392,0.5435,1.7874,25001097.7486,959365.7606,890107.583,147006454.7618,5641070.6723
601939.SH,20230719,5.87,5.9,5.85,5.89,5.88,0.01,0.1701,476447.13,279573.258,0.4966,0.43,4.5469,0.5444,1.7904,25001097.7486,959365.7606,890107.583,147256465.7393,5650664.3299
601939.SH,20230720,5.89,5.95,5.89,5.91,5.89,0.02,0.3396,654226.03,387123.207,0.6819,0.65,4.5623,0.5462,1.7965,25001097.7486,959365.7606,890107.583,147756487.6942,5669851.6451
601939.SH,20230721,5.9,5.93,5.88,5.9,5.91,-0.01,-0.1692,426123.08,251631.757,0.4442,0.52,4.5546,0.5453,1.7935,25001097.7486,959365.7606,890107.583,147506476.7167,5660257.9875
601939.SH,20230724,5.9,5.91,5.87,5.88,5.9,-0.02,-0.339,392238.55,230768.083,0.4089,0.65,4.5392,0.5435,1.7874,25001097.7486,959365.7606,890107.583,147006454.7618,5641070.6723
601939.SH,20230725,5.89,5.98,5.89,5.98,5.88,0.1,1.7007,759922.14,451693.648,0.7921,1.52,4.6164,0.5527,1.8178,25001097.7486,959365.7606,890107.583,149506564.5366,5737007.2484
601939.SH,20230726,5.98,5.98,5.93,5.94,5.98,-0.04,-0.6689,471241.84,280198.904,0.4912,0.87,4.5855,0.549,1.8056,25001097.7486,959365.7606,890107.583,148506520.6267,5698632.618
601939.SH,20230727,5.95,6.08,5.93,6.05,5.94,0.11,1.8519,1082811.04,652782.975,1.1287,2.0,4.6704,0.5592,1.839,25001097.7486,959365.7606,890107.583,151256641.379,5804162.8516
601939.SH,20230728,6.03,6.2,6.01,6.15,6.05,0.1,1.6529,963443.79,590264.864,1.0043,1.54,4.7476,0.5684,1.8694,25001097.7486,959365.7606,890107.583,153756751.1539,5900099.4277
601939.SH,20230731,6.18,6.27,6.1,6.16,6.15,0.01,0.1626,1039600.83,641212.897,1.0836,1.42,4.7553,0.5693,1.8725,25001097.7486,959365.7606,890107.583,154006762.1314,5909693.0853
601939.SH,20230801,6.14,6.21,6.11,6.17,6.16,0.01,0.1623,614461.33,378643.004,0.6405,0.71,4.7631,0.5703,1.8755,25001097.7486,959365.7606,890107.583,154256773.1089,5919286.7429
601939.SH,20230802,6.11,6.13,5.98,5.99,6.17,-0.18,-2.9173,1438276.3,867993.361,1.4992,1.72,4.6241,0.5536,1.8208,25001097.7486,959365.7606,890107.583,149756575.5141,5746600.906
601939.SH,20230803,5.99,6.07,5.94,6.03,5.99,0.04,0.6678,823339.76,495084.473,0.8582,0.8,4.655,0.5573,1.833,25001097.7486,959365.7606,890107.583,150756619.4241,5784975.5364
601939.SH,20230804,6.06,6.11,6.02,6.05,6.03,0.02,0.3317,972626.4,589981.94,1.0138,1.0,4.6704,0.5592,1.839,25001097.7486,959365.7606,890107.583,151256641.379,5804162.8516
601939.SH,20230807,6.04,6.04,5.98,5.99,6.05,-0.06,-0.9917,625455.2,375174.958,0.6519,0.64,4.6241,0.5536,1.8208,25001097.7486,959365.7606,890107.583,149756575.5141,5746600.906
601939.SH,20230808,5.98,6.02,5.96,5.97,5.99,-0.02,-0.3339,501592.34,300118.656,0.5228,0.56,4.6087,0.5518,1.8147,25001097.7486,959365.7606,890107.583,149256553.5591,5727413.5908
601939.SH,20230809,5.97,5.99,5.95,5.98,5.97,0.01,0.1675,520334.47,310709.773,0.5424,0.6,4.6164,0.5527,1.8178,25001097.7486,959365.7606,890107.583,149506564.5366,5737007.2484
601939.SH,20230810,5.97,5.99,5.96,5.98,5.98,0.0,0.0,456660.27,272865.962,0.476,0.66,4.6164,0.5527,1.8178,25001097.7486,959365.7606,890107.583,149506564.5366,5737007.2484
601939.SH,20230811,5.98,6.02,5.92,5.93,5.98,-0.05,-0.8361,745053.73,443678.973,0.7766,1.21,4.5778,0.5481,1.8026,25001097.7486,959365.7606,890107.583,148256509.6492,5689038.9604
601939.SH,20230814,5.9,5.91,5.84,5.88,5.93,-0.05,-0.8432,784113.84,459723.083,0.8173,1.38,4.5392,0.5435,1.7874,25001097.7486,959365.7606,890107.583,147006454.7618,5641070.6723
601939.SH,20230815,5.88,5.98,5.87,5.95,5.88,0.07,1.1905,736223.88,436602.034,0.7674,1.22,4.5932,0.5499,1.8086,25001097.7486,959365.7606,890107.583,148756531.6042,5708226.2756
601939.SH,20230816,5.95,5.96,5.9,5.93,5.95,-0.02,-0.3361,431750.33,256093.827,0.45,0.67,4.5778,0.5481,1.8026,25001097.7486,959365.7606,890107.583,148256509.6492,5689038.9604
601939.SH,20230817,5.92,5.95,5.87,5.91,5.93,-0.02,-0.3373,629044.14,370937.597,0.6557,1.0,4.5623,0.5462,1.7965,25001097.7486,959365.7606,890107.583,147756487.6942,5669851.6451
601939.SH,20230818,5.91,6.03,5.9,5.96,5.91,0.05,0.846,984565.4,589142.531,1.0263,1.48,4.6009,0.5508,1.8117,25001097.7486,959365.7606,890107.583,149006542.5817,5717819.9332
601939.SH,20230821,5.96,5.99,5.91,5.92,5.96,-0.04,-0.6711,688381.51,409126.909,0.7175,0.97,4.5701,0.5471,1.7995,25001097.7486,959365.7606,890107.583,148006498.6717,5679445.3028
601939.SH,20230822,5.95,6.0,5.92,5.99,5.92,0.07,1.1824,672184.12,400975.435,0.7007,0.97,4.6241,0.5536,1.8208,25001097.7486,959365.7606,890107.583,149756575.5141,5746600.906
601939.SH,20230823,5.98,6.05,5.96,6.04,5.99,0.05,0.8347,780191.99,469540.736,0.8132,1.15,4.6627,0.5582,1.836,25001097.7486,959365.7606,890107.583,151006630.4015,5794569.194
601939.SH,20230824,6.03,6.05,5.94,5.95,6.04,-0.09,-1.4901,959189.23,572923.789,0.9998,1.28,4.5932,0.5514,1.8086,25001097.7486,959365.7606,890107.583,148756531.6042,5708226.2756
601939.SH,20230825,5.94,6.05,5.93,6.04,5.95,0.09,1.5126,812361.71,488881.609,0.8468,0.99,4.6627,0.5597,1.836,25001097.7486,959365.7606,890107.583,151006630.4015,5794569.194
601939.SH,20230828,6.25,6.29,6.07,6.14,6.04,0.1,1.6556,1428659.71,876699.025,1.4892,1.83,4.7399,0.569,1.8664,25001097.7486,959365.7606,890107.583,153506740.1764,5890505.7701
601939.SH,20230829,6.11,6.13,6.0,6.03,6.14,-0.11,-1.7915,897298.45,541955.235,0.9353,0.96,4.655,0.5588,1.833,25001097.7486,959365.7606,890107.583,150756619.4241,5784975.5364
601939.SH,20230830,6.01,6.04,5.95,5.98,6.03,-0.05,-0.8292,920688.98,550128.065,0.9597,0.94,4.6164,0.5541,1.8178,25001097.7486,959365.7606,890107.583,149506564.5366,5737007.2484
601939.SH,20230831,5.99,6.03,5.96,6.0,5.98,0.02,0.3344,492831.07,296012.474,0.5137,0.49,4.6318,0.556,1.8238,25001097.7486,959365.7606,890107.583,150006586.4916,5756194.5636
601939.SH,20230901,6.02,6.04,5.98,6.0,6.0,0.0,0.0,606064.12,364344.609,0.6317,0.67,4.6318,0.556,1.8238,25001097.7486,959365.7606,890107.583,150006586.4916,5756194.5636
601939.SH,20230904,6.03,6.08,6.01,6.07,6.0,0.07,1.1667,687963.65,416210.58,0.7171,0.79,4.6859,0.5625,1.8451,25001097.7486,959365.7606,890107.583,151756663.334,5823350.1668
601939.SH,20230905,6.06,6.06,6.01,6.03,6.07,-0.04,-0.659,395603.06,238717.491,0.4124,0.55,4.655,0.5588,1.833,25001097.7486,959365.7606,890107.583,150756619.4241,5784975.5364
601939.SH,20230906,6.03,6.06,6.0,6.05,6.03,0.02,0.3317,286472.35,172788.712,0.2986,0.46,4.6704,0.5606,1.839,25001097.7486,959365.7606,890107.583,151256641.379,5804162.8516
601939.SH,20230907,6.03,6.08,6.02,6.05,6.05,0.0,0.0,524222.1,317653.15,0.5464,1.06,4.6704,0.5606,1.839,25001097.7486,959365.7606,890107.583,151256641.379,5804162.8516
601939.SH,20230908,6.04,6.08,6.02,6.06,6.05,0.01,0.1653,448105.46,271335.942,0.4671,0.9,4.6781,0.5615,1.8421,25001097.7486,959365.7606,890107.583,151506652.3565,5813756.5092
601939.SH,20230911,6.06,6.09,6.02,6.04,6.06,-0.02,-0.33,527187.72,318876.327,0.5495,1.13,4.6627,0.5597,1.836,25001097.7486,959365.7606,890107.583,151006630.4015,5794569.194
601939.SH,20230912,6.04,6.06,6.03,6.04,6.04,0.0,0.0,280217.79,169239.363,0.2921,0.64,4.6627,0.5597,1.836,25001097.7486,959365.7606,890107.583,151006630.4015,5794569.194
601939.SH,20230913,6.05,6.08,6.03,6.08,6.04,0.04,0.6623,491640.96,298187.718,0.5125,1.19,4.6936,0.5634,1.8482,25001097.7486,959365.7606,890107.583,152006674.3115,5832943.8244
601939.SH,20230914,6.09,6.18,6.07,6.16,6.08,0.08,1.3158,933923.83,572779.971,0.9735,2.06,4.7553,0.5708,1.8725,25001097.7486,959365.7606,890107.583,154006762.1314,5909693.0853
601939.SH,20230915,6.16,6.19,6.1,6.12,6.16,-0.04,-0.6494,789517.01,484768.159,0.823,1.47,4.7245,0.5474,1.8603,25001097.7486,959365.7606,890107.583,153006718.2214,5871318.4549
601939.SH,20230918,6.12,6.16,6.07,6.15,6.12,0.03,0.4902,564706.59,345523.687,0.5886,0.93,4.7476,0.5699,1.8694,25001097.7486,959365.7606,890107.583,153756751.1539,5900099.4277
601939.SH,20230919,6.13,6.2,6.12,6.18,6.15,0.03,0.4878,570427.03,352354.911,0.5946,0.93,4.7708,0.5727,1.8786,25001097.7486,959365.7606,890107.583,154506784.0863,5928880.4005
601939.SH,20230920,6.18,6.26,6.17,6.24,6.18,0.06,0.9709,935680.19,582714.138,0.9753,1.4,4.8171,0.5782,1.8968,25001097.7486,959365.7606,890107.583,156006849.9513,5986442.3461
601939.SH,20230921,6.25,6.28,6.2,6.25,6.24,0.01,0.1603,708223.67,442791.191,0.7382,0.93,4.8248,0.5792,1.8998,25001097.7486,959365.7606,890107.583,156256860.9288,5996036.0038
601939.SH,20230922,6.27,6.31,6.17,6.28,6.25,0.03,0.48,1022157.0,638592.748,1.0655,1.43,4.848,0.5819,1.909,25001097.7486,959365.7606,890107.583,157006893.8612,6024816.9766
601939.SH,20230925,6.28,6.34,6.26,6.3,6.28,0.02,0.3185,701988.91,442633.659,0.7317,0.92,4.8634,0.5838,1.915,25001097.7486,959365.7606,890107.583,157506915.8162,6044004.2918
601939.SH,20230926,6.31,6.33,6.26,6.31,6.3,0.01,0.1587,493509.97,310724.171,0.5144,0.63,4.8711,0.5847,1.9181,25001097.7486,959365.7606,890107.583,157756926.7937,6053597.9494
601939.SH,20230927,6.31,6.33,6.18,6.19,6.31,-0.12,-1.9017,862161.42,536380.088,0.8987,1.12,4.7785,0.5736,1.8816,25001097.7486,959365.7606,890107.583,154756795.0638,5938474.0581
601939.SH,20230928,6.21,6.3,6.2,6.3,6.19,0.11,1.7771,866198.4,542333.845,0.9029,1.14,4.8634,0.5838,1.915,25001097.7486,959365.7606,890107.583,157506915.8162,6044004.2918
601939.SH,20231009,6.27,6.3,6.2,6.29,6.3,-0.01,-0.1587,634101.43,395763.291,0.661,0.8,4.8557,0.5626,1.912,25001097.7486,959365.7606,890107.583,157256904.8387,6034410.6342
601939.SH,20231010,6.28,6.33,6.25,6.26,6.29,-0.03,-0.4769,462602.0,290442.914,0.4822,0.65,4.8325,0.5599,1.9029,25001097.7486,959365.7606,890107.583,156506871.9062,6005629.6614
601939.SH,20231011,6.29,6.35,6.26,6.34,6.26,0.08,1.278,1103980.81,696821.745,1.1507,1.66,4.8943,0.5671,1.9272,25001097.7486,959365.7606,890107.583,158506959.7261,6082378.9222
601939.SH,20231012,6.51,6.57,6.43,6.51,6.34,0.17,2.6814,2278985.08,1479412.968,2.3755,2.9,5.0255,0.5823,1.9789,25001097.7486,959365.7606,888269.587,162757146.3434,6245471.1015
601939.SH,20231013,6.49,6.76,6.46,6.72,6.51,0.21,3.2258,2706730.56,1807439.76,2.8214,2.53,5.1876,0.601,2.0427,25001097.7486,959365.7606,888269.587,168007376.8706,6446937.9112
601939.SH,20231016,6.7,6.76,6.61,6.7,6.72,-0.02,-0.2976,1292206.85,865128.947,1.3469,0.9,5.1722,0.5992,2.0366,25001097.7486,959365.7606,888269.587,167507354.9156,6427750.596
601939.SH,20231017,6.71,6.74,6.66,6.73,6.7,0.03,0.4478,780895.63,523843.507,0.814,0.5,5.1954,0.6019,2.0457,25001097.7486,959365.7606,888269.587,168257387.8481,6456531.5688
601939.SH,20231018,6.72,6.8,6.69,6.75,6.73,0.02,0.2972,910056.25,614710.882,0.9486,0.56,5.2108,0.6037,2.0518,25001097.7486,959365.7606,888269.587,168757409.8031,6475718.8841
601939.SH,20231019,6.72,6.73,6.6,6.62,6.75,-0.13,-1.9259,1112439.19,737793.802,1.1596,0.7,5.1104,0.5921,2.0123,25001097.7486,959365.7606,888269.587,165507267.0957,6351001.3352
601939.SH,20231020,6.59,6.61,6.48,6.55,6.62,-0.07,-1.0574,917436.4,601025.874,0.9563,0.67,5.0564,0.5858,1.991,25001097.7486,959365.7606,888269.587,163757190.2533,6283845.7319
601939.SH,20231023,6.53,6.57,6.46,6.5,6.55,-0.05,-0.7634,815495.68,531704.697,0.85,0.81,5.0178,0.5814,1.9758,25001097.7486,959365.7606,888269.587,162507135.3659,6235877.4439
601939.SH,20231024,6.51,6.53,6.39,6.42,6.5,-0.08,-1.2308,996778.72,640852.93,1.039,1.1,4.956,0.5742,1.9515,25001097.7486,959365.7606,888269.587,160507047.546,6159128.1831
601939.SH,20231025,6.47,6.51,6.35,6.38,6.42,-0.04,-0.6231,1008934.09,645542.9,1.0517,1.06,4.9252,0.5706,1.9394,25001097.7486,959365.7606,888269.587,159507003.6361,6120753.5526
601939.SH,20231026,6.36,6.52,6.34,6.5,6.38,0.12,1.8809,815798.83,527028.977,0.8504,0.84,5.0178,0.5814,1.9758,25001097.7486,959365.7606,888269.587,162507135.3659,6235877.4439
601939.SH,20231027,6.49,6.54,6.42,6.45,6.5,-0.05,-0.7692,992018.51,641075.211,1.034,1.09,4.9792,0.5606,1.9606,25001097.7486,959365.7606,888269.587,161257080.4785,6187909.1559
601939.SH,20231030,6.4,6.42,6.21,6.23,6.45,-0.22,-3.4109,1660457.85,1041430.334,1.7308,1.79,4.8094,0.5415,1.8938,25001097.7486,959365.7606,888269.587,155756838.9738,5976848.6885
601939.SH,20231031,6.23,6.29,6.18,6.27,6.23,0.04,0.6421,1192086.24,743189.855,1.2426,1.09,4.8403,0.545,1.9059,25001097.7486,959365.7606,888269.587,156756882.8837,6015223.319
601939.SH,20231101,6.25,6.3,6.21,6.28,6.27,0.01,0.1595,857725.67,536390.993,0.8941,0.76,4.848,0.5459,1.909,25001097.7486,959365.7606,888269.587,157006893.8612,6024816.9766
601939.SH,20231102,6.28,6.38,6.27,6.34,6.28,0.06,0.9554,1025159.04,650411.739,1.0686,0.93,4.8943,0.5511,1.9272,25001097.7486,959365.7606,888269.587,158506959.7261,6082378.9222
601939.SH,20231103,6.34,6.36,6.27,6.3,6.34,-0.04,-0.6309,916970.18,577514.447,0.9558,0.8,4.8634,0.5476,1.915,25001097.7486,959365.7606,888269.587,157506915.8162,6044004.2918
601939.SH,20231106,6.29,6.3,6.18,6.2,6.3,-0.1,-1.5873,1686830.94,1048736.397,1.7583,1.49,4.7862,0.5389,1.8846,25001097.7486,959365.7606,669343.6198,155006806.0413,5948067.7157
601939.SH,20231107,6.2,6.27,6.18,6.25,6.2,0.05,0.8065,1097575.19,683540.823,1.1441,0.97,4.8248,0.5432,1.8998,25001097.7486,959365.7606,669343.6198,156256860.9288,5996036.0038
601939.SH,20231108,6.22,6.29,6.22,6.26,6.25,0.01,0.16,695081.91,434927.475,0.7245,0.62,4.8325,0.5441,1.9029,25001097.7486,959365.7606,669343.6198,156506871.9062,6005629.6614
601939.SH,20231109,6.25,6.42,6.25,6.38,6.26,0.12,1.9169,1454697.33,923846.241,1.5163,1.34,4.9252,0.5545,1.9394,25001097.7486,959365.7606,669343.6198,159507003.6361,6120753.5526
601939.SH,20231110,6.38,6.51,6.33,6.41,6.38,0.03,0.4702,888889.82,569930.547,0.9265,0.76,4.9483,0.5572,1.9485,25001097.7486,959365.7606,669343.6198,160257036.5685,6149534.5254
601939.SH,20231113,6.4,6.4,6.3,6.37,6.41,-0.04,-0.624,603814.86,382450.937,0.6294,0.52,4.9174,0.5537,1.9363,25001097.7486,959365.7606,669343.6198,159256992.6586,6111159.895
601939.SH,20231114,6.36,6.4,6.34,6.37,6.37,0.0,0.0,492064.78,313215.643,0.5129,0.52,4.9174,0.5537,1.9363,25001097.7486,959365.7606,669343.6198,159256992.6586,6111159.895
601939.SH,20231115,6.38,6.4,6.32,6.36,6.37,-0.01,-0.157,819913.06,520391.591,0.8546,0.99,4.9097,0.5528,1.9333,25001097.7486,959365.7606,669343.6198,159006981.6811,6101566.2374
601939.SH,20231116,6.36,6.43,6.34,6.4,6.36,0.04,0.6289,707891.84,452136.041,0.7379,0.83,4.9406,0.5563,1.9454,25001097.7486,959365.7606,669343.6198,160007025.591,6139940.8678
601939.SH,20231117,6.39,6.42,6.34,6.38,6.4,-0.02,-0.3125,447615.3,285031.046,0.4666,0.64,4.9252,0.5545,1.9394,25001097.7486,959365.7606,669343.6198,159507003.6361,6120753.5526
601939.SH,20231120,6.38,6.41,6.35,6.39,6.38,0.01,0.1567,379487.38,242343.15,0.3956,0.62,4.9329,0.5554,1.9424,25001097.7486,959365.7606,669343.6198,159757014.6136,6130347.2102
601939.SH,20231121,6.4,6.43,6.37,6.4,6.39,0.01,0.1565,558835.82,357372.888,0.5825,0.98,4.9406,0.5563,1.9454,25001097.7486,959365.7606,669343.6198,160007025.591,6139940.8678
601939.SH,20231122,6.39,6.4,6.35,6.37,6.4,-0.03,-0.4688,552408.36,352479.402,0.5758,0.95,4.9174,0.5537,1.9363,25001097.7486,959365.7606,669343.6198,159256992.6586,6111159.895
601939.SH,20231123,6.38,6.38,6.33,6.36,6.37,-0.01,-0.157,577001.44,366455.824,0.6014,1.09,4.9097,0.5528,1.9333,25001097.7486,959365.7606,669343.6198,159006981.6811,6101566.2374
601939.SH,20231124,6.37,6.41,6.35,6.4,6.36,0.04,0.6289,705762.2,450913.598,0.7357,1.4,4.9406,0.5563,1.9454,25001097.7486,959365.7606,669343.6198,160007025.591,6139940.8678
601939.SH,20231127,6.39,6.41,6.31,6.36,6.4,-0.04,-0.625,901771.44,572348.312,0.94,1.63,4.9097,0.5528,1.9333,25001097.7486,959365.7606,669343.6198,159006981.6811,6101566.2374
601939.SH,20231128,6.35,6.38,6.33,6.37,6.36,0.01,0.1572,567416.3,360736.815,0.5914,0.86,4.9174,0.5537,1.9363,25001097.7486,959365.7606,669343.6198,159256992.6586,6111159.895
601939.SH,20231129,6.36,6.37,6.32,6.34,6.37,-0.03,-0.471,597912.06,378946.406,0.6232,0.9,4.8943,0.5511,1.9272,25001097.7486,959365.7606,669343.6198,158506959.7261,6082378.9222
601939.SH,20231130,6.33,6.4,6.32,6.4,6.34,0.06,0.9464,878205.07,559700.584,0.9154,1.31,4.9406,0.5563,1.9454,25001097.7486,959365.7606,669343.6198,160007025.591,6139940.8678
601939.SH,20231201,6.39,6.43,6.36,6.38,6.4,-0.02,-0.3125,727325.19,464668.866,0.7581,1.0,4.9252,0.5545,1.9394,25001097.7486,959365.7606,669343.6198,159507003.6361,6120753.5526
601939.SH,20231204,6.38,6.44,6.38,6.42,6.38,0.04,0.627,617611.76,396111.409,0.6438,0.84,4.956,0.558,1.9515,25001097.7486,959365.7606,669343.6198,160507047.546,6159128.1831
601939.SH,20231205,6.42,6.43,6.36,6.36,6.42,-0.06,-0.9346,624941.11,399600.506,0.6514,0.92,4.9097,0.5528,1.9333,25001097.7486,959365.7606,669343.6198,159006981.6811,6101566.2374
601939.SH,20231206,6.35,6.35,6.22,6.29,6.36,-0.07,-1.1006,861460.91,541562.277,0.8979,1.25,4.8557,0.5467,1.912,25001097.7486,959365.7606,669343.6198,157256904.8387,6034410.6342
601939.SH,20231207,6.29,6.33,6.23,6.3,6.29,0.01,0.159,650232.3,408448.321,0.6778,0.88,4.8634,0.5476,1.915,25001097.7486,959365.7606,669343.6198,157506915.8162,6044004.2918
601939.SH,20231208,6.29,6.38,6.26,6.35,6.3,0.05,0.7937,816383.06,517449.104,0.851,1.17,4.902,0.5519,1.9302,25001097.7486,959365.7606,669343.6198,158756970.7036,6091972.5798
601939.SH,20231211,6.33,6.38,6.22,6.37,6.35,0.02,0.315,782641.35,493957.695,0.8158,1.1,4.9174,0.5537,1.9363,25001097.7486,959365.7606,669343.6198,159256992.6586,6111159.895
601939.SH,20231212,6.35,6.46,6.31,6.46,6.37,0.09,1.4129,853346.47,547910.913,0.8895,1.14,4.9869,0.5615,1.9637,25001097.7486,959365.7606,669343.6198,161507091.456,6197502.8135
601939.SH,20231213,6.45,6.48,6.42,6.44,6.46,-0.02,-0.3096,497984.57,320964.033,0.5191,0.63,4.9715,0.5598,1.9576,25001097.7486,959365.7606,669343.6198,161007069.501,6178315.4983
601939.SH,20231214,6.44,6.47,6.39,6.43,6.44,-0.01,-0.1553,385908.31,247733.047,0.4023,0.54,4.9638,0.5589,1.9546,25001097.7486,959365.7606,669343.6198,160757058.5235,6168721.8407
601939.SH,20231215,6.43,6.43,6.36,6.37,6.43,-0.06,-0.9331,606142.84,387060.067,0.6318,0.91,4.9174,0.5537,1.9363,25001097.7486,959365.7606,669343.6198,159256992.6586,6111159.895
601939.SH,20231218,6.34,6.45,6.32,6.42,6.37,0.05,0.7849,748637.84,480102.422,0.7803,1.2,4.956,0.558,1.9515,25001097.7486,959365.7606,669343.6198,160507047.546,6159128.1831
601939.SH,20231219,6.42,6.47,6.39,6.44,6.42,0.02,0.3115,576641.26,371526.314,0.6011,0.93,4.9715,0.5598,1.9576,25001097.7486,959365.7606,669343.6198,161007069.501,6178315.4983
601939.SH,20231220,6.45,6.49,6.41,6.41,6.44,-0.03,-0.4658,520603.31,335902.197,0.5427,0.92,4.9483,0.5572,1.9485,25001097.7486,959365.7606,669343.6198,160257036.5685,6149534.5254
601939.SH,20231221,6.38,6.43,6.36,6.4,6.41,-0.01,-0.156,678215.85,432934.734,0.7069,1.19,4.9406,0.5563,1.9454,25001097.7486,959365.7606,669343.6198,160007025.591,6139940.8678
601939.SH,20231222,6.4,6.43,6.36,6.4,6.4,0.0,0.0,659346.35,422286.489,0.6873,1.05,4.9406,0.5563,1.9454,25001097.7486,959365.7606,669343.6198,160007025.591,6139940.8678
601939.SH,20231225,6.4,6.44,6.38,6.44,6.4,0.04,0.625,381879.32,244810.653,0.3981,0.6,4.9715,0.5598,1.9576,25001097.7486,959365.7606,669343.6198,161007069.501,6178315.4983
601939.SH,20231226,6.43,6.48,6.42,6.47,6.44,0.03,0.4658,461760.35,298498.766,0.4813,0.82,4.9946,0.5624,1.9667,25001097.7486,959365.7606,669343.6198,161757102.4334,6207096.4711
601939.SH,20231227,6.46,6.6,6.43,6.55,6.47,0.08,1.2365,1022858.75,666610.122,1.0662,1.89,5.0564,0.5693,1.991,25001097.7486,959365.7606,669343.6198,163757190.2533,6283845.7319
601939.SH,20231228,6.55,6.62,6.46,6.48,6.55,-0.07,-1.0687,1140567.86,744127.119,1.1889,1.78,5.0024,0.5632,1.9698,25001097.7486,959365.7606,669343.6198,162007113.4109,6216690.1287
601939.SH,20231229,6.46,6.55,6.44,6.51,6.48,0.03,0.463,741366.77,481685.529,0.7728,1.01,5.0255,0.5658,1.9789,25001097.7486,959365.7606,669343.6198,162757146.3434,6245471.1015
601939.SH,20240102,6.51,6.6,6.5,6.55,6.51,0.04,0.6144,632726.11,415361.415,0.6595,0.84,5.0564,0.5693,1.991,25001097.7486,959365.7606,669343.6198,163757190.2533,6283845.7319
601939.SH,20240103,6.55,6.63,6.55,6.62,6.55,0.07,1.0687,553679.06,365520.305,0.5771,0.69,5.1104,0.5754,2.0123,25001097.7486,959365.7606,669343.6198,165507267.0957,6351001.3352
601939.SH,20240104,6.6,6.68,6.59,6.67,6.62,0.05,0.7553,675679.51,447687.575,0.7043,0.83,5.149,0.5798,2.0275,25001097.7486,959365.7606,669343.6198,166757321.9832,6398969.6232
601939.SH,20240105,6.66,6.73,6.62,6.65,6.67,-0.02,-0.2999,1016254.48,678667.788,1.0593,1.36,5.1336,0.578,2.0214,25001097.7486,959365.7606,669343.6198,166257300.0282,6379782.308
601939.SH,20240108,6.65,6.7,6.61,6.66,6.65,0.01,0.1504,829474.95,552646.895,0.8646,1.15,5.1413,0.5789,2.0245,25001097.7486,959365.7606,669343.6198,166507311.0057,6389375.9656
601939.SH,20240109,6.65,6.69,6.57,6.66,6.66,0.0,0.0,669422.91,443446.765,0.6978,0.9,5.1413,0.5789,2.0245,25001097.7486,959365.7606,669343.6198,166507311.0057,6389375.9656
601939.SH,20240110,6.65,6.69,6.55,6.58,6.66,-0.08,-1.2012,585237.24,386307.848,0.61,0.78,5.0796,0.5719,2.0002,25001097.7486,959365.7606,669343.6198,164507223.1858,6312626.7047
601939.SH,20240111,6.55,6.58,6.5,6.5,6.58,-0.08,-1.2158,642244.07,419576.213,0.6694,0.85,5.0178,0.565,1.9758,25001097.7486,959365.7606,669343.6198,162507135.3659,6235877.4439
601939.SH,20240112,6.5,6.58,6.49,6.55,6.5,0.05,0.7692,489702.01,320634.766,0.5104,0.65,5.0564,0.5693,1.991,25001097.7486,959365.7606,669343.6198,163757190.2533,6283845.7319
601939.SH,20240115,6.55,6.6,6.52,6.58,6.55,0.03,0.458,538458.57,353356.467,0.5613,0.84,5.0796,0.5719,2.0002,25001097.7486,959365.7606,669343.6198,164507223.1858,6312626.7047
601939.SH,20240116,6.57,6.62,6.54,6.61,6.58,0.03,0.4559,764527.65,503553.36,0.7969,1.31,5.1027,0.5745,2.0093,25001097.7486,959365.7606,669343.6198,165257256.1182,6341407.6776
601939.SH,20240117,6.59,6.63,6.55,6.55,6.61,-0.06,-0.9077,839588.86,553849.96,0.8751,1.39,5.0564,0.5693,1.991,25001097.7486,959365.7606,669343.6198,163757190.2533,6283845.7319
601939.SH,20240118,6.54,6.54,6.35,6.52,6.55,-0.03,-0.458,1211232.35,780766.852,1.2625,1.85,5.0332,0.5667,1.9819,25001097.7486,959365.7606,669343.6198,163007157.3209,6255064.7591
601939.SH,20240119,6.5,6.52,6.43,6.48,6.52,-0.04,-0.6135,780744.0,505827.583,0.8138,1.02,5.0024,0.5632,1.9698,25001097.7486,959365.7606,669343.6198,162007113.4109,6216690.1287
601939.SH,20240122,6.47,6.54,6.44,6.49,6.48,0.01,0.1543,1119865.67,728559.722,1.1673,1.35,5.0101,0.5641,1.9728,25001097.7486,959365.7606,669343.6198,162257124.3884,6226283.7863
601939.SH,20240123,6.47,6.54,6.4,6.51,6.49,0.02,0.3082,830671.76,536716.403,0.8659,0.88,5.0255,0.5658,1.9789,25001097.7486,959365.7606,669343.6198,162757146.3434,6245471.1015
601939.SH,20240124,6.51,6.64,6.5,6.64,6.51,0.13,1.9969,825658.47,542154.844,0.8606,0.86,5.1259,0.5771,2.0184,25001097.7486,959365.7606,669343.6198,166007289.0507,6370188.6504
601939.SH,20240125,6.66,6.72,6.64,6.7,6.64,0.06,0.9036,947414.6,633295.995,0.9875,0.99,5.1722,0.5824,2.0366,25001097.7486,959365.7606,669343.6198,167507354.9156,6427750.596
601939.SH,20240126,6.69,6.85,6.68,6.84,6.7,0.14,2.0896,1190493.81,807649.275,1.2409,1.32,5.2803,0.5945,2.0792,25001097.7486,959365.7606,669343.6198,171007508.6004,6562061.8025
601939.SH,20240129,6.86,6.95,6.82,6.9,6.84,0.06,0.8772,1268096.77,873843.498,1.3218,1.29,5.3266,0.5997,2.0974,25001097.7486,959365.7606,669343.6198,172507574.4653,6619623.7481
601939.SH,20240130,6.87,6.94,6.8,6.81,6.9,-0.09,-1.3043,757736.61,519758.36,0.7898,0.75,5.2571,0.5919,2.0701,25001097.7486,959365.7606,669343.6198,170257475.668,6533280.8297
601939.SH,20240131,6.82,6.92,6.77,6.86,6.81,0.05,0.7342,855007.88,585054.686,0.8912,0.86,5.2957,0.5963,2.0853,25001097.7486,959365.7606,669343.6198,171507530.5554,6581249.1177
601939.SH,20240201,6.83,6.89,6.81,6.84,6.86,-0.02,-0.2915,777952.99,532977.401,0.8109,0.78,5.2803,0.5945,2.0792,25001097.7486,959365.7606,669343.6198,171007508.6004,6562061.8025
601939.SH,20240202,6.85,6.94,6.78,6.92,6.84,0.08,1.1696,1044983.63,720082.312,1.0892,1.08,5.342,0.6015,2.1035,25001097.7486,959365.7606,669343.6198,173007596.4203,6638811.0634
601939.SH,20240205,6.9,7.03,6.87,7.03,6.92,0.11,1.5896,1638742.76,1147068.115,1.7082,1.74,5.4269,0.611,2.1369,25001097.7486,959365.7606,669343.6198,175757717.1727,6744341.297
601939.SH,20240206,7.02,7.15,6.99,7.05,7.03,0.02,0.2845,1518496.17,1071927.725,1.5828,1.5,5.4424,0.6128,2.143,25001097.7486,959365.7606,669343.6198,176257739.1276,6763528.6122
601939.SH,20240207,7.04,7.04,6.74,6.88,7.05,-0.17,-2.4113,2201858.97,1507559.678,2.2951,1.89,5.3112,0.598,2.0913,25001097.7486,959365.7606,669343.6198,172007552.5104,6600436.4329
601939.SH,20240208,6.85,6.85,6.65,6.8,6.88,-0.08,-1.1628,1738530.51,1168160.743,1.8122,1.21,5.2494,0.5911,2.067,25001097.7486,959365.7606,669343.6198,170007464.6905,6523687.1721
601939.SH,20240219,6.75,7.05,6.73,7.04,6.8,0.24,3.5294,1846991.56,1274430.858,1.9252,1.13,5.4347,0.6119,2.14,25001097.7486,959365.7606,669343.6198,176007728.1501,6753934.9546
601939.SH,20240220,7.04,7.13,6.96,7.11,7.04,0.07,0.9943,1022377.1,722445.879,1.0657,0.57,5.4887,0.618,2.1613,25001097.7486,959365.7606,669343.6198,177757804.9925,6821090.5579
601939.SH,20240221,7.09,7.23,7.07,7.16,7.11,0.05,0.7032,1090337.58,781236.969,1.1365,0.65,5.5273,0.6223,2.1765,25001097.7486,959365.7606,669343.6198,179007859.88,6869058.8459
601939.SH,20240222,7.15,7.17,7.08,7.15,7.16,-0.01,-0.1397,969663.02,690335.91,1.0107,0.61,5.5196,0.6215,2.1734,25001097.7486,959365.7606,669343.6198,178757848.9025,6859465.1883
601939.SH,20240223,7.14,7.29,7.13,7.19,7.15,0.04,0.5594,1163228.48,838975.596,1.2125,0.87,5.5505,0.625,2.1856,25001097.7486,959365.7606,669343.6198,179757892.8124,6897839.8187
601939.SH,20240226,7.18,7.19,6.95,6.96,7.19,-0.23,-3.1989,1358979.61,956763.766,1.4165,1.12,5.3729,0.605,2.1157,25001097.7486,959365.7606,669343.6198,174007640.3303,6677185.6938
601939.SH,20240227,6.94,7.02,6.93,6.99,6.96,0.03,0.431,716746.17,499673.187,0.7471,0.64,5.3961,0.6076,2.1248,25001097.7486,959365.7606,669343.6198,174757673.2627,6705966.6666
601939.SH,20240228,6.95,7.0,6.9,6.95,6.99,-0.04,-0.5722,1100692.98,765481.051,1.1473,1.04,5.3652,0.6041,2.1126,25001097.7486,959365.7606,669343.6198,173757629.3528,6667592.0362
601939.SH,20240229,6.94,7.0,6.92,7.0,6.95,0.05,0.7194,835886.16,582580.522,0.8713,0.79,5.4038,0.6084,2.1278,25001097.7486,959365.7606,669343.6198,175007684.2402,6715560.3242
601939.SH,20240301,6.99,7.06,6.97,7.03,7.0,0.03,0.4286,700477.48,491489.287,0.7301,0.68,5.4269,0.611,2.1369,25001097.7486,959365.7606,669343.6198,175757717.1727,6744341.297
601939.SH,20240304,7.02,7.04,6.96,7.0,7.03,-0.03,-0.4267,739433.68,517940.442,0.7708,0.78,5.4038,0.6084,2.1278,25001097.7486,959365.7606,669343.6198,175007684.2402,6715560.3242
601939.SH,20240305,6.98,7.18,6.97,7.14,7.0,0.14,2.0,1116479.73,792685.734,1.1638,1.36,5.5119,0.6206,2.1704,25001097.7486,959365.7606,669343.6198,178507837.925,6849871.5307
601939.SH,20240306,7.14,7.22,7.05,7.06,7.14,-0.08,-1.1204,747079.86,532359.903,0.7787,0.83,5.4501,0.6137,2.1461,25001097.7486,959365.7606,669343.6198,176507750.1051,6773122.2698
601939.SH,20240307,7.06,7.14,7.06,7.1,7.06,0.04,0.5666,578510.17,410848.873,0.603,0.7,5.481,0.6171,2.1582,25001097.7486,959365.7606,669343.6198,177507794.0151,6811496.9003
601939.SH,20240308,7.1,7.14,7.05,7.11,7.1,0.01,0.1408,569952.96,404948.413,0.5941,0.73,5.4887,0.618,2.1613,25001097.7486,959365.7606,669343.6198,177757804.9925,6821090.5579
601939.SH,20240311,7.1,7.14,7.05,7.07,7.11,-0.04,-0.5626,688003.83,486649.715,0.7171,0.92,5.4578,0.6145,2.1491,25001097.7486,959365.7606,669343.6198,176757761.0826,6782715.9274
601939.SH,20240312,7.06,7.07,6.87,6.87,7.07,-0.2,-2.8289,1620676.29,1122755.487,1.6893,2.19,5.3034,0.5971,2.0883,25001097.7486,959365.7606,669343.6198,171757541.5329,6590842.7753
601939.SH,20240313,6.87,6.89,6.82,6.86,6.87,-0.01,-0.1456,896548.27,614677.711,0.9345,1.07,5.2957,0.5963,2.0853,25001097.7486,959365.7606,669343.6198,171507530.5554,6581249.1177
601939.SH,20240314,6.85,6.91,6.83,6.86,6.86,0.0,0.0,699040.65,479775.371,0.7286,0.8,5.2957,0.5963,2.0853,25001097.7486,959365.7606,669343.6198,171507530.5554,6581249.1177
601939.SH,20240315,6.87,6.88,6.83,6.83,6.86,-0.03,-0.4373,628335.86,430089.661,0.6549,0.7,5.2726,0.5937,2.0761,25001097.7486,959365.7606,669343.6198,170757497.6229,6552468.1449
601939.SH,20240318,6.83,6.84,6.75,6.78,6.83,-0.05,-0.7321,1095981.61,743317.475,1.1424,1.21,5.234,0.5893,2.0609,25001097.7486,959365.7606,669343.6198,169507442.7355,6504499.8569
601939.SH,20240319,6.77,6.78,6.69,6.72,6.78,-0.06,-0.885,1090076.01,732503.599,1.1362,1.1,5.1876,0.5841,2.0427,25001097.7486,959365.7606,669343.6198,168007376.8706,6446937.9112
601939.SH,20240320,6.7,6.78,6.67,6.74,6.72,0.02,0.2976,890885.82,599013.976,0.9286,1.01,5.2031,0.5858,2.0488,25001097.7486,959365.7606,669343.6198,168507398.8256,6466125.2264
601939.SH,20240321,6.75,6.79,6.72,6.76,6.74,0.02,0.2967,709123.74,479550.08,0.7392,0.81,5.2185,0.5876,2.0549,25001097.7486,959365.7606,669343.6198,169007420.7805,6485312.5417
601939.SH,20240322,6.77,6.89,6.74,6.86,6.76,0.1,1.4793,1319966.57,900514.709,1.3759,1.5,5.2957,0.5963,2.0853,25001097.7486,959365.7606,669343.6198,171507530.5554,6581249.1177
601939.SH,20240325,6.84,6.89,6.83,6.85,6.86,-0.01,-0.1458,878462.19,603107.16,0.9157,0.86,5.288,0.5954,2.0822,25001097.7486,959365.7606,669343.6198,171257519.5779,6571655.4601
601939.SH,20240326,6.87,6.95,6.83,6.94,6.85,0.09,1.3139,1010016.95,695358.478,1.0528,1.03,5.3575,0.6032,2.1096,25001097.7486,959365.7606,669343.6198,173507618.3753,6657998.3786
601939.SH,20240327,6.93,6.98,6.91,6.95,6.94,0.01,0.1441,1051751.74,731197.163,1.0963,1.09,5.3652,0.6041,2.1126,25001097.7486,959365.7606,669343.6198,173757629.3528,6667592.0362
601939.SH,20240328,6.92,6.94,6.78,6.83,6.95,-0.12,-1.7266,1230858.53,840265.522,1.283,1.24,5.2726,0.5937,2.0761,25001097.7486,959365.7606,669343.6198,170757497.6229,6552468.1449
601939.SH,20240329,6.84,6.98,6.82,6.87,6.83,0.04,0.5857,943301.48,650858.691,0.9833,0.86,5.1633,0.5822,2.2314,25001097.7486,959365.7606,664036.519,171757541.5329,6590842.7753
601939.SH,20240401,6.86,6.92,6.85,6.91,6.87,0.04,0.5822,698440.58,481676.238,0.728,0.68,5.1933,0.5856,2.2444,25001097.7486,959365.7606,664036.519,172757585.4428,6629217.4057
601939.SH,20240402,6.91,6.97,6.9,6.96,6.91,0.05,0.7236,719255.15,499502.834,0.7497,0.73,5.2309,0.5898,2.2606,25001097.7486,959365.7606,664036.519,174007640.3303,6677185.6938
601939.SH,20240403,6.97,6.99,6.93,6.95,6.96,-0.01,-0.1437,511865.91,356341.284,0.5335,0.55,5.2234,0.589,2.2574,25001097.7486,959365.7606,664036.519,173757629.3528,6667592.0362
601939.SH,20240408,6.94,7.08,6.91,7.04,6.95,0.09,1.295,975645.86,685003.392,1.017,1.19,5.291,0.5966,2.2866,25001097.7486,959365.7606,664036.519,176007728.1501,6753934.9546
601939.SH,20240409,7.04,7.09,6.98,7.01,7.04,-0.03,-0.4261,683206.84,479249.394,0.7121,0.89,5.2685,0.5941,2.2769,25001097.7486,959365.7606,664036.519,175257695.2177,6725153.9818
601939.SH,20240410,7.0,7.1,7.0,7.03,7.01,0.02,0.2853,879837.0,621254.735,0.9171,1.23,5.2835,0.5958,2.2834,25001097.7486,959365.7606,664036.519,175757717.1727,6744341.297
601939.SH,20240411,7.01,7.04,6.95,6.98,7.03,-0.05,-0.7112,533699.42,373612.595,0.5563,0.71,5.2459,0.5915,2.2671,25001097.7486,959365.7606,664036.519,174507662.2852,6696373.009
601939.SH,20240412,6.98,7.03,6.94,7.03,6.98,0.05,0.7163,649497.1,454352.542,0.677,0.91,5.2835,0.5958,2.2834,25001097.7486,959365.7606,664036.519,175757717.1727,6744341.297
601939.SH,20240415,7.02,7.14,7.02,7.14,7.03,0.11,1.5647,1000614.46,710041.226,1.043,1.34,5.3662,0.6051,2.3191,25001097.7486,959365.7606,664036.519,178507837.925,6849871.5307
601939.SH,20240416,7.12,7.23,7.08,7.17,7.14,0.03,0.4202,1328912.68,951632.652,1.3852,1.77,5.3887,0.6076,2.3288,25001097.7486,959365.7606,664036.519,179257870.8575,6878652.5035
601939.SH,20240417,7.14,7.28,7.08,7.28,7.17,0.11,1.5342,1269446.65,913725.004,1.3232,1.44,5.4714,0.6169,2.3646,25001097.7486,959365.7606,664036.519,182007991.6098,6984182.7372
601939.SH,20240418,7.25,7.39,7.24,7.3,7.28,0.02,0.2747,1228765.99,900018.765,1.2808,1.28,5.4864,0.6186,2.371,25001097.7486,959365.7606,664036.519,182508013.5648,7003370.0524
601939.SH,20240419,7.27,7.37,7.27,7.35,7.3,0.05,0.6849,670379.96,491449.096,0.6988,0.61,5.524,0.6229,2.3873,25001097.7486,959365.7606,664036.519,183758068.4522,7051338.3404
601939.SH,20240422,7.35,7.45,7.22,7.3,7.35,-0.05,-0.6803,950368.38,695038.7,0.9906,0.86,5.4864,0.6186,2.371,25001097.7486,959365.7606,664036.519,182508013.5648,7003370.0524
601939.SH,20240423,7.29,7.38,7.23,7.31,7.3,0.01,0.137,825857.47,603605.255,0.8608,0.76,5.494,0.6195,2.3743,25001097.7486,959365.7606,664036.519,182758024.5423,7012963.71
601939.SH,20240424,7.31,7.31,7.22,7.24,7.31,-0.07,-0.9576,773521.03,560974.27,0.8063,0.78,5.4413,0.6135,2.3516,25001097.7486,959365.7606,664036.519,181007947.6999,6945808.1067
601939.SH,20240425,7.23,7.28,7.2,7.24,7.24,0.0,0.0,624168.81,451485.268,0.6506,0.7,5.4413,0.6135,2.3516,25001097.7486,959365.7606,664036.519,181007947.6999,6945808.1067
601939.SH,20240426,7.24,7.27,7.09,7.12,7.24,-0.12,-1.6575,1282847.68,916995.475,1.3372,1.67,5.3512,0.6034,2.3126,25001097.7486,959365.7606,664036.519,178007815.97,6830684.2155
601939.SH,20240429,7.1,7.13,7.0,7.07,7.12,-0.05,-0.7022,1577509.07,1115118.95,1.6443,1.77,5.3136,0.5991,2.2963,25001097.7486,959365.7606,664036.519,176757761.0826,6782715.9274
601939.SH,20240430,7.04,7.14,7.04,7.12,7.07,0.05,0.7072,1000459.56,710560.166,1.0428,0.98,5.3512,0.5851,2.3126,25001097.7486,959365.7606,664036.519,178007815.97,6830684.2155
601939.SH,20240506,7.15,7.18,7.05,7.07,7.12,-0.05,-0.7022,1444581.44,1024538.215,1.5058,1.37,5.3136,0.581,2.2963,25001097.7486,959365.7606,664036.519,176757761.0826,6782715.9274
601939.SH,20240507,7.07,7.13,7.03,7.12,7.07,0.05,0.7072,1105058.54,782149.777,1.1519,0.93,5.3512,0.5851,2.3126,25001097.7486,959365.7606,664036.519,178007815.97,6830684.2155
601939.SH,20240508,7.12,7.19,7.11,7.14,7.12,0.02,0.2809,1196889.89,856819.553,1.2476,0.93,5.3662,0.5868,2.3191,25001097.7486,959365.7606,664036.519,178507837.925,6849871.5307
601939.SH,20240509,7.14,7.14,7.07,7.09,7.14,-0.05,-0.7003,870899.76,617668.387,0.9078,0.69,5.3286,0.5827,2.3028,25001097.7486,959365.7606,664036.519,177257783.0376,6801903.2427
601939.SH,20240510,7.09,7.11,7.06,7.07,7.09,-0.02,-0.2821,1290776.0,914003.101,1.3454,1.15,5.3136,0.581,2.2963,25001097.7486,959365.7606,664036.519,176757761.0826,6782715.9274
601939.SH,20240513,7.07,7.09,7.05,7.09,7.07,0.02,0.2829,879145.41,621900.265,0.9164,0.74,5.3286,0.5827,2.3028,25001097.7486,959365.7606,664036.519,177257783.0376,6801903.2427
601939.SH,20240514,7.08,7.09,7.03,7.04,7.09,-0.05,-0.7052,914630.98,644395.025,0.9534,0.86,5.291,0.5786,2.2866,25001097.7486,959365.7606,664036.519,176007728.1501,6753934.9546
601939.SH,20240515,7.04,7.06,7.02,7.04,7.04,0.0,0.0,677776.2,477309.267,0.7065,0.66,5.291,0.5786,2.2866,25001097.7486,959365.7606,664036.519,176007728.1501,6753934.9546
601939.SH,20240516,7.04,7.18,7.03,7.17,7.04,0.13,1.8466,1842760.81,1311784.459,1.9208,1.99,5.3887,0.5892,2.3288,25001097.7486,959365.7606,664036.519,179257870.8575,6878652.5035
601939.SH,20240517,7.16,7.18,7.08,7.14,7.17,-0.03,-0.4184,1265195.22,900198.484,1.3188,1.13,5.3662,0.5868,2.3191,25001097.7486,959365.7606,664036.519,178507837.925,6849871.5307
601939.SH,20240520,7.15,7.19,7.1,7.11,7.14,-0.03,-0.4202,1277512.67,911369.42,1.3316,1.14,5.3436,0.5843,2.3093,25001097.7486,959365.7606,664036.519,177757804.9925,6821090.5579
601939.SH,20240521,7.11,7.15,7.09,7.14,7.11,0.03,0.4219,1116945.37,795545.745,1.1643,0.93,5.3662,0.5868,2.3191,25001097.7486,959365.7606,664036.519,178507837.925,6849871.5307
601939.SH,20240522,7.14,7.19,7.12,7.16,7.14,0.02,0.2801,1329244.16,952537.584,1.3855,1.08,5.3812,0.5884,2.3256,25001097.7486,959365.7606,664036.519,179007859.88,6869058.8459
601939.SH,20240523,7.15,7.17,7.1,7.11,7.16,-0.05,-0.6983,1100683.22,783555.324,1.1473,0.81,5.3436,0.5843,2.3093,25001097.7486,959365.7606,664036.519,177757804.9925,6821090.5579
601939.SH,20240524,7.11,7.15,7.06,7.07,7.11,-0.04,-0.5626,1179145.29,837551.503,1.2291,0.97,5.3136,0.581,2.2963,25001097.7486,959365.7606,664036.519,176757761.0826,6782715.9274
601939.SH,20240527,7.07,7.12,7.07,7.11,7.07,0.04,0.5658,912967.57,648185.295,0.9516,0.76,5.3436,0.5843,2.3093,25001097.7486,959365.7606,664036.519,177757804.9925,6821090.5579
601939.SH,20240528,7.11,7.14,7.08,7.11,7.11,0.0,0.0,899783.02,639144.254,0.9379,0.8,5.3436,0.5843,2.3093,25001097.7486,959365.7606,664036.519,177757804.9925,6821090.5579
601939.SH,20240529,7.1,7.11,7.05,7.07,7.11,-0.04,-0.5626,955546.95,676352.062,0.996,0.88,5.3136,0.581,2.2963,25001097.7486,959365.7606,664036.519,176757761.0826,6782715.9274
601939.SH,20240530,7.07,7.09,7.0,7.03,7.07,-0.04,-0.5658,1098548.12,773269.491,1.1451,1.09,5.2835,0.5777,2.2834,25001097.7486,959365.7606,664036.519,175757717.1727,6744341.297
601939.SH,20240531,7.02,7.06,7.02,7.04,7.03,0.01,0.1422,835627.89,588825.396,0.871,0.83,5.291,0.5786,2.2866,25001097.7486,959365.7606,664036.519,176007728.1501,6753934.9546
601939.SH,20240603,7.04,7.09,7.01,7.06,7.04,0.02,0.2841,910908.81,642493.523,0.9495,0.97,5.3061,0.5802,2.2931,25001097.7486,959365.7606,664036.519,176507750.1051,6773122.2698
601939.SH,20240604,7.07,7.07,7.03,7.06,7.06,0.0,0.0,751287.93,530022.858,0.7831,0.8,5.3061,0.5802,2.2931,25001097.7486,959365.7606,664036.519,176507750.1051,6773122.2698
601939.SH,20240605,7.06,7.08,7.05,7.07,7.06,0.01,0.1416,819487.88,578610.416,0.8542,0.9,5.3136,0.581,2.2963,25001097.7486,959365.7606,664036.519,176757761.0826,6782715.9274
601939.SH,20240606,7.06,7.12,7.05,7.09,7.07,0.02,0.2829,981102.24,695770.008,1.0227,1.11,5.3286,0.5827,2.3028,25001097.7486,959365.7606,664036.519,177257783.0376,6801903.2427
601939.SH,20240607,7.1,7.2,7.09,7.2,7.09,0.11,1.5515,1382861.1,990406.19,1.4414,1.61,5.4113,0.5917,2.3386,25001097.7486,959365.7606,664036.519,180007903.7899,6907433.4763
601939.SH,20240611,7.21,7.28,7.12,7.12,7.2,-0.08,-1.1111,1100665.12,788954.215,1.1473,1.14,5.3512,0.5851,2.3126,25001097.7486,959365.7606,664036.519,178007815.97,6830684.2155
601939.SH,20240612,7.12,7.15,7.06,7.14,7.12,0.02,0.2809,824547.06,585830.526,0.8595,0.82,5.3662,0.5868,2.3191,25001097.7486,959365.7606,664036.519,178507837.925,6849871.5307
601939.SH,20240613,7.14,7.17,7.11,7.15,7.14,0.01,0.1401,631007.45,450564.623,0.6577,0.62,5.3737,0.5876,2.3223,25001097.7486,959365.7606,664036.519,178757848.9025,6859465.1883
601939.SH,20240614,7.14,7.18,7.11,7.13,7.15,-0.02,-0.2797,880954.27,629199.948,0.9183,0.9,5.3587,0.586,2.3158,25001097.7486,959365.7606,664036.519,178257826.9475,6840277.8731
601939.SH,20240617,7.12,7.13,7.04,7.07,7.13,-0.06,-0.8415,968241.83,684446.856,1.0093,1.0,5.3136,0.581,2.2963,25001097.7486,959365.7606,664036.519,176757761.0826,6782715.9274
601939.SH,20240618,7.07,7.12,7.03,7.1,7.07,0.03,0.4243,684544.38,484861.791,0.7135,0.78,5.3361,0.5835,2.3061,25001097.7486,959365.7606,664036.519,177507794.0151,6811496.9003
601939.SH,20240619,7.1,7.2,7.09,7.19,7.1,0.09,1.2676,1167637.07,837151.267,1.2171,1.46,5.4038,0.5909,2.3353,25001097.7486,959365.7606,664036.519,179757892.8124,6897839.8187
601939.SH,20240620,7.19,7.24,7.15,7.23,7.19,0.04,0.5563,1164438.72,838913.085,1.2138,1.34,5.4338,0.5942,2.3483,25001097.7486,959365.7606,664036.519,180757936.7224,6936214.4491
601939.SH,20240621,7.21,7.24,7.19,7.22,7.23,-0.01,-0.1383,883805.35,637237.337,0.9212,0.91,5.4263,0.5934,2.3451,25001097.7486,959365.7606,664036.519,180507925.7449,6926620.7915
601939.SH,20240624,7.22,7.26,7.2,7.25,7.22,0.03,0.4155,918609.24,664562.893,0.9575,0.94,5.4489,0.5958,2.3548,25001097.7486,959365.7606,664036.519,181257958.6774,6955401.7644
601939.SH,20240625,7.24,7.28,7.23,7.28,7.25,0.03,0.4138,776937.65,564024.062,0.8098,0.81,5.4714,0.5983,2.3646,25001097.7486,959365.7606,664036.519,182007991.6098,6984182.7372
601939.SH,20240626,7.27,7.33,7.25,7.31,7.28,0.03,0.4121,913170.08,666650.792,0.9518,0.93,5.494,0.6007,2.3743,25001097.7486,959365.7606,664036.519,182758024.5423,7012963.71
601939.SH,20240627,7.31,7.42,7.29,7.4,7.31,0.09,1.2312,1267589.38,934412.684,1.3213,1.36,5.5616,0.6081,2.4035,25001097.7486,959365.7606,664036.519,185008123.3396,7099306.6284
601939.SH,20240628,7.4,7.43,7.34,7.4,7.4,0.0,0.0,875145.28,646126.173,0.9122,0.92,5.5616,0.6081,2.4035,25001097.7486,959365.7606,664036.519,185008123.3396,7099306.6284
601939.SH,20240701,7.4,7.6,7.39,7.57,7.4,0.17,2.2973,1333022.44,1004170.788,1.3895,1.4,5.6894,0.6221,2.4587,25001097.7486,959365.7606,664036.519,189258309.9569,7262398.8077
601939.SH,20240702,7.55,7.71,7.55,7.7,7.57,0.13,1.7173,1233003.23,941972.56,1.2852,1.19,5.7871,0.6328,2.501,25001097.7486,959365.7606,664036.519,192508452.6642,7387116.3566
601939.SH,20240703,7.68,7.75,7.58,7.61,7.7,-0.09,-1.1688,891009.9,680138.047,0.9287,0.79,5.7194,0.6254,2.4717,25001097.7486,959365.7606,664036.519,190258353.8668,7300773.4382
601939.SH,20240704,7.61,7.72,7.61,7.69,7.61,0.08,1.0512,899189.53,690876.459,0.9373,0.8,5.7795,0.632,2.4977,25001097.7486,959365.7606,664036.519,192258441.6867,7377522.699
601939.SH,20240705,7.71,7.74,7.51,7.56,7.69,-0.13,-1.6905,1008403.5,766127.981,1.0511,0.96,5.6818,0.6213,2.4555,25001097.7486,959365.7606,664036.519,189008298.9794,7252805.1501
601939.SH,20240708,7.56,7.71,7.53,7.66,7.56,0.1,1.3228,1114517.64,853848.813,1.1617,1.04,5.757,0.6295,2.488,25001097.7486,959365.7606,664036.519,191508408.7543,7348741.7262
601939.SH,20240709,7.66,7.7,7.62,7.67,7.66,0.01,0.1305,847309.49,649270.584,0.8832,0.82,5.7645,0.6303,2.4912,25001097.7486,959365.7606,664036.519,191758419.7318,7358335.3838
601939.SH,20240710,7.69,7.75,7.67,7.74,7.67,0.07,0.9126,1127612.72,870624.974,1.1754,1.18,5.8171,0.6361,2.514,25001097.7486,959365.7606,664036.519,193508496.5742,7425490.987
601939.SH,20240711,7.73,7.78,7.61,7.69,7.74,-0.05,-0.646,1362276.77,1045847.571,1.42,1.36,5.7795,0.632,2.4977,25001097.7486,959365.7606,664036.519,192258441.6867,7377522.699
601939.SH,20240712,7.3,7.41,7.29,7.37,7.29,0.08,1.0974,1572293.2,1157065.672,1.6389,1.44,5.539,0.6263,2.3938,25001097.7486,959365.7606,664036.519,184258090.4072,7070525.6556
601939.SH,20240715,7.37,7.61,7.36,7.59,7.37,0.22,2.9851,1393646.06,1046915.618,1.4527,1.16,5.7044,0.645,2.4652,25001097.7486,959365.7606,664036.519,189758331.9119,7281586.123
601939.SH,20240716,7.59,7.68,7.49,7.56,7.59,-0.03,-0.3953,1092539.99,825640.929,1.1388,0.87,5.6818,0.6424,2.4555,25001097.7486,959365.7606,664036.519,189008298.9794,7252805.1501
601939.SH,20240717,7.55,7.61,7.51,7.57,7.56,0.01,0.1323,911296.76,689713.918,0.9499,0.7,5.6894,0.6433,2.4587,25001097.7486,959365.7606,664036.519,189258309.9569,7262398.8077
601939.SH,20240718,7.55,7.62,7.48,7.61,7.57,0.04,0.5284,951388.4,717619.905,0.9917,0.75,5.7194,0.6467,2.4717,25001097.7486,959365.7606,664036.519,190258353.8668,7300773.4382
601939.SH,20240719,7.58,7.6,7.44,7.55,7.61,-0.06,-0.7884,1179687.95,885210.808,1.2297,1.0,5.6743,0.6416,2.4522,25001097.7486,959365.7606,664036.519,188758288.0019,7243211.4925
601939.SH,20240722,7.5,7.5,7.35,7.43,7.55,-0.12,-1.5894,1404184.79,1040238.528,1.4637,1.27,5.5841,0.6314,2.4133,25001097.7486,959365.7606,664036.519,185758156.2721,7128087.6013
601939.SH,20240723,7.4,7.64,7.39,7.58,7.43,0.15,2.0188,1572419.88,1186819.501,1.639,1.42,5.6969,0.6441,2.462,25001097.7486,959365.7606,664036.519,189508320.9344,7271992.4653
601939.SH,20240724,7.56,7.64,7.53,7.59,7.58,0.01,0.1319,1018668.4,773349.943,1.0618,0.85,5.7044,0.645,2.4652,25001097.7486,959365.7606,664036.519,189758331.9119,7281586.123
601939.SH,20240725,7.59,7.62,7.46,7.6,7.59,0.01,0.1318,1305518.3,985854.479,1.3608,1.07,5.7119,0.6458,2.4685,25001097.7486,959365.7606,664036.519,190008342.8894,7291179.7806
601939.SH,20240726,7.58,7.6,7.37,7.42,7.6,-0.18,-2.3684,1249871.8,929674.565,1.3028,0.96,5.5766,0.6305,2.41,25001097.7486,959365.7606,664036.519,185508145.2946,7118493.9437
601939.SH,20240729,7.44,7.58,7.36,7.56,7.42,0.14,1.8868,970831.35,729226.193,1.012,0.74,5.6818,0.6424,2.4555,25001097.7486,959365.7606,664036.519,189008298.9794,7252805.1501
601939.SH,20240730,7.57,7.62,7.51,7.57,7.56,0.01,0.1323,690971.0,523147.84,0.7202,0.56,5.6894,0.6433,2.4587,25001097.7486,959365.7606,664036.519,189258309.9569,7262398.8077
601939.SH,20240731,7.6,7.61,7.4,7.44,7.57,-0.13,-1.7173,1074725.05,801552.825,1.1202,1.03,5.5917,0.6322,2.4165,25001097.7486,959365.7606,664036.519,186008167.2496,7137681.2589
601939.SH,20240801,7.42,7.58,7.35,7.48,7.44,0.04,0.5376,1052307.54,787085.634,1.0969,0.99,5.6217,0.6356,2.4295,25001097.7486,959365.7606,664036.519,187008211.1595,7176055.8893
601939.SH,20240802,7.46,7.55,7.44,7.5,7.48,0.02,0.2674,711865.69,534423.903,0.742,0.71,5.6368,0.6373,2.436,25001097.7486,959365.7606,664036.519,187508233.1145,7195243.2045
601939.SH,20240805,7.49,7.58,7.42,7.52,7.5,0.02,0.2667,1091012.07,819033.131,1.1372,1.21,5.6518,0.639,2.4425,25001097.7486,959365.7606,664036.519,188008255.0695,7214430.5197
601939.SH,20240806,7.49,7.52,7.4,7.43,7.52,-0.09,-1.1968,963652.99,716500.896,1.0045,1.04,5.5841,0.6314,2.4133,25001097.7486,959365.7606,664036.519,185758156.2721,7128087.6013
601939.SH,20240807,7.41,7.55,7.39,7.46,7.43,0.03,0.4038,865543.72,648094.942,0.9022,0.88,5.6067,0.6339,2.423,25001097.7486,959365.7606,664036.519,186508189.2046,7156868.5741
601939.SH,20240808,7.46,7.5,7.43,7.46,7.46,0.0,0.0,599936.37,448061.833,0.6253,0.64,5.6067,0.6339,2.423,25001097.7486,959365.7606,664036.519,186508189.2046,7156868.5741
601939.SH,20240809,7.46,7.53,7.44,7.52,7.46,0.06,0.8043,720029.72,539310.45,0.7505,0.85,5.6518,0.639,2.4425,25001097.7486,959365.7606,664036.519,188008255.0695,7214430.5197
601939.SH,20240812,7.51,7.62,7.47,7.6,7.52,0.08,1.0638,875859.17,663739.92,0.913,1.03,5.7119,0.6458,2.4685,25001097.7486,959365.7606,664036.519,190008342.8894,7291179.7806
601939.SH,20240813,7.6,7.7,7.58,7.66,7.6,0.06,0.7895,845310.19,647124.635,0.8811,1.05,5.757,0.6509,2.488,25001097.7486,959365.7606,664036.519,191508408.7543,7348741.7262
601939.SH,20240814,7.65,7.7,7.63,7.64,7.66,-0.02,-0.2611,465790.96,356484.291,0.4855,0.6,5.742,0.6492,2.4815,25001097.7486,959365.7606,664036.519,191008386.7993,7329554.411
601939.SH,20240815,7.65,7.72,7.62,7.71,7.64,0.07,0.9162,692372.89,531450.7,0.7217,0.99,5.7946,0.6552,2.5042,25001097.7486,959365.7606,664036.519,192758463.6417,7396710.0142
601939.SH,20240816,7.7,7.88,7.69,7.88,7.71,0.17,2.2049,1063257.27,831951.01,1.1083,1.48,5.9223,0.6696,2.5594,25001097.7486,959365.7606,664036.519,197008650.259,7559802.1935
601939.SH,20240819,7.88,8.08,7.83,8.05,7.88,0.17,2.1574,1317201.27,1051152.157,1.373,1.67,6.0501,0.684,2.6146,25001097.7486,959365.7606,664036.519,201258836.8762,7722894.3728
601939.SH,20240820,8.06,8.19,8.01,8.18,8.05,0.13,1.6149,1422354.43,1155116.876,1.4826,1.62,6.1478,0.6951,2.6569,25001097.7486,959365.7606,664036.519,204508979.5835,7847611.9217
601939.SH,20240821,8.13,8.17,8.01,8.11,8.18,-0.07,-0.8557,1083662.6,876909.634,1.1296,1.09,6.0952,0.6891,2.6341,25001097.7486,959365.7606,664036.519,202758902.7411,7780456.3185
601939.SH,20240822,8.1,8.26,8.08,8.22,8.11,0.11,1.3564,983843.68,806833.452,1.0255,0.88,6.1779,0.6985,2.6699,25001097.7486,959365.7606,664036.519,205509023.4935,7885986.5521
601939.SH,20240823,8.22,8.27,8.13,8.24,8.22,0.02,0.2433,793494.5,651338.098,0.8271,0.68,6.1929,0.7002,2.6764,25001097.7486,959365.7606,664036.519,206009045.4485,7905173.8673
601939.SH,20240826,8.23,8.27,8.11,8.24,8.24,0.0,0.0,761981.02,623676.451,0.7943,0.68,6.1929,0.7002,2.6764,25001097.7486,959365.7606,664036.519,206009045.4485,7905173.8673
601939.SH,20240827,8.23,8.4,8.21,8.36,8.24,0.12,1.4563,1169700.71,973448.148,1.2192,1.16,6.2831,0.7104,2.7153,25001097.7486,959365.7606,664036.519,209009177.1783,8020297.7586
601939.SH,20240828,8.36,8.41,8.2,8.26,8.36,-0.1,-1.1962,1149005.76,951953.486,1.1977,1.2,6.2079,0.7019,2.6829,25001097.7486,959365.7606,664036.519,206509067.4034,7924361.1826
601939.SH,20240829,8.24,8.28,7.89,7.91,8.26,-0.35,-4.2373,1960402.74,1571297.569,2.0434,2.02,5.9449,0.6722,2.5692,25001097.7486,959365.7606,664036.519,197758683.1914,7588583.1663
601939.SH,20240830,7.87,7.9,7.5,7.53,7.91,-0.38,-4.804,3385535.52,2582087.603,3.5289,2.9,5.6593,0.6399,2.4458,25001097.7486,959365.7606,664036.519,188258266.047,7224024.1773
601939.SH,20240902,7.45,7.57,7.41,7.48,7.53,-0.05,-0.664,2081524.82,1560474.895,2.1697,1.24,5.6217,0.6372,2.4295,25001097.7486,959365.7606,676427.2931,187008211.1595,7176055.8893
601939.SH,20240903,7.49,7.5,7.21,7.32,7.48,-0.16,-2.139,1871877.18,1366542.169,1.9512,0.96,5.5015,0.6236,2.3775,25001097.7486,959365.7606,676427.2931,183008035.5198,7022557.3676
601939.SH,20240904,7.28,7.37,7.22,7.3,7.32,-0.02,-0.2732,1099185.35,800888.742,1.1457,0.53,5.4864,0.6014,2.371,25001097.7486,959365.7606,676427.2931,182508013.5648,7003370.0524
601939.SH,20240905,7.31,7.34,7.14,7.2,7.3,-0.1,-1.3699,1438511.45,1036059.507,1.4994,0.69,5.4113,0.5932,2.3386,25001097.7486,959365.7606,676427.2931,180007903.7899,6907433.4763
601939.SH,20240906,7.19,7.3,7.17,7.18,7.2,-0.02,-0.2778,1022163.42,739691.556,1.0655,0.52,5.3963,0.5915,2.3321,25001097.7486,959365.7606,649687.9987,179507881.8349,6888246.1611
601939.SH,20240909,7.15,7.17,7.02,7.12,7.18,-0.06,-0.8357,1310463.62,930270.486,1.366,0.87,5.3512,0.5866,2.3126,25001097.7486,959365.7606,649687.9987,178007815.97,6830684.2155
601939.SH,20240910,7.12,7.33,7.1,7.3,7.12,0.18,2.5281,1580925.71,1145505.437,1.6479,1.17,5.4864,0.6014,2.371,25001097.7486,959365.7606,649687.9987,182508013.5648,7003370.0524
601939.SH,20240911,7.29,7.29,7.08,7.12,7.3,-0.18,-2.4658,1264416.69,903396.321,1.318,0.98,5.3512,0.5866,2.3126,25001097.7486,959365.7606,649687.9987,178007815.97,6830684.2155
601939.SH,20240912,7.09,7.13,6.97,7.09,7.12,-0.03,-0.4213,1116331.41,788535.902,1.1636,0.84,5.3286,0.5841,2.3028,25001097.7486,959365.7606,649687.9987,177257783.0376,6801903.2427
601939.SH,20240913,7.06,7.15,7.05,7.12,7.09,0.03,0.4231,897964.94,638638.158,0.936,0.71,5.3512,0.5866,2.3126,25001097.7486,959365.7606,649687.9987,178007815.97,6830684.2155
601939.SH,20240918,7.13,7.24,7.12,7.23,7.12,0.11,1.5449,785164.2,564404.278,0.8184,0.64,5.4338,0.5956,2.3483,25001097.7486,959365.7606,649687.9987,180757936.7224,6936214.4491
601939.SH,20240919,7.25,7.25,7.11,7.18,7.23,-0.05,-0.6916,942241.67,674427.508,0.9822,0.83,5.3963,0.5915,2.3321,25001097.7486,959365.7606,649687.9987,179507881.8349,6888246.1611
601939.SH,20240920,7.17,7.26,7.15,7.23,7.18,0.05,0.6964,875319.24,632372.466,0.9124,0.87,5.4338,0.5956,2.3483,25001097.7486,959365.7606,649687.9987,180757936.7224,6936214.4491
601939.SH,20240923,7.22,7.36,7.18,7.34,7.23,0.11,1.5214,879179.35,640928.521,0.9164,0.95,5.5165,0.6047,2.384,25001097.7486,959365.7606,649687.9987,183508057.4747,7041744.6828
601939.SH,20240924,7.37,7.69,7.32,7.68,7.34,0.34,4.6322,1935224.14,1460677.885,2.0172,2.21,5.772,0.6327,2.4945,25001097.7486,959365.7606,649687.9987,192008430.7092,7367929.0414
601939.SH,20240925,7.8,7.97,7.64,7.74,7.68,0.06,0.7813,1786679.11,1393790.203,1.8624,1.65,5.8171,0.6377,2.514,25001097.7486,959365.7606,649687.9987,193508496.5742,7425490.987
601939.SH,20240926,7.75,7.96,7.69,7.96,7.74,0.22,2.8424,1432491.75,1122762.656,1.4932,1.12,5.9825,0.6558,2.5854,25001097.7486,959365.7606,649687.9987,199008738.0789,7636551.4544
601939.SH,20240927,7.96,8.04,7.6,7.65,7.96,-0.31,-3.8945,2323115.45,1794958.75,2.4215,1.68,5.7495,0.6302,2.4847,25001097.7486,959365.7606,649687.9987,191258397.7768,7339148.0686
601939.SH,20240930,7.65,8.0,7.47,7.93,7.65,0.28,3.6601,5182927.14,4002511.881,5.4025,3.1,5.9599,0.6533,2.5757,25001097.7486,959365.7606,649687.9987,198258705.1464,7607770.4816
601939.SH,20241008,8.35,8.66,7.73,8.01,7.93,0.08,1.0088,5052897.1,4093570.427,5.2669,2.0,6.0201,0.6599,2.6017,25001097.7486,959365.7606,649687.9987,200258792.9663,7684519.7424
601939.SH,20241009,7.91,8.04,7.78,7.84,8.01,-0.17,-2.1223,3098749.11,2453037.491,3.23,0.98,5.8923,0.6459,2.5464,25001097.7486,959365.7606,649687.9987,196008606.349,7521427.5631
601939.SH,20241010,7.85,8.28,7.85,8.1,7.84,0.26,3.3163,2818938.3,2280015.449,2.9383,0.82,6.0877,0.6673,2.6309,25001097.7486,959365.7606,649687.9987,202508891.7637,7770862.6609
601939.SH,20241011,8.1,8.28,8.01,8.16,8.1,0.06,0.7407,1908558.09,1559281.292,1.9894,0.52,6.1328,0.6723,2.6504,25001097.7486,959365.7606,649687.9987,204008957.6286,7828424.6065
601939.SH,20241014,8.25,8.63,8.25,8.55,8.16,0.39,4.7794,2778905.89,2356685.151,2.8966,0.77,6.4259,0.7044,2.777,25001097.7486,959365.7606,649687.9987,213759385.7505,8202577.2531
601939.SH,20241015,8.51,8.51,8.2,8.22,8.55,-0.33,-3.8596,2219885.1,1851049.407,2.3139,0.71,6.1779,0.6772,2.6699,25001097.7486,959365.7606,649687.9987,205509023.4935,7885986.5521
601939.SH,20241016,8.16,8.38,8.12,8.36,8.22,0.14,1.7032,1335417.45,1110101.07,1.392,0.52,6.2831,0.6887,2.7153,25001097.7486,959365.7606,649687.9987,209009177.1783,8020297.7586
601939.SH,20241017,8.32,8.46,8.28,8.28,8.36,-0.08,-0.9569,1099473.78,917285.078,1.146,0.5,6.223,0.6821,2.6894,25001097.7486,959365.7606,649687.9987,207009089.3584,7943548.4978
601939.SH,20241018,8.26,8.36,8.13,8.31,8.28,0.03,0.3623,1270776.49,1049433.899,1.3246,0.68,6.2455,0.6846,2.6991,25001097.7486,959365.7606,649687.9987,207759122.2909,7972329.4706
601939.SH,20241021,8.26,8.29,8.08,8.15,8.31,-0.16,-1.9254,1693103.12,1377326.752,1.7648,0.97,6.1253,0.6714,2.6471,25001097.7486,959365.7606,649687.9987,203758946.6511,7818830.9489
601939.SH,20241022,8.15,8.2,8.1,8.14,8.15,-0.01,-0.1227,736399.52,599606.78,0.7676,0.48,6.1178,0.6706,2.6439,25001097.7486,959365.7606,649687.9987,203508935.6736,7809237.2913
601939.SH,20241023,8.14,8.17,8.1,8.14,8.14,0.0,0.0,686069.58,557875.656,0.7151,0.56,6.1178,0.6706,2.6439,25001097.7486,959365.7606,649687.9987,203508935.6736,7809237.2913
601939.SH,20241024,8.13,8.18,8.08,8.16,8.14,0.02,0.2457,657199.76,535383.263,0.685,0.6,6.1328,0.6723,2.6504,25001097.7486,959365.7606,649687.9987,204008957.6286,7828424.6065
601939.SH,20241025,8.14,8.15,8.04,8.11,8.16,-0.05,-0.6127,953115.0,771679.011,0.9935,0.94,6.0952,0.6681,2.6341,25001097.7486,959365.7606,649687.9987,202758902.7411,7780456.3185
601939.SH,20241028,8.1,8.1,7.96,8.01,8.11,-0.1,-1.233,988871.31,790224.202,1.0308,1.05,6.0201,0.6599,2.6017,25001097.7486,959365.7606,649687.9987,200258792.9663,7684519.7424
601939.SH,20241029,8.0,8.06,7.97,8.01,8.01,0.0,0.0,732601.97,586926.489,0.7636,0.91,6.0201,0.6599,2.6017,25001097.7486,959365.7606,649687.9987,200258792.9663,7684519.7424
601939.SH,20241030,7.98,8.02,7.83,7.92,8.01,-0.09,-1.1236,1388661.47,1095888.579,1.4475,1.73,5.9524,0.6525,2.5724,25001097.7486,959365.7606,649687.9987,198008694.1689,7598176.824
601939.SH,20241031,7.98,8.05,7.91,7.93,7.92,0.01,0.1263,944011.04,752491.492,0.984,1.0,5.9599,0.6353,2.5757,25001097.7486,959365.7606,643946.1267,198258705.1464,7607770.4816
601939.SH,20241101,7.95,8.14,7.93,8.06,7.93,0.13,1.6393,1351788.26,1090828.937,1.409,1.35,6.0576,0.6457,2.6179,25001097.7486,959365.7606,643946.1267,201508847.8537,7732488.0304
601939.SH,20241104,8.07,8.09,7.92,8.08,8.06,0.02,0.2481,971598.21,777231.463,1.0128,0.9,6.0727,0.6473,2.6244,25001097.7486,959365.7606,643946.1267,202008869.8087,7751675.3456
601939.SH,20241105,8.06,8.11,8.04,8.11,8.08,0.03,0.3713,923067.26,746340.654,0.9622,0.86,6.0952,0.6497,2.6341,25001097.7486,959365.7606,643946.1267,202758902.7411,7780456.3185
601939.SH,20241106,8.09,8.1,7.97,8.0,8.11,-0.11,-1.3564,1293778.28,1036719.877,1.3486,1.16,6.0125,0.6409,2.5984,25001097.7486,959365.7606,643946.1267,200008781.9888,7674926.0848
601939.SH,20241107,7.99,8.08,7.95,8.08,8.0,0.08,1.0,948331.67,760629.665,0.9885,0.86,6.0727,0.6473,2.6244,25001097.7486,959365.7606,643946.1267,202008869.8087,7751675.3456
601939.SH,20241108,8.07,8.13,7.98,8.0,8.08,-0.08,-0.9901,1293179.82,1039684.899,1.348,1.18,6.0125,0.6409,2.5984,25001097.7486,959365.7606,643946.1267,200008781.9888,7674926.0848
601939.SH,20241111,7.95,7.97,7.86,7.9,8.0,-0.1,-1.25,1342979.55,1062365.832,1.3999,1.24,5.9374,0.6328,2.5659,25001097.7486,959365.7606,643946.1267,197508672.2139,7578989.5087
601939.SH,20241112,7.9,7.93,7.83,7.85,7.9,-0.05,-0.6329,1282312.33,1008686.963,1.3366,1.11,5.8998,0.6288,2.5497,25001097.7486,959365.7606,643946.1267,196258617.3265,7531021.2207
601939.SH,20241113,7.84,7.92,7.81,7.87,7.85,0.02,0.2548,821237.76,646992.473,0.856,0.67,5.9148,0.6304,2.5562,25001097.7486,959365.7606,643946.1267,196758639.2815,7550208.5359
601939.SH,20241114,7.85,7.96,7.82,7.92,7.87,0.05,0.6353,1070848.14,847601.529,1.1162,0.94,5.9524,0.6345,2.5724,25001097.7486,959365.7606,643946.1267,198008694.1689,7598176.824
601939.SH,20241115,7.91,8.0,7.86,7.92,7.92,0.0,0.0,1547508.53,1230319.991,1.6131,1.33,5.9524,0.6345,2.5724,25001097.7486,959365.7606,643946.1267,198008694.1689,7598176.824
601939.SH,20241118,7.96,8.11,7.96,8.0,7.92,0.08,1.0101,1950823.93,1568036.186,2.0335,1.61,6.0125,0.6409,2.5984,25001097.7486,959365.7606,643946.1267,200008781.9888,7674926.0848
601939.SH,20241119,8.0,8.06,7.87,7.95,8.0,-0.05,-0.625,1206712.48,961335.99,1.2578,0.9,5.975,0.6369,2.5822,25001097.7486,959365.7606,643946.1267,198758727.1014,7626957.7968
601939.SH,20241120,7.94,7.99,7.92,7.95,7.95,0.0,0.0,740483.89,588931.38,0.7718,0.56,5.975,0.6369,2.5822,25001097.7486,959365.7606,643946.1267,198758727.1014,7626957.7968
601939.SH,20241121,7.95,7.97,7.92,7.94,7.95,-0.01,-0.1258,631675.61,501102.428,0.6584,0.48,5.9674,0.6361,2.5789,25001097.7486,959365.7606,643946.1267,198508716.1239,7617364.1392
601939.SH,20241122,7.93,7.98,7.84,7.84,7.94,-0.1,-1.2594,902874.0,712922.585,0.9411,0.74,5.8923,0.628,2.5464,25001097.7486,959365.7606,643946.1267,196008606.349,7521427.5631
601939.SH,20241125,7.84,7.9,7.83,7.88,7.84,0.04,0.5102,835487.35,657780.12,0.8709,0.77,5.9223,0.6312,2.5594,25001097.7486,959365.7606,643946.1267,197008650.259,7559802.1935
601939.SH,20241126,7.87,8.0,7.84,7.98,7.88,0.1,1.269,997560.77,792253.366,1.0398,1.16,5.9975,0.6393,2.5919,25001097.7486,959365.7606,643946.1267,199508760.0338,7655738.7696
601939.SH,20241127,7.99,8.06,7.96,8.06,7.98,0.08,1.0025,1236853.1,992521.38,1.2892,1.51,6.0576,0.6457,2.6179,25001097.7486,959365.7606,643946.1267,201508847.8537,7732488.0304
601939.SH,20241128,8.05,8.09,8.0,8.04,8.06,-0.02,-0.2481,618027.08,497450.327,0.6442,0.67,6.0426,0.6441,2.6114,25001097.7486,959365.7606,643946.1267,201008825.8987,7713300.7152
601939.SH,20241129,8.06,8.09,7.98,7.98,8.04,-0.06,-0.7463,875232.73,702568.024,0.9123,0.95,5.9975,0.6393,2.5919,25001097.7486,959365.7606,643946.1267,199508760.0338,7655738.7696
601939.SH,20241202,7.97,7.99,7.88,7.94,7.98,-0.04,-0.5013,943423.46,748428.768,0.9834,1.03,5.9674,0.6361,2.5789,25001097.7486,959365.7606,643946.1267,198508716.1239,7617364.1392
601939.SH,20241203,7.94,8.08,7.93,8.07,7.94,0.13,1.6373,1171880.94,939049.027,1.2215,1.25,6.0651,0.6465,2.6211,25001097.7486,959365.7606,643946.1267,201758858.8312,7742081.688
601939.SH,20241204,8.06,8.22,8.03,8.19,8.07,0.12,1.487,1341469.8,1093326.414,1.3983,1.38,6.1553,0.6561,2.6601,25001097.7486,959365.7606,643946.1267,204758990.561,7857205.5793
601939.SH,20241205,8.18,8.29,8.16,8.23,8.19,0.04,0.4884,760953.33,627012.052,0.7932,0.77,6.1854,0.6593,2.6731,25001097.7486,959365.7606,643946.1267,205759034.471,7895580.2097
601939.SH,20241206,8.23,8.3,8.19,8.27,8.23,0.04,0.486,902552.15,745552.289,0.9408,0.89,6.2155,0.6625,2.6861,25001097.7486,959365.7606,643946.1267,206759078.3809,7933954.8402
601939.SH,20241209,8.26,8.29,8.19,8.25,8.27,-0.02,-0.2418,789367.26,651078.555,0.8228,0.77,6.2004,0.6609,2.6796,25001097.7486,959365.7606,643946.1267,206259056.426,7914767.525
601939.SH,20241210,8.28,8.42,8.19,8.37,8.25,0.12,1.4545,1504606.75,1249068.607,1.5683,1.51,6.2906,0.6705,2.7186,25001097.7486,959365.7606,643946.1267,209259188.1558,8029891.4162
601939.SH,20241211,8.32,8.38,8.2,8.21,8.37,-0.16,-1.9116,1240355.89,1024262.68,1.2929,1.17,6.1704,0.6577,2.6666,25001097.7486,959365.7606,643946.1267,205259012.516,7876392.8945
601939.SH,20241212,8.22,8.34,8.18,8.31,8.21,0.1,1.218,1088774.79,900918.867,1.1349,1.05,6.2455,0.6657,2.6991,25001097.7486,959365.7606,643946.1267,207759122.2909,7972329.4706
601939.SH,20241213,8.29,8.39,8.26,8.3,8.31,-0.01,-0.1203,1138958.08,948661.065,1.1872,1.03,6.238,0.6649,2.6958,25001097.7486,959365.7606,643946.1267,207509111.3134,7962735.813
601939.SH,20241216,8.31,8.55,8.3,8.45,8.3,0.15,1.8072,1239263.79,1045535.19,1.2918,1.08,6.3507,0.6769,2.7446,25001097.7486,959365.7606,643946.1267,211259275.9757,8106640.6771
601939.SH,20241217,8.45,8.57,8.44,8.49,8.45,0.04,0.4734,887937.59,755171.01,0.9255,0.71,6.3808,0.6801,2.7576,25001097.7486,959365.7606,643946.1267,212259319.8856,8145015.3075
601939.SH,20241218,8.52,8.65,8.49,8.55,8.49,0.06,0.7067,1002938.34,859273.151,1.0454,0.9,6.4259,0.6849,2.777,25001097.7486,959365.7606,643946.1267,213759385.7505,8202577.2531
601939.SH,20241219,8.52,8.58,8.4,8.48,8.55,-0.07,-0.8187,902493.13,765971.927,0.9407,0.84,6.3733,0.6793,2.7543,25001097.7486,959365.7606,643946.1267,212009308.9081,8135421.6499
601939.SH,20241220,8.47,8.6,8.46,8.48,8.48,0.0,0.0,801627.61,682584.497,0.8356,0.78,6.3733,0.6793,2.7543,25001097.7486,959365.7606,643946.1267,212009308.9081,8135421.6499
601939.SH,20241223,8.45,8.73,8.45,8.62,8.48,0.14,1.6509,1499687.8,1294586.538,1.5632,1.55,6.4785,0.6905,2.7998,25001097.7486,959365.7606,643946.1267,215509462.5929,8269732.8564
601939.SH,20241224,8.6,8.78,8.59,8.78,8.62,0.16,1.8561,1294148.26,1128814.466,1.349,1.27,6.5988,0.7033,2.8518,25001097.7486,959365.7606,643946.1267,219509638.2327,8423231.3781
601939.SH,20241225,8.78,9.02,8.77,8.88,8.78,0.1,1.139,1453468.04,1290884.287,1.515,1.32,6.6739,0.7114,2.8842,25001097.7486,959365.7606,643946.1267,222009748.0076,8519167.9541
601939.SH,20241226,8.85,8.9,8.71,8.83,8.88,-0.05,-0.5631,974056.65,855270.051,1.0153,0.82,6.6363,0.7073,2.868,25001097.7486,959365.7606,643946.1267,220759693.1201,8471199.6661
601939.SH,20241227,8.78,8.83,8.58,8.77,8.83,-0.06,-0.6795,1434953.07,1249823.518,1.4957,1.19,6.5912,0.7025,2.8485,25001097.7486,959365.7606,643946.1267,219259627.2552,8413637.7205
601939.SH,20241230,8.75,8.84,8.73,8.8,8.77,0.03,0.3421,983924.36,864811.126,1.0256,0.74,6.6138,0.7049,2.8582,25001097.7486,959365.7606,643946.1267,220009660.1877,8442418.6933
601939.SH,20241231,8.8,8.85,8.75,8.79,8.8,-0.01,-0.1136,1204568.94,1061365.794,1.2556,0.98,6.6063,0.7041,2.855,25001097.7486,959365.7606,643946.1267,219759649.2102,8432825.0357
601939.SH,20250102,8.78,8.85,8.53,8.59,8.79,-0.2,-2.2753,1223092.09,1060427.679,1.2749,1.01,6.456,0.6881,2.79,25001097.7486,959365.7606,643946.1267,214759429.6605,8240951.8836
601939.SH,20250103,8.59,8.71,8.41,8.47,8.59,-0.12,-1.397,1401132.14,1189951.933,1.4605,1.2,6.3658,0.6785,2.7511,25001097.7486,959365.7606,643946.1267,211759297.9306,8125827.9923
601939.SH,20250106,8.44,8.52,8.25,8.48,8.47,0.01,0.1181,1396563.61,1173590.609,1.4557,1.12,6.3733,0.6793,2.7543,25001097.7486,959365.7606,643946.1267,212009308.9081,8135421.6499
601939.SH,20250107,8.47,8.68,8.43,8.65,8.48,0.17,2.0047,1223342.67,1045121.128,1.2752,0.99,6.5011,0.6929,2.8095,25001097.7486,959365.7606,643946.1267,216259495.5254,8298513.8292
601939.SH,20250108,8.64,8.85,8.64,8.84,8.65,0.19,2.1965,1436877.13,1259720.207,1.4977,1.11,6.6439,0.7081,2.8712,25001097.7486,959365.7606,643946.1267,221009704.0976,8480793.3237
601939.SH,20250109,8.85,8.85,8.68,8.76,8.84,-0.08,-0.905,1245936.04,1092374.67,1.2987,0.93,6.5837,0.7017,2.8453,25001097.7486,959365.7606,643946.1267,219009616.2777,8404044.0629
601939.SH,20250110,8.58,8.59,8.32,8.45,8.56,-0.11,-1.285,1382758.96,1167917.853,1.4413,1.03,6.3507,0.6878,2.7446,25001097.7486,959365.7606,643946.1267,211259275.9757,8106640.6771
601939.SH,20250113,8.37,8.4,8.2,8.29,8.45,-0.16,-1.8935,1052852.57,873192.635,1.0974,0.79,6.2305,0.6747,2.6926,25001097.7486,959365.7606,643946.1267,207259100.3359,7953142.1554
601939.SH,20250114,8.27,8.37,8.25,8.32,8.29,0.03,0.3619,924205.07,767635.843,0.9634,0.73,6.253,0.6772,2.7023,25001097.7486,959365.7606,643946.1267,208009133.2684,7981923.1282
601939.SH,20250115,8.3,8.43,8.29,8.32,8.32,0.0,0.0,1030448.98,861589.239,1.0741,0.85,6.253,0.6772,2.7023,25001097.7486,959365.7606,643946.1267,208009133.2684,7981923.1282
601939.SH,20250116,8.34,8.46,8.26,8.46,8.32,0.14,1.6827,1119449.73,939090.695,1.1669,0.99,6.3583,0.6886,2.7478,25001097.7486,959365.7606,643946.1267,211509286.9532,8116234.3347
601939.SH,20250117,8.42,8.47,8.32,8.34,8.46,-0.12,-1.4184,864334.21,723993.683,0.9009,0.78,6.2681,0.6788,2.7088,25001097.7486,959365.7606,643946.1267,208509155.2233,8001110.4434
601939.SH,20250120,8.34,8.37,8.28,8.29,8.34,-0.05,-0.5995,676616.51,562069.237,0.7053,0.68,6.2305,0.6747,2.6926,25001097.7486,959365.7606,643946.1267,207259100.3359,7953142.1554
601939.SH,20250121,8.3,8.33,8.22,8.27,8.29,-0.02,-0.2413,686714.37,568034.969,0.7158,0.74,6.2155,0.6731,2.6861,25001097.7486,959365.7606,643946.1267,206759078.3809,7933954.8402
601939.SH,20250122,8.27,8.27,8.14,8.17,8.27,-0.1,-1.2092,854872.82,699747.356,0.8911,0.98,6.1403,0.665,2.6536,25001097.7486,959365.7606,643946.1267,204258968.6061,7838018.2641
601939.SH,20250123,8.23,8.46,8.22,8.44,8.17,0.27,3.3048,1551179.34,1294971.873,1.6169,1.85,6.3432,0.6869,2.7413,25001097.7486,959365.7606,643946.1267,211009264.9982,8097047.0195
601939.SH,20250124,8.44,8.47,8.3,8.41,8.44,-0.03,-0.3555,762839.55,641609.023,0.7951,0.82,6.3207,0.6845,2.7316,25001097.7486,959365.7606,643946.1267,210259232.0657,8068266.0466
601939.SH,20250127,8.44,8.58,8.44,8.54,8.41,0.13,1.5458,814416.33,694349.55,0.8489,0.9,6.4184,0.6951,2.7738,25001097.7486,959365.7606,643946.1267,213509374.773,8192983.5955
601939.SH,20250205,8.53,8.55,8.37,8.38,8.54,-0.16,-1.8735,962774.24,811064.242,1.0036,1.03,6.2981,0.6821,2.7218,25001097.7486,959365.7606,643946.1267,209509199.1333,8039485.0738
601939.SH,20250206,8.42,8.47,8.3,8.34,8.38,-0.04,-0.4773,847087.03,707701.959,0.883,0.86,6.2681,0.6788,2.7088,25001097.7486,959365.7606,643946.1267,208509155.2233,8001110.4434
601939.SH,20250207,8.35,8.35,8.25,8.3,8.34,-0.04,-0.4796,1007817.93,835041.495,1.0505,1.02,6.238,0.6756,2.6958,25001097.7486,959365.7606,643946.1267,207509111.3134,7962735.813
601939.SH,20250210,8.28,8.36,8.26,8.3,8.3,0.0,0.0,773309.72,642454.255,0.8061,0.88,6.238,0.6756,2.6958,25001097.7486,959365.7606,643946.1267,207509111.3134,7962735.813
601939.SH,20250211,8.31,8.59,8.3,8.59,8.3,0.29,3.494,1964047.21,1665693.985,2.0472,2.23,6.456,0.6992,2.79,25001097.7486,959365.7606,643946.1267,214759429.6605,8240951.8836
601939.SH,20250212,8.59,8.74,8.53,8.72,8.59,0.13,1.5134,1235387.13,1070898.808,1.2877,1.11,6.5537,0.7097,2.8323,25001097.7486,959365.7606,643946.1267,218009572.3678,8365669.4324
601939.SH,20250213,8.71,8.8,8.67,8.77,8.72,0.05,0.5734,942323.04,826064.283,0.9822,0.81,6.5912,0.7138,2.8485,25001097.7486,959365.7606,643946.1267,219259627.2552,8413637.7205
601939.SH,20250214,8.78,8.8,8.7,8.76,8.77,-0.01,-0.114,642686.7,562055.325,0.6699,0.54,6.5837,0.713,2.8453,25001097.7486,959365.7606,643946.1267,219009616.2777,8404044.0629
601939.SH,20250217,8.78,8.8,8.64,8.74,8.76,-0.02,-0.2283,790594.95,687911.186,0.8241,0.71,6.5687,0.7114,2.8388,25001097.7486,959365.7606,643946.1267,218509594.3228,8384856.7476
601939.SH,20250218,8.75,8.92,8.74,8.81,8.74,0.07,0.8009,1158335.03,1023594.482,1.2074,1.04,6.6213,0.7171,2.8615,25001097.7486,959365.7606,643946.1267,220259671.1652,8452012.3509
601939.SH,20250219,8.78,8.85,8.76,8.78,8.81,-0.03,-0.3405,646110.64,568405.973,0.6735,0.68,6.5988,0.7146,2.8518,25001097.7486,959365.7606,643946.1267,219509638.2327,8423231.3781
601939.SH,20250220,8.78,8.84,8.75,8.78,8.78,0.0,0.0,563877.82,495377.939,0.5878,0.67,6.5988,0.7146,2.8518,25001097.7486,959365.7606,643946.1267,219509638.2327,8423231.3781
601939.SH,20250221,8.75,8.76,8.62,8.64,8.78,-0.14,-1.5945,904018.5,783508.309,0.9423,1.19,6.4935,0.7032,2.8063,25001097.7486,959365.7606,643946.1267,216009484.5479,8288920.1716
601939.SH,20250224,8.62,8.64,8.5,8.58,8.64,-0.06,-0.6944,1049058.99,898539.311,1.0935,1.29,6.4484,0.6983,2.7868,25001097.7486,959365.7606,643946.1267,214509418.683,8231358.2259
601939.SH,20250225,8.58,8.64,8.48,8.5,8.58,-0.08,-0.9324,1047481.93,893741.662,1.0918,1.21,6.3883,0.6918,2.7608,25001097.7486,959365.7606,643946.1267,212509330.8631,8154608.9651
601939.SH,20250226,8.51,8.63,8.5,8.54,8.5,0.04,0.4706,948633.37,811154.045,0.9888,1.13,6.4184,0.6951,2.7738,25001097.7486,959365.7606,643946.1267,213509374.773,8192983.5955
601939.SH,20250227,8.54,8.61,8.46,8.58,8.54,0.04,0.4684,999062.1,853225.901,1.0414,1.11,6.4484,0.6983,2.7868,25001097.7486,959365.7606,643946.1267,214509418.683,8231358.2259
601939.SH,20250228,8.57,8.64,8.51,8.51,8.58,-0.07,-0.8159,1083792.01,928052.671,1.1297,1.1,6.3958,0.6926,2.7641,25001097.7486,959365.7606,643946.1267,212759341.8406,8164202.6227
601939.SH,20250303,8.51,8.55,8.41,8.5,8.51,-0.01,-0.1175,901788.4,763729.894,0.94,0.88,6.3883,0.6918,2.7608,25001097.7486,959365.7606,643946.1267,212509330.8631,8154608.9651
601939.SH,20250304,8.48,8.51,8.43,8.45,8.5,-0.05,-0.5882,754129.09,638340.665,0.7861,0.76,6.3507,0.6878,2.7446,25001097.7486,959365.7606,643946.1267,211259275.9757,8106640.6771
601939.SH,20250305,8.46,8.68,8.44,8.64,8.45,0.19,2.2485,1386465.03,1188807.519,1.4452,1.48,6.4935,0.7032,2.8063,25001097.7486,959365.7606,643946.1267,216009484.5479,8288920.1716
601939.SH,20250306,8.62,8.63,8.52,8.53,8.64,-0.11,-1.2731,1015042.06,867855.356,1.058,0.99,6.4109,0.6943,2.7706,25001097.7486,959365.7606,643946.1267,213259363.7956,8183389.9379
601939.SH,20250307,8.52,8.56,8.47,8.5,8.53,-0.03,-0.3517,936502.98,796428.797,0.9762,0.91,6.3883,0.6918,2.7608,25001097.7486,959365.7606,643946.1267,212509330.8631,8154608.9651
601939.SH,20250310,8.49,8.51,8.43,8.45,8.5,-0.05,-0.5882,628223.98,531248.678,0.6548,0.63,6.3507,0.6878,2.7446,25001097.7486,959365.7606,643946.1267,211259275.9757,8106640.6771
601939.SH,20250311,8.43,8.49,8.4,8.49,8.45,0.04,0.4734,893605.26,754255.171,0.9315,0.95,6.3808,0.691,2.7576,25001097.7486,959365.7606,664036.519,212259319.8856,8145015.3075
601939.SH,20250312,8.46,8.5,8.42,8.45,8.49,-0.04,-0.4711,567209.43,479730.697,0.5912,0.58,6.3507,0.6878,2.7446,25001097.7486,959365.7606,664036.519,211259275.9757,8106640.6771
601939.SH,20250313,8.45,8.51,8.44,8.46,8.45,0.01,0.1183,668955.24,566978.607,0.6973,0.83,6.3583,0.6886,2.7478,25001097.7486,959365.7606,664036.519,211509286.9532,8116234.3347
601939.SH,20250314,8.47,8.53,8.45,8.48,8.46,0.02,0.2364,1109291.55,941642.284,1.1563,1.5,6.3733,0.6902,2.7543,25001097.7486,959365.7606,664036.519,212009308.9081,8135421.6499
601939.SH,20250317,8.5,8.56,8.47,8.53,8.48,0.05,0.5896,941384.32,802762.289,0.9813,1.22,6.4109,0.6943,2.7706,25001097.7486,959365.7606,664036.519,213259363.7956,8183389.9379
601939.SH,20250318,8.53,8.55,8.48,8.5,8.53,-0.03,-0.3517,684279.03,582269.065,0.7133,0.82,6.3883,0.6918,2.7608,25001097.7486,959365.7606,664036.519,212509330.8631,8154608.9651
601939.SH,20250319,8.5,8.61,8.49,8.58,8.5,0.08,0.9412,908605.27,777459.064,0.9471,1.14,6.4484,0.6983,2.7868,25001097.7486,959365.7606,664036.519,214509418.683,8231358.2259
601939.SH,20250320,8.57,8.62,8.52,8.54,8.58,-0.04,-0.4662,592912.51,507174.173,0.618,0.69,6.4184,0.6951,2.7738,25001097.7486,959365.7606,664036.519,213509374.773,8192983.5955
601939.SH,20250321,8.54,8.57,8.45,8.49,8.54,-0.05,-0.5855,808683.17,687414.983,0.8429,0.95,6.3808,0.691,2.7576,25001097.7486,959365.7606,664036.519,212259319.8856,8145015.3075
601939.SH,20250324,8.49,8.59,8.49,8.58,8.49,0.09,1.0601,836754.63,715557.857,0.8722,1.06,6.4484,0.6983,2.7868,25001097.7486,959365.7606,664036.519,214509418.683,8231358.2259
601939.SH,20250325,8.59,8.67,8.57,8.65,8.58,0.07,0.8159,741815.32,639517.727,0.7732,0.97,6.5011,0.704,2.8095,25001097.7486,959365.7606,664036.519,216259495.5254,8298513.8292
601939.SH,20250326,8.63,8.64,8.56,8.59,8.65,-0.06,-0.6936,632856.26,544501.733,0.6597,0.81,6.456,0.6992,2.79,25001097.7486,959365.7606,664036.519,214759429.6605,8240951.8836
601939.SH,20250327,8.59,8.64,8.58,8.63,8.59,0.04,0.4657,503599.46,433896.781,0.5249,0.7,6.486,0.7024,2.803,25001097.7486,959365.7606,664036.519,215759473.5704,8279326.514
601939.SH,20250328,8.62,8.63,8.51,8.52,8.63,-0.11,-1.2746,730211.55,624829.033,0.7611,1.04,6.4033,0.6935,2.7673,25001097.7486,959365.7606,664036.519,213009352.8181,8173796.2803
601939.SH,20250331,8.59,8.85,8.48,8.83,8.52,0.31,3.6385,2550415.24,2226607.263,2.6584,3.7,6.5785,0.6981,2.9429,25001097.7486,959365.7606,664036.519,220759693.1201,8471199.6661
601939.SH,20250401,8.76,8.82,8.63,8.67,8.83,-0.16,-1.812,1484857.21,1289928.014,1.5477,1.44,6.4593,0.6855,2.8895,25001097.7486,959365.7606,690775.8134,216759517.4804,8317701.1444
601939.SH,20250402,8.66,8.79,8.65,8.77,8.67,0.1,1.1534,921713.0,804375.765,0.9608,0.78,6.5338,0.6934,2.9229,25001097.7486,959365.7606,690775.8134,219259627.2552,8413637.7205
601939.SH,20250403,8.72,8.92,8.7,8.92,8.77,0.15,1.7104,1351555.42,1197318.207,1.4088,1.09,6.6456,0.7052,2.9729,25001097.7486,959365.7606,690775.8134,223009791.9175,8557542.5846
601939.SH,20250407,8.83,8.99,8.61,8.88,8.92,-0.04,-0.4484,2536283.65,2228281.245,2.6437,1.8,6.6158,0.7021,2.9595,25001097.7486,959365.7606,690775.8134,222009748.0076,8519167.9541
601939.SH,20250408,8.8,9.03,8.69,8.97,8.88,0.09,1.0135,2493459.41,2207982.29,2.5991,1.41,6.6828,0.7092,2.9895,25001097.7486,959365.7606,690775.8134,224259846.8049,8605510.8726
601939.SH,20250409,8.89,9.01,8.77,8.8,8.97,-0.17,-1.8952,1975177.44,1743527.608,2.0588,1.12,6.5562,0.6958,2.9329,25001097.7486,959365.7606,690775.8134,220009660.1877,8442418.6933
601939.SH,20250410,8.82,8.82,8.7,8.74,8.8,-0.06,-0.6818,1250340.22,1090796.889,1.3033,0.67,6.5115,0.691,2.9129,25001097.7486,959365.7606,690775.8134,218509594.3228,8384856.7476
601939.SH,20250411,8.75,8.79,8.68,8.79,8.74,0.05,0.5721,1138681.5,994582.346,1.1869,0.59,6.5487,0.695,2.9295,25001097.7486,959365.7606,690775.8134,219759649.2102,8432825.0357
601939.SH,20250414,8.76,8.94,8.73,8.93,8.79,0.14,1.5927,1448309.78,1283293.189,1.5097,0.77,6.653,0.706,2.9762,25001097.7486,959365.7606,690775.8134,223259802.895,8567136.2422
601939.SH,20250415,8.9,9.01,8.88,8.98,8.93,0.05,0.5599,992339.66,889553.702,1.0344,0.6,6.6903,0.71,2.9929,25001097.7486,959365.7606,690775.8134,224509857.7824,8615104.5302
601939.SH,20250416,9.0,9.07,8.94,9.07,8.98,0.09,1.0022,1147066.81,1034667.449,1.1957,0.84,6.7573,0.7171,3.0229,25001097.7486,959365.7606,690775.8134,226759956.5798,8701447.4486
601939.SH,20250417,9.06,9.1,8.95,9.08,9.07,0.01,0.1103,806685.5,728991.248,0.8409,0.67,6.7648,0.7179,3.0262,25001097.7486,959365.7606,690775.8134,227009967.5573,8711041.1062
601939.SH,20250418,9.05,9.24,9.05,9.22,9.08,0.14,1.5419,997119.69,915259.718,1.0394,0.9,6.8691,0.729,3.0728,25001097.7486,959365.7606,690775.8134,230510121.2421,8845352.3127
601939.SH,20250421,9.2,9.35,9.07,9.08,9.22,-0.14,-1.5184,1236180.97,1134289.619,1.2885,1.15,6.7648,0.7179,3.0262,25001097.7486,959365.7606,690775.8134,227009967.5573,8711041.1062
601939.SH,20250422,9.05,9.28,9.05,9.19,9.08,0.11,1.2115,1005899.91,924556.659,1.0485,0.97,6.8467,0.7266,3.0629,25001097.7486,959365.7606,690775.8134,229760088.3096,8816571.3399
601939.SH,20250423,9.19,9.22,9.1,9.12,9.19,-0.07,-0.7617,673365.41,615697.867,0.7019,0.65,6.7946,0.7211,3.0395,25001097.7486,959365.7606,690775.8134,228010011.4672,8749415.7367
601939.SH,20250424,9.12,9.3,9.11,9.27,9.12,0.15,1.6447,860672.31,794557.523,0.8971,0.91,6.9063,0.7329,3.0895,25001097.7486,959365.7606,690775.8134,231760176.1295,8893320.6008
601939.SH,20250425,9.28,9.35,9.16,9.21,9.27,-0.06,-0.6472,801894.48,739687.901,0.8359,0.84,6.8616,0.7282,3.0695,25001097.7486,959365.7606,690775.8134,230260110.2646,8835758.6551
601939.SH,20250428,9.22,9.4,9.18,9.39,9.21,0.18,1.9544,1098453.86,1024721.433,1.145,1.2,6.9957,0.7424,3.1295,25001097.7486,959365.7606,690775.8134,234760307.8594,9008444.492
601939.SH,20250429,9.38,9.47,9.33,9.36,9.39,-0.03,-0.3195,738792.73,692042.354,0.7701,0.83,6.9734,0.74,3.1195,25001097.7486,959365.7606,690775.8134,234010274.9269,8979663.5192
601939.SH,20250430,9.29,9.33,9.02,9.06,9.36,-0.3,-3.2051,2244420.63,2037619.175,2.3395,2.69,6.7499,0.7015,3.0195,25001097.7486,959365.7606,690775.8134,226509945.6023,8691853.791
601939.SH,20250506,9.06,9.11,8.89,9.05,9.06,-0.01,-0.1104,1046287.05,943905.086,1.0906,0.91,6.7424,0.7007,3.0162,25001097.7486,959365.7606,690775.8134,226259934.6248,8682260.1334
601939.SH,20250507,9.11,9.25,9.0,9.23,9.05,0.18,1.989,1265538.39,1160260.075,1.3191,1.07,6.8765,0.7147,3.0762,25001097.7486,959365.7606,690775.8134,230760132.2196,8854945.9703
601939.SH,20250508,9.21,9.37,9.21,9.31,9.23,0.08,0.8667,1100915.92,1025388.781,1.1475,0.86,6.9361,0.7209,3.1028,25001097.7486,959365.7606,690775.8134,232760220.0395,8931695.2312
601939.SH,20250509,9.14,9.33,9.14,9.24,9.1,0.14,1.5385,783060.22,721316.898,0.8162,0.61,6.884,0.727,3.0795,25001097.7486,959365.7606,690775.8134,231010143.1971,8864539.6279
601939.SH,20250512,9.23,9.27,9.14,9.17,9.24,-0.07,-0.7576,1023705.13,940426.066,1.0671,0.79,6.8318,0.7215,3.0562,25001097.7486,959365.7606,690775.8134,229260066.3547,8797384.0247
601939.SH,20250513,9.2,9.27,9.1,9.26,9.17,0.09,0.9815,832390.1,766863.977,0.8676,0.8,6.8989,0.7286,3.0862,25001097.7486,959365.7606,690775.8134,231510165.152,8883726.9432
601939.SH,20250514,9.22,9.33,9.2,9.25,9.26,-0.01,-0.108,1056509.18,978245.032,1.1013,1.06,6.8914,0.7278,3.0828,25001097.7486,959365.7606,690775.8134,231260154.1746,8874133.2856
601939.SH,20250515,9.23,9.32,9.22,9.23,9.25,-0.02,-0.2162,699901.47,647966.319,0.7295,0.73,6.8765,0.7262,3.0762,25001097.7486,959365.7606,690775.8134,230760132.2196,8854945.9703
601939.SH,20250516,9.25,9.26,9.11,9.18,9.23,-0.05,-0.5417,763936.54,699289.935,0.7963,0.87,6.8393,0.7223,3.0595,25001097.7486,959365.7606,690775.8134,229510077.3321,8806977.6823
601939.SH,20250519,9.18,9.23,9.15,9.16,9.18,-0.02,-0.2179,608339.7,558838.912,0.6341,0.7,6.8244,0.7207,3.0529,25001097.7486,959365.7606,690775.8134,229010055.3772,8787790.3671
601939.SH,20250520,9.17,9.22,9.12,9.16,9.16,0.0,0.0,605799.73,554875.192,0.6315,0.76,6.8244,0.7207,3.0529,25001097.7486,959365.7606,690775.8134,229010055.3772,8787790.3671
601939.SH,20250521,9.15,9.2,9.11,9.17,9.16,0.01,0.1092,658202.34,602918.24,0.6861,0.88,6.8318,0.7215,3.0562,25001097.7486,959365.7606,690775.8134,229260066.3547,8797384.0247
601939.SH,20250522,9.16,9.2,9.11,9.17,9.17,0.0,0.0,572812.93,524468.862,0.5971,0.86,6.8318,0.7215,3.0562,25001097.7486,959365.7606,690775.8134,229260066.3547,8797384.0247
601939.SH,20250523,9.18,9.22,9.07,9.08,9.17,-0.09,-0.9815,920336.33,839238.955,0.9593,1.43,6.7648,0.7144,3.0262,25001097.7486,959365.7606,690775.8134,227009967.5573,8711041.1062
601939.SH,20250526,9.09,9.1,9.02,9.04,9.08,-0.04,-0.4405,615210.62,556893.316,0.6413,0.91,6.735,0.7113,3.0129,25001097.7486,959365.7606,690775.8134,226009923.6473,8672666.4758
601939.SH,20250527,9.05,9.12,9.04,9.07,9.04,0.03,0.3319,531772.28,482843.217,0.5543,0.79,6.7573,0.7137,3.0229,25001097.7486,959365.7606,690775.8134,226759956.5798,8701447.4486
601939.SH,20250528,9.07,9.09,9.03,9.05,9.07,-0.02,-0.2205,346600.86,313581.188,0.3613,0.53,6.7424,0.7121,3.0162,25001097.7486,959365.7606,690775.8134,226259934.6248,8682260.1334
601939.SH,20250529,9.05,9.06,8.97,9.01,9.05,-0.04,-0.442,615100.89,553591.664,0.6412,1.03,6.7126,0.7089,3.0029,25001097.7486,959365.7606,690775.8134,225259890.7149,8643885.503
601939.SH,20250530,9.01,9.08,8.99,9.03,9.01,0.02,0.222,670206.08,605710.871,0.6986,1.11,6.7275,0.7105,3.0095,25001097.7486,959365.7606,690775.8134,225759912.6699,8663072.8182
601939.SH,20250603,9.03,9.11,8.99,9.06,9.03,0.03,0.3322,850308.03,770342.594,0.8863,1.53,6.7499,0.7129,3.0195,25001097.7486,959365.7606,664036.519,226509945.6023,8691853.791
601939.SH,20250604,9.07,9.08,9.01,9.01,9.06,-0.05,-0.5519,735116.56,663891.115,0.7663,1.22,6.7126,0.7089,3.0029,25001097.7486,959365.7606,664036.519,225259890.7149,8643885.503
601939.SH,20250605,9.01,9.03,8.98,9.0,9.01,-0.01,-0.111,578578.5,520564.814,0.6031,0.9,6.7052,0.7081,2.9995,25001097.7486,959365.7606,664036.519,225009879.7374,8634291.8454
601939.SH,20250606,9.01,9.04,8.98,9.0,9.0,0.0,0.0,499283.76,449248.493,0.5204,0.72,6.7052,0.7081,2.9995,25001097.7486,959365.7606,664036.519,225009879.7374,8634291.8454
601939.SH,20250609,9.0,9.0,8.93,8.96,9.0,-0.04,-0.4444,696118.62,623176.113,0.7256,1.04,6.6754,0.705,2.9862,25001097.7486,959365.7606,664036.519,224009835.8275,8595917.215
601939.SH,20250610,8.96,9.05,8.93,8.97,8.96,0.01,0.1116,1005136.69,904514.45,1.0477,1.5,6.6828,0.7058,2.9895,25001097.7486,959365.7606,664036.519,224259846.8049,8605510.8726
601939.SH,20250611,8.96,8.97,8.9,8.92,8.97,-0.05,-0.5574,1299146.67,1159661.869,1.3542,1.85,6.6456,0.7018,2.9729,25001097.7486,959365.7606,664036.519,223009791.9175,8557542.5846
601939.SH,20250612,8.93,8.93,8.89,8.89,8.92,-0.03,-0.3363,659638.14,587246.252,0.6876,0.81,6.6232,0.6995,2.9629,25001097.7486,959365.7606,664036.519,222259758.9851,8528761.6117
601939.SH,20250613,8.9,8.92,8.83,8.86,8.89,-0.03,-0.3375,914689.6,810721.056,0.9534,1.1,6.6009,0.6971,2.9529,25001097.7486,959365.7606,664036.519,221509726.0526,8499980.6389
601939.SH,20250616,8.86,9.0,8.8,9.0,8.86,0.14,1.5801,1315620.1,1171070.517,1.3713,1.44,6.7052,0.7081,2.9995,25001097.7486,959365.7606,664036.519,225009879.7374,8634291.8454
601939.SH,20250617,8.98,9.03,8.95,9.02,9.0,0.02,0.2222,672643.77,605677.298,0.7011,0.65,6.7201,0.7097,3.0062,25001097.7486,959365.7606,664036.519,225509901.6924,8653479.1606
601939.SH,20250618,9.02,9.22,9.01,9.22,9.02,0.2,2.2173,1504506.92,1375312.317,1.5682,1.55,6.8691,0.7255,3.0728,25001097.7486,959365.7606,664036.519,230510121.2421,8845352.3127
601939.SH,20250619,9.19,9.24,9.14,9.22,9.22,0.0,0.0,848636.42,780760.493,0.8846,0.84,6.8691,0.7255,3.0728,25001097.7486,959365.7606,664036.519,230510121.2421,8845352.3127
601939.SH,20250620,9.22,9.31,9.18,9.31,9.22,0.09,0.9761,935533.18,866898.271,0.9752,0.89,6.9361,0.7325,3.1028,25001097.7486,959365.7606,664036.519,232760220.0395,8931695.2312
601939.SH,20250623,9.3,9.47,9.24,9.45,9.31,0.14,1.5038,1099121.85,1031402.014,1.1457,1.04,7.0404,0.7436,3.1495,25001097.7486,959365.7606,664036.519,236260373.7243,9066006.4377
601939.SH,20250624,9.4,9.5,9.35,9.48,9.45,0.03,0.3175,1012861.61,955896.721,1.0558,1.0,7.0628,0.7459,3.1595,25001097.7486,959365.7606,664036.519,237010406.6567,9094787.4105
601939.SH,20250625,9.45,9.56,9.36,9.55,9.48,0.07,0.7384,984129.72,933715.021,1.0258,0.91,7.1149,0.7514,3.1828,25001097.7486,959365.7606,664036.519,238760483.4991,9161943.0137
601939.SH,20250626,9.52,9.6,9.46,9.57,9.55,0.02,0.2094,889445.65,849117.529,0.9271,0.91,7.4603,0.7627,3.3373,26160038.1459,959365.7606,664036.519,250351565.0563,9181130.3289
601939.SH,20250627,9.56,9.67,9.34,9.37,9.57,-0.2,-2.0899,1730221.47,1637882.598,1.8035,1.76,7.3044,0.7468,3.2676,26160038.1459,959365.7606,664036.519,245119557.4271,8989257.1768
601939.SH,20250630,9.33,9.54,9.31,9.44,9.37,0.07,0.7471,1563466.12,1472190.018,1.6297,1.37,7.359,0.7523,3.292,26160038.1459,959365.7606,664036.519,246950760.0973,9056412.7801
601939.SH,20250701,9.47,9.75,9.45,9.71,9.44,0.27,2.8602,1392205.18,1346175.814,1.4512,1.13,7.5695,0.7739,3.3862,26160038.1459,959365.7606,664036.519,254013970.3967,9315441.5354
601939.SH,20250702,9.75,9.89,9.71,9.76,9.71,0.05,0.5149,1007812.07,988666.1,1.0505,0.77,7.6084,0.7778,3.4036,26160038.1459,959365.7606,664036.519,255321972.304,9363409.8235
601939.SH,20250703,9.77,9.88,9.68,9.68,9.76,-0.08,-0.8197,821492.2,800967.679,0.8563,0.62,7.5461,0.7715,3.3757,26160038.1459,959365.7606,664036.519,253229169.2523,9286660.5626
601939.SH,20250704,9.74,9.85,9.7,9.8,9.68,0.12,1.2397,781269.7,764244.737,0.8144,0.6,7.6396,0.781,3.4176,26160038.1459,959365.7606,664036.519,256368373.8298,9401784.4539
601939.SH,20250707,9.79,9.81,9.73,9.75,9.8,-0.05,-0.5102,661110.73,645667.069,0.6891,0.59,7.6007,0.777,3.4001,26160038.1459,959365.7606,664036.519,255060371.9225,9353816.1659
601939.SH,20250708,9.76,9.81,9.71,9.74,9.75,-0.01,-0.1026,649537.2,633783.295,0.677,0.7,7.5929,0.7763,3.3966,26160038.1459,959365.7606,664036.519,254798771.5411,9344222.5082
601939.SH,20250709,9.73,9.88,9.72,9.82,9.74,0.08,0.8214,768899.88,754797.991,0.8015,0.98,7.6552,0.7826,3.4245,26160038.1459,959365.7606,664036.519,256891574.5927,9420971.7691
601939.SH,20250710,9.85,9.97,9.83,9.87,9.82,0.05,0.5092,848229.75,840594.391,0.8842,1.15,7.6942,0.7866,3.442,26160038.1459,959365.7606,664036.519,258199576.5,9468940.0571
601939.SH,20250711,9.9,10.03,9.75,9.75,9.87,-0.12,-1.2158,1502288.39,1483715.121,1.5659,2.03,7.6007,0.777,3.4001,26160038.1459,959365.7606,664036.519,255060371.9225,9353816.1659
601939.SH,20250714,9.79,9.9,9.77,9.77,9.75,0.02,0.2051,899538.9,884236.237,0.9376,1.02,7.6162,0.7786,3.4071,26160038.1459,959365.7606,664036.519,255583572.6854,9373003.4811
601939.SH,20250715,9.8,9.83,9.69,9.7,9.77,-0.07,-0.7165,835254.41,813157.711,0.8706,0.89,7.5617,0.7731,3.3827,26160038.1459,959365.7606,664036.519,253752370.0152,9305847.8778
601939.SH,20250716,9.7,9.72,9.59,9.72,9.7,0.02,0.2062,954332.95,920145.843,0.9948,0.98,7.5773,0.7747,3.3897,26160038.1459,959365.7606,664036.519,254275570.7781,9325035.193
601939.SH,20250717,9.7,9.73,9.63,9.66,9.72,-0.06,-0.6173,750204.81,724708.204,0.782,0.74,7.5305,0.7699,3.3687,26160038.1459,959365.7606,664036.519,252705968.4894,9267473.2474
601939.SH,20250718,9.66,9.7,9.61,9.66,9.66,0.0,0.0,526755.18,509154.09,0.5491,0.53,7.5305,0.7699,3.3687,26160038.1459,959365.7606,664036.519,252705968.4894,9267473.2474
601939.SH,20250721,9.65,9.66,9.53,9.57,9.66,-0.09,-0.9317,831807.42,796077.894,0.867,1.05,7.4603,0.7627,3.3373,26160038.1459,959365.7606,664036.519,250351565.0563,9181130.3289
601939.SH,20250722,9.54,9.56,9.38,9.43,9.57,-0.14,-1.4629,1415306.14,1335636.121,1.4753,1.82,7.3512,0.7515,3.2885,26160038.1459,959365.7606,664036.519,246689159.7158,9046819.1225
601939.SH,20250723,9.4,9.57,9.4,9.5,9.43,0.07,0.7423,1211918.64,1150232.329,1.2632,1.35,7.4058,0.7571,3.3129,26160038.1459,959365.7606,664036.519,248520362.3861,9113974.7257
601939.SH,20250724,9.5,9.52,9.37,9.38,9.5,-0.12,-1.2632,1261764.24,1187264.913,1.3152,1.33,7.3122,0.7476,3.2711,26160038.1459,959365.7606,664036.519,245381157.8085,8998850.8344
601939.SH,20250725,9.36,9.43,9.34,9.35,9.38,-0.03,-0.3198,788941.41,739732.32,0.8224,0.75,7.2888,0.7452,3.2606,26160038.1459,959365.7606,664036.519,244596356.6642,8970069.8616
601939.SH,20250728,9.35,9.43,9.34,9.37,9.35,0.02,0.2139,888921.72,834579.078,0.9266,0.81,7.3044,0.7468,3.2676,26160038.1459,959365.7606,664036.519,245119557.4271,8989257.1768
601939.SH,20250729,9.37,9.45,9.22,9.24,9.37,-0.13,-1.3874,1271162.79,1184348.814,1.325,1.14,7.2031,0.7364,3.2223,26160038.1459,959365.7606,664036.519,241718752.4681,8864539.6279
601939.SH,20250730,9.21,9.39,9.19,9.32,9.24,0.08,0.8658,1149502.71,1070079.848,1.1982,1.06,7.2654,0.7428,3.2502,26160038.1459,959365.7606,664036.519,243811555.5198,8941288.8888
601939.SH,20250731,9.33,9.42,9.22,9.41,9.32,0.09,0.9657,1474310.73,1377953.14,1.5368,1.38,7.3356,0.75,3.2816,26160038.1459,959365.7606,664036.519,246165958.9529,9027631.8072
601939.SH,20250801,9.4,9.47,9.28,9.42,9.41,0.01,0.1063,1357783.58,1276430.708,1.4153,1.22,7.3434,0.7507,3.285,26160038.1459,959365.7606,664036.519,246427559.3344,9037225.4649
601939.SH,20250804,9.4,9.56,9.39,9.55,9.42,0.13,1.38,1429879.88,1361840.322,1.4904,1.16,7.4447,0.7611,3.3304,26160038.1459,959365.7606,664036.519,249828364.2933,9161943.0137
601939.SH,20250805,9.53,9.65,9.5,9.64,9.55,0.09,0.9424,982230.45,941627.333,1.0238,0.73,7.5149,0.7683,3.3618,26160038.1459,959365.7606,664036.519,252182767.7265,9248285.9322
601939.SH,20250806,9.64,9.68,9.55,9.58,9.64,-0.06,-0.6224,1224071.82,1174882.257,1.2759,0.96,7.4681,0.7635,3.3408,26160038.1459,959365.7606,664036.519,250613165.4377,9190723.9865
601939.SH,20250807,9.57,9.7,9.45,9.63,9.58,0.05,0.5219,1266162.01,1216989.017,1.3198,0.98,7.5071,0.7675,3.3583,26160038.1459,959365.7606,664036.519,251921167.345,9238692.2746
601939.SH,20250808,9.63,9.74,9.59,9.6,9.63,-0.03,-0.3115,1110338.11,1071562.38,1.1574,0.89,7.4837,0.7651,3.3478,26160038.1459,959365.7606,664036.519,251136366.2006,9209911.3018
601939.SH,20250811,9.59,9.61,9.45,9.47,9.6,-0.13,-1.3542,1345845.52,1278126.787,1.4028,1.12,7.3824,0.7547,3.3025,26160038.1459,959365.7606,664036.519,247735561.2417,9085193.7529
601939.SH,20250812,9.47,9.53,9.45,9.51,9.47,0.04,0.4224,1098136.0,1042513.998,1.1446,0.93,7.4136,0.7579,3.3164,26160038.1459,959365.7606,664036.519,248781962.7675,9123568.3833
601939.SH,20250813,9.51,9.55,9.34,9.35,9.51,-0.16,-1.6824,1799717.13,1695922.22,1.8759,1.49,7.2888,0.7452,3.2606,26160038.1459,959365.7606,664036.519,244596356.6642,8970069.8616
601939.SH,20250814,9.35,9.44,9.34,9.35,9.35,0.0,0.0,1372987.69,1288269.665,1.4311,1.04,7.2888,0.7452,3.2606,26160038.1459,959365.7606,664036.519,244596356.6642,8970069.8616
601939.SH,20250815,9.37,9.38,9.11,9.17,9.35,-0.18,-1.9251,2194931.23,2013157.044,2.2879,1.63,7.1485,0.7308,3.1979,26160038.1459,959365.7606,664036.519,239887549.7979,8797384.0247
601939.SH,20250818,9.19,9.19,9.08,9.14,9.17,-0.03,-0.3272,1360113.53,1240303.153,1.4177,0.87,7.1251,0.7284,3.1874,26160038.1459,959365.7606,664036.519,239102748.6535,8768603.0519
601939.SH,20250819,9.14,9.21,9.11,9.16,9.14,0.02,0.2188,1364968.36,1251384.384,1.4228,0.87,7.1407,0.73,3.1944,26160038.1459,959365.7606,664036.519,239625949.4164,8787790.3671
601939.SH,20250820,9.16,9.25,9.14,9.17,9.16,0.01,0.1092,1222803.46,1124411.517,1.2746,0.76,7.1485,0.7308,3.1979,26160038.1459,959365.7606,664036.519,239887549.7979,8797384.0247
601939.SH,20250821,9.17,9.26,9.11,9.24,9.17,0.07,0.7634,1336026.4,1230269.041,1.3926,0.89,7.2031,0.7364,3.2223,26160038.1459,959365.7606,664036.519,241718752.4681,8864539.6279
601939.SH,20250822,9.25,9.27,9.14,9.21,9.24,-0.03,-0.3247,1276906.59,1172103.577,1.331,0.85,7.1797,0.734,3.2118,26160038.1459,959365.7606,664036.519,240933951.3237,8835758.6551
601939.SH,20250825,9.19,9.23,9.13,9.19,9.21,-0.02,-0.2172,1353479.03,1240478.111,1.4108,1.03,7.1641,0.7324,3.2048,26160038.1459,959365.7606,664036.519,240410750.5608,8816571.3399
601939.SH,20250826,9.19,9.24,9.14,9.15,9.19,-0.04,-0.4353,1263640.68,1159909.001,1.3172,0.96,7.1329,0.7292,3.1909,26160038.1459,959365.7606,664036.519,239364349.035,8778196.7095
601939.SH,20250827,9.13,9.14,9.03,9.03,9.15,-0.12,-1.3115,1705417.32,1545638.248,1.7777,1.32,7.0394,0.7197,3.149,26160038.1459,959365.7606,664036.519,236225144.4575,8663072.8182
601939.SH,20250828,9.03,9.06,8.94,9.03,9.03,0.0,0.0,1282154.46,1153515.326,1.3365,0.92,7.0394,0.7197,3.149,26160038.1459,959365.7606,664036.519,236225144.4575,8663072.8182
601939.SH,20250829,9.01,9.14,9.0,9.0,9.03,-0.03,-0.3322,1508822.98,1367885.105,1.5727,1.1,7.016,0.7173,3.1386,26160038.1459,959365.7606,664036.519,235440343.3131,8634291.8454
601939.SH,20250901,9.07,9.15,8.96,9.04,9.0,0.04,0.4444,1763068.3,1598130.771,1.8377,1.24,7.0472,0.7031,3.1525,26160038.1459,959365.7606,664036.519,236486744.8389,8672666.4758
601939.SH,20250902,9.04,9.25,9.01,9.22,9.04,0.18,1.9912,2480237.84,2270801.004,2.5853,1.65,7.1875,0.7171,3.2153,26160038.1459,959365.7606,664036.519,241195551.7052,8845352.3127
601939.SH,20250903,9.22,9.24,9.08,9.13,9.22,-0.09,-0.9761,1372306.17,1255087.878,1.4304,0.79,7.1173,0.7101,3.1839,26160038.1459,959365.7606,664036.519,238841148.2721,8759009.3943
601939.SH,20250904,9.1,9.22,8.93,9.2,9.13,0.07,0.7667,1975319.69,1794049.905,2.059,1.17,7.1719,0.7156,3.2083,26160038.1459,959365.7606,664036.519,240672350.9423,8826164.9975
601939.SH,20250905,9.17,9.18,9.03,9.05,9.2,-0.15,-1.6304,1367550.13,1239719.73,1.4255,0.75,7.055,0.7039,3.156,26160038.1459,959365.7606,664036.519,236748345.2204,8682260.1334
601939.SH,20250908,9.02,9.07,8.98,9.0,9.05,-0.05,-0.5525,1025632.5,924670.748,1.0691,0.57,7.016,0.7,3.1386,26160038.1459,959365.7606,664036.519,235440343.3131,8634291.8454
601939.SH,20250909,8.98,9.04,8.98,9.01,9.0,0.01,0.1111,649048.89,584890.746,0.6765,0.39,7.0238,0.7008,3.1421,26160038.1459,959365.7606,664036.519,235701943.6946,8643885.503
601939.SH,20250910,9.01,9.16,8.97,9.15,9.01,0.14,1.5538,1569052.69,1425793.688,1.6355,1.23,7.1329,0.7117,3.1909,26160038.1459,959365.7606,664036.519,239364349.035,8778196.7095
601939.SH,20250911,9.12,9.21,9.02,9.16,9.15,0.01,0.1093,1461155.88,1330191.342,1.523,1.11,7.1407,0.7125,3.1944,26160038.1459,959365.7606,664036.519,239625949.4164,8787790.3671
601939.SH,20250912,9.16,9.18,9.09,9.12,9.16,-0.04,-0.4367,915185.82,836326.492,0.9539,0.75,7.1095,0.7094,3.1804,26160038.1459,959365.7606,664036.519,238579547.8906,8749415.7367
601939.SH,20250915,9.11,9.13,9.01,9.04,9.12,-0.08,-0.8772,1129241.66,1022165.185,1.1771,1.0,7.0472,0.7031,3.1525,26160038.1459,959365.7606,664036.519,236486744.8389,8672666.4758
601939.SH,20250916,9.02,9.08,8.98,9.01,9.04,-0.03,-0.3319,998441.79,900393.102,1.0407,0.87,7.0238,0.7008,3.1421,26160038.1459,959365.7606,664036.519,235701943.6946,8643885.503
601939.SH,20250917,9.0,9.05,8.98,9.0,9.01,-0.01,-0.111,829594.74,747565.208,0.8647,0.68,7.016,0.7,3.1386,26160038.1459,959365.7606,664036.519,235440343.3131,8634291.8454
601939.SH,20250918,8.99,9.0,8.75,8.77,9.0,-0.23,-2.5556,1815451.04,1608806.523,1.8923,1.7,6.8367,0.6821,3.0584,26160038.1459,959365.7606,664036.519,229423534.5395,8413637.7205
601939.SH,20250919,8.74,8.88,8.66,8.88,8.77,0.11,1.2543,1509207.09,1325125.841,1.5731,1.33,6.9224,0.6907,3.0967,26160038.1459,959365.7606,664036.519,232301138.7356,8519167.9541
601939.SH,20250922,8.8,8.82,8.58,8.59,8.88,-0.29,-3.2658,1455969.61,1262239.304,1.5176,1.16,6.6964,0.6681,2.9956,26160038.1459,959365.7606,664036.519,224714727.6733,8240951.8836
601939.SH,20250923,8.56,8.9,8.5,8.85,8.59,0.26,3.0268,2062303.93,1809684.089,2.1497,1.56,6.8991,0.6884,3.0863,26160038.1459,959365.7606,664036.519,231516337.5912,8490386.9813
601939.SH,20250924,8.83,8.96,8.74,8.75,8.85,-0.1,-1.1299,1414776.46,1248103.079,1.4747,0.92,6.8211,0.6806,3.0514,26160038.1459,959365.7606,664036.519,228900333.7766,8394450.4053
601939.SH,20250925,8.74,8.77,8.62,8.73,8.75,-0.02,-0.2286,1155372.18,1002232.567,1.2043,0.7,6.8055,0.679,3.0444,26160038.1459,959365.7606,664036.519,228377133.0137,8375263.09
601939.SH,20250926,8.71,8.72,8.62,8.66,8.73,-0.07,-0.8018,781044.91,676547.18,0.8141,0.51,6.7509,0.6736,3.02,26160038.1459,959365.7606,664036.519,226545930.3435,8308107.4868
601939.SH,20250929,8.64,8.68,8.54,8.6,8.66,-0.06,-0.6928,1221383.12,1050946.518,1.2731,0.89,6.7042,0.6689,2.9991,26160038.1459,959365.7606,664036.519,224976328.0547,8250545.5412
601939.SH,20250930,8.61,8.62,8.55,8.61,8.6,0.01,0.1163,917245.56,787497.499,0.9561,0.69,6.712,0.6697,3.0026,26160038.1459,959365.7606,664036.519,225237928.4362,8260139.1988
601939.SH,20251009,8.56,8.67,8.5,8.67,8.61,0.06,0.6969,1087770.82,932973.082,1.1338,0.99,6.7587,0.6744,3.0235,26160038.1459,959365.7606,664036.519,226807530.725,8317701.1444
601939.SH,20251010,8.64,8.72,8.62,8.7,8.67,0.03,0.346,1166096.58,1011535.404,1.2155,1.13,6.7821,0.6767,3.034,26160038.1459,959365.7606,664036.519,227592331.8693,8346482.1172
601939.SH,20251013,8.69,8.82,8.62,8.7,8.7,0.0,0.0,1451018.0,1264813.496,1.5125,1.4,6.7821,0.6767,3.034,26160038.1459,959365.7606,664036.519,227592331.8693,8346482.1172
601939.SH,20251014,8.68,8.9,8.62,8.89,8.7,0.19,2.1839,1910550.08,1684502.569,1.9915,1.63,6.9302,0.6915,3.1002,26160038.1459,959365.7606,664036.519,232562739.1171,8528761.6117
601939.SH,20251015,8.89,8.98,8.85,8.95,8.89,0.06,0.6749,1291223.39,1152784.042,1.3459,0.99,6.977,0.6961,3.1211,26160038.1459,959365.7606,664036.519,234132341.4058,8586323.5574
601939.SH,20251016,8.93,9.21,8.93,9.19,8.95,0.24,2.6816,2020122.21,1840517.054,2.1057,1.46,7.1641,0.7148,3.2048,26160038.1459,959365.7606,664036.519,240410750.5608,8816571.3399
601939.SH,20251017,9.18,9.34,9.14,9.22,9.19,0.03,0.3264,1701796.95,1575897.499,1.7739,1.09,7.1875,0.7171,3.2153,26160038.1459,959365.7606,664036.519,241195551.7052,8845352.3127
601939.SH,20251020,9.13,9.29,9.04,9.25,9.22,0.03,0.3254,1424353.31,1304696.909,1.4847,0.85,7.2109,0.7195,3.2258,26160038.1459,959365.7606,664036.519,241980352.8496,8874133.2856
601939.SH,20251021,9.2,9.29,9.18,9.29,9.25,0.04,0.4324,1128890.82,1043628.348,1.1767,0.68,7.2421,0.7226,3.2397,26160038.1459,959365.7606,664036.519,243026754.3754,8912507.916
601939.SH,20251022,9.26,9.39,9.26,9.38,9.29,0.09,0.9688,1158875.0,1082821.567,1.208,0.77,7.3122,0.7296,3.2711,26160038.1459,959365.7606,664036.519,245381157.8085,8998850.8344
601939.SH,20251023,9.38,9.49,9.27,9.36,9.38,-0.02,-0.2132,1197152.1,1123241.322,1.2479,0.81,7.2966,0.728,3.2641,26160038.1459,959365.7606,664036.519,244857957.0456,8979663.5192
601939.SH,20251024,9.35,9.42,9.28,9.36,9.36,0.0,0.0,918675.32,859340.187,0.9576,0.69,7.2966,0.728,3.2641,26160038.1459,959365.7606,664036.519,244857957.0456,8979663.5192
601939.SH,20251027,9.35,9.5,9.22,9.43,9.36,0.07,0.7479,1422342.94,1336993.981,1.4826,1.22,7.3512,0.7335,3.2885,26160038.1459,959365.7606,664036.519,246689159.7158,9046819.1225
601939.SH,20251028,9.42,9.49,9.31,9.39,9.43,-0.04,-0.4242,791454.53,742908.494,0.825,0.68,7.32,0.7304,3.2746,26160038.1459,959365.7606,664036.519,245642758.19,9008444.492
601939.SH,20251029,9.37,9.39,9.2,9.23,9.39,-0.16,-1.7039,1117126.66,1034952.419,1.1644,1.02,7.1953,0.7179,3.2188,26160038.1459,959365.7606,664036.519,241457152.0867,8854945.9703
601939.SH,20251030,9.22,9.38,9.21,9.24,9.23,0.01,0.1083,1163338.86,1079548.627,1.2126,1.07,7.2031,0.7187,3.2223,26160038.1459,959365.7606,664036.519,241718752.4681,8864539.6279
601939.SH,20251031,9.29,9.29,9.06,9.13,9.24,-0.11,-1.1905,1300036.12,1187721.594,1.3551,1.2,7.1173,0.6956,3.1839,26160038.1459,959365.7606,664036.519,238841148.2721,8759009.3943
601939.SH,20251103,9.14,9.35,9.13,9.34,9.13,0.21,2.3001,1342670.83,1246171.321,1.3995,1.16,7.281,0.7116,3.2571,26160038.1459,959365.7606,664036.519,244334756.2827,8960476.204
601939.SH,20251104,9.34,9.55,9.33,9.55,9.34,0.21,2.2484,1586531.0,1505405.653,1.6537,1.39,7.4447,0.7276,3.3304,26160038.1459,959365.7606,664036.519,249828364.2933,9161943.0137
601939.SH,20251105,9.56,9.6,9.46,9.48,9.55,-0.07,-0.733,854265.84,813631.834,0.8904,0.66,7.3902,0.7223,3.306,26160038.1459,959365.7606,664036.519,247997161.6231,9094787.4105
601939.SH,20251106,9.45,9.48,9.39,9.44,9.48,-0.04,-0.4219,725206.59,684642.932,0.7559,0.58,7.359,0.7193,3.292,26160038.1459,959365.7606,664036.519,246950760.0973,9056412.7801
601939.SH,20251107,9.45,9.52,9.37,9.39,9.44,-0.05,-0.5297,621264.34,584809.292,0.6476,0.53,7.32,0.7154,3.2746,26160038.1459,959365.7606,664036.519,245642758.19,9008444.492
601939.SH,20251110,9.37,9.52,9.31,9.5,9.39,0.11,1.1715,837036.86,791535.695,0.8725,0.82,7.4058,0.7238,3.3129,26160038.1459,959365.7606,664036.519,248520362.3861,9113974.7257
601939.SH,20251111,9.49,9.55,9.45,9.54,9.5,0.04,0.4211,714337.14,679335.428,0.7446,0.77,7.4369,0.7269,3.3269,26160038.1459,959365.7606,664036.519,249566763.9119,9152349.3561
601939.SH,20251112,9.55,9.71,9.55,9.59,9.54,0.05,0.5241,1031834.65,993605.279,1.0755,1.38,7.4759,0.7307,3.3443,26160038.1459,959365.7606,664036.519,250874765.8192,9200317.6442
601939.SH,20251113,9.6,9.71,9.43,9.54,9.59,-0.05,-0.5214,904882.91,861816.006,0.9432,1.15,7.4369,0.7269,3.3269,26160038.1459,959365.7606,664036.519,249566763.9119,9152349.3561
601939.SH,20251114,9.53,9.67,9.53,9.56,9.54,0.02,0.2096,715230.02,687170.117,0.7455,0.87,7.4525,0.7284,3.3339,26160038.1459,959365.7606,664036.519,250089964.6748,9171536.6713
601939.SH,20251117,9.54,9.55,9.39,9.44,9.56,-0.12,-1.2552,769526.86,727060.737,0.8021,0.92,7.359,0.7193,3.292,26160038.1459,959365.7606,664036.519,246950760.0973,9056412.7801
601939.SH,20251118,9.43,9.47,9.36,9.41,9.44,-0.03,-0.3178,609517.33,573404.008,0.6353,0.74,7.3356,0.717,3.2816,26160038.1459,959365.7606,664036.519,246165958.9529,9027631.8072
601939.SH,20251119,9.4,9.58,9.39,9.52,9.41,0.11,1.169,838453.87,796638.69,0.874,1.04,7.4214,0.7254,3.3199,26160038.1459,959365.7606,664036.519,249043563.149,9133162.0409
601939.SH,20251120,9.48,9.97,9.45,9.82,9.52,0.3,3.1513,2241663.51,2195359.06,2.3366,2.92,7.6552,0.7482,3.4245,26160038.1459,959365.7606,664036.519,256891574.5927,9420971.7691
601939.SH,20251121,9.79,9.9,9.72,9.79,9.82,-0.03,-0.3055,1800110.31,1765599.903,1.8764,1.74,7.6318,0.7459,3.4141,26160038.1459,959365.7606,664036.519,256106773.4484,9392190.7963
601939.SH,20251124,9.77,9.84,9.65,9.75,9.79,-0.04,-0.4086,1290231.48,1255606.465,1.3449,1.03,7.6007,0.7429,3.4001,26160038.1459,959365.7606,664036.519,255060371.9225,9353816.1659
601939.SH,20251125,9.73,9.88,9.62,9.85,9.75,0.1,1.0256,1289072.44,1258571.118,1.3437,0.95,7.6786,0.7505,3.435,26160038.1459,959365.7606,664036.519,257676375.7371,9449752.7419
601939.SH,20251126,9.85,9.9,9.65,9.72,9.85,-0.13,-1.3198,1221971.93,1187962.993,1.2737,0.82,7.5773,0.7406,3.3897,26160038.1459,959365.7606,664036.519,254275570.7781,9325035.193
601939.SH,20251127,9.72,9.74,9.56,9.71,9.72,-0.01,-0.1029,975232.55,941813.661,1.0165,0.62,7.5695,0.7398,3.3862,26160038.1459,959365.7606,664036.519,254013970.3967,9315441.5354
601939.SH,20251128,9.69,9.75,9.61,9.66,9.71,-0.05,-0.5149,1097007.41,1059927.748,1.1435,0.83,7.5305,0.736,3.3687,26160038.1459,959365.7606,664036.519,252705968.4894,9267473.2474
601939.SH,20251201,9.61,9.67,9.55,9.65,9.66,-0.01,-0.1035,868455.38,834969.33,0.9052,0.74,7.5227,0.7353,3.3652,26160038.1459,959365.7606,664036.519,252444368.1079,9257879.5898
601939.SH,20251202,9.64,9.71,9.52,9.6,9.65,-0.05,-0.5181,877046.53,841785.696,0.9142,0.8,7.4837,0.7314,3.3478,26160038.1459,959365.7606,664036.519,251136366.2006,9209911.3018
601939.SH,20251203,9.55,9.65,9.42,9.44,9.6,-0.16,-1.6667,1012509.22,963180.6,1.0554,1.0,7.359,0.7193,3.292,26160038.1459,959365.7606,664036.519,246950760.0973,9056412.7801
601939.SH,20251204,9.43,9.46,9.36,9.39,9.44,-0.05,-0.5297,601137.3,564849.199,0.6266,0.62,7.32,0.7154,3.2746,26160038.1459,959365.7606,664036.519,245642758.19,9008444.492
601939.SH,20251205,9.37,9.44,9.27,9.31,9.39,-0.08,-0.852,811037.47,756758.561,0.8454,0.91,7.2576,0.7094,3.2467,26160038.1459,959365.7606,664036.519,243549955.1383,8931695.2312
601939.SH,20251208,9.32,9.37,9.27,9.31,9.31,0.0,0.0,790546.54,736574.563,0.824,0.95,7.2576,0.7094,3.2467,26160038.1459,959365.7606,664036.519,243549955.1383,8931695.2312
601939.SH,20251209,9.29,9.36,9.25,9.34,9.31,0.03,0.3222,900124.33,838555.263,0.9382,1.1,7.281,0.7116,3.2571,26160038.1459,959365.7606,664036.519,244334756.2827,8960476.204
601939.SH,20251210,9.34,9.35,9.16,9.19,9.34,-0.15,-1.606,1103631.81,1017332.091,1.1504,1.34,7.1641,0.7002,3.2048,26160038.1459,959365.7606,664036.519,240410750.5608,8816571.3399
601939.SH,20251211,9.03,9.05,8.9,8.94,9.0,-0.06,-0.6667,1057002.6,945708.417,1.1018,1.26,6.9692,0.6909,3.1176,26160038.1459,959365.7606,664036.519,233870741.0243,8576729.8998
601939.SH,20251212,8.95,8.95,8.8,8.88,8.94,-0.06,-0.6711,1457199.77,1292489.197,1.5189,1.56,6.9224,0.6863,3.0967,26160038.1459,959365.7606,664036.519,232301138.7356,8519167.9541
601939.SH,20251215,8.89,8.96,8.86,8.88,8.88,0.0,0.0,782221.97,696591.559,0.8154,0.74,6.9224,0.6863,3.0967,26160038.1459,959365.7606,664036.519,232301138.7356,8519167.9541
601939.SH,20251216,8.87,8.9,8.8,8.84,8.88,-0.04,-0.4505,764076.03,675960.42,0.7964,0.72,6.8913,0.6832,3.0828,26160038.1459,959365.7606,664036.519,231254737.2098,8480793.3237
601939.SH,20251217,8.85,8.99,8.81,8.93,8.84,0.09,1.0181,981082.13,875368.797,1.0226,0.95,6.9614,0.6902,3.1142,26160038.1459,959365.7606,664036.519,233609140.6429,8567136.2422
601939.SH,20251218,8.95,9.17,8.94,9.16,8.93,0.23,2.5756,1271181.75,1156559.757,1.325,1.26,7.1407,0.7079,3.1944,26160038.1459,959365.7606,664036.519,239625949.4164,8787790.3671
601939.SH,20251219,9.14,9.23,9.07,9.17,9.16,0.01,0.1092,943923.86,864746.741,0.9839,0.9,7.1485,0.7087,3.1979,26160038.1459,959365.7606,664036.519,239887549.7979,8797384.0247
601939.SH,20251222,9.12,9.21,9.07,9.19,9.17,0.02,0.2181,630962.24,577545.39,0.6577,0.67,7.1641,0.7103,3.2048,26160038.1459,959365.7606,664036.519,240410750.5608,8816571.3399
601939.SH,20251223,9.17,9.27,9.15,9.22,9.19,0.03,0.3264,749102.78,690389.987,0.7808,0.82,7.1875,0.7126,3.2153,26160038.1459,959365.7606,664036.519,241195551.7052,8845352.3127
601939.SH,20251224,9.22,9.25,9.16,9.17,9.22,-0.05,-0.5423,570033.38,523792.332,0.5942,0.62,7.1485,0.7087,3.1979,26160038.1459,959365.7606,664036.519,239887549.7979,8797384.0247
601939.SH,20251225,9.15,9.23,9.14,9.2,9.17,0.03,0.3272,502560.74,461824.208,0.5238,0.6,7.1719,0.711,3.2083,26160038.1459,959365.7606,664036.519,240672350.9423,8826164.9975
601939.SH,20251226,9.19,9.2,9.08,9.09,9.2,-0.11,-1.1957,701031.83,638583.013,0.7307,1.03,7.0861,0.7025,3.17,26160038.1459,959365.7606,664036.519,237794746.7462,8720634.7639
601939.SH,20251229,9.09,9.28,9.05,9.27,9.09,0.18,1.9802,1043426.42,960888.982,1.0876,1.65,7.2265,0.7164,3.2327,26160038.1459,959365.7606,664036.519,242503553.6125,8893320.6008
601939.SH,20251230,9.25,9.29,9.18,9.22,9.27,-0.05,-0.5394,637750.44,589180.238,0.6648,0.89,7.1875,0.7126,3.2153,26160038.1459,959365.7606,664036.519,241195551.7052,8845352.3127
601939.SH,20251231,9.22,9.33,9.2,9.28,9.22,0.06,0.6508,669147.53,620585.678,0.6975,0.97,7.2343,0.7172,3.2362,26160038.1459,959365.7606,664036.519,242765153.994,8902914.2584
