ts_code,trade_date,open,high,low,close,pre_close,change,pct_chg,vol,amount,turnover_rate,volume_ratio,pe,pb,ps,total_share,float_share,free_share,total_mv,circ_mv
601988.SH,20180601,3.76,3.78,3.74,3.76,3.77,-0.01,-0.27,1135555.75,426565.977,0.0539,1.08,6.4203,0.7881,2.2904,29438779.1241,21076551.4846,2230398.1239,110689809.5066,79247833.5821
601988.SH,20180604,3.77,3.8,3.76,3.79,3.76,0.03,0.8,926072.75,350443.543,0.0439,0.84,6.4715,0.7944,2.3087,29438779.1241,21076551.4846,2230398.1239,111572972.8803,79880130.1266
601988.SH,20180605,3.79,3.8,3.77,3.79,3.79,0.0,0.0,654141.83,247581.764,0.031,0.57,6.4715,0.7944,2.3087,29438779.1241,21076551.4846,2230398.1239,111572972.8803,79880130.1266
601988.SH,20180606,3.79,3.79,3.76,3.77,3.79,-0.02,-0.53,717986.31,270564.55,0.0341,0.7,6.4373,0.7902,2.2965,29438779.1241,21076551.4846,2230398.1239,110984197.2979,79458599.0969
601988.SH,20180607,3.78,3.8,3.77,3.78,3.77,0.01,0.27,842258.6,318534.766,0.04,0.85,6.4544,0.7923,2.3026,29438779.1241,21076551.4846,2230398.1239,111278585.0891,79669364.6118
601988.SH,20180608,3.77,3.78,3.73,3.74,3.78,-0.04,-1.06,1123330.62,420814.955,0.0533,1.31,6.3861,0.7839,2.2782,29438779.1241,21076551.4846,2230398.1239,110101033.9241,78826302.5524
601988.SH,20180611,3.73,3.74,3.71,3.74,3.74,0.0,0.0,605607.49,225604.84,0.0287,0.71,6.3861,0.7839,2.2782,29438779.1241,21076551.4846,2230398.1239,110101033.9241,78826302.5524
601988.SH,20180612,3.73,3.75,3.72,3.74,3.74,0.0,0.0,512860.75,191553.908,0.0243,0.65,6.3861,0.7839,2.2782,29438779.1241,21076551.4846,2230398.1239,110101033.9241,78826302.5524
601988.SH,20180613,3.74,3.74,3.7,3.73,3.74,-0.01,-0.27,736163.49,273894.698,0.0349,0.97,6.369,0.7818,2.2721,29438779.1241,21076551.4846,2230398.1239,109806646.1329,78615537.0376
601988.SH,20180614,3.71,3.74,3.7,3.73,3.73,0.0,0.0,961411.11,357774.1,0.0456,1.26,6.369,0.7818,2.2721,29438779.1241,21076551.4846,2230398.1239,109806646.1329,78615537.0376
601988.SH,20180615,3.73,3.76,3.72,3.75,3.73,0.02,0.54,1293985.17,484481.62,0.0614,1.64,6.4032,0.786,2.2843,29438779.1241,21076551.4846,2230398.1239,110395421.7154,79037068.0673
601988.SH,20180619,3.73,3.78,3.71,3.76,3.75,0.01,0.27,3353293.25,1257476.258,0.1591,4.08,6.4203,0.7881,2.2904,29438779.1241,21076551.4846,2230398.1239,110689809.5066,79247833.5821
601988.SH,20180620,3.75,3.75,3.72,3.73,3.76,-0.03,-0.8,985799.45,368448.802,0.0468,0.72,6.369,0.7818,2.2721,29438779.1241,21076551.4846,2230398.1239,109806646.1329,78615537.0376
601988.SH,20180621,3.73,3.76,3.72,3.74,3.73,0.01,0.27,954517.69,356735.625,0.0453,0.65,6.3861,0.7839,2.2782,29438779.1241,21076551.4846,2230398.1239,110101033.9241,78826302.5524
601988.SH,20180622,3.72,3.74,3.71,3.74,3.74,0.0,0.0,635393.39,236969.5,0.0301,0.42,6.3861,0.7839,2.2782,29438779.1241,21076551.4846,2230398.1239,110101033.9241,78826302.5524
601988.SH,20180625,3.75,3.76,3.68,3.7,3.74,-0.04,-1.07,997753.89,371426.31,0.0473,0.69,6.3178,0.7755,2.2538,29438779.1241,21076551.4846,2230398.1239,108923482.7592,77983240.493
601988.SH,20180626,3.68,3.68,3.6,3.65,3.7,-0.05,-1.35,1518735.68,552435.392,0.0721,1.1,6.2324,0.765,2.2234,29438779.1241,21076551.4846,2230398.1239,107451543.803,76929412.9188
601988.SH,20180627,3.64,3.65,3.56,3.62,3.65,-0.03,-0.82,1373038.25,494805.48,0.0651,1.35,6.1812,0.7587,2.2051,29438779.1241,21076551.4846,2230398.1239,106568380.4292,76297116.3743
601988.SH,20180628,3.59,3.61,3.55,3.56,3.62,-0.06,-1.66,1104128.88,394548.238,0.0524,1.01,6.0788,0.7462,2.1686,29438779.1241,21076551.4846,2230398.1239,104802053.6818,75032523.2852
601988.SH,20180629,3.57,3.62,3.56,3.61,3.56,0.05,1.4,783895.64,281476.009,0.0372,0.7,6.1641,0.7566,2.199,29438779.1241,21076551.4846,2230398.1239,106273992.638,76086350.8594
601988.SH,20180702,3.6,3.61,3.44,3.47,3.61,-0.14,-3.88,1458032.07,514094.944,0.0692,1.26,5.9251,0.7273,2.1137,29438779.1241,21076551.4846,2230398.1239,102152563.5606,73135633.6516
601988.SH,20180703,3.46,3.51,3.46,3.51,3.47,0.04,1.15,1144619.57,398470.713,0.0543,0.92,5.9934,0.7357,2.1381,29438779.1241,21076551.4846,2230398.1239,103330114.7256,73978695.7109
601988.SH,20180704,3.5,3.55,3.49,3.53,3.51,0.02,0.57,805551.49,284700.631,0.0382,0.69,6.0275,0.7399,2.1503,29438779.1241,21076551.4846,2230398.1239,103918890.3081,74400226.7406
601988.SH,20180705,3.53,3.59,3.52,3.58,3.53,0.05,1.42,1124299.24,399589.078,0.0533,1.06,6.1129,0.7503,2.1807,29438779.1241,21076551.4846,2230398.1239,105390829.2643,75454054.3149
601988.SH,20180706,3.58,3.63,3.56,3.6,3.58,0.02,0.56,930564.32,334260.257,0.0442,0.88,6.1471,0.7545,2.1929,29438779.1241,21076551.4846,2230398.1239,105979604.8468,75875585.3446
601988.SH,20180709,3.61,3.77,3.6,3.75,3.6,0.15,4.17,1595540.47,591496.257,0.0757,1.46,6.4032,0.786,2.2843,29438779.1241,21076551.4846,2049395.6739,110395421.7154,79037068.0673
601988.SH,20180710,3.76,3.77,3.71,3.73,3.75,-0.02,-0.53,1216700.58,454540.911,0.0577,1.09,6.369,0.7818,2.2721,29438779.1241,21076551.4846,2049395.6739,109806646.1329,78615537.0376
601988.SH,20180711,3.67,3.73,3.66,3.72,3.73,-0.01,-0.27,1067486.71,395391.211,0.0506,0.94,6.352,0.7797,2.266,29438779.1241,21076551.4846,2049395.6739,109512258.3417,78404771.5227
601988.SH,20180712,3.71,3.8,3.7,3.79,3.72,0.07,1.88,1531947.89,578327.272,0.0727,1.29,6.4715,0.7944,2.3087,29438779.1241,21076551.4846,2049395.6739,111572972.8803,79880130.1266
601988.SH,20180713,3.62,3.62,3.55,3.56,3.61,-0.05,-1.39,1331837.3,476224.979,0.0632,1.05,6.0788,0.7747,2.1686,29438779.1241,21076551.4846,2049395.6739,104802053.6818,75032523.2852
601988.SH,20180716,3.56,3.56,3.48,3.5,3.56,-0.06,-1.69,1159514.37,406754.572,0.055,0.86,5.9763,0.7617,2.132,29438779.1241,21076551.4846,2049395.6739,103035726.9344,73767930.1961
601988.SH,20180717,3.5,3.5,3.46,3.48,3.5,-0.02,-0.57,724550.73,251812.63,0.0344,0.57,5.9422,0.7573,2.1198,29438779.1241,21076551.4846,2049395.6739,102446951.3519,73346399.1664
601988.SH,20180718,3.49,3.52,3.46,3.46,3.48,-0.02,-0.57,1143951.41,398656.51,0.0543,0.98,5.908,0.753,2.1077,29438779.1241,21076551.4846,2049395.6739,101858175.7694,72924868.1367
601988.SH,20180719,3.47,3.47,3.43,3.45,3.46,-0.01,-0.29,817322.09,281698.823,0.0388,0.69,5.8909,0.7508,2.1016,29438779.1241,21076551.4846,2049395.6739,101563787.9781,72714102.6219
601988.SH,20180720,3.45,3.58,3.44,3.55,3.45,0.1,2.8986,1900679.03,666274.164,0.0902,1.84,6.0617,0.7726,2.1625,29438779.1241,21076551.4846,2049395.6739,104507665.8906,74821757.7703
601988.SH,20180723,3.53,3.61,3.51,3.59,3.55,0.04,1.1268,1847498.04,658706.532,0.0877,1.61,6.13,0.7813,2.1868,29438779.1241,21076551.4846,2049395.6739,105685217.0555,75664819.8297
601988.SH,20180724,3.58,3.64,3.57,3.6,3.59,0.01,0.2786,1792713.52,646501.784,0.0851,1.39,6.1471,0.7834,2.1929,29438779.1241,21076551.4846,2049395.6739,105979604.8468,75875585.3446
601988.SH,20180725,3.61,3.62,3.58,3.59,3.6,-0.01,-0.2778,962870.84,345851.059,0.0457,0.64,6.13,0.7813,2.1868,29438779.1241,21076551.4846,2049395.6739,105685217.0555,75664819.8297
601988.SH,20180726,3.6,3.62,3.55,3.57,3.59,-0.02,-0.5571,1106683.03,396098.413,0.0525,0.76,6.0958,0.7769,2.1747,29438779.1241,21076551.4846,2049395.6739,105096441.473,75243288.8
601988.SH,20180727,3.56,3.57,3.54,3.56,3.57,-0.01,-0.2801,744067.25,264635.662,0.0353,0.49,6.0788,0.7747,2.1686,29438779.1241,21076551.4846,2049395.6739,104802053.6818,75032523.2852
601988.SH,20180730,3.56,3.6,3.55,3.6,3.56,0.04,1.1236,1355354.06,485778.632,0.0643,1.05,6.1471,0.7834,2.1929,29438779.1241,21076551.4846,2049395.6739,105979604.8468,75875585.3446
601988.SH,20180731,3.59,3.63,3.56,3.62,3.6,0.02,0.5556,1377296.82,496223.529,0.0653,1.16,6.1812,0.7878,2.2051,29438779.1241,21076551.4846,2049395.6739,106568380.4292,76297116.3743
601988.SH,20180801,3.62,3.66,3.56,3.56,3.62,-0.06,-1.6575,1367886.45,494873.311,0.0649,1.23,6.0788,0.7747,2.1686,29438779.1241,21076551.4846,2049395.6739,104802053.6818,75032523.2852
601988.SH,20180802,3.55,3.56,3.47,3.49,3.56,-0.07,-1.9663,1542858.11,541295.645,0.0732,1.3,5.9592,0.7595,2.1259,29438779.1241,21076551.4846,2049395.6739,102741339.1431,73557164.6813
601988.SH,20180803,3.49,3.53,3.47,3.49,3.49,0.0,0.0,811588.67,284429.223,0.0385,0.64,5.9592,0.7595,2.1259,29438779.1241,21076551.4846,2049395.6739,102741339.1431,73557164.6813
601988.SH,20180806,3.49,3.55,3.49,3.51,3.49,0.02,0.5731,1273357.92,448460.152,0.0604,0.99,5.9934,0.7639,2.1381,29438779.1241,21076551.4846,2049395.6739,103330114.7256,73978695.7109
601988.SH,20180807,3.51,3.56,3.5,3.56,3.51,0.05,1.4245,1077872.53,380733.341,0.0511,0.85,6.0788,0.7747,2.1686,29438779.1241,21076551.4846,2049395.6739,104802053.6818,75032523.2852
601988.SH,20180808,3.55,3.56,3.52,3.53,3.56,-0.03,-0.8427,837098.54,296446.995,0.0397,0.69,6.0275,0.7682,2.1503,29438779.1241,21076551.4846,2049395.6739,103918890.3081,74400226.7406
601988.SH,20180809,3.52,3.57,3.51,3.56,3.53,0.03,0.8499,1027506.59,365327.736,0.0488,0.93,6.0788,0.7747,2.1686,29438779.1241,21076551.4846,2049395.6739,104802053.6818,75032523.2852
601988.SH,20180810,3.56,3.57,3.53,3.54,3.56,-0.02,-0.5618,675915.11,239740.574,0.0321,0.67,6.0446,0.7704,2.1564,29438779.1241,21076551.4846,2049395.6739,104213278.0993,74610992.2555
601988.SH,20180813,3.52,3.53,3.46,3.5,3.54,-0.04,-1.1299,1187737.74,414505.705,0.0564,1.21,5.9763,0.7617,2.132,29438779.1241,21076551.4846,2049395.6739,103035726.9344,73767930.1961
601988.SH,20180814,3.5,3.51,3.47,3.51,3.5,0.01,0.2857,793337.81,276735.7,0.0376,0.83,5.9934,0.7639,2.1381,29438779.1241,21076551.4846,2049395.6739,103330114.7256,73978695.7109
601988.SH,20180815,3.5,3.51,3.45,3.45,3.51,-0.06,-1.7094,997123.38,345718.206,0.0473,1.1,5.8909,0.7508,2.1016,29438779.1241,21076551.4846,2049395.6739,101563787.9781,72714102.6219
601988.SH,20180816,3.43,3.48,3.42,3.47,3.45,0.02,0.5797,928312.93,320171.584,0.044,0.99,5.9251,0.7551,2.1137,29438779.1241,21076551.4846,2049395.6739,102152563.5606,73135633.6516
601988.SH,20180817,3.48,3.48,3.44,3.45,3.47,-0.02,-0.5764,659357.06,228420.963,0.0313,0.72,5.8909,0.7508,2.1016,29438779.1241,21076551.4846,2049395.6739,101563787.9781,72714102.6219
601988.SH,20180820,3.46,3.5,3.45,3.5,3.45,0.05,1.4493,859700.61,298902.578,0.0408,0.94,5.9763,0.7617,2.132,29438779.1241,21076551.4846,2049395.6739,103035726.9344,73767930.1961
601988.SH,20180821,3.5,3.54,3.48,3.52,3.5,0.02,0.5714,848025.76,298358.42,0.0402,1.0,6.0105,0.766,2.1442,29438779.1241,21076551.4846,2049395.6739,103624502.5168,74189461.2258
601988.SH,20180822,3.51,3.52,3.48,3.5,3.52,-0.02,-0.5682,397559.12,138974.88,0.0189,0.46,5.9763,0.7617,2.132,29438779.1241,21076551.4846,2049395.6739,103035726.9344,73767930.1961
601988.SH,20180823,3.5,3.52,3.48,3.5,3.5,0.0,0.0,601850.58,210801.297,0.0286,0.81,5.9763,0.7617,2.132,29438779.1241,21076551.4846,2049395.6739,103035726.9344,73767930.1961
601988.SH,20180824,3.5,3.57,3.48,3.53,3.5,0.03,0.8571,1094164.81,385979.287,0.0519,1.63,6.0275,0.7682,2.1503,29438779.1241,21076551.4846,2049395.6739,103918890.3081,74400226.7406
601988.SH,20180827,3.54,3.56,3.53,3.55,3.53,0.02,0.5666,1202493.45,426447.905,0.0571,1.58,6.0617,0.7726,2.1625,29438779.1241,21076551.4846,2049395.6739,104507665.8906,74821757.7703
601988.SH,20180828,3.55,3.58,3.55,3.56,3.55,0.01,0.2817,823086.42,293023.553,0.0391,0.99,6.0788,0.7747,2.1686,29438779.1241,21076551.4846,2049395.6739,104802053.6818,75032523.2852
601988.SH,20180829,3.55,3.56,3.54,3.56,3.56,0.0,0.0,691687.2,245679.171,0.0328,0.84,6.0788,0.7619,2.1686,29438779.1241,21076551.4846,2049395.6739,104802053.6818,75032523.2852
601988.SH,20180830,3.56,3.57,3.53,3.53,3.56,-0.03,-0.8427,685998.4,243617.398,0.0325,0.78,6.0275,0.7555,2.1503,29438779.1241,21076551.4846,2049395.6739,103918890.3081,74400226.7406
601988.SH,20180831,3.54,3.58,3.53,3.55,3.53,0.02,0.5666,1484871.44,528290.111,0.0705,1.65,6.0617,0.7598,2.1625,29438779.1241,21076551.4846,2049395.6739,104507665.8906,74821757.7703
601988.SH,20180903,3.55,3.56,3.53,3.55,3.55,0.0,0.0,715759.5,253800.114,0.034,0.73,6.0617,0.7598,2.1625,29438779.1241,21076551.4846,2049395.6739,104507665.8906,74821757.7703
601988.SH,20180904,3.55,3.59,3.53,3.58,3.55,0.03,0.8451,957912.24,341405.771,0.0454,1.09,6.1129,0.7662,2.1807,29438779.1241,21076551.4846,2049395.6739,105390829.2643,75454054.3149
601988.SH,20180905,3.57,3.58,3.53,3.53,3.58,-0.05,-1.3966,871155.05,310068.876,0.0413,0.96,6.0275,0.7555,2.1503,29438779.1241,21076551.4846,2049395.6739,103918890.3081,74400226.7406
601988.SH,20180906,3.53,3.54,3.5,3.5,3.53,-0.03,-0.8499,697145.77,245558.008,0.0331,0.74,5.9763,0.7491,2.132,29438779.1241,21076551.4846,2049395.6739,103035726.9344,73767930.1961
601988.SH,20180907,3.5,3.53,3.5,3.51,3.5,0.01,0.2857,576694.21,202569.956,0.0274,0.61,5.9934,0.7512,2.1381,29438779.1241,21076551.4846,2049395.6739,103330114.7256,73978695.7109
601988.SH,20180910,3.5,3.53,3.49,3.52,3.51,0.01,0.2849,760781.78,267036.227,0.0361,1.0,6.0105,0.7534,2.1442,29438779.1241,21076551.4846,2049395.6739,103624502.5168,74189461.2258
601988.SH,20180911,3.51,3.53,3.49,3.51,3.52,-0.01,-0.2841,726348.98,255049.386,0.0345,0.94,5.9934,0.7512,2.1381,29438779.1241,21076551.4846,2049395.6739,103330114.7256,73978695.7109
601988.SH,20180912,3.5,3.51,3.47,3.49,3.51,-0.02,-0.5698,756009.59,263641.249,0.0359,1.04,5.9592,0.747,2.1259,29438779.1241,21076551.4846,2049395.6739,102741339.1431,73557164.6813
601988.SH,20180913,3.51,3.54,3.5,3.54,3.49,0.05,1.4327,889186.02,312830.766,0.0422,1.26,6.0446,0.7577,2.1564,29438779.1241,21076551.4846,2049395.6739,104213278.0993,74610992.2555
601988.SH,20180914,3.54,3.55,3.53,3.54,3.54,0.0,0.0,694496.09,245841.019,0.033,0.94,6.0446,0.7577,2.1564,29438779.1241,21076551.4846,2049395.6739,104213278.0993,74610992.2555
601988.SH,20180917,3.53,3.54,3.51,3.52,3.54,-0.02,-0.565,552087.39,194403.162,0.0262,0.72,6.0105,0.7534,2.1442,29438779.1241,21076551.4846,2049395.6739,103624502.5168,74189461.2258
601988.SH,20180918,3.53,3.55,3.51,3.55,3.52,0.03,0.8523,818803.81,289213.688,0.0388,1.13,6.0617,0.7598,2.1625,29438779.1241,21076551.4846,2049395.6739,104507665.8906,74821757.7703
601988.SH,20180919,3.55,3.58,3.54,3.56,3.55,0.01,0.2817,1043857.05,372372.842,0.0495,1.41,6.0788,0.7619,2.1686,29438779.1241,21076551.4846,2049395.6739,104802053.6818,75032523.2852
601988.SH,20180920,3.58,3.6,3.54,3.57,3.56,0.01,0.2809,1435554.28,512565.054,0.0681,1.8,6.0958,0.7641,2.1747,29438779.1241,21076551.4846,2049395.6739,105096441.473,75243288.8
601988.SH,20180921,3.57,3.69,3.56,3.68,3.57,0.11,3.0812,2560870.5,931095.135,0.1215,2.82,6.2837,0.7876,2.2417,29438779.1241,21076551.4846,2049395.6739,108334707.1767,77561709.4633
601988.SH,20180925,3.65,3.67,3.63,3.65,3.68,-0.03,-0.8152,1202825.57,439265.897,0.0571,0.94,6.2324,0.7812,2.2234,29438779.1241,21076551.4846,2049395.6739,107451543.803,76929412.9188
601988.SH,20180926,3.65,3.71,3.64,3.68,3.65,0.03,0.8219,1848279.18,679700.552,0.0877,1.31,6.2837,0.7876,2.2417,29438779.1241,21076551.4846,2049395.6739,108334707.1767,77561709.4633
601988.SH,20180927,3.67,3.68,3.64,3.68,3.68,0.0,0.0,943095.97,345413.245,0.0447,0.58,6.2837,0.7876,2.2417,29438779.1241,21076551.4846,2049395.6739,108334707.1767,77561709.4633
601988.SH,20180928,3.68,3.75,3.67,3.72,3.68,0.04,1.087,1985352.99,737552.743,0.0942,1.24,6.352,0.7962,2.266,29438779.1241,21076551.4846,2049395.6739,109512258.3417,78404771.5227
601988.SH,20181008,3.66,3.66,3.59,3.62,3.72,-0.1,-2.6882,1838748.47,666850.47,0.0872,1.08,6.1812,0.7748,2.2051,29438779.1241,21076551.4846,2049395.6739,106568380.4292,76297116.3743
601988.SH,20181009,3.61,3.62,3.58,3.59,3.62,-0.03,-0.8287,1154332.81,415013.616,0.0548,0.74,6.13,0.7405,2.1868,29438779.1241,21076551.4846,2049395.6739,105685217.0555,75664819.8297
601988.SH,20181010,3.6,3.62,3.58,3.6,3.59,0.01,0.2786,956795.85,344361.419,0.0454,0.62,6.1471,0.7705,2.1929,29438779.1241,21076551.4846,2049395.6739,105979604.8468,75875585.3446
601988.SH,20181011,3.54,3.56,3.46,3.5,3.6,-0.1,-2.7778,2086083.61,734706.491,0.099,1.52,5.9763,0.7491,2.132,29438779.1241,21076551.4846,2049395.6739,103035726.9344,73767930.1961
601988.SH,20181012,3.49,3.55,3.48,3.55,3.5,0.05,1.4286,1503899.49,528619.735,0.0714,0.94,6.0617,0.7598,2.1625,29438779.1241,21076551.4846,2049395.6739,104507665.8906,74821757.7703
601988.SH,20181015,3.54,3.54,3.5,3.5,3.55,-0.05,-1.4085,927304.7,325759.227,0.044,0.61,5.9763,0.7491,2.132,29438779.1241,21076551.4846,2049395.6739,103035726.9344,73767930.1961
601988.SH,20181016,3.51,3.54,3.5,3.51,3.5,0.01,0.2857,931223.86,327751.595,0.0442,0.7,5.9934,0.7512,2.1381,29438779.1241,21076551.4846,2049395.6739,103330114.7256,73978695.7109
601988.SH,20181017,3.54,3.55,3.5,3.54,3.51,0.03,0.8547,1204742.05,425929.633,0.0572,0.94,6.0446,0.7577,2.1564,29438779.1241,21076551.4846,2049395.6739,104213278.0993,74610992.2555
601988.SH,20181018,3.53,3.55,3.51,3.52,3.54,-0.02,-0.565,1198126.09,422328.356,0.0568,0.9,6.0105,0.7534,2.1442,29438779.1241,21076551.4846,2049395.6739,103624502.5168,74189461.2258
601988.SH,20181019,3.5,3.62,3.49,3.61,3.52,0.09,2.5568,1832445.89,653312.259,0.0869,1.59,6.1641,0.7726,2.199,29438779.1241,21076551.4846,2049395.6739,106273992.638,76086350.8594
601988.SH,20181022,3.62,3.72,3.61,3.7,3.61,0.09,2.4931,2406872.15,885486.572,0.1142,1.97,6.3178,0.7919,2.2538,29438779.1241,21076551.4846,2049395.6739,108923482.7592,77983240.493
601988.SH,20181023,3.68,3.69,3.61,3.62,3.7,-0.08,-2.1622,1571345.3,574517.215,0.0746,1.04,6.1812,0.7748,2.2051,29438779.1241,21076551.4846,2049395.6739,106568380.4292,76297116.3743
601988.SH,20181024,3.62,3.73,3.62,3.68,3.62,0.06,1.6575,1985927.6,732076.417,0.0942,1.21,6.2837,0.7876,2.2417,29438779.1241,21076551.4846,2049395.6739,108334707.1767,77561709.4633
601988.SH,20181025,3.63,3.71,3.62,3.71,3.68,0.03,0.8152,1241114.33,455801.494,0.0589,0.69,6.3349,0.7941,2.2599,29438779.1241,21076551.4846,2049395.6739,109217870.5504,78194006.0079
601988.SH,20181026,3.71,3.73,3.68,3.71,3.71,0.0,0.0,1341019.45,497119.755,0.0636,0.74,6.3349,0.7941,2.2599,29438779.1241,21076551.4846,2049395.6739,109217870.5504,78194006.0079
601988.SH,20181029,3.71,3.75,3.67,3.7,3.71,-0.01,-0.2695,1603527.22,593388.489,0.0761,0.94,6.3178,0.7632,2.2538,29438779.1241,21076551.4846,2049395.6739,108923482.7592,77983240.493
601988.SH,20181030,3.7,3.75,3.7,3.74,3.7,0.04,1.0811,1752243.49,653368.995,0.0831,1.13,6.3861,0.7445,2.2782,29438779.1241,21076551.4846,2049395.6739,110101033.9241,78826302.5524
601988.SH,20181031,3.74,3.75,3.7,3.72,3.74,-0.02,-0.5348,1312283.48,487594.567,0.0623,0.83,6.352,0.7405,2.266,29438779.1241,21076551.4846,2049395.6739,109512258.3417,78404771.5227
601988.SH,20181101,3.72,3.73,3.67,3.67,3.72,-0.05,-1.3441,1417772.96,524049.944,0.0673,0.98,6.2666,0.7305,2.2356,29438779.1241,21076551.4846,2049395.6739,108040319.3854,77350943.9485
601988.SH,20181102,3.7,3.72,3.68,3.71,3.67,0.04,1.0899,1931240.33,714692.589,0.0916,1.3,6.3349,0.7385,2.2599,29438779.1241,21076551.4846,2049395.6739,109217870.5504,78194006.0079
601988.SH,20181105,3.69,3.7,3.66,3.68,3.71,-0.03,-0.8086,1427463.92,524176.484,0.0677,0.89,6.2837,0.7325,2.2417,29438779.1241,21076551.4846,2049395.6739,108334707.1767,77561709.4633
601988.SH,20181106,3.68,3.68,3.64,3.66,3.68,-0.02,-0.5435,1029527.91,376605.065,0.0488,0.66,6.2495,0.7285,2.2295,29438779.1241,21076551.4846,2049395.6739,107745931.5942,77140178.4336
601988.SH,20181107,3.67,3.69,3.65,3.66,3.66,0.0,0.0,900570.52,330430.215,0.0427,0.63,6.2495,0.7285,2.2295,29438779.1241,21076551.4846,2049395.6739,107745931.5942,77140178.4336
601988.SH,20181108,3.68,3.69,3.66,3.67,3.66,0.01,0.2732,696050.27,255935.295,0.033,0.52,6.2666,0.7305,2.2356,29438779.1241,21076551.4846,2049395.6739,108040319.3854,77350943.9485
601988.SH,20181109,3.66,3.66,3.59,3.59,3.67,-0.08,-2.1798,1607331.81,579555.998,0.0763,1.34,6.13,0.7146,2.1868,29438779.1241,21076551.4846,2049395.6739,105685217.0555,75664819.8297
601988.SH,20181112,3.59,3.62,3.58,3.61,3.59,0.02,0.5571,887611.18,319835.83,0.0421,0.78,6.1641,0.7186,2.199,29438779.1241,21076551.4846,2049395.6739,106273992.638,76086350.8594
601988.SH,20181113,3.58,3.63,3.58,3.62,3.61,0.01,0.277,1105532.22,398465.46,0.0525,1.08,6.1812,0.7206,2.2051,29438779.1241,21076551.4846,2049395.6739,106568380.4292,76297116.3743
601988.SH,20181114,3.62,3.62,3.56,3.58,3.62,-0.04,-1.105,1298225.1,467003.973,0.0616,1.25,6.1129,0.7126,2.1807,29438779.1241,21076551.4846,2049395.6739,105390829.2643,75454054.3149
601988.SH,20181115,3.57,3.6,3.57,3.6,3.58,0.02,0.5587,1077387.55,386009.535,0.0511,0.96,6.1471,0.7166,2.1929,29438779.1241,21076551.4846,2049395.6739,105979604.8468,75875585.3446
601988.SH,20181116,3.6,3.62,3.58,3.6,3.6,0.0,0.0,1322104.78,475848.701,0.0627,1.11,6.1471,0.7166,2.1929,29438779.1241,21076551.4846,2049395.6739,105979604.8468,75875585.3446
601988.SH,20181119,3.61,3.64,3.6,3.64,3.6,0.04,1.1111,1027669.23,372695.966,0.0488,0.9,6.2154,0.7246,2.2173,29438779.1241,21076551.4846,2049395.6739,107157156.0117,76718647.4039
601988.SH,20181120,3.63,3.63,3.6,3.6,3.64,-0.04,-1.0989,919524.93,332015.75,0.0436,0.79,6.1471,0.7166,2.1929,29438779.1241,21076551.4846,2049395.6739,105979604.8468,75875585.3446
601988.SH,20181121,3.59,3.62,3.58,3.61,3.6,0.01,0.2778,624893.08,225295.813,0.0296,0.55,6.1641,0.7186,2.199,29438779.1241,21076551.4846,2049395.6739,106273992.638,76086350.8594
601988.SH,20181122,3.62,3.62,3.59,3.61,3.61,0.0,0.0,480395.04,173197.119,0.0228,0.48,6.1641,0.7186,2.199,29438779.1241,21076551.4846,2049395.6739,106273992.638,76086350.8594
601988.SH,20181123,3.6,3.62,3.58,3.59,3.61,-0.02,-0.554,848500.28,305391.156,0.0403,0.97,6.13,0.7146,2.1868,29438779.1241,21076551.4846,2049395.6739,105685217.0555,75664819.8297
601988.SH,20181126,3.59,3.62,3.59,3.6,3.59,0.01,0.2786,845413.75,304972.741,0.0401,1.08,6.1471,0.7166,2.1929,29438779.1241,21076551.4846,2049395.6739,105979604.8468,75875585.3446
601988.SH,20181127,3.61,3.61,3.58,3.58,3.6,-0.02,-0.5556,585087.9,210396.779,0.0278,0.79,6.1129,0.7126,2.1807,29438779.1241,21076551.4846,2049395.6739,105390829.2643,75454054.3149
601988.SH,20181128,3.58,3.62,3.58,3.6,3.58,0.02,0.5587,590109.92,212522.133,0.028,0.87,6.1471,0.7166,2.1929,29438779.1241,21076551.4846,2049395.6739,105979604.8468,75875585.3446
601988.SH,20181129,3.61,3.62,3.58,3.59,3.6,-0.01,-0.2778,544740.93,196095.268,0.0258,0.81,6.13,0.7146,2.1868,29438779.1241,21076551.4846,2049395.6739,105685217.0555,75664819.8297
601988.SH,20181130,3.58,3.61,3.58,3.61,3.59,0.02,0.5571,661552.48,237923.778,0.0314,0.97,6.1641,0.7186,2.199,29438779.1241,21076551.4846,2049395.6739,106273992.638,76086350.8594
601988.SH,20181203,3.64,3.67,3.63,3.65,3.61,0.04,1.108,1198710.47,437470.952,0.0569,1.86,6.2324,0.7265,2.2234,29438779.1241,21076551.4846,2049395.6739,107451543.803,76929412.9188
601988.SH,20181204,3.65,3.66,3.64,3.66,3.65,0.01,0.274,603398.6,220235.599,0.0286,0.84,6.2495,0.7285,2.2295,29438779.1241,21076551.4846,2049395.6739,107745931.5942,77140178.4336
601988.SH,20181205,3.63,3.65,3.63,3.64,3.66,-0.02,-0.5464,568002.75,206780.375,0.0269,0.79,6.2154,0.7246,2.2173,29438779.1241,21076551.4846,2049395.6739,107157156.0117,76718647.4039
601988.SH,20181206,3.63,3.64,3.59,3.61,3.64,-0.03,-0.8242,702069.07,253166.601,0.0333,0.98,6.1641,0.7186,2.199,29438779.1241,21076551.4846,2049395.6739,106273992.638,76086350.8594
601988.SH,20181207,3.61,3.61,3.59,3.6,3.61,-0.01,-0.277,325245.86,117159.18,0.0154,0.44,6.1471,0.7166,2.1929,29438779.1241,21076551.4846,2049395.6739,105979604.8468,75875585.3446
601988.SH,20181210,3.59,3.6,3.56,3.57,3.6,-0.03,-0.8333,714778.92,255226.041,0.0339,1.05,6.0958,0.7106,2.1747,29438779.1241,21076551.4846,2049395.6739,105096441.473,75243288.8
601988.SH,20181211,3.57,3.58,3.56,3.57,3.57,0.0,0.0,508926.78,181807.98,0.0241,0.87,6.0958,0.7106,2.1747,29438779.1241,21076551.4846,2049395.6739,105096441.473,75243288.8
601988.SH,20181212,3.58,3.59,3.57,3.59,3.57,0.02,0.5602,478602.01,171300.929,0.0227,0.85,6.13,0.7146,2.1868,29438779.1241,21076551.4846,2049395.6739,105685217.0555,75664819.8297
601988.SH,20181213,3.59,3.62,3.57,3.6,3.59,0.01,0.2786,665103.66,239486.567,0.0316,1.22,6.1471,0.7166,2.1929,29438779.1241,21076551.4846,2049395.6739,105979604.8468,75875585.3446
601988.SH,20181214,3.6,3.6,3.58,3.58,3.6,-0.02,-0.5556,808597.59,290191.025,0.0384,1.5,6.1129,0.7126,2.1807,29438779.1241,21076551.4846,2049395.6739,105390829.2643,75454054.3149
601988.SH,20181217,3.58,3.61,3.57,3.61,3.58,0.03,0.838,699536.97,251602.166,0.0332,1.1,6.1641,0.7186,2.199,29438779.1241,21076551.4846,2049395.6739,106273992.638,76086350.8594
601988.SH,20181218,3.59,3.61,3.57,3.59,3.61,-0.02,-0.554,706631.34,253775.925,0.0335,1.12,6.13,0.7146,2.1868,29438779.1241,21076551.4846,2049395.6739,105685217.0555,75664819.8297
601988.SH,20181219,3.6,3.6,3.57,3.58,3.59,-0.01,-0.2786,571657.05,205127.147,0.0271,0.85,6.1129,0.7126,2.1807,29438779.1241,21076551.4846,2049395.6739,105390829.2643,75454054.3149
601988.SH,20181220,3.58,3.58,3.52,3.56,3.58,-0.02,-0.5587,1174377.38,416148.402,0.0557,1.7,6.0788,0.7086,2.1686,29438779.1241,21076551.4846,2049395.6739,104802053.6818,75032523.2852
601988.SH,20181221,3.54,3.57,3.52,3.57,3.56,0.01,0.2809,1135300.58,402016.437,0.0539,1.43,6.0958,0.7106,2.1747,29438779.1241,21076551.4846,2049395.6739,105096441.473,75243288.8
601988.SH,20181224,3.56,3.6,3.55,3.59,3.57,0.02,0.5602,849482.92,303204.38,0.0403,0.99,6.13,0.7146,2.1868,29438779.1241,21076551.4846,2049395.6739,105685217.0555,75664819.8297
601988.SH,20181225,3.58,3.63,3.56,3.61,3.59,0.02,0.5571,1406612.28,504802.791,0.0667,1.58,6.1641,0.7186,2.199,29438779.1241,21076551.4846,2049395.6739,106273992.638,76086350.8594
601988.SH,20181226,3.61,3.63,3.6,3.63,3.61,0.02,0.554,930844.73,336418.728,0.0442,0.91,6.1983,0.7226,2.2112,29438779.1241,21076551.4846,2049395.6739,106862768.2205,76507881.8891
601988.SH,20181227,3.63,3.66,3.63,3.63,3.63,0.0,0.0,1585879.03,577381.87,0.0752,1.44,6.1983,0.7226,2.2112,29438779.1241,21076551.4846,2049395.6739,106862768.2205,76507881.8891
601988.SH,20181228,3.64,3.66,3.61,3.61,3.63,-0.02,-0.551,1088877.9,395914.627,0.0517,0.92,6.1641,0.7186,2.199,29438779.1241,21076551.4846,2049395.6739,106273992.638,76086350.8594
601988.SH,20190102,3.62,3.63,3.53,3.54,3.61,-0.07,-1.9391,1228789.94,437066.741,0.0583,1.05,6.0446,0.7046,2.1564,29438779.1241,21076551.4846,2049395.6739,104213278.0993,74610992.2555
601988.SH,20190103,3.54,3.57,3.52,3.55,3.54,0.01,0.2825,970303.94,343657.154,0.046,0.78,6.0617,0.7066,2.1625,29438779.1241,21076551.4846,2049395.6739,104507665.8906,74821757.7703
601988.SH,20190104,3.53,3.59,3.52,3.58,3.55,0.03,0.8451,1234965.14,439656.467,0.0586,1.06,6.1129,0.7126,2.1807,29438779.1241,21076551.4846,2049395.6739,105390829.2643,75454054.3149
601988.SH,20190107,3.59,3.6,3.55,3.57,3.58,-0.01,-0.2793,1192289.83,425674.381,0.0566,0.98,6.0958,0.7106,2.1747,29438779.1241,21076551.4846,2049395.6739,105096441.473,75243288.8
601988.SH,20190108,3.57,3.58,3.52,3.54,3.57,-0.03,-0.8403,1165244.13,412528.722,0.0553,1.02,6.0446,0.7046,2.1564,29438779.1241,21076551.4846,2049395.6739,104213278.0993,74610992.2555
601988.SH,20190109,3.54,3.58,3.54,3.55,3.54,0.01,0.2825,1321237.27,470856.544,0.0627,1.14,6.0617,0.7066,2.1625,29438779.1241,21076551.4846,2049395.6739,104507665.8906,74821757.7703
601988.SH,20190110,3.54,3.55,3.51,3.52,3.55,-0.03,-0.8451,1170581.62,413483.611,0.0555,0.99,6.0105,0.7007,2.1442,29438779.1241,21076551.4846,2049395.6739,103624502.5168,74189461.2258
601988.SH,20190111,3.53,3.54,3.52,3.53,3.52,0.01,0.2841,772489.02,272580.819,0.0367,0.63,6.0275,0.7027,2.1503,29438779.1241,21076551.4846,2049395.6739,103918890.3081,74400226.7406
601988.SH,20190114,3.53,3.54,3.49,3.5,3.53,-0.03,-0.8499,1103685.69,387488.479,0.0524,0.98,5.9763,0.6967,2.132,29438779.1241,21076551.4846,2049395.6739,103035726.9344,73767930.1961
601988.SH,20190115,3.51,3.53,3.5,3.52,3.5,0.02,0.5714,982826.06,345672.774,0.0466,0.89,6.0105,0.7007,2.1442,29438779.1241,21076551.4846,2049395.6739,103624502.5168,74189461.2258
601988.SH,20190116,3.52,3.53,3.5,3.52,3.52,0.0,0.0,866184.76,304400.644,0.0411,0.81,6.0105,0.7007,2.1442,29438779.1241,21076551.4846,2049395.6739,103624502.5168,74189461.2258
601988.SH,20190117,3.53,3.55,3.51,3.53,3.52,0.01,0.2841,1236762.48,436851.508,0.0587,1.26,6.0275,0.7027,2.1503,29438779.1241,21076551.4846,2049395.6739,103918890.3081,74400226.7406
601988.SH,20190118,3.54,3.58,3.53,3.56,3.53,0.03,0.8499,1687326.41,600119.211,0.0801,1.7,6.0788,0.7086,2.1686,29438779.1241,21076551.4846,2049395.6739,104802053.6818,75032523.2852
601988.SH,20190121,3.57,3.59,3.56,3.57,3.56,0.01,0.2809,1478469.41,528482.196,0.0701,1.26,6.0958,0.7106,2.1747,29438779.1241,21076551.4846,2049395.6739,105096441.473,75243288.8
601988.SH,20190122,3.57,3.58,3.55,3.56,3.57,-0.01,-0.2801,1055966.34,376696.803,0.0501,0.84,6.0788,0.7086,2.1686,29438779.1241,21076551.4846,2049395.6739,104802053.6818,75032523.2852
601988.SH,20190123,3.56,3.58,3.55,3.57,3.56,0.01,0.2809,678182.76,241944.256,0.0322,0.54,6.0958,0.7106,2.1747,29438779.1241,21076551.4846,2049395.6739,105096441.473,75243288.8
601988.SH,20190124,3.57,3.59,3.56,3.59,3.57,0.02,0.5602,986739.94,353131.929,0.0468,0.8,6.13,0.7146,2.1868,29438779.1241,21076551.4846,2049395.6739,105685217.0555,75664819.8297
601988.SH,20190125,3.6,3.63,3.59,3.62,3.59,0.03,0.8357,1524470.63,551671.4,0.0723,1.29,6.1812,0.7206,2.2051,29438779.1241,21076551.4846,2049395.6739,106568380.4292,76297116.3743
601988.SH,20190128,3.63,3.66,3.61,3.61,3.62,-0.01,-0.2762,1241048.74,451196.06,0.0589,1.08,6.1641,0.7186,2.199,29438779.1241,21076551.4846,2049395.6739,106273992.638,76086350.8594
601988.SH,20190129,3.62,3.65,3.6,3.64,3.61,0.03,0.831,1310010.95,475376.155,0.0622,1.19,6.2154,0.7246,2.2173,29438779.1241,21076551.4846,2049395.6739,107157156.0117,76718647.4039
601988.SH,20190130,3.64,3.65,3.62,3.63,3.64,-0.01,-0.2747,901650.61,328025.959,0.0428,0.79,6.1983,0.7226,2.2112,29438779.1241,21076551.4846,2049395.6739,106862768.2205,76507881.8891
601988.SH,20190131,3.64,3.7,3.63,3.68,3.63,0.05,1.3774,1641248.22,602245.354,0.0779,1.38,6.2837,0.7325,2.2417,29438779.1241,21076551.4846,2049395.6739,108334707.1767,77561709.4633
601988.SH,20190201,3.69,3.69,3.65,3.68,3.68,0.0,0.0,1265163.36,464025.474,0.06,0.96,6.2837,0.7325,2.2417,29438779.1241,21076551.4846,2049395.6739,108334707.1767,77561709.4633
601988.SH,20190211,3.66,3.67,3.63,3.67,3.68,-0.01,-0.2717,1134437.69,414749.447,0.0538,0.89,6.2666,0.7305,2.2356,29438779.1241,21076551.4846,2049395.6739,108040319.3854,77350943.9485
601988.SH,20190212,3.67,3.7,3.66,3.68,3.67,0.01,0.2725,1273681.46,468728.683,0.0604,1.02,6.2837,0.7325,2.2417,29438779.1241,21076551.4846,2049395.6739,108334707.1767,77561709.4633
601988.SH,20190213,3.69,3.72,3.68,3.72,3.68,0.04,1.087,1857436.78,686751.058,0.0881,1.49,6.352,0.7405,2.266,29438779.1241,21076551.4846,2049395.6739,109512258.3417,78404771.5227
601988.SH,20190214,3.72,3.72,3.69,3.7,3.72,-0.02,-0.5376,1223240.84,452779.4,0.058,0.85,6.3178,0.7365,2.2538,29438779.1241,21076551.4846,2049395.6739,108923482.7592,77983240.493
601988.SH,20190215,3.69,3.7,3.64,3.65,3.7,-0.05,-1.3514,1228347.71,450353.637,0.0583,0.91,6.2324,0.7265,2.2234,29438779.1241,21076551.4846,2049395.6739,107451543.803,76929412.9188
601988.SH,20190218,3.67,3.71,3.65,3.7,3.65,0.05,1.3699,1537243.49,566185.338,0.0729,1.14,6.3178,0.7365,2.2538,29438779.1241,21076551.4846,2049395.6739,108923482.7592,77983240.493
601988.SH,20190219,3.69,3.72,3.67,3.68,3.7,-0.02,-0.5405,1480271.79,546496.097,0.0702,1.04,6.2837,0.7325,2.2417,29438779.1241,21076551.4846,2049395.6739,108334707.1767,77561709.4633
601988.SH,20190220,3.69,3.7,3.66,3.68,3.68,0.0,0.0,1013994.06,373022.665,0.0481,0.69,6.2837,0.7325,2.2417,29438779.1241,21076551.4846,2049395.6739,108334707.1767,77561709.4633
601988.SH,20190221,3.68,3.7,3.66,3.67,3.68,-0.01,-0.2717,1253403.12,460267.642,0.0595,0.97,6.2666,0.7305,2.2356,29438779.1241,21076551.4846,2049395.6739,108040319.3854,77350943.9485
601988.SH,20190222,3.66,3.7,3.64,3.69,3.67,0.02,0.545,1441606.67,527758.263,0.0684,1.11,6.3007,0.7345,2.2478,29438779.1241,21076551.4846,2049395.6739,108629094.9679,77772474.9782
601988.SH,20190225,3.7,3.9,3.7,3.88,3.69,0.19,5.1491,4608368.63,1743206.0,0.2186,3.43,6.6252,0.7723,2.3635,29438779.1241,21076551.4846,2049395.6739,114222463.0015,81777019.7602
601988.SH,20190226,3.87,3.9,3.82,3.84,3.88,-0.04,-1.0309,3542218.69,1369263.016,0.1681,1.81,6.5569,0.7644,2.3391,29438779.1241,21076551.4846,2049395.6739,113044911.8365,80933957.7009
601988.SH,20190227,3.84,3.94,3.83,3.88,3.84,0.04,1.0417,3315369.62,1284646.675,0.1573,1.4,6.6252,0.7723,2.3635,29438779.1241,21076551.4846,2049395.6739,114222463.0015,81777019.7602
601988.SH,20190228,3.88,3.88,3.83,3.84,3.88,-0.04,-1.0309,1823785.53,703371.274,0.0865,0.64,6.5569,0.7644,2.3391,29438779.1241,21076551.4846,2049395.6739,113044911.8365,80933957.7009
601988.SH,20190301,3.85,3.91,3.82,3.9,3.84,0.06,1.5625,2158458.72,832469.889,0.1024,0.73,6.6593,0.7763,2.3757,29438779.1241,21076551.4846,2049395.6739,114811238.584,82198550.7899
601988.SH,20190304,3.92,4.0,3.92,3.92,3.9,0.02,0.5128,3865454.88,1525972.76,0.1834,1.25,6.6935,0.7803,2.3879,29438779.1241,21076551.4846,2049395.6739,115400014.1665,82620081.8196
601988.SH,20190305,3.9,3.92,3.88,3.9,3.92,-0.02,-0.5102,2257337.6,879676.271,0.1071,0.77,6.6593,0.7763,2.3757,29438779.1241,21076551.4846,2049395.6739,114811238.584,82198550.7899
601988.SH,20190306,3.89,3.93,3.88,3.93,3.9,0.03,0.7692,2194504.31,857591.071,0.1041,0.82,6.7105,0.7823,2.394,29438779.1241,21076551.4846,2049395.6739,115694401.9577,82830847.3345
601988.SH,20190307,3.93,3.93,3.88,3.89,3.93,-0.04,-1.0178,2513716.17,980174.833,0.1193,1.02,6.6422,0.7743,2.3696,29438779.1241,21076551.4846,2049395.6739,114516850.7927,81987785.2751
601988.SH,20190308,3.87,3.87,3.75,3.75,3.89,-0.14,-3.599,3026372.64,1153163.039,0.1436,1.16,6.4032,0.7464,2.2843,29438779.1241,21076551.4846,2049395.6739,110395421.7154,79037068.0673
601988.SH,20190311,3.74,3.81,3.74,3.79,3.75,0.04,1.0667,1981058.36,744957.004,0.094,0.71,6.4715,0.7544,2.3087,29438779.1241,21076551.4846,2049395.6739,111572972.8803,79880130.1266
601988.SH,20190312,3.79,3.87,3.79,3.83,3.79,0.04,1.0554,2473382.81,948537.654,0.1174,1.03,6.5398,0.7624,2.333,29438779.1241,21076551.4846,2049395.6739,112750524.0453,80723192.186
601988.SH,20190313,3.83,3.84,3.78,3.8,3.83,-0.03,-0.7833,1591609.39,605404.822,0.0755,0.65,6.4886,0.7564,2.3148,29438779.1241,21076551.4846,2049395.6739,111867360.6716,80090895.6415
601988.SH,20190314,3.8,3.83,3.77,3.79,3.8,-0.01,-0.2632,1289655.89,489603.277,0.0612,0.56,6.4715,0.7544,2.3087,29438779.1241,21076551.4846,2049395.6739,111572972.8803,79880130.1266
601988.SH,20190315,3.79,3.82,3.78,3.79,3.79,0.0,0.0,1518034.77,576286.4,0.072,0.73,6.4715,0.7544,2.3087,29438779.1241,21076551.4846,2049395.6739,111572972.8803,79880130.1266
601988.SH,20190318,3.79,3.84,3.77,3.84,3.79,0.05,1.3193,2130221.25,810252.154,0.1011,1.2,6.5569,0.7644,2.3391,29438779.1241,21076551.4846,2049395.6739,113044911.8365,80933957.7009
601988.SH,20190319,3.84,3.85,3.8,3.81,3.84,-0.03,-0.7813,1601599.3,612210.961,0.076,0.89,6.5056,0.7584,2.3209,29438779.1241,21076551.4846,2049395.6739,112161748.4628,80301661.1563
601988.SH,20190320,3.81,3.82,3.77,3.79,3.81,-0.02,-0.5249,1648941.57,625758.991,0.0782,1.01,6.4715,0.7544,2.3087,29438779.1241,21076551.4846,2049395.6739,111572972.8803,79880130.1266
601988.SH,20190321,3.8,3.82,3.79,3.79,3.79,0.0,0.0,1713723.57,652278.181,0.0813,1.05,6.4715,0.7544,2.3087,29438779.1241,21076551.4846,2049395.6739,111572972.8803,79880130.1266
601988.SH,20190322,3.8,3.82,3.78,3.8,3.79,0.01,0.2639,1419561.23,539230.216,0.0674,0.82,6.4886,0.7564,2.3148,29438779.1241,21076551.4846,2049395.6739,111867360.6716,80090895.6415
601988.SH,20190325,3.78,3.79,3.73,3.73,3.8,-0.07,-1.8421,1880806.78,707667.717,0.0892,1.1,6.369,0.7425,2.2721,29438779.1241,21076551.4846,2049395.6739,109806646.1329,78615537.0376
601988.SH,20190326,3.75,3.75,3.71,3.72,3.73,-0.01,-0.2681,1250035.07,465737.127,0.0593,0.76,6.352,0.7405,2.266,29438779.1241,21076551.4846,2049395.6739,109512258.3417,78404771.5227
601988.SH,20190327,3.73,3.75,3.72,3.73,3.72,0.01,0.2688,1058660.45,395100.267,0.0502,0.67,6.369,0.7425,2.2721,29438779.1241,21076551.4846,2049395.6739,109806646.1329,78615537.0376
601988.SH,20190328,3.72,3.73,3.69,3.71,3.73,-0.02,-0.5362,1087031.18,403060.545,0.0516,0.74,6.3349,0.7385,2.2599,29438779.1241,21076551.4846,2049395.6739,109217870.5504,78194006.0079
601988.SH,20190329,3.71,3.79,3.71,3.77,3.71,0.06,1.6173,1791174.95,672570.973,0.085,1.34,6.4373,0.7504,2.2965,29438779.1241,21076551.4846,2049395.6739,110984197.2979,79458599.0969
601988.SH,20190401,3.79,3.85,3.78,3.83,3.77,0.06,1.5915,2582306.72,986889.775,0.1225,1.83,6.2609,0.7451,2.2366,29438779.1241,21076551.4846,2049395.6739,112750524.0453,80723192.186
601988.SH,20190402,3.84,3.86,3.81,3.83,3.83,0.0,0.0,1891844.88,725560.502,0.0898,1.22,6.2609,0.7451,2.2366,29438779.1241,21076551.4846,2049395.6739,112750524.0453,80723192.186
601988.SH,20190403,3.81,3.85,3.79,3.84,3.83,0.01,0.2611,1603882.63,613302.317,0.0761,0.95,6.2773,0.747,2.2425,29438779.1241,21076551.4846,2049395.6739,113044911.8365,80933957.7009
601988.SH,20190404,3.85,3.89,3.84,3.89,3.84,0.05,1.3021,2279007.78,882506.429,0.1081,1.27,6.359,0.7568,2.2717,29438779.1241,21076551.4846,2049395.6739,114516850.7927,81987785.2751
601988.SH,20190408,3.91,3.96,3.87,3.9,3.89,0.01,0.2571,2570907.96,1007061.584,0.122,1.27,6.3754,0.7587,2.2775,29438779.1241,21076551.4846,2049395.6739,114811238.584,82198550.7899
601988.SH,20190409,3.89,3.9,3.86,3.87,3.9,-0.03,-0.7692,1441181.01,559353.954,0.0684,0.66,6.3263,0.7529,2.26,29438779.1241,21076551.4846,2049395.6739,113928075.2103,81566254.2454
601988.SH,20190410,3.86,3.88,3.83,3.86,3.87,-0.01,-0.2584,1537021.32,591533.308,0.0729,0.79,6.31,0.7509,2.2542,29438779.1241,21076551.4846,2049395.6739,113633687.419,81355488.7306
601988.SH,20190411,3.86,3.88,3.84,3.86,3.86,0.0,0.0,1674000.36,646657.1,0.0794,0.89,6.31,0.7509,2.2542,29438779.1241,21076551.4846,2049395.6739,113633687.419,81355488.7306
601988.SH,20190412,3.87,3.89,3.85,3.87,3.86,0.01,0.2591,1204182.18,465897.677,0.0571,0.63,6.3263,0.7529,2.26,29438779.1241,21076551.4846,2049395.6739,113928075.2103,81566254.2454
601988.SH,20190415,3.91,3.97,3.89,3.89,3.87,0.02,0.5168,2521874.09,990145.793,0.1197,1.5,6.359,0.7568,2.2717,29438779.1241,21076551.4846,2049395.6739,114516850.7927,81987785.2751
601988.SH,20190416,3.88,4.01,3.86,4.0,3.89,0.11,2.8278,4150152.77,1644231.191,0.1969,2.48,6.5388,0.7782,2.3359,29438779.1241,21076551.4846,2049395.6739,117755116.4964,84306205.9384
601988.SH,20190417,4.0,4.06,3.96,4.03,4.0,0.03,0.75,2658861.53,1066989.839,0.1262,1.2,6.5879,0.784,2.3534,29438779.1241,21076551.4846,2049395.6739,118638279.8701,84938502.4829
601988.SH,20190418,4.02,4.05,3.98,4.0,4.03,-0.03,-0.7444,1321604.15,530287.636,0.0627,0.54,6.5388,0.7782,2.3359,29438779.1241,21076551.4846,2049395.6739,117755116.4964,84306205.9384
601988.SH,20190419,4.01,4.04,4.0,4.03,4.0,0.03,0.75,1403952.22,564827.148,0.0666,0.59,6.5879,0.784,2.3534,29438779.1241,21076551.4846,2049395.6739,118638279.8701,84938502.4829
601988.SH,20190422,4.04,4.05,3.92,3.93,4.03,-0.1,-2.4814,1960127.26,779353.764,0.093,0.81,6.4244,0.7645,2.295,29438779.1241,21076551.4846,2049395.6739,115694401.9577,82830847.3345
601988.SH,20190423,3.93,3.97,3.92,3.95,3.93,0.02,0.5089,1795671.75,709238.465,0.0852,0.78,6.4571,0.7684,2.3067,29438779.1241,21076551.4846,2049395.6739,116283177.5402,83252378.3642
601988.SH,20190424,3.96,3.96,3.88,3.91,3.95,-0.04,-1.0127,1584829.61,620707.184,0.0752,0.87,6.3917,0.7606,2.2834,29438779.1241,21076551.4846,2049395.6739,115105626.3752,82409316.3048
601988.SH,20190425,3.9,3.91,3.87,3.89,3.91,-0.02,-0.5115,1802659.99,701316.761,0.0855,1.12,6.359,0.7568,2.2717,29438779.1241,21076551.4846,2049395.6739,114516850.7927,81987785.2751
601988.SH,20190426,3.87,3.89,3.84,3.86,3.89,-0.03,-0.7712,1881078.19,726570.843,0.0892,1.1,6.31,0.7509,2.2542,29438779.1241,21076551.4846,2049395.6739,113633687.419,81355488.7306
601988.SH,20190429,3.87,3.91,3.86,3.89,3.86,0.03,0.7772,1303281.41,506658.302,0.0618,0.72,6.359,0.7568,2.2717,29438779.1241,21076551.4846,2049395.6739,114516850.7927,81987785.2751
601988.SH,20190430,3.89,3.9,3.85,3.89,3.89,0.0,0.0,1202558.37,466137.513,0.0571,0.72,6.359,0.7323,2.2717,29438779.1241,21076551.4846,2049395.6739,114516850.7927,81987785.2751
601988.SH,20190506,3.85,3.85,3.75,3.78,3.89,-0.11,-2.8278,2794927.83,1058062.524,0.1326,1.8,6.1792,0.7116,2.2074,29438779.1241,21076551.4846,2049395.6739,111278585.0891,79669364.6118
601988.SH,20190507,3.79,3.8,3.75,3.78,3.78,0.0,0.0,1601775.14,604993.805,0.076,0.89,6.1792,0.7116,2.2074,29438779.1241,21076551.4846,2049395.6739,111278585.0891,79669364.6118
601988.SH,20190508,3.74,3.75,3.71,3.72,3.78,-0.06,-1.5873,1406953.78,525019.602,0.0668,0.8,6.0811,0.7003,2.1724,29438779.1241,21076551.4846,2049395.6739,109512258.3417,78404771.5227
601988.SH,20190509,3.71,3.73,3.69,3.69,3.72,-0.03,-0.8065,1313930.19,487255.855,0.0623,0.79,6.0321,0.6946,2.1549,29438779.1241,21076551.4846,2049395.6739,108629094.9679,77772474.9782
601988.SH,20190510,3.71,3.77,3.7,3.75,3.69,0.06,1.626,1338765.63,499529.09,0.0635,0.8,6.1302,0.7059,2.1899,29438779.1241,21076551.4846,2049395.6739,110395421.7154,79037068.0673
601988.SH,20190513,3.72,3.78,3.65,3.71,3.75,-0.04,-1.0667,2991160.1,1110841.993,0.1419,1.77,6.0648,0.6984,2.1666,29438779.1241,21076551.4846,2049395.6739,109217870.5504,78194006.0079
601988.SH,20190514,3.68,3.71,3.68,3.68,3.71,-0.03,-0.8086,1242213.43,458805.012,0.0589,0.72,6.0157,0.6927,2.149,29438779.1241,21076551.4846,2049395.6739,108334707.1767,77561709.4633
601988.SH,20190515,3.7,3.8,3.69,3.75,3.68,0.07,1.9022,2382684.85,886194.012,0.113,1.44,6.1302,0.7059,2.1899,29438779.1241,21076551.4846,2049395.6739,110395421.7154,79037068.0673
601988.SH,20190516,3.73,3.81,3.71,3.78,3.75,0.03,0.8,2704991.85,1013945.994,0.1283,1.46,6.1792,0.7116,2.2074,29438779.1241,21076551.4846,2049395.6739,111278585.0891,79669364.6118
601988.SH,20190517,3.77,3.78,3.73,3.73,3.78,-0.05,-1.3228,1300947.99,488238.079,0.0617,0.61,6.0975,0.7022,2.1782,29438779.1241,21076551.4846,2049395.6739,109806646.1329,78615537.0376
601988.SH,20190520,3.73,3.87,3.71,3.82,3.73,0.09,2.4129,4412539.11,1659814.454,0.2094,2.08,6.2446,0.7191,2.2308,29438779.1241,21076551.4846,2049395.6739,112456136.2541,80512426.6712
601988.SH,20190521,3.78,3.83,3.78,3.8,3.82,-0.02,-0.5236,1390619.49,529551.885,0.066,0.58,6.2119,0.7153,2.2191,29438779.1241,21076551.4846,2049395.6739,111867360.6716,80090895.6415
601988.SH,20190522,3.8,3.83,3.79,3.81,3.8,0.01,0.2632,1053886.37,401538.528,0.05,0.43,6.2282,0.7172,2.225,29438779.1241,21076551.4846,2049395.6739,112161748.4628,80301661.1563
601988.SH,20190523,3.8,3.84,3.74,3.79,3.81,-0.02,-0.5249,3281540.95,1243524.224,0.1557,1.51,6.1955,0.7135,2.2133,29438779.1241,21076551.4846,2049395.6739,111572972.8803,79880130.1266
601988.SH,20190524,3.78,3.81,3.76,3.79,3.79,0.0,0.0,1776987.71,672974.952,0.0843,0.78,6.1955,0.7135,2.2133,29438779.1241,21076551.4846,2049395.6739,111572972.8803,79880130.1266
601988.SH,20190527,3.79,3.83,3.78,3.81,3.79,0.02,0.5277,1330060.18,506237.153,0.0631,0.56,6.2282,0.7172,2.225,29438779.1241,21076551.4846,2049395.6739,112161748.4628,80301661.1563
601988.SH,20190528,3.81,3.85,3.81,3.84,3.81,0.03,0.7874,1455161.06,557803.594,0.069,0.82,6.2773,0.7229,2.2425,29438779.1241,21076551.4846,2049395.6739,113044911.8365,80933957.7009
601988.SH,20190529,3.83,3.87,3.82,3.84,3.84,0.0,0.0,1393843.88,535619.131,0.0661,0.78,6.2773,0.7229,2.2425,29438779.1241,21076551.4846,2049395.6739,113044911.8365,80933957.7009
601988.SH,20190530,3.85,3.89,3.84,3.89,3.84,0.05,1.3021,1701937.8,658237.504,0.0808,0.92,6.359,0.7323,2.2717,29438779.1241,21076551.4846,2049395.6739,114516850.7927,81987785.2751
601988.SH,20190531,3.89,3.91,3.86,3.88,3.89,-0.01,-0.2571,1738628.12,675624.987,0.0825,1.14,6.3427,0.7304,2.2658,29438779.1241,21076551.4846,2049395.6739,114222463.0015,81777019.7602
601988.SH,20190603,3.71,3.71,3.67,3.7,3.7,0.0,0.0,1463386.0,540206.958,0.0694,0.96,6.0484,0.7029,2.1607,29438779.1241,21076551.4846,2049395.6739,108923482.7592,77983240.493
601988.SH,20190604,3.7,3.7,3.68,3.7,3.7,0.0,0.0,743965.06,274667.42,0.0353,0.48,6.0484,0.7029,2.1607,29438779.1241,21076551.4846,2049395.6739,108923482.7592,77983240.493
601988.SH,20190605,3.71,3.74,3.7,3.72,3.7,0.02,0.5405,929622.32,346255.398,0.0441,0.66,6.0811,0.7067,2.1724,29438779.1241,21076551.4846,2049395.6739,109512258.3417,78404771.5227
601988.SH,20190606,3.73,3.74,3.71,3.72,3.72,0.0,0.0,816815.95,304225.858,0.0388,0.62,6.0811,0.7067,2.1724,29438779.1241,21076551.4846,2049395.6739,109512258.3417,78404771.5227
601988.SH,20190610,3.72,3.76,3.72,3.74,3.72,0.02,0.5376,961242.88,359938.483,0.0456,0.84,6.1138,0.7105,2.1841,29438779.1241,21076551.4846,2049395.6739,110101033.9241,78826302.5524
601988.SH,20190611,3.75,3.77,3.74,3.76,3.74,0.02,0.5348,1202787.28,451083.714,0.0571,1.22,6.1465,0.7143,2.1958,29438779.1241,21076551.4846,2049395.6739,110689809.5066,79247833.5821
601988.SH,20190612,3.75,3.75,3.72,3.73,3.76,-0.03,-0.7979,869146.5,324603.909,0.0412,0.93,6.0975,0.7086,2.1782,29438779.1241,21076551.4846,2049395.6739,109806646.1329,78615537.0376
601988.SH,20190613,3.73,3.75,3.71,3.73,3.73,0.0,0.0,779231.54,290467.171,0.037,0.82,6.0975,0.7086,2.1782,29438779.1241,21076551.4846,2049395.6739,109806646.1329,78615537.0376
601988.SH,20190614,3.74,3.74,3.72,3.73,3.73,0.0,0.0,672997.89,250916.12,0.0319,0.73,6.0975,0.7086,2.1782,29438779.1241,21076551.4846,2049395.6739,109806646.1329,78615537.0376
601988.SH,20190617,3.74,3.75,3.72,3.74,3.73,0.01,0.2681,593174.41,221605.638,0.0281,0.66,6.1138,0.7105,2.1841,29438779.1241,21076551.4846,2049395.6739,110101033.9241,78826302.5524
601988.SH,20190618,3.75,3.76,3.73,3.76,3.74,0.02,0.5348,662740.63,248235.249,0.0314,0.8,6.1465,0.7143,2.1958,29438779.1241,21076551.4846,2049395.6739,110689809.5066,79247833.5821
601988.SH,20190619,3.79,3.81,3.77,3.78,3.76,0.02,0.5319,1364942.25,516165.878,0.0648,1.91,6.1792,0.7181,2.2074,29438779.1241,21076551.4846,2049395.6739,111278585.0891,79669364.6118
601988.SH,20190620,3.78,3.82,3.77,3.81,3.78,0.03,0.7937,1628549.55,618685.386,0.0773,2.0,6.2282,0.7238,2.225,29438779.1241,21076551.4846,2049395.6739,112161748.4628,80301661.1563
601988.SH,20190621,3.8,3.82,3.77,3.77,3.81,-0.04,-1.0499,1705513.38,646228.892,0.0809,1.73,6.1628,0.7162,2.2016,29438779.1241,21076551.4846,2049395.6739,110984197.2979,79458599.0969
601988.SH,20190624,3.77,3.78,3.75,3.78,3.77,0.01,0.2653,800720.15,301566.26,0.038,0.67,6.1792,0.7181,2.2074,29438779.1241,21076551.4846,2049395.6739,111278585.0891,79669364.6118
601988.SH,20190625,3.78,3.79,3.74,3.75,3.78,-0.03,-0.7937,1120232.53,421526.31,0.0532,0.91,6.1302,0.7124,2.1899,29438779.1241,21076551.4846,2049395.6739,110395421.7154,79037068.0673
601988.SH,20190626,3.75,3.75,3.73,3.74,3.75,-0.01,-0.2667,787183.33,294276.821,0.0373,0.59,6.1138,0.7105,2.1841,29438779.1241,21076551.4846,2049395.6739,110101033.9241,78826302.5524
601988.SH,20190627,3.75,3.77,3.74,3.75,3.74,0.01,0.2674,1010140.91,379289.073,0.0479,0.84,6.1302,0.7124,2.1899,29438779.1241,21076551.4846,2049395.6739,110395421.7154,79037068.0673
601988.SH,20190628,3.75,3.75,3.72,3.74,3.75,-0.01,-0.2667,748333.18,279232.692,0.0355,0.69,6.1138,0.7105,2.1841,29438779.1241,21076551.4846,2049395.6739,110101033.9241,78826302.5524
601988.SH,20190701,3.77,3.78,3.75,3.76,3.74,0.02,0.5348,1209103.17,454538.93,0.0574,1.35,6.1465,0.7143,2.1958,29438779.1241,21076551.4846,2049395.6739,110689809.5066,79247833.5821
601988.SH,20190702,3.75,3.77,3.75,3.77,3.76,0.01,0.266,961595.65,361435.331,0.0456,0.99,6.1628,0.7162,2.2016,29438779.1241,21076551.4846,2049395.6739,110984197.2979,79458599.0969
601988.SH,20190703,3.77,3.78,3.75,3.77,3.77,0.0,0.0,1077087.84,405580.588,0.0511,1.14,6.1628,0.7162,2.2016,29438779.1241,21076551.4846,2049395.6739,110984197.2979,79458599.0969
601988.SH,20190704,3.77,3.78,3.75,3.77,3.77,0.0,0.0,867535.02,326466.554,0.0412,0.87,6.1628,0.7162,2.2016,29438779.1241,21076551.4846,2049395.6739,110984197.2979,79458599.0969
601988.SH,20190705,3.76,3.77,3.72,3.75,3.77,-0.02,-0.5305,1306967.74,489629.527,0.062,1.34,6.1302,0.7124,2.1899,29438779.1241,21076551.4846,2049395.6739,110395421.7154,79037068.0673
601988.SH,20190708,3.74,3.75,3.7,3.71,3.75,-0.04,-1.0667,1457831.99,541461.074,0.0692,1.34,6.0648,0.7048,2.1666,29438779.1241,21076551.4846,2049395.6739,109217870.5504,78194006.0079
601988.SH,20190709,3.71,3.72,3.7,3.71,3.71,0.0,0.0,704486.39,261166.54,0.0334,0.62,6.0648,0.7048,2.1666,29438779.1241,21076551.4846,2049395.6739,109217870.5504,78194006.0079
601988.SH,20190710,3.71,3.71,3.69,3.7,3.71,-0.01,-0.2695,593449.76,219782.637,0.0282,0.55,6.0484,0.7029,2.1607,29438779.1241,21076551.4846,2049395.6739,108923482.7592,77983240.493
601988.SH,20190711,3.71,3.72,3.7,3.71,3.7,0.01,0.2703,534319.74,198059.458,0.0254,0.54,6.0648,0.7048,2.1666,29438779.1241,21076551.4846,2049395.6739,109217870.5504,78194006.0079
601988.SH,20190712,3.71,3.72,3.7,3.72,3.71,0.01,0.2695,876352.09,325359.136,0.0416,0.95,6.0811,0.7067,2.1724,29438779.1241,21076551.4846,2049395.6739,109512258.3417,78404771.5227
601988.SH,20190715,3.71,3.72,3.67,3.7,3.72,-0.02,-0.5376,1023496.61,377968.611,0.0486,1.23,6.0484,0.7029,2.1607,29438779.1241,21076551.4846,2049395.6739,108923482.7592,77983240.493
601988.SH,20190716,3.7,3.7,3.68,3.69,3.7,-0.01,-0.2703,627449.74,231357.57,0.0298,0.84,6.0321,0.701,2.1549,29438779.1241,21076551.4846,2049395.6739,108629094.9679,77772474.9782
601988.SH,20190717,3.68,3.69,3.67,3.67,3.69,-0.02,-0.542,604066.41,221891.764,0.0287,0.83,5.9994,0.6972,2.1432,29438779.1241,21076551.4846,2049395.6739,108040319.3854,77350943.9485
601988.SH,20190718,3.66,3.67,3.65,3.65,3.67,-0.02,-0.545,642862.42,234972.016,0.0305,0.88,5.9667,0.6934,2.1315,29438779.1241,21076551.4846,2049395.6739,107451543.803,76929412.9188
601988.SH,20190719,3.66,3.68,3.65,3.67,3.65,0.02,0.5479,862782.89,316421.857,0.0409,1.14,5.9994,0.6972,2.1432,29438779.1241,21076551.4846,2049395.6739,108040319.3854,77350943.9485
601988.SH,20190722,3.68,3.69,3.66,3.67,3.67,0.0,0.0,881485.97,323996.37,0.0418,1.17,5.9994,0.6972,2.1432,29438779.1241,21076551.4846,2049395.6739,108040319.3854,77350943.9485
601988.SH,20190723,3.67,3.7,3.66,3.69,3.67,0.02,0.545,818694.2,301393.398,0.0388,1.13,6.0321,0.701,2.1549,29438779.1241,21076551.4846,2049395.6739,108629094.9679,77772474.9782
601988.SH,20190724,3.7,3.71,3.69,3.69,3.69,0.0,0.0,718845.41,265849.881,0.0341,0.94,6.0321,0.701,2.1549,29438779.1241,21076551.4846,2049395.6739,108629094.9679,77772474.9782
601988.SH,20190725,3.7,3.71,3.69,3.7,3.69,0.01,0.271,823250.55,304358.439,0.0391,1.05,6.0484,0.7029,2.1607,29438779.1241,21076551.4846,2049395.6739,108923482.7592,77983240.493
601988.SH,20190726,3.69,3.71,3.69,3.7,3.7,0.0,0.0,585452.25,216612.802,0.0278,0.71,6.0484,0.7029,2.1607,29438779.1241,21076551.4846,2049395.6739,108923482.7592,77983240.493
601988.SH,20190729,3.7,3.71,3.69,3.7,3.7,0.0,0.0,603863.08,223206.863,0.0287,0.79,6.0484,0.7029,2.1607,29438779.1241,21076551.4846,2049395.6739,108923482.7592,77983240.493
601988.SH,20190730,3.7,3.72,3.69,3.72,3.7,0.02,0.5405,834793.5,309724.414,0.0396,1.18,6.0811,0.7067,2.1724,29438779.1241,21076551.4846,2049395.6739,109512258.3417,78404771.5227
601988.SH,20190731,3.71,3.71,3.7,3.71,3.72,-0.01,-0.2688,570456.71,211437.636,0.0271,0.8,6.0648,0.7048,2.1666,29438779.1241,21076551.4846,2049395.6739,109217870.5504,78194006.0079
601988.SH,20190801,3.7,3.71,3.67,3.68,3.71,-0.03,-0.8086,991038.31,364828.871,0.047,1.45,6.0157,0.6991,2.149,29438779.1241,21076551.4846,2049395.6739,108334707.1767,77561709.4633
601988.SH,20190802,3.65,3.65,3.63,3.64,3.68,-0.04,-1.087,1012163.89,368348.477,0.048,1.41,5.9503,0.6915,2.1257,29438779.1241,21076551.4846,2049395.6739,107157156.0117,76718647.4039
601988.SH,20190805,3.63,3.63,3.57,3.58,3.64,-0.06,-1.6484,1180937.92,425784.276,0.056,1.47,5.8522,0.6801,2.0906,29438779.1241,21076551.4846,2049395.6739,105390829.2643,75454054.3149
601988.SH,20190806,3.54,3.55,3.51,3.53,3.58,-0.05,-1.3966,1348822.01,476033.446,0.064,1.47,5.7705,0.6706,2.0614,29438779.1241,21076551.4846,2049395.6739,103918890.3081,74400226.7406
601988.SH,20190807,3.54,3.55,3.52,3.52,3.53,-0.01,-0.2833,797948.15,281463.415,0.0379,0.78,5.7542,0.6687,2.0556,29438779.1241,21076551.4846,2049395.6739,103624502.5168,74189461.2258
601988.SH,20190808,3.53,3.55,3.52,3.54,3.52,0.02,0.5682,951535.69,336786.681,0.0451,0.89,5.7869,0.6725,2.0673,29438779.1241,21076551.4846,2049395.6739,104213278.0993,74610992.2555
601988.SH,20190809,3.55,3.57,3.54,3.56,3.54,0.02,0.565,801758.99,285519.289,0.038,0.76,5.8196,0.6763,2.079,29438779.1241,21076551.4846,2049395.6739,104802053.6818,75032523.2852
601988.SH,20190812,3.56,3.59,3.55,3.58,3.56,0.02,0.5618,584973.19,209015.19,0.0278,0.58,5.8522,0.6801,2.0906,29438779.1241,21076551.4846,2049395.6739,105390829.2643,75454054.3149
601988.SH,20190813,3.57,3.58,3.56,3.58,3.58,0.0,0.0,523089.71,186651.453,0.0248,0.58,5.8522,0.6801,2.0906,29438779.1241,21076551.4846,2049395.6739,105390829.2643,75454054.3149
601988.SH,20190814,3.6,3.61,3.57,3.57,3.58,-0.01,-0.2793,493954.14,177384.891,0.0234,0.67,5.8359,0.6782,2.0848,29438779.1241,21076551.4846,2049395.6739,105096441.473,75243288.8
601988.SH,20190815,3.54,3.58,3.53,3.58,3.57,0.01,0.2801,614620.98,218591.977,0.0292,0.92,5.8522,0.6801,2.0906,29438779.1241,21076551.4846,2049395.6739,105390829.2643,75454054.3149
601988.SH,20190816,3.58,3.58,3.55,3.57,3.58,-0.01,-0.2793,527670.73,188287.973,0.025,0.87,5.8359,0.6782,2.0848,29438779.1241,21076551.4846,2049395.6739,105096441.473,75243288.8
601988.SH,20190819,3.57,3.58,3.52,3.58,3.57,0.01,0.2801,1231363.96,437466.463,0.0584,2.24,5.8522,0.6801,2.0906,29438779.1241,21076551.4846,2049395.6739,105390829.2643,75454054.3149
601988.SH,20190820,3.57,3.58,3.55,3.56,3.58,-0.02,-0.5587,752119.57,267942.876,0.0357,1.11,5.8196,0.6763,2.079,29438779.1241,21076551.4846,2049395.6739,104802053.6818,75032523.2852
601988.SH,20190821,3.56,3.56,3.54,3.55,3.56,-0.01,-0.2809,350479.92,124582.957,0.0166,0.48,5.8032,0.6744,2.0731,29438779.1241,21076551.4846,2049395.6739,104507665.8906,74821757.7703
601988.SH,20190822,3.56,3.57,3.54,3.54,3.55,-0.01,-0.2817,377050.6,133810.491,0.0179,0.54,5.7869,0.6725,2.0673,29438779.1241,21076551.4846,2049395.6739,104213278.0993,74610992.2555
601988.SH,20190823,3.55,3.55,3.53,3.54,3.54,0.0,0.0,568022.81,201309.365,0.027,0.88,5.7869,0.6725,2.0673,29438779.1241,21076551.4846,2049395.6739,104213278.0993,74610992.2555
601988.SH,20190826,3.51,3.54,3.51,3.52,3.54,-0.02,-0.565,1006934.44,354272.532,0.0478,1.54,5.7542,0.6687,2.0556,29438779.1241,21076551.4846,2049395.6739,103624502.5168,74189461.2258
601988.SH,20190827,3.53,3.57,3.52,3.57,3.52,0.05,1.4205,1074356.95,381671.573,0.051,1.76,5.8359,0.6782,2.0848,29438779.1241,21076551.4846,2049395.6739,105096441.473,75243288.8
601988.SH,20190828,3.56,3.56,3.53,3.54,3.57,-0.03,-0.8403,577894.35,204865.743,0.0274,0.86,5.7869,0.6725,2.0673,29438779.1241,21076551.4846,2049395.6739,104213278.0993,74610992.2555
601988.SH,20190829,3.54,3.55,3.52,3.53,3.54,-0.01,-0.2825,577651.11,203976.694,0.0274,0.8,5.7705,0.6706,2.0614,29438779.1241,21076551.4846,2049395.6739,103918890.3081,74400226.7406
601988.SH,20190830,3.55,3.55,3.52,3.53,3.53,0.0,0.0,718078.55,253773.061,0.0341,0.94,5.7705,0.6706,2.0614,29438779.1241,21076551.4846,2049395.6739,103918890.3081,74400226.7406
601988.SH,20190902,3.53,3.55,3.53,3.54,3.53,0.01,0.2833,816756.6,289343.996,0.0388,1.03,5.7869,0.6605,2.0673,29438779.1241,21076551.4846,2049395.6739,104213278.0993,74610992.2555
601988.SH,20190903,3.54,3.56,3.54,3.55,3.54,0.01,0.2825,816686.23,289541.989,0.0387,1.08,5.8032,0.6624,2.0731,29438779.1241,21076551.4846,2049395.6739,104507665.8906,74821757.7703
601988.SH,20190904,3.55,3.6,3.54,3.6,3.55,0.05,1.4085,1344341.42,480610.234,0.0638,1.92,5.8849,0.6717,2.1023,29438779.1241,21076551.4846,2049395.6739,105979604.8468,75875585.3446
601988.SH,20190905,3.6,3.65,3.6,3.62,3.6,0.02,0.5556,1315236.88,477791.0,0.0624,1.54,5.9176,0.6755,2.114,29438779.1241,21076551.4846,2049395.6739,106568380.4292,76297116.3743
601988.SH,20190906,3.64,3.64,3.61,3.63,3.62,0.01,0.2762,676896.81,245419.772,0.0321,0.68,5.934,0.6773,2.1198,29438779.1241,21076551.4846,2049395.6739,106862768.2205,76507881.8891
601988.SH,20190909,3.65,3.66,3.62,3.63,3.63,0.0,0.0,874353.28,317878.958,0.0415,0.88,5.934,0.6773,2.1198,29438779.1241,21076551.4846,2049395.6739,106862768.2205,76507881.8891
601988.SH,20190910,3.63,3.64,3.6,3.62,3.63,-0.01,-0.2755,695034.26,251350.48,0.033,0.69,5.9176,0.6755,2.114,29438779.1241,21076551.4846,2049395.6739,106568380.4292,76297116.3743
601988.SH,20190911,3.63,3.66,3.62,3.66,3.62,0.04,1.105,1014533.82,369690.654,0.0481,1.03,5.983,0.6829,2.1374,29438779.1241,21076551.4846,2049395.6739,107745931.5942,77140178.4336
601988.SH,20190912,3.67,3.67,3.65,3.66,3.66,0.0,0.0,684945.13,250622.979,0.0325,0.75,5.983,0.6829,2.1374,29438779.1241,21076551.4846,2049395.6739,107745931.5942,77140178.4336
601988.SH,20190916,3.66,3.66,3.64,3.66,3.66,0.0,0.0,659080.33,240656.841,0.0313,0.84,5.983,0.6829,2.1374,29438779.1241,21076551.4846,2049395.6739,107745931.5942,77140178.4336
601988.SH,20190917,3.65,3.66,3.61,3.62,3.66,-0.04,-1.0929,743919.25,270427.719,0.0353,0.95,5.9176,0.6755,2.114,29438779.1241,21076551.4846,2049395.6739,106568380.4292,76297116.3743
601988.SH,20190918,3.63,3.63,3.6,3.6,3.62,-0.02,-0.5525,662587.57,239721.666,0.0314,0.87,5.8849,0.6717,2.1023,29438779.1241,21076551.4846,2049395.6739,105979604.8468,75875585.3446
601988.SH,20190919,3.61,3.62,3.59,3.61,3.6,0.01,0.2778,655297.53,236133.441,0.0311,0.87,5.9013,0.6736,2.1082,29438779.1241,21076551.4846,2049395.6739,106273992.638,76086350.8594
601988.SH,20190920,3.62,3.63,3.6,3.61,3.61,0.0,0.0,1108780.48,400696.523,0.0526,1.63,5.9013,0.6736,2.1082,29438779.1241,21076551.4846,2049395.6739,106273992.638,76086350.8594
601988.SH,20190923,3.61,3.62,3.59,3.6,3.61,-0.01,-0.277,597553.86,215044.148,0.0284,0.78,5.8849,0.6717,2.1023,29438779.1241,21076551.4846,2049395.6739,105979604.8468,75875585.3446
601988.SH,20190924,3.61,3.62,3.6,3.6,3.6,0.0,0.0,458020.34,165301.922,0.0217,0.61,5.8849,0.6717,2.1023,29438779.1241,21076551.4846,2049395.6739,105979604.8468,75875585.3446
601988.SH,20190925,3.6,3.61,3.58,3.59,3.6,-0.01,-0.2778,576366.91,207230.967,0.0273,0.83,5.8686,0.6699,2.0965,29438779.1241,21076551.4846,2049395.6739,105685217.0555,75664819.8297
601988.SH,20190926,3.6,3.63,3.59,3.61,3.59,0.02,0.5571,1055349.69,381409.008,0.0501,1.55,5.9013,0.6736,2.1082,29438779.1241,21076551.4846,2049395.6739,106273992.638,76086350.8594
601988.SH,20190927,3.61,3.61,3.57,3.6,3.61,-0.01,-0.277,963758.88,346171.199,0.0457,1.27,5.8849,0.6717,2.1023,29438779.1241,21076551.4846,2049395.6739,105979604.8468,75875585.3446
601988.SH,20190930,3.59,3.61,3.58,3.58,3.6,-0.02,-0.5556,758779.57,273088.346,0.036,1.04,5.8522,0.668,2.0906,29438779.1241,21076551.4846,2049395.6739,105390829.2643,75454054.3149
601988.SH,20191008,3.58,3.61,3.58,3.6,3.58,0.02,0.5587,800467.4,287623.931,0.038,1.05,5.8849,0.6717,2.1023,29438779.1241,21076551.4846,2049395.6739,105979604.8468,75875585.3446
601988.SH,20191009,3.58,3.63,3.58,3.62,3.6,0.02,0.5556,801752.91,289425.062,0.038,0.96,5.9176,0.6755,2.114,29438779.1241,21076551.4846,2049395.6739,106568380.4292,76297116.3743
601988.SH,20191010,3.61,3.62,3.59,3.6,3.62,-0.02,-0.5525,774033.61,279001.764,0.0367,0.88,5.8849,0.6717,2.1023,29438779.1241,21076551.4846,2049395.6739,105979604.8468,75875585.3446
601988.SH,20191011,3.61,3.64,3.6,3.64,3.6,0.04,1.1111,943238.06,341766.807,0.0448,1.15,5.9503,0.6792,2.1257,29438779.1241,21076551.4846,2049395.6739,107157156.0117,76718647.4039
601988.SH,20191014,3.65,3.72,3.64,3.67,3.64,0.03,0.8242,2301238.03,847590.093,0.1092,2.82,5.9994,0.6848,2.1432,29438779.1241,21076551.4846,2049395.6739,108040319.3854,77350943.9485
601988.SH,20191015,3.68,3.7,3.66,3.68,3.67,0.01,0.2725,1473141.61,542061.224,0.0699,1.31,6.0157,0.6866,2.149,29438779.1241,21076551.4846,2049395.6739,108334707.1767,77561709.4633
601988.SH,20191016,3.7,3.74,3.68,3.69,3.68,0.01,0.2717,1291627.95,478617.669,0.0613,1.03,6.0321,0.6885,2.1549,29438779.1241,21076551.4846,2049395.6739,108629094.9679,77772474.9782
601988.SH,20191017,3.69,3.7,3.68,3.68,3.69,-0.01,-0.271,606141.55,223513.922,0.0288,0.45,6.0157,0.6866,2.149,29438779.1241,21076551.4846,2049395.6739,108334707.1767,77561709.4633
601988.SH,20191018,3.69,3.71,3.65,3.66,3.68,-0.02,-0.5435,853529.27,314127.79,0.0405,0.65,5.983,0.6829,2.1374,29438779.1241,21076551.4846,2049395.6739,107745931.5942,77140178.4336
601988.SH,20191021,3.65,3.69,3.65,3.69,3.66,0.03,0.8197,727080.59,267264.169,0.0345,0.56,6.0321,0.6885,2.1549,29438779.1241,21076551.4846,2049395.6739,108629094.9679,77772474.9782
601988.SH,20191022,3.7,3.7,3.67,3.69,3.69,0.0,0.0,606629.89,223356.497,0.0288,0.61,6.0321,0.6885,2.1549,29438779.1241,21076551.4846,2049395.6739,108629094.9679,77772474.9782
601988.SH,20191023,3.69,3.72,3.68,3.71,3.69,0.02,0.542,1088466.33,402986.545,0.0516,1.33,6.0648,0.6922,2.1666,29438779.1241,21076551.4846,2049395.6739,109217870.5504,78194006.0079
601988.SH,20191024,3.71,3.77,3.7,3.75,3.71,0.04,1.0782,1603785.62,600169.958,0.0761,2.07,6.1302,0.6997,2.1899,29438779.1241,21076551.4846,2049395.6739,110395421.7154,79037068.0673
601988.SH,20191025,3.75,3.75,3.7,3.73,3.75,-0.02,-0.5333,995772.23,371135.643,0.0472,1.02,6.0975,0.696,2.1782,29438779.1241,21076551.4846,2049395.6739,109806646.1329,78615537.0376
601988.SH,20191028,3.73,3.75,3.7,3.71,3.73,-0.02,-0.5362,870773.79,323847.116,0.0413,0.87,6.0648,0.6922,2.1666,29438779.1241,21076551.4846,2049395.6739,109217870.5504,78194006.0079
601988.SH,20191029,3.71,3.72,3.68,3.69,3.71,-0.02,-0.5391,816341.77,302055.988,0.0387,0.79,6.0321,0.6885,2.1549,29438779.1241,21076551.4846,2049395.6739,108629094.9679,77772474.9782
601988.SH,20191030,3.69,3.7,3.68,3.69,3.69,0.0,0.0,610384.1,225266.807,0.029,0.57,6.0321,0.6885,2.1549,29438779.1241,21076551.4846,2049395.6739,108629094.9679,77772474.9782
601988.SH,20191031,3.69,3.7,3.67,3.7,3.69,0.01,0.271,950240.15,350261.763,0.0451,0.97,6.0484,0.6696,2.1607,29438779.1241,21076551.4846,2049395.6739,108923482.7592,77983240.493
601988.SH,20191101,3.7,3.71,3.67,3.7,3.7,0.0,0.0,946797.45,349807.316,0.0449,1.12,6.0484,0.6696,2.1607,29438779.1241,21076551.4846,2049395.6739,108923482.7592,77983240.493
601988.SH,20191104,3.7,3.72,3.68,3.7,3.7,0.0,0.0,1179743.02,436007.52,0.056,1.41,6.0484,0.6696,2.1607,29438779.1241,21076551.4846,2049395.6739,108923482.7592,77983240.493
601988.SH,20191105,3.7,3.74,3.68,3.72,3.7,0.02,0.5405,1655598.07,615510.108,0.0786,1.84,6.0811,0.6732,2.1724,29438779.1241,21076551.4846,2049395.6739,109512258.3417,78404771.5227
601988.SH,20191106,3.71,3.75,3.7,3.74,3.72,0.02,0.5376,1289846.28,480832.613,0.0612,1.21,6.1138,0.6769,2.1841,29438779.1241,21076551.4846,2049395.6739,110101033.9241,78826302.5524
601988.SH,20191107,3.74,3.75,3.72,3.73,3.74,-0.01,-0.2674,863782.35,322104.729,0.041,0.72,6.0975,0.6751,2.1782,29438779.1241,21076551.4846,2049395.6739,109806646.1329,78615537.0376
601988.SH,20191108,3.74,3.74,3.67,3.68,3.73,-0.05,-1.3405,1333101.11,493540.417,0.0633,1.12,6.0157,0.666,2.149,29438779.1241,21076551.4846,2049395.6739,108334707.1767,77561709.4633
601988.SH,20191111,3.67,3.67,3.64,3.64,3.68,-0.04,-1.087,1017678.99,372190.088,0.0483,0.8,5.9503,0.6588,2.1257,29438779.1241,21076551.4846,2049395.6739,107157156.0117,76718647.4039
601988.SH,20191112,3.65,3.66,3.63,3.66,3.64,0.02,0.5495,657330.57,239806.29,0.0312,0.53,5.983,0.6624,2.1374,29438779.1241,21076551.4846,2049395.6739,107745931.5942,77140178.4336
601988.SH,20191113,3.65,3.66,3.63,3.65,3.66,-0.01,-0.2732,772633.5,281570.823,0.0367,0.75,5.9667,0.6606,2.1315,29438779.1241,21076551.4846,2049395.6739,107451543.803,76929412.9188
601988.SH,20191114,3.65,3.65,3.61,3.62,3.65,-0.03,-0.8219,779964.63,282858.328,0.037,0.84,5.9176,0.6551,2.114,29438779.1241,21076551.4846,2049395.6739,106568380.4292,76297116.3743
601988.SH,20191115,3.62,3.63,3.6,3.61,3.62,-0.01,-0.2762,895140.14,323618.638,0.0425,0.98,5.9013,0.6533,2.1082,29438779.1241,21076551.4846,2049395.6739,106273992.638,76086350.8594
601988.SH,20191118,3.61,3.63,3.59,3.62,3.61,0.01,0.277,775638.49,279805.066,0.0368,0.94,5.9176,0.6551,2.114,29438779.1241,21076551.4846,2049395.6739,106568380.4292,76297116.3743
601988.SH,20191119,3.61,3.64,3.61,3.63,3.62,0.01,0.2762,808677.14,293128.815,0.0384,1.04,5.934,0.657,2.1198,29438779.1241,21076551.4846,2049395.6739,106862768.2205,76507881.8891
601988.SH,20191120,3.62,3.63,3.62,3.62,3.63,-0.01,-0.2755,587365.59,212968.371,0.0279,0.73,5.9176,0.6551,2.114,29438779.1241,21076551.4846,2049395.6739,106568380.4292,76297116.3743
601988.SH,20191121,3.62,3.63,3.6,3.63,3.62,0.01,0.2762,721672.34,260921.458,0.0342,0.94,5.934,0.657,2.1198,29438779.1241,21076551.4846,2049395.6739,106862768.2205,76507881.8891
601988.SH,20191122,3.63,3.64,3.61,3.61,3.63,-0.02,-0.551,901479.5,326745.42,0.0428,1.19,5.9013,0.6533,2.1082,29438779.1241,21076551.4846,2049395.6739,106273992.638,76086350.8594
601988.SH,20191125,3.61,3.66,3.61,3.65,3.61,0.04,1.108,851332.02,309921.46,0.0404,1.12,5.9667,0.6606,2.1315,29438779.1241,21076551.4846,2049395.6739,107451543.803,76929412.9188
601988.SH,20191126,3.66,3.68,3.64,3.67,3.65,0.02,0.5479,1499970.57,549720.468,0.0712,1.94,5.9994,0.6642,2.1432,29438779.1241,21076551.4846,2049395.6739,108040319.3854,77350943.9485
601988.SH,20191127,3.67,3.67,3.65,3.66,3.67,-0.01,-0.2725,476062.0,174163.846,0.0226,0.52,5.983,0.6624,2.1374,29438779.1241,21076551.4846,2049395.6739,107745931.5942,77140178.4336
601988.SH,20191128,3.66,3.66,3.64,3.65,3.66,-0.01,-0.2732,527415.32,192389.978,0.025,0.59,5.9667,0.6606,2.1315,29438779.1241,21076551.4846,2049395.6739,107451543.803,76929412.9188
601988.SH,20191129,3.65,3.65,3.62,3.63,3.65,-0.02,-0.5479,801898.16,291818.921,0.038,0.94,5.934,0.657,2.1198,29438779.1241,21076551.4846,2049395.6739,106862768.2205,76507881.8891
601988.SH,20191202,3.64,3.64,3.62,3.62,3.63,-0.01,-0.2755,615655.45,223345.322,0.0292,0.74,5.9176,0.6551,2.114,29438779.1241,21076551.4846,2049395.6739,106568380.4292,76297116.3743
601988.SH,20191203,3.62,3.62,3.6,3.61,3.62,-0.01,-0.2762,801112.13,289097.624,0.038,1.02,5.9013,0.6533,2.1082,29438779.1241,21076551.4846,2049395.6739,106273992.638,76086350.8594
601988.SH,20191204,3.6,3.61,3.6,3.6,3.61,-0.01,-0.277,613169.4,220916.842,0.0291,0.95,5.8849,0.6515,2.1023,29438779.1241,21076551.4846,2049395.6739,105979604.8468,75875585.3446
601988.SH,20191205,3.61,3.62,3.6,3.62,3.6,0.02,0.5556,390014.53,140991.01,0.0185,0.58,5.9176,0.6551,2.114,29438779.1241,21076551.4846,2049395.6739,106568380.4292,76297116.3743
601988.SH,20191206,3.62,3.63,3.61,3.62,3.62,0.0,0.0,481996.79,174489.843,0.0229,0.75,5.9176,0.6551,2.114,29438779.1241,21076551.4846,2049395.6739,106568380.4292,76297116.3743
601988.SH,20191209,3.63,3.63,3.61,3.62,3.62,0.0,0.0,651003.23,235338.303,0.0309,1.12,5.9176,0.6551,2.114,29438779.1241,21076551.4846,2049395.6739,106568380.4292,76297116.3743
601988.SH,20191210,3.61,3.62,3.6,3.61,3.62,-0.01,-0.2762,625718.33,225871.618,0.0297,1.07,5.9013,0.6533,2.1082,29438779.1241,21076551.4846,2049395.6739,106273992.638,76086350.8594
601988.SH,20191211,3.62,3.62,3.61,3.61,3.61,0.0,0.0,435957.74,157518.102,0.0207,0.79,5.9013,0.6533,2.1082,29438779.1241,21076551.4846,2049395.6739,106273992.638,76086350.8594
601988.SH,20191212,3.62,3.62,3.6,3.61,3.61,0.0,0.0,597419.58,215437.273,0.0283,1.16,5.9013,0.6533,2.1082,29438779.1241,21076551.4846,2049395.6739,106273992.638,76086350.8594
601988.SH,20191213,3.62,3.66,3.61,3.65,3.61,0.04,1.108,1325996.89,482460.908,0.0629,2.37,5.9667,0.6606,2.1315,29438779.1241,21076551.4846,2049395.6739,107451543.803,76929412.9188
601988.SH,20191216,3.65,3.66,3.63,3.65,3.65,0.0,0.0,928639.47,338378.475,0.0441,1.28,5.9667,0.6606,2.1315,29438779.1241,21076551.4846,2049395.6739,107451543.803,76929412.9188
601988.SH,20191217,3.65,3.72,3.63,3.68,3.65,0.03,0.8219,1789517.1,657814.2,0.0849,2.29,6.0157,0.666,2.149,29438779.1241,21076551.4846,2049395.6739,108334707.1767,77561709.4633
601988.SH,20191218,3.69,3.7,3.67,3.67,3.68,-0.01,-0.2717,852974.52,314018.339,0.0405,0.84,5.9994,0.6642,2.1432,29438779.1241,21076551.4846,2049395.6739,108040319.3854,77350943.9485
601988.SH,20191219,3.67,3.7,3.66,3.69,3.67,0.02,0.545,796903.8,293715.87,0.0378,0.73,6.0321,0.6678,2.1549,29438779.1241,21076551.4846,2049395.6739,108629094.9679,77772474.9782
601988.SH,20191220,3.68,3.7,3.68,3.7,3.69,0.01,0.271,679264.05,250627.05,0.0322,0.6,6.0484,0.6696,2.1607,29438779.1241,21076551.4846,2049395.6739,108923482.7592,77983240.493
601988.SH,20191223,3.7,3.7,3.66,3.67,3.7,-0.03,-0.8108,841476.46,309601.233,0.0399,0.83,5.9994,0.6642,2.1432,29438779.1241,21076551.4846,2049395.6739,108040319.3854,77350943.9485
601988.SH,20191224,3.67,3.68,3.66,3.67,3.67,0.0,0.0,341212.62,125205.298,0.0162,0.34,5.9994,0.6642,2.1432,29438779.1241,21076551.4846,2049395.6739,108040319.3854,77350943.9485
601988.SH,20191225,3.67,3.68,3.65,3.66,3.67,-0.01,-0.2725,597043.46,218750.87,0.0283,0.85,5.983,0.6624,2.1374,29438779.1241,21076551.4846,2049395.6739,107745931.5942,77140178.4336
601988.SH,20191226,3.66,3.68,3.65,3.68,3.66,0.02,0.5464,603516.24,221297.692,0.0286,0.93,6.0157,0.666,2.149,29438779.1241,21076551.4846,2049395.6739,108334707.1767,77561709.4633
601988.SH,20191227,3.67,3.7,3.67,3.69,3.68,0.01,0.2717,974041.29,359291.225,0.0462,1.59,6.0321,0.6678,2.1549,29438779.1241,21076551.4846,2049395.6739,108629094.9679,77772474.9782
601988.SH,20191230,3.68,3.71,3.66,3.71,3.69,0.02,0.542,1305398.7,481953.828,0.0619,1.94,6.0648,0.6714,2.1666,29438779.1241,21076551.4846,2049395.6739,109217870.5504,78194006.0079
601988.SH,20191231,3.69,3.7,3.68,3.69,3.71,-0.02,-0.5391,742624.19,274306.466,0.0352,0.97,6.0321,0.6678,2.1549,29438779.1241,21076551.4846,2049395.6739,108629094.9679,77772474.9782
601988.SH,20200102,3.71,3.74,3.7,3.72,3.69,0.03,0.813,1389909.99,517677.569,0.0659,1.65,6.0811,0.6732,2.1724,29438779.1241,21076551.4846,2049395.6739,109512258.3417,78404771.5227
601988.SH,20200103,3.73,3.73,3.7,3.71,3.72,-0.01,-0.2688,857384.14,318451.779,0.0407,0.85,6.0648,0.6714,2.1666,29438779.1241,21076551.4846,2049395.6739,109217870.5504,78194006.0079
601988.SH,20200106,3.7,3.72,3.68,3.69,3.71,-0.02,-0.5391,1371085.15,507089.538,0.0651,1.3,6.0321,0.6678,2.1549,29438779.1241,21076551.4846,2049395.6739,108629094.9679,77772474.9782
601988.SH,20200107,3.69,3.74,3.69,3.72,3.69,0.03,0.813,1565238.2,582835.385,0.0743,1.38,6.0811,0.6732,2.1724,29438779.1241,21076551.4846,2049395.6739,109512258.3417,78404771.5227
601988.SH,20200108,3.71,3.71,3.68,3.69,3.72,-0.03,-0.8065,1042787.56,385355.653,0.0495,0.88,6.0321,0.6678,2.1549,29438779.1241,21076551.4846,2049395.6739,108629094.9679,77772474.9782
601988.SH,20200109,3.71,3.71,3.68,3.69,3.69,0.0,0.0,749714.43,276988.12,0.0356,0.6,6.0321,0.6678,2.1549,29438779.1241,21076551.4846,2049395.6739,108629094.9679,77772474.9782
601988.SH,20200110,3.69,3.7,3.68,3.69,3.69,0.0,0.0,538334.54,198636.22,0.0255,0.48,6.0321,0.6678,2.1549,29438779.1241,21076551.4846,2049395.6739,108629094.9679,77772474.9782
601988.SH,20200113,3.7,3.7,3.68,3.7,3.69,0.01,0.271,537304.88,198075.977,0.0255,0.51,6.0484,0.6696,2.1607,29438779.1241,21076551.4846,2049395.6739,108923482.7592,77983240.493
601988.SH,20200114,3.7,3.71,3.69,3.69,3.7,-0.01,-0.2703,733156.14,271401.452,0.0348,0.83,6.0321,0.6678,2.1549,29438779.1241,21076551.4846,2049395.6739,108629094.9679,77772474.9782
601988.SH,20200115,3.7,3.7,3.66,3.67,3.69,-0.02,-0.542,677662.72,249199.279,0.0322,0.94,5.9994,0.6642,2.1432,29438779.1241,21076551.4846,2049395.6739,108040319.3854,77350943.9485
601988.SH,20200116,3.68,3.68,3.65,3.65,3.67,-0.02,-0.545,883941.09,323356.85,0.0419,1.37,5.9667,0.6606,2.1315,29438779.1241,21076551.4846,2049395.6739,107451543.803,76929412.9188
601988.SH,20200117,3.65,3.67,3.65,3.65,3.65,0.0,0.0,642485.73,234889.781,0.0305,0.95,5.9667,0.6606,2.1315,29438779.1241,21076551.4846,2049395.6739,107451543.803,76929412.9188
601988.SH,20200120,3.65,3.67,3.64,3.66,3.65,0.01,0.274,676326.56,247328.426,0.0321,0.97,5.983,0.6624,2.1374,29438779.1241,21076551.4846,2049395.6739,107745931.5942,77140178.4336
601988.SH,20200121,3.65,3.66,3.64,3.64,3.66,-0.02,-0.5464,1032569.46,376391.787,0.049,1.43,5.9503,0.6588,2.1257,29438779.1241,21076551.4846,2049395.6739,107157156.0117,76718647.4039
601988.SH,20200122,3.64,3.65,3.62,3.64,3.64,0.0,0.0,998820.26,363233.784,0.0474,1.28,5.9503,0.6588,2.1257,29438779.1241,21076551.4846,2049395.6739,107157156.0117,76718647.4039
601988.SH,20200123,3.64,3.64,3.6,3.61,3.64,-0.03,-0.8242,1413348.73,511803.559,0.0671,1.67,5.9013,0.6533,2.1082,29438779.1241,21076551.4846,2049395.6739,106273992.638,76086350.8594
601988.SH,20200203,3.41,3.52,3.36,3.43,3.61,-0.18,-4.9861,2615174.22,897228.515,0.1241,2.74,5.607,0.6208,2.003,29438779.1241,21076551.4846,2049395.6739,100975012.3957,72292571.5922
601988.SH,20200204,3.42,3.53,3.41,3.5,3.43,0.07,2.0408,1705844.98,592455.302,0.0809,1.27,5.7215,0.6334,2.0439,29438779.1241,21076551.4846,2049395.6739,103035726.9344,73767930.1961
601988.SH,20200205,3.5,3.52,3.47,3.5,3.5,0.0,0.0,1086777.26,380227.929,0.0516,0.7,5.7215,0.6334,2.0439,29438779.1241,21076551.4846,2049395.6739,103035726.9344,73767930.1961
601988.SH,20200206,3.52,3.52,3.48,3.51,3.5,0.01,0.2857,1123485.85,393076.818,0.0533,0.72,5.7378,0.6352,2.0498,29438779.1241,21076551.4846,2049395.6739,103330114.7256,73978695.7109
601988.SH,20200207,3.49,3.51,3.48,3.51,3.51,0.0,0.0,747153.52,260941.449,0.0354,0.47,5.7378,0.6352,2.0498,29438779.1241,21076551.4846,2049395.6739,103330114.7256,73978695.7109
601988.SH,20200210,3.49,3.51,3.48,3.5,3.51,-0.01,-0.2849,773106.78,270223.16,0.0367,0.53,5.7215,0.6334,2.0439,29438779.1241,21076551.4846,2049395.6739,103035726.9344,73767930.1961
601988.SH,20200211,3.51,3.54,3.5,3.53,3.5,0.03,0.8571,1007720.33,355240.357,0.0478,0.93,5.7705,0.6389,2.0614,29438779.1241,21076551.4846,2049395.6739,103918890.3081,74400226.7406
601988.SH,20200212,3.53,3.55,3.52,3.54,3.53,0.01,0.2833,769606.59,272355.031,0.0365,0.81,5.7869,0.6407,2.0673,29438779.1241,21076551.4846,2049395.6739,104213278.0993,74610992.2555
601988.SH,20200213,3.54,3.55,3.53,3.53,3.54,-0.01,-0.2825,746296.71,264202.86,0.0354,0.84,5.7705,0.6389,2.0614,29438779.1241,21076551.4846,2049395.6739,103918890.3081,74400226.7406
601988.SH,20200214,3.52,3.57,3.52,3.56,3.53,0.03,0.8499,655540.28,232856.023,0.0311,0.81,5.8196,0.6443,2.079,29438779.1241,21076551.4846,2049395.6739,104802053.6818,75032523.2852
601988.SH,20200217,3.56,3.61,3.55,3.6,3.56,0.04,1.1236,913393.3,327517.286,0.0433,1.16,5.8849,0.6515,2.1023,29438779.1241,21076551.4846,2049395.6739,105979604.8468,75875585.3446
601988.SH,20200218,3.59,3.61,3.58,3.58,3.6,-0.02,-0.5556,803011.4,288669.233,0.0381,0.98,5.8522,0.6479,2.0906,29438779.1241,21076551.4846,2049395.6739,105390829.2643,75454054.3149
601988.SH,20200219,3.59,3.63,3.58,3.6,3.58,0.02,0.5587,926751.06,334672.661,0.044,1.19,5.8849,0.6515,2.1023,29438779.1241,21076551.4846,2049395.6739,105979604.8468,75875585.3446
601988.SH,20200220,3.61,3.64,3.59,3.63,3.6,0.03,0.8333,942578.61,340278.285,0.0447,1.17,5.934,0.657,2.1198,29438779.1241,21076551.4846,2049395.6739,106862768.2205,76507881.8891
601988.SH,20200221,3.61,3.63,3.61,3.62,3.63,-0.01,-0.2755,799392.18,289239.861,0.0379,0.94,5.9176,0.6551,2.114,29438779.1241,21076551.4846,2049395.6739,106568380.4292,76297116.3743
601988.SH,20200224,3.6,3.61,3.59,3.59,3.62,-0.03,-0.8287,779094.32,280284.589,0.037,0.89,5.8686,0.6497,2.0965,29438779.1241,21076551.4846,2049395.6739,105685217.0555,75664819.8297
601988.SH,20200225,3.57,3.58,3.56,3.57,3.59,-0.02,-0.5571,956829.39,341616.951,0.0454,1.13,5.8359,0.6461,2.0848,29438779.1241,21076551.4846,2049395.6739,105096441.473,75243288.8
601988.SH,20200226,3.55,3.61,3.54,3.6,3.57,0.03,0.8403,1201768.23,430565.437,0.057,1.36,5.8849,0.6515,2.1023,29438779.1241,21076551.4846,2049395.6739,105979604.8468,75875585.3446
601988.SH,20200227,3.6,3.62,3.59,3.62,3.6,0.02,0.5556,680800.08,245597.674,0.0323,0.73,5.9176,0.6551,2.114,29438779.1241,21076551.4846,2049395.6739,106568380.4292,76297116.3743
601988.SH,20200228,3.59,3.62,3.55,3.55,3.62,-0.07,-1.9337,1149836.62,411873.416,0.0546,1.3,5.8032,0.6425,2.0731,29438779.1241,21076551.4846,2049395.6739,104507665.8906,74821757.7703
601988.SH,20200302,3.56,3.62,3.56,3.6,3.55,0.05,1.4085,1010955.57,362974.547,0.048,1.06,5.8849,0.6515,2.1023,29438779.1241,21076551.4846,2049395.6739,105979604.8468,75875585.3446
601988.SH,20200303,3.61,3.63,3.6,3.62,3.6,0.02,0.5556,1114738.9,403229.206,0.0529,1.11,5.9176,0.6551,2.114,29438779.1241,21076551.4846,2049395.6739,106568380.4292,76297116.3743
601988.SH,20200304,3.61,3.64,3.61,3.63,3.62,0.01,0.2762,701546.42,254464.269,0.0333,0.68,5.934,0.657,2.1198,29438779.1241,21076551.4846,2049395.6739,106862768.2205,76507881.8891
601988.SH,20200305,3.64,3.67,3.64,3.66,3.63,0.03,0.8264,1194563.42,436961.499,0.0567,1.28,5.983,0.6624,2.1374,29438779.1241,21076551.4846,2049395.6739,107745931.5942,77140178.4336
601988.SH,20200306,3.65,3.66,3.63,3.63,3.66,-0.03,-0.8197,808703.06,294871.013,0.0384,0.78,5.934,0.657,2.1198,29438779.1241,21076551.4846,2049395.6739,106862768.2205,76507881.8891
601988.SH,20200309,3.61,3.62,3.56,3.57,3.63,-0.06,-1.6529,1035165.39,370610.562,0.0491,1.07,5.8359,0.6461,2.0848,29438779.1241,21076551.4846,2049395.6739,105096441.473,75243288.8
601988.SH,20200310,3.56,3.61,3.56,3.59,3.57,0.02,0.5602,968387.83,347366.126,0.0459,1.0,5.8686,0.6497,2.0965,29438779.1241,21076551.4846,2049395.6739,105685217.0555,75664819.8297
601988.SH,20200311,3.6,3.62,3.58,3.59,3.59,0.0,0.0,906479.27,326330.007,0.043,0.96,5.8686,0.6497,2.0965,29438779.1241,21076551.4846,2049395.6739,105685217.0555,75664819.8297
601988.SH,20200312,3.58,3.59,3.56,3.58,3.59,-0.01,-0.2786,722892.23,258457.725,0.0343,0.74,5.8522,0.6479,2.0906,29438779.1241,21076551.4846,2049395.6739,105390829.2643,75454054.3149
601988.SH,20200313,3.52,3.58,3.51,3.56,3.58,-0.02,-0.5587,1172754.53,414841.895,0.0556,1.32,5.8196,0.6443,2.079,29438779.1241,21076551.4846,2049395.6739,104802053.6818,75032523.2852
601988.SH,20200316,3.57,3.58,3.52,3.54,3.56,-0.02,-0.5618,1095700.81,389582.113,0.052,1.14,5.7869,0.6407,2.0673,29438779.1241,21076551.4846,2049395.6739,104213278.0993,74610992.2555
601988.SH,20200317,3.53,3.57,3.51,3.56,3.54,0.02,0.565,1202059.33,426049.018,0.057,1.24,5.8196,0.6443,2.079,29438779.1241,21076551.4846,2049395.6739,104802053.6818,75032523.2852
601988.SH,20200318,3.55,3.56,3.5,3.5,3.56,-0.06,-1.6854,835100.5,294794.341,0.0396,0.82,5.7215,0.6334,2.0439,29438779.1241,21076551.4846,2049395.6739,103035726.9344,73767930.1961
601988.SH,20200319,3.48,3.51,3.41,3.46,3.5,-0.04,-1.1429,1205186.65,417111.074,0.0572,1.2,5.6561,0.6262,2.0206,29438779.1241,21076551.4846,2049395.6739,101858175.7694,72924868.1367
601988.SH,20200320,3.48,3.53,3.45,3.5,3.46,0.04,1.1561,1021477.0,355948.533,0.0485,0.93,5.7215,0.6334,2.0439,29438779.1241,21076551.4846,2049395.6739,103035726.9344,73767930.1961
601988.SH,20200323,3.48,3.48,3.43,3.44,3.5,-0.06,-1.7143,822941.52,283847.805,0.039,0.77,5.6234,0.6226,2.0089,29438779.1241,21076551.4846,2049395.6739,101269400.1869,72503337.107
601988.SH,20200324,3.47,3.5,3.46,3.48,3.44,0.04,1.1628,937394.16,326506.431,0.0445,0.92,5.6888,0.6298,2.0322,29438779.1241,21076551.4846,2049395.6739,102446951.3519,73346399.1664
601988.SH,20200325,3.51,3.53,3.5,3.51,3.48,0.03,0.8621,857867.22,301256.145,0.0407,0.89,5.7378,0.6352,2.0498,29438779.1241,21076551.4846,2049395.6739,103330114.7256,73978695.7109
601988.SH,20200326,3.5,3.53,3.49,3.51,3.51,0.0,0.0,854189.99,299788.697,0.0405,0.88,5.7378,0.6352,2.0498,29438779.1241,21076551.4846,2049395.6739,103330114.7256,73978695.7109
601988.SH,20200327,3.53,3.54,3.51,3.52,3.51,0.01,0.2849,702523.29,247524.156,0.0333,0.78,5.7542,0.637,2.0556,29438779.1241,21076551.4846,2049395.6739,103624502.5168,74189461.2258
601988.SH,20200330,3.51,3.52,3.5,3.52,3.52,0.0,0.0,814390.44,286059.356,0.0386,0.98,5.5294,0.6273,1.8869,29438779.1241,21076551.4846,2049395.6739,103624502.5168,74189461.2258
601988.SH,20200331,3.53,3.54,3.48,3.48,3.52,-0.04,-1.1364,696184.42,244044.476,0.033,0.84,5.4666,0.6202,1.8654,29438779.1241,21076551.4846,2049395.6739,102446951.3519,73346399.1664
601988.SH,20200401,3.49,3.51,3.48,3.48,3.48,0.0,0.0,661603.46,230970.402,0.0314,0.84,5.4666,0.6202,1.8654,29438779.1241,21076551.4846,2049395.6739,102446951.3519,73346399.1664
601988.SH,20200402,3.47,3.5,3.46,3.5,3.48,0.02,0.5747,749382.67,260638.936,0.0356,1.0,5.498,0.6238,1.8762,29438779.1241,21076551.4846,2049395.6739,103035726.9344,73767930.1961
601988.SH,20200403,3.49,3.5,3.48,3.49,3.5,-0.01,-0.2857,561932.51,196240.554,0.0267,0.78,5.4823,0.622,1.8708,29438779.1241,21076551.4846,2049395.6739,102741339.1431,73557164.6813
601988.SH,20200407,3.52,3.53,3.5,3.51,3.49,0.02,0.5731,821410.37,288363.614,0.039,1.18,5.5137,0.6256,1.8815,29438779.1241,21076551.4846,2049395.6739,103330114.7256,73978695.7109
601988.SH,20200408,3.5,3.5,3.48,3.49,3.51,-0.02,-0.5698,552744.95,192930.08,0.0262,0.79,5.4823,0.622,1.8708,29438779.1241,21076551.4846,2049395.6739,102741339.1431,73557164.6813
601988.SH,20200409,3.5,3.5,3.49,3.49,3.49,0.0,0.0,358580.62,125252.988,0.017,0.54,5.4823,0.622,1.8708,29438779.1241,21076551.4846,2049395.6739,102741339.1431,73557164.6813
601988.SH,20200410,3.49,3.51,3.48,3.5,3.49,0.01,0.2865,654514.23,228922.894,0.0311,1.08,5.498,0.6238,1.8762,29438779.1241,21076551.4846,2049395.6739,103035726.9344,73767930.1961
601988.SH,20200413,3.5,3.53,3.49,3.52,3.5,0.02,0.5714,598154.74,210108.115,0.0284,1.01,5.5294,0.6273,1.8869,29438779.1241,21076551.4846,2049395.6739,103624502.5168,74189461.2258
601988.SH,20200414,3.52,3.54,3.51,3.53,3.52,0.01,0.2841,607840.73,214302.946,0.0288,1.02,5.5452,0.6291,1.8922,29438779.1241,21076551.4846,2049395.6739,103918890.3081,74400226.7406
601988.SH,20200415,3.53,3.54,3.52,3.54,3.53,0.01,0.2833,575698.68,203104.198,0.0273,1.04,5.5609,0.6309,1.8976,29438779.1241,21076551.4846,2049395.6739,104213278.0993,74610992.2555
601988.SH,20200416,3.52,3.56,3.52,3.55,3.54,0.01,0.2825,579435.32,205154.359,0.0275,1.04,5.5766,0.6327,1.903,29438779.1241,21076551.4846,2049395.6739,104507665.8906,74821757.7703
601988.SH,20200417,3.56,3.59,3.54,3.58,3.55,0.03,0.8451,867263.27,309640.897,0.0411,1.44,5.6237,0.638,1.9191,29438779.1241,21076551.4846,2049395.6739,105390829.2643,75454054.3149
601988.SH,20200420,3.57,3.58,3.54,3.55,3.58,-0.03,-0.838,774291.41,275753.546,0.0367,1.2,5.5766,0.6327,1.903,29438779.1241,21076551.4846,2049395.6739,104507665.8906,74821757.7703
601988.SH,20200421,3.54,3.56,3.53,3.56,3.55,0.01,0.2817,589821.65,209258.804,0.028,0.87,5.5923,0.6345,1.9083,29438779.1241,21076551.4846,2049395.6739,104802053.6818,75032523.2852
601988.SH,20200422,3.55,3.58,3.52,3.53,3.56,-0.03,-0.8427,1113622.52,394996.106,0.0528,1.64,5.5452,0.6291,1.8922,29438779.1241,21076551.4846,2049395.6739,103918890.3081,74400226.7406
601988.SH,20200423,3.49,3.49,3.42,3.46,3.53,-0.07,-1.983,1804053.86,624015.263,0.0856,2.3,5.4352,0.6166,1.8547,29438779.1241,21076551.4846,2049395.6739,101858175.7694,72924868.1367
601988.SH,20200424,3.45,3.45,3.43,3.43,3.46,-0.03,-0.8671,810854.43,278912.955,0.0385,0.79,5.3881,0.6113,1.8386,29438779.1241,21076551.4846,2049395.6739,100975012.3957,72292571.5922
601988.SH,20200427,3.43,3.46,3.43,3.44,3.43,0.01,0.2915,860388.52,296373.967,0.0408,0.84,5.4038,0.6131,1.844,29438779.1241,21076551.4846,2049395.6739,101269400.1869,72503337.107
601988.SH,20200428,3.44,3.44,3.41,3.43,3.44,-0.01,-0.2907,650412.82,222862.527,0.0309,0.63,5.3881,0.6113,1.8386,29438779.1241,21076551.4846,2049395.6739,100975012.3957,72292571.5922
601988.SH,20200429,3.44,3.46,3.43,3.46,3.43,0.03,0.8746,515771.84,177781.182,0.0245,0.49,5.4352,0.6166,1.8547,29438779.1241,21076551.4846,2049395.6739,101858175.7694,72924868.1367
601988.SH,20200430,3.46,3.49,3.46,3.48,3.46,0.02,0.578,795634.9,276617.669,0.0377,0.86,5.4666,0.599,1.8654,29438779.1241,21076551.4846,2049395.6739,102446951.3519,73346399.1664
601988.SH,20200506,3.44,3.46,3.43,3.45,3.48,-0.03,-0.8621,947945.63,326087.157,0.045,1.3,5.4195,0.5939,1.8494,29438779.1241,21076551.4846,2049395.6739,101563787.9781,72714102.6219
601988.SH,20200507,3.44,3.45,3.43,3.44,3.45,-0.01,-0.2899,612246.95,210658.626,0.029,0.81,5.4038,0.5922,1.844,29438779.1241,21076551.4846,2049395.6739,101269400.1869,72503337.107
601988.SH,20200508,3.45,3.47,3.44,3.46,3.44,0.02,0.5814,557565.86,192821.048,0.0265,0.79,5.4352,0.5956,1.8547,29438779.1241,21076551.4846,2049395.6739,101858175.7694,72924868.1367
601988.SH,20200511,3.46,3.47,3.45,3.46,3.46,0.0,0.0,425542.98,147453.854,0.0202,0.62,5.4352,0.5956,1.8547,29438779.1241,21076551.4846,2049395.6739,101858175.7694,72924868.1367
601988.SH,20200512,3.46,3.47,3.44,3.44,3.46,-0.02,-0.578,578508.57,199936.065,0.0274,0.87,5.4038,0.5922,1.844,29438779.1241,21076551.4846,2049395.6739,101269400.1869,72503337.107
601988.SH,20200513,3.45,3.47,3.44,3.46,3.44,0.02,0.5814,494382.6,170638.207,0.0235,0.79,5.4352,0.5956,1.8547,29438779.1241,21076551.4846,2049395.6739,101858175.7694,72924868.1367
601988.SH,20200514,3.46,3.46,3.44,3.45,3.46,-0.01,-0.289,351512.7,121161.097,0.0167,0.66,5.4195,0.5939,1.8494,29438779.1241,21076551.4846,2049395.6739,101563787.9781,72714102.6219
601988.SH,20200515,3.46,3.46,3.44,3.45,3.45,0.0,0.0,324325.94,112018.091,0.0154,0.67,5.4195,0.5939,1.8494,29438779.1241,21076551.4846,2049395.6739,101563787.9781,72714102.6219
601988.SH,20200518,3.45,3.47,3.44,3.45,3.45,0.0,0.0,438387.09,151565.434,0.0208,1.01,5.4195,0.5939,1.8494,29438779.1241,21076551.4846,2049395.6739,101563787.9781,72714102.6219
601988.SH,20200519,3.47,3.47,3.45,3.46,3.45,0.01,0.2899,422776.83,146351.937,0.0201,0.97,5.4352,0.5956,1.8547,29438779.1241,21076551.4846,2049395.6739,101858175.7694,72924868.1367
601988.SH,20200520,3.46,3.47,3.45,3.47,3.46,0.01,0.289,408400.82,141241.958,0.0194,1.01,5.4509,0.5973,1.8601,29438779.1241,21076551.4846,2049395.6739,102152563.5606,73135633.6516
601988.SH,20200521,3.47,3.47,3.45,3.45,3.47,-0.02,-0.5764,414721.2,143521.781,0.0197,1.07,5.4195,0.5939,1.8494,29438779.1241,21076551.4846,2049395.6739,101563787.9781,72714102.6219
601988.SH,20200522,3.45,3.46,3.42,3.42,3.45,-0.03,-0.8696,708899.11,243999.2,0.0336,1.76,5.3724,0.5887,1.8333,29438779.1241,21076551.4846,2049395.6739,100680624.6044,72081806.0773
601988.SH,20200525,3.43,3.44,3.42,3.44,3.42,0.02,0.5848,390813.55,134024.686,0.0185,0.82,5.4038,0.5922,1.844,29438779.1241,21076551.4846,2049395.6739,101269400.1869,72503337.107
601988.SH,20200526,3.44,3.45,3.43,3.43,3.44,-0.01,-0.2907,381006.41,130947.178,0.0181,0.81,5.3881,0.5904,1.8386,29438779.1241,21076551.4846,2049395.6739,100975012.3957,72292571.5922
601988.SH,20200527,3.43,3.45,3.43,3.45,3.43,0.02,0.5831,527542.7,181684.471,0.025,1.14,5.4195,0.5939,1.8494,29438779.1241,21076551.4846,2049395.6739,101563787.9781,72714102.6219
601988.SH,20200528,3.45,3.48,3.44,3.47,3.45,0.02,0.5797,662906.71,229805.812,0.0315,1.37,5.4509,0.5973,1.8601,29438779.1241,21076551.4846,2049395.6739,102152563.5606,73135633.6516
601988.SH,20200529,3.46,3.47,3.45,3.45,3.47,-0.02,-0.5764,548737.05,189694.816,0.026,1.03,5.4195,0.5939,1.8494,29438779.1241,21076551.4846,2049395.6739,101563787.9781,72714102.6219
601988.SH,20200601,3.46,3.48,3.45,3.47,3.45,0.02,0.5797,556597.19,193263.657,0.0264,1.11,5.4509,0.5973,1.8601,29438779.1241,21076551.4846,2049395.6739,102152563.5606,73135633.6516
601988.SH,20200602,3.47,3.5,3.46,3.48,3.47,0.01,0.2882,609186.7,212231.166,0.0289,1.14,5.4666,0.599,1.8654,29438779.1241,21076551.4846,2049395.6739,102446951.3519,73346399.1664
601988.SH,20200603,3.5,3.52,3.49,3.5,3.48,0.02,0.5747,678517.2,237976.584,0.0322,1.17,5.498,0.6025,1.8762,29438779.1241,21076551.4846,2049395.6739,103035726.9344,73767930.1961
601988.SH,20200604,3.52,3.52,3.5,3.5,3.5,0.0,0.0,494643.55,173462.573,0.0235,0.81,5.498,0.6025,1.8762,29438779.1241,21076551.4846,2049395.6739,103035726.9344,73767930.1961
601988.SH,20200605,3.5,3.51,3.49,3.5,3.5,0.0,0.0,535643.21,187390.65,0.0254,0.93,5.498,0.6025,1.8762,29438779.1241,21076551.4846,2049395.6739,103035726.9344,73767930.1961
601988.SH,20200608,3.5,3.51,3.49,3.51,3.5,0.01,0.2857,562781.74,197075.484,0.0267,0.98,5.5137,0.6042,1.8815,29438779.1241,21076551.4846,2049395.6739,103330114.7256,73978695.7109
601988.SH,20200609,3.51,3.51,3.49,3.51,3.51,0.0,0.0,417451.51,146286.949,0.0198,0.72,5.5137,0.6042,1.8815,29438779.1241,21076551.4846,2049395.6739,103330114.7256,73978695.7109
601988.SH,20200610,3.51,3.51,3.49,3.5,3.51,-0.01,-0.2849,481802.27,168810.7,0.0229,0.9,5.498,0.6025,1.8762,29438779.1241,21076551.4846,2049395.6739,103035726.9344,73767930.1961
601988.SH,20200611,3.5,3.5,3.48,3.48,3.5,-0.02,-0.5714,568239.96,198109.797,0.027,1.14,5.4666,0.599,1.8654,29438779.1241,21076551.4846,2049395.6739,102446951.3519,73346399.1664
601988.SH,20200612,3.47,3.48,3.45,3.48,3.48,0.0,0.0,610064.26,211543.965,0.0289,1.19,5.4666,0.599,1.8654,29438779.1241,21076551.4846,2049395.6739,102446951.3519,73346399.1664
601988.SH,20200615,3.46,3.47,3.44,3.44,3.48,-0.04,-1.1494,668825.57,230958.547,0.0317,1.27,5.4038,0.5922,1.844,29438779.1241,21076551.4846,2049395.6739,101269400.1869,72503337.107
601988.SH,20200616,3.46,3.47,3.44,3.47,3.44,0.03,0.8721,504790.94,174556.289,0.024,0.92,5.4509,0.5973,1.8601,29438779.1241,21076551.4846,2049395.6739,102152563.5606,73135633.6516
601988.SH,20200617,3.46,3.47,3.45,3.46,3.47,-0.01,-0.2882,352506.94,121989.39,0.0167,0.62,5.4352,0.5956,1.8547,29438779.1241,21076551.4846,2049395.6739,101858175.7694,72924868.1367
601988.SH,20200618,3.45,3.47,3.45,3.46,3.46,0.0,0.0,476710.03,164869.306,0.0226,0.88,5.4352,0.5956,1.8547,29438779.1241,21076551.4846,2049395.6739,101858175.7694,72924868.1367
601988.SH,20200619,3.47,3.48,3.45,3.47,3.46,0.01,0.289,1082884.14,375205.955,0.0514,2.07,5.4509,0.5973,1.8601,29438779.1241,21076551.4846,2049395.6739,102152563.5606,73135633.6516
601988.SH,20200622,3.46,3.48,3.45,3.46,3.47,-0.01,-0.2882,599355.49,207691.684,0.0284,0.97,5.4352,0.5956,1.8547,29438779.1241,21076551.4846,2049395.6739,101858175.7694,72924868.1367
601988.SH,20200623,3.45,3.46,3.44,3.44,3.46,-0.02,-0.578,649583.82,223942.635,0.0308,1.08,5.4038,0.5922,1.844,29438779.1241,21076551.4846,2049395.6739,101269400.1869,72503337.107
601988.SH,20200624,3.45,3.47,3.44,3.46,3.44,0.02,0.5814,608271.31,210145.557,0.0289,0.96,5.4352,0.5956,1.8547,29438779.1241,21076551.4846,2049395.6739,101858175.7694,72924868.1367
601988.SH,20200629,3.46,3.48,3.46,3.47,3.46,0.01,0.289,672794.1,233236.805,0.0319,0.98,5.4509,0.5973,1.8601,29438779.1241,21076551.4846,2049395.6739,102152563.5606,73135633.6516
601988.SH,20200630,3.48,3.49,3.46,3.48,3.47,0.01,0.2882,676550.15,235147.984,0.0321,0.94,5.4666,0.599,1.8654,29438779.1241,21076551.4846,2049395.6739,102446951.3519,73346399.1664
601988.SH,20200701,3.48,3.51,3.47,3.5,3.48,0.02,0.5747,771641.71,269208.315,0.0366,1.2,5.498,0.6025,1.8762,29438779.1241,21076551.4846,2049395.6739,103035726.9344,73767930.1961
601988.SH,20200702,3.51,3.58,3.5,3.58,3.5,0.08,2.2857,1474559.29,521362.074,0.07,2.18,5.6237,0.6163,1.9191,29438779.1241,21076551.4846,2049395.6739,105390829.2643,75454054.3149
601988.SH,20200703,3.58,3.64,3.57,3.63,3.58,0.05,1.3966,1606935.47,581025.916,0.0762,1.91,5.7022,0.6249,1.9459,29438779.1241,21076551.4846,2049395.6739,106862768.2205,76507881.8891
601988.SH,20200706,3.64,3.89,3.64,3.87,3.63,0.24,6.6116,3559849.06,1348192.002,0.1689,3.42,6.0792,0.6662,2.0745,29438779.1241,21076551.4846,2049395.6739,113928075.2103,81566254.2454
601988.SH,20200707,3.9,3.96,3.81,3.82,3.87,-0.05,-1.292,2748167.89,1062190.256,0.1304,1.7,6.0007,0.6576,2.0477,29438779.1241,21076551.4846,2049395.6739,112456136.2541,80512426.6712
601988.SH,20200708,3.82,3.87,3.79,3.82,3.82,0.0,0.0,2519224.27,963344.737,0.1195,1.24,6.0007,0.6576,2.0477,29438779.1241,21076551.4846,2049395.6739,112456136.2541,80512426.6712
601988.SH,20200709,3.81,3.82,3.75,3.77,3.82,-0.05,-1.3089,2001802.01,755771.079,0.095,0.84,5.9222,0.649,2.0209,29438779.1241,21076551.4846,2049395.6739,110984197.2979,79458599.0969
601988.SH,20200710,3.77,3.77,3.65,3.67,3.77,-0.1,-2.6525,2438752.16,901824.981,0.1157,0.98,5.7651,0.6317,1.9673,29438779.1241,21076551.4846,2049395.6739,108040319.3854,77350943.9485
601988.SH,20200713,3.66,3.74,3.65,3.69,3.67,0.02,0.545,2764324.04,1021366.901,0.1312,1.04,5.7965,0.6352,1.978,29438779.1241,21076551.4846,2049395.6739,108629094.9679,77772474.9782
601988.SH,20200714,3.69,3.71,3.66,3.67,3.69,-0.02,-0.542,2152974.09,792143.253,0.1022,0.86,5.7651,0.6317,1.9673,29438779.1241,21076551.4846,2049395.6739,108040319.3854,77350943.9485
601988.SH,20200715,3.5,3.51,3.42,3.43,3.48,-0.05,-1.4368,2116308.19,728534.835,0.1004,0.89,5.3881,0.6105,1.8386,29438779.1241,21076551.4846,2049395.6739,100975012.3957,72292571.5922
601988.SH,20200716,3.43,3.46,3.39,3.4,3.43,-0.03,-0.8746,1744660.21,597954.836,0.0828,0.76,5.3409,0.6052,1.8226,29438779.1241,21076551.4846,2049395.6739,100091849.0219,71660275.0476
601988.SH,20200717,3.41,3.42,3.39,3.41,3.4,0.01,0.2941,1200051.63,408117.388,0.0569,0.53,5.3566,0.6069,1.8279,29438779.1241,21076551.4846,2049395.6739,100386236.8132,71871040.5625
601988.SH,20200720,3.42,3.47,3.4,3.46,3.41,0.05,1.4663,1293338.86,444795.237,0.0614,0.65,5.4352,0.6158,1.8547,29438779.1241,21076551.4846,2049395.6739,101858175.7694,72924868.1367
601988.SH,20200721,3.46,3.47,3.43,3.43,3.46,-0.03,-0.8671,773799.08,266174.559,0.0367,0.45,5.3881,0.6105,1.8386,29438779.1241,21076551.4846,2049395.6739,100975012.3957,72292571.5922
601988.SH,20200722,3.43,3.47,3.43,3.43,3.43,0.0,0.0,1213082.65,418148.021,0.0576,0.85,5.3881,0.6105,1.8386,29438779.1241,21076551.4846,2049395.6739,100975012.3957,72292571.5922
601988.SH,20200723,3.43,3.43,3.39,3.41,3.43,-0.02,-0.5831,1200131.04,408803.175,0.0569,0.96,5.3566,0.6069,1.8279,29438779.1241,21076551.4846,2049395.6739,100386236.8132,71871040.5625
601988.SH,20200724,3.4,3.41,3.34,3.35,3.41,-0.06,-1.7595,1532505.95,516649.033,0.0727,1.35,5.2624,0.5963,1.7958,29438779.1241,21076551.4846,2049395.6739,98619910.0657,70606447.4734
601988.SH,20200727,3.36,3.37,3.33,3.33,3.35,-0.02,-0.597,1006207.12,336790.054,0.0477,0.84,5.231,0.5927,1.785,29438779.1241,21076551.4846,2049395.6739,98031134.4833,70184916.4437
601988.SH,20200728,3.35,3.36,3.33,3.33,3.33,0.0,0.0,836588.42,279663.419,0.0397,0.73,5.231,0.5927,1.785,29438779.1241,21076551.4846,2049395.6739,98031134.4833,70184916.4437
601988.SH,20200729,3.33,3.37,3.32,3.37,3.33,0.04,1.2012,1099517.75,368477.805,0.0522,0.95,5.2938,0.5998,1.8065,29438779.1241,21076551.4846,2049395.6739,99208685.6482,71027978.5031
601988.SH,20200730,3.36,3.37,3.34,3.34,3.37,-0.03,-0.8902,768503.0,257650.184,0.0365,0.68,5.2467,0.5945,1.7904,29438779.1241,21076551.4846,2049395.6739,98325522.2745,70395681.9586
601988.SH,20200731,3.34,3.37,3.32,3.33,3.34,-0.01,-0.2994,1427033.75,476633.708,0.0677,1.36,5.231,0.5927,1.785,29438779.1241,21076551.4846,2049395.6739,98031134.4833,70184916.4437
601988.SH,20200803,3.34,3.36,3.33,3.34,3.33,0.01,0.3003,1465130.07,489198.331,0.0695,1.43,5.2467,0.5945,1.7904,29438779.1241,21076551.4846,2049395.6739,98325522.2745,70395681.9586
601988.SH,20200804,3.35,3.39,3.33,3.38,3.34,0.04,1.1976,1861095.99,626250.178,0.0883,1.66,5.3095,0.6016,1.8118,29438779.1241,21076551.4846,2049395.6739,99503073.4395,71238744.0179
601988.SH,20200805,3.38,3.38,3.34,3.35,3.38,-0.03,-0.8876,898573.85,301366.774,0.0426,0.68,5.2624,0.5963,1.7958,29438779.1241,21076551.4846,2049395.6739,98619910.0657,70606447.4734
601988.SH,20200806,3.36,3.37,3.33,3.36,3.35,0.01,0.2985,1034738.16,346518.559,0.0491,0.81,5.2781,0.598,1.8011,29438779.1241,21076551.4846,2049395.6739,98914297.857,70817212.9883
601988.SH,20200807,3.36,3.36,3.33,3.34,3.36,-0.02,-0.5952,1009984.78,337628.612,0.0479,0.76,5.2467,0.5945,1.7904,29438779.1241,21076551.4846,2049395.6739,98325522.2745,70395681.9586
601988.SH,20200810,3.35,3.37,3.33,3.35,3.34,0.01,0.2994,1192024.65,399449.484,0.0566,0.95,5.2624,0.5963,1.7958,29438779.1241,21076551.4846,2049395.6739,98619910.0657,70606447.4734
601988.SH,20200811,3.36,3.37,3.34,3.35,3.35,0.0,0.0,1954798.58,655842.254,0.0927,1.63,5.2624,0.5963,1.7958,29438779.1241,21076551.4846,2049395.6739,98619910.0657,70606447.4734
601988.SH,20200812,3.35,3.35,3.32,3.34,3.35,-0.01,-0.2985,1591243.83,530477.938,0.0755,1.31,5.2467,0.5945,1.7904,29438779.1241,21076551.4846,2049395.6739,98325522.2745,70395681.9586
601988.SH,20200813,3.34,3.34,3.33,3.33,3.34,-0.01,-0.2994,848300.65,282733.46,0.0402,0.63,5.231,0.5927,1.785,29438779.1241,21076551.4846,2049395.6739,98031134.4833,70184916.4437
601988.SH,20200814,3.34,3.36,3.33,3.35,3.33,0.02,0.6006,892996.78,298427.204,0.0424,0.68,5.2624,0.5963,1.7958,29438779.1241,21076551.4846,2049395.6739,98619910.0657,70606447.4734
601988.SH,20200817,3.35,3.41,3.34,3.4,3.35,0.05,1.4925,2898816.29,980343.848,0.1375,2.24,5.3409,0.6052,1.8226,29438779.1241,21076551.4846,2049395.6739,100091849.0219,71660275.0476
601988.SH,20200818,3.39,3.4,3.35,3.36,3.4,-0.04,-1.1765,1547347.04,521323.674,0.0734,0.95,5.2781,0.598,1.8011,29438779.1241,21076551.4846,2049395.6739,98914297.857,70817212.9883
601988.SH,20200819,3.37,3.37,3.34,3.34,3.36,-0.02,-0.5952,1073043.32,359872.182,0.0509,0.69,5.2467,0.5945,1.7904,29438779.1241,21076551.4846,2049395.6739,98325522.2745,70395681.9586
601988.SH,20200820,3.34,3.35,3.32,3.33,3.34,-0.01,-0.2994,1609978.97,536221.022,0.0764,1.11,5.231,0.5927,1.785,29438779.1241,21076551.4846,2049395.6739,98031134.4833,70184916.4437
601988.SH,20200821,3.34,3.34,3.32,3.33,3.33,0.0,0.0,895426.0,298409.038,0.0425,0.56,5.231,0.5927,1.785,29438779.1241,21076551.4846,2049395.6739,98031134.4833,70184916.4437
601988.SH,20200824,3.34,3.34,3.32,3.32,3.33,-0.01,-0.3003,1471333.22,489435.743,0.0698,0.92,5.2153,0.5909,1.7797,29438779.1241,21076551.4846,2049395.6739,97736746.692,69974150.9289
601988.SH,20200825,3.33,3.33,3.31,3.32,3.32,0.0,0.0,1195397.91,396642.242,0.0567,0.91,5.2153,0.5909,1.7797,29438779.1241,21076551.4846,2049395.6739,97736746.692,69974150.9289
601988.SH,20200826,3.31,3.32,3.29,3.29,3.32,-0.03,-0.9036,1367679.07,451301.656,0.0649,1.09,5.1681,0.5856,1.7636,29438779.1241,21076551.4846,2049395.6739,96853583.3183,69341854.3843
601988.SH,20200827,3.29,3.3,3.26,3.28,3.29,-0.01,-0.304,1208980.08,395854.884,0.0574,0.92,5.1524,0.5838,1.7582,29438779.1241,21076551.4846,2049395.6739,96559195.527,69131088.8695
601988.SH,20200828,3.27,3.3,3.26,3.3,3.28,0.02,0.6098,1662965.47,545248.488,0.0789,1.35,5.1839,0.5874,1.769,29438779.1241,21076551.4846,2049395.6739,97147971.1095,69552619.8992
601988.SH,20200831,3.3,3.3,3.26,3.28,3.3,-0.02,-0.6061,2237494.48,734805.066,0.1062,1.62,5.1524,0.5838,1.7582,29438779.1241,21076551.4846,2049395.6739,96559195.527,69131088.8695
601988.SH,20200901,3.26,3.27,3.24,3.25,3.28,-0.03,-0.9146,1869807.66,608502.043,0.0887,1.22,5.1053,0.5824,1.7422,29438779.1241,21076551.4846,2049395.6739,95676032.1533,68498792.325
601988.SH,20200902,3.25,3.26,3.21,3.22,3.25,-0.03,-0.9231,1664738.35,537366.007,0.079,1.0,5.0582,0.577,1.7261,29438779.1241,21076551.4846,2049395.6739,94792868.7796,67866495.7804
601988.SH,20200903,3.22,3.23,3.21,3.22,3.22,0.0,0.0,1209571.81,389088.101,0.0574,0.7,5.0582,0.577,1.7261,29438779.1241,21076551.4846,2049395.6739,94792868.7796,67866495.7804
601988.SH,20200904,3.2,3.21,3.18,3.2,3.22,-0.02,-0.6211,1380060.84,440747.521,0.0655,0.8,5.0268,0.5735,1.7154,29438779.1241,21076551.4846,2049395.6739,94204093.1971,67444964.7507
601988.SH,20200907,3.2,3.21,3.18,3.19,3.2,-0.01,-0.3125,1379812.21,440745.692,0.0655,0.83,5.0111,0.5717,1.71,29438779.1241,21076551.4846,2049395.6739,93909705.4059,67234199.2359
601988.SH,20200908,3.19,3.22,3.18,3.21,3.19,0.02,0.627,1095573.83,351072.353,0.052,0.73,5.0425,0.5752,1.7207,29438779.1241,21076551.4846,2049395.6739,94498480.9884,67655730.2656
601988.SH,20200909,3.2,3.22,3.2,3.21,3.21,0.0,0.0,1035868.55,332548.522,0.0491,0.77,5.0425,0.5752,1.7207,29438779.1241,21076551.4846,2049395.6739,94498480.9884,67655730.2656
601988.SH,20200910,3.22,3.22,3.19,3.2,3.21,-0.01,-0.3115,1126167.1,360213.036,0.0534,0.92,5.0268,0.5735,1.7154,29438779.1241,21076551.4846,2049395.6739,94204093.1971,67444964.7507
601988.SH,20200911,3.19,3.21,3.19,3.2,3.2,0.0,0.0,932805.21,298539.025,0.0443,0.78,5.0268,0.5735,1.7154,29438779.1241,21076551.4846,2049395.6739,94204093.1971,67444964.7507
601988.SH,20200914,3.2,3.21,3.19,3.21,3.2,0.01,0.3125,541720.56,173406.387,0.0257,0.49,5.0425,0.5752,1.7207,29438779.1241,21076551.4846,2049395.6739,94498480.9884,67655730.2656
601988.SH,20200915,3.2,3.22,3.2,3.21,3.21,0.0,0.0,769826.03,247088.673,0.0365,0.81,5.0425,0.5752,1.7207,29438779.1241,21076551.4846,2049395.6739,94498480.9884,67655730.2656
601988.SH,20200916,3.2,3.22,3.2,3.21,3.21,0.0,0.0,638137.75,204916.422,0.0303,0.72,5.0425,0.5752,1.7207,29438779.1241,21076551.4846,2049395.6739,94498480.9884,67655730.2656
601988.SH,20200917,3.21,3.22,3.2,3.21,3.21,0.0,0.0,630050.25,202104.507,0.0299,0.79,5.0425,0.5752,1.7207,29438779.1241,21076551.4846,2049395.6739,94498480.9884,67655730.2656
601988.SH,20200918,3.21,3.24,3.2,3.24,3.21,0.03,0.9346,1640568.24,528428.031,0.0778,2.3353,5.0896,0.5806,1.7368,29438779.1241,21076551.4846,2049395.6739,95381644.3621,68288026.8101
601988.SH,20200921,3.23,3.24,3.22,3.22,3.24,-0.02,-0.6173,885510.66,285806.088,0.042,1.05,5.0582,0.577,1.7261,29438779.1241,21076551.4846,2049395.6739,94792868.7796,67866495.7804
601988.SH,20200922,3.22,3.23,3.2,3.2,3.22,-0.02,-0.6211,1106760.84,355498.431,0.0525,1.21,5.0268,0.5735,1.7154,29438779.1241,21076551.4846,2049395.6739,94204093.1971,67444964.7507
601988.SH,20200923,3.21,3.22,3.2,3.21,3.2,0.01,0.3125,741478.45,237819.511,0.0352,0.76,5.0425,0.5752,1.7207,29438779.1241,21076551.4846,2049395.6739,94498480.9884,67655730.2656
601988.SH,20200924,3.21,3.21,3.18,3.2,3.21,-0.01,-0.3115,907282.99,289673.972,0.043,0.91,5.0268,0.5735,1.7154,29438779.1241,21076551.4846,2049395.6739,94204093.1971,67444964.7507
601988.SH,20200925,3.2,3.2,3.19,3.19,3.2,-0.01,-0.3125,591453.25,188929.52,0.0281,0.56,5.0111,0.5717,1.71,29438779.1241,21076551.4846,2049395.6739,93909705.4059,67234199.2359
601988.SH,20200928,3.2,3.26,3.19,3.24,3.19,0.05,1.5674,1669771.17,537441.058,0.0792,1.97,5.0896,0.5806,1.7368,29438779.1241,21076551.4846,2049395.6739,95381644.3621,68288026.8101
601988.SH,20200929,3.24,3.25,3.2,3.2,3.24,-0.04,-1.2346,950137.73,306542.626,0.0451,0.95,5.0268,0.5735,1.7154,29438779.1241,21076551.4846,2049395.6739,94204093.1971,67444964.7507
601988.SH,20200930,3.21,3.21,3.19,3.2,3.2,0.0,0.0,977042.38,312752.563,0.0464,1.01,5.0268,0.5735,1.7154,29438779.1241,21076551.4846,2049395.6739,94204093.1971,67444964.7507
601988.SH,20201009,3.21,3.22,3.2,3.21,3.2,0.01,0.3125,876329.41,281347.381,0.0416,0.86,5.0425,0.5752,1.7207,29438779.1241,21076551.4846,2049395.6739,94498480.9884,67655730.2656
601988.SH,20201012,3.21,3.25,3.21,3.23,3.21,0.02,0.6231,1393671.44,449919.514,0.0661,1.38,5.0739,0.5788,1.7314,29438779.1241,21076551.4846,2049395.6739,95087256.5708,68077261.2953
601988.SH,20201013,3.23,3.24,3.2,3.21,3.23,-0.02,-0.6192,1772980.09,568493.198,0.0841,1.51,5.0425,0.5752,1.7207,29438779.1241,21076551.4846,2049395.6739,94498480.9884,67655730.2656
601988.SH,20201014,3.21,3.21,3.19,3.2,3.21,-0.01,-0.3115,904424.93,288982.099,0.0429,0.76,5.0268,0.5735,1.7154,29438779.1241,21076551.4846,2049395.6739,94204093.1971,67444964.7507
601988.SH,20201015,3.2,3.22,3.19,3.21,3.2,0.01,0.3125,935391.49,299927.79,0.0444,0.79,5.0425,0.5752,1.7207,29438779.1241,21076551.4846,2049395.6739,94498480.9884,67655730.2656
601988.SH,20201016,3.21,3.24,3.2,3.23,3.21,0.02,0.6231,1649664.53,532225.255,0.0783,1.4,5.0739,0.5788,1.7314,29438779.1241,21076551.4846,2049395.6739,95087256.5708,68077261.2953
601988.SH,20201019,3.24,3.28,3.22,3.24,3.23,0.01,0.3096,2462122.41,800966.938,0.1168,1.85,5.0896,0.5806,1.7368,29438779.1241,21076551.4846,2049395.6739,95381644.3621,68288026.8101
601988.SH,20201020,3.24,3.24,3.2,3.21,3.24,-0.03,-0.9259,1221638.13,392897.039,0.058,0.79,5.0425,0.5752,1.7207,29438779.1241,21076551.4846,2049395.6739,94498480.9884,67655730.2656
601988.SH,20201021,3.21,3.24,3.2,3.24,3.21,0.03,0.9346,1189118.0,382900.658,0.0564,0.83,5.0896,0.5806,1.7368,29438779.1241,21076551.4846,2049395.6739,95381644.3621,68288026.8101
601988.SH,20201022,3.23,3.24,3.22,3.23,3.24,-0.01,-0.3086,863573.9,278590.47,0.041,0.58,5.0739,0.5788,1.7314,29438779.1241,21076551.4846,2049395.6739,95087256.5708,68077261.2953
601988.SH,20201023,3.23,3.25,3.21,3.24,3.23,0.01,0.3096,1199214.94,388115.184,0.0569,0.81,5.0896,0.5806,1.7368,29438779.1241,21076551.4846,2049395.6739,95381644.3621,68288026.8101
601988.SH,20201026,3.24,3.24,3.22,3.24,3.24,0.0,0.0,1110921.35,358561.51,0.0527,0.8,5.0896,0.5806,1.7368,29438779.1241,21076551.4846,2049395.6739,95381644.3621,68288026.8101
601988.SH,20201027,3.23,3.24,3.22,3.23,3.24,-0.01,-0.3086,1023829.86,330335.924,0.0486,0.92,5.0739,0.5788,1.7314,29438779.1241,21076551.4846,2049395.6739,95087256.5708,68077261.2953
601988.SH,20201028,3.22,3.23,3.2,3.21,3.23,-0.02,-0.6192,938677.63,301101.45,0.0445,0.87,5.0425,0.5752,1.7207,29438779.1241,21076551.4846,2049395.6739,94498480.9884,67655730.2656
601988.SH,20201029,3.2,3.2,3.19,3.19,3.21,-0.02,-0.6231,1063629.78,339760.275,0.0505,1.04,5.0111,0.5717,1.71,29438779.1241,21076551.4846,2049395.6739,93909705.4059,67234199.2359
601988.SH,20201030,3.2,3.21,3.18,3.18,3.19,-0.01,-0.3135,975250.22,311067.349,0.0463,0.91,4.9953,0.5699,1.7046,29438779.1241,21076551.4846,2049395.6739,93615317.6146,67023433.721
601988.SH,20201102,3.18,3.2,3.18,3.19,3.18,0.01,0.3145,800719.98,255113.296,0.038,0.78,5.0111,0.5461,1.71,29438779.1241,21076551.4846,2049395.6739,93909705.4059,67234199.2359
601988.SH,20201103,3.19,3.21,3.19,3.2,3.19,0.01,0.3135,768211.76,245684.116,0.0364,0.8,5.0268,0.5478,1.7154,29438779.1241,21076551.4846,2049395.6739,94204093.1971,67444964.7507
601988.SH,20201104,3.21,3.21,3.19,3.2,3.2,0.0,0.0,774830.51,248067.71,0.0368,0.85,5.0268,0.5478,1.7154,29438779.1241,21076551.4846,2049395.6739,94204093.1971,67444964.7507
601988.SH,20201105,3.21,3.22,3.2,3.2,3.2,0.0,0.0,833291.71,267228.906,0.0395,0.95,5.0268,0.5478,1.7154,29438779.1241,21076551.4846,2049395.6739,94204093.1971,67444964.7507
601988.SH,20201106,3.21,3.22,3.2,3.21,3.2,0.01,0.3125,877201.0,281422.538,0.0416,1.06,5.0425,0.5495,1.7207,29438779.1241,21076551.4846,2049395.6739,94498480.9884,67655730.2656
601988.SH,20201109,3.22,3.23,3.21,3.22,3.21,0.01,0.3115,1125211.71,362329.84,0.0534,1.39,5.0582,0.5512,1.7261,29438779.1241,21076551.4846,2049395.6739,94792868.7796,67866495.7804
601988.SH,20201110,3.22,3.24,3.22,3.22,3.22,0.0,0.0,1199145.73,387502.329,0.0569,1.37,5.0582,0.5512,1.7261,29438779.1241,21076551.4846,2049395.6739,94792868.7796,67866495.7804
601988.SH,20201111,3.22,3.25,3.22,3.24,3.22,0.02,0.6211,1347031.68,436012.395,0.0639,1.4,5.0896,0.5546,1.7368,29438779.1241,21076551.4846,2049395.6739,95381644.3621,68288026.8101
601988.SH,20201112,3.24,3.24,3.22,3.23,3.24,-0.01,-0.3086,970487.59,313542.064,0.046,0.9,5.0739,0.5529,1.7314,29438779.1241,21076551.4846,2049395.6739,95087256.5708,68077261.2953
601988.SH,20201113,3.22,3.23,3.21,3.22,3.23,-0.01,-0.3096,785476.47,252558.583,0.0373,0.71,5.0582,0.5512,1.7261,29438779.1241,21076551.4846,2049395.6739,94792868.7796,67866495.7804
601988.SH,20201116,3.22,3.23,3.21,3.23,3.22,0.01,0.3106,709309.04,228679.112,0.0337,0.65,5.0739,0.5529,1.7314,29438779.1241,21076551.4846,2049395.6739,95087256.5708,68077261.2953
601988.SH,20201117,3.22,3.24,3.22,3.23,3.23,0.0,0.0,771426.25,249098.26,0.0366,0.77,5.0739,0.5529,1.7314,29438779.1241,21076551.4846,2049395.6739,95087256.5708,68077261.2953
601988.SH,20201118,3.23,3.26,3.22,3.24,3.23,0.01,0.3096,1351101.29,438407.035,0.0641,1.47,5.0896,0.5546,1.7368,29438779.1241,21076551.4846,2049395.6739,95381644.3621,68288026.8101
601988.SH,20201119,3.24,3.25,3.23,3.24,3.24,0.0,0.0,751054.95,243232.052,0.0356,0.82,5.0896,0.5546,1.7368,29438779.1241,21076551.4846,2049395.6739,95381644.3621,68288026.8101
601988.SH,20201120,3.24,3.24,3.22,3.23,3.24,-0.01,-0.3086,800954.86,258916.184,0.038,0.92,5.0739,0.5529,1.7314,29438779.1241,21076551.4846,2049395.6739,95087256.5708,68077261.2953
601988.SH,20201123,3.24,3.26,3.23,3.25,3.23,0.02,0.6192,1439273.72,467296.011,0.0683,1.64,5.1053,0.5563,1.7422,29438779.1241,21076551.4846,2049395.6739,95676032.1533,68498792.325
601988.SH,20201124,3.25,3.28,3.25,3.26,3.25,0.01,0.3077,1444818.33,471837.831,0.0686,1.41,5.121,0.558,1.7475,29438779.1241,21076551.4846,2049395.6739,95970419.9446,68709557.8398
601988.SH,20201125,3.27,3.28,3.24,3.24,3.26,-0.02,-0.6135,1013064.4,330327.708,0.0481,0.88,5.0896,0.5546,1.7368,29438779.1241,21076551.4846,2049395.6739,95381644.3621,68288026.8101
601988.SH,20201126,3.24,3.26,3.23,3.25,3.24,0.01,0.3086,702894.61,228516.549,0.0333,0.64,5.1053,0.5563,1.7422,29438779.1241,21076551.4846,2049395.6739,95676032.1533,68498792.325
601988.SH,20201127,3.26,3.33,3.25,3.33,3.25,0.08,2.4615,2975783.83,980762.533,0.1412,2.75,5.231,0.57,1.785,29438779.1241,21076551.4846,2049395.6739,98031134.4833,70184916.4437
601988.SH,20201130,3.35,3.42,3.3,3.3,3.33,-0.03,-0.9009,4558613.16,1534469.081,0.2163,3.01,5.1839,0.5649,1.769,29438779.1241,21076551.4846,2049395.6739,97147971.1095,69552619.8992
601988.SH,20201201,3.29,3.38,3.27,3.36,3.3,0.06,1.8182,2446454.16,814815.221,0.1161,1.14,5.2781,0.5752,1.8011,29438779.1241,21076551.4846,2049395.6739,98914297.857,70817212.9883
601988.SH,20201202,3.36,3.37,3.33,3.33,3.36,-0.03,-0.8929,1443487.02,482603.72,0.0685,0.62,5.231,0.57,1.785,29438779.1241,21076551.4846,2049395.6739,98031134.4833,70184916.4437
601988.SH,20201203,3.34,3.34,3.3,3.31,3.33,-0.02,-0.6006,1682989.23,557582.057,0.0799,0.69,5.1996,0.5666,1.7743,29438779.1241,21076551.4846,2049395.6739,97442358.9008,69763385.414
601988.SH,20201204,3.31,3.32,3.27,3.28,3.31,-0.03,-0.9063,1341176.85,440373.786,0.0636,0.51,5.1524,0.5615,1.7582,29438779.1241,21076551.4846,2049395.6739,96559195.527,69131088.8695
601988.SH,20201207,3.28,3.28,3.25,3.25,3.28,-0.03,-0.9146,1489540.35,485531.273,0.0707,0.65,5.1053,0.5563,1.7422,29438779.1241,21076551.4846,2049395.6739,95676032.1533,68498792.325
601988.SH,20201208,3.25,3.27,3.23,3.24,3.25,-0.01,-0.3077,865219.5,281122.403,0.0411,0.51,5.0896,0.5546,1.7368,29438779.1241,21076551.4846,2049395.6739,95381644.3621,68288026.8101
601988.SH,20201209,3.24,3.25,3.23,3.23,3.24,-0.01,-0.3086,1172718.62,379734.42,0.0556,0.86,5.0739,0.5529,1.7314,29438779.1241,21076551.4846,2049395.6739,95087256.5708,68077261.2953
601988.SH,20201210,3.23,3.23,3.21,3.22,3.23,-0.01,-0.3096,1233300.1,397269.949,0.0585,0.94,5.0582,0.5512,1.7261,29438779.1241,21076551.4846,2049395.6739,94792868.7796,67866495.7804
601988.SH,20201211,3.22,3.22,3.2,3.21,3.22,-0.01,-0.3106,2242751.51,719080.113,0.1064,1.84,5.0425,0.5495,1.7207,29438779.1241,21076551.4846,2049395.6739,94498480.9884,67655730.2656
601988.SH,20201214,3.21,3.23,3.19,3.2,3.21,-0.01,-0.3115,1686209.17,540389.734,0.08,1.2,5.0268,0.5478,1.7154,29438779.1241,21076551.4846,2049395.6739,94204093.1971,67444964.7507
601988.SH,20201215,3.2,3.21,3.17,3.18,3.2,-0.02,-0.625,2173822.57,692039.1,0.1031,1.51,4.9953,0.5443,1.7046,29438779.1241,21076551.4846,2049395.6739,93615317.6146,67023433.721
601988.SH,20201216,3.18,3.19,3.17,3.18,3.18,0.0,0.0,1051477.88,334371.426,0.0499,0.62,4.9953,0.5443,1.7046,29438779.1241,21076551.4846,2049395.6739,93615317.6146,67023433.721
601988.SH,20201217,3.18,3.2,3.16,3.19,3.18,0.01,0.3145,1169992.19,372116.128,0.0555,0.7,5.0111,0.5461,1.71,29438779.1241,21076551.4846,2049395.6739,93909705.4059,67234199.2359
601988.SH,20201218,3.19,3.19,3.18,3.18,3.19,-0.01,-0.3135,777231.16,247401.408,0.0369,0.47,4.9953,0.5443,1.7046,29438779.1241,21076551.4846,2049395.6739,93615317.6146,67023433.721
601988.SH,20201221,3.18,3.19,3.17,3.19,3.18,0.01,0.3145,678593.33,215888.047,0.0322,0.49,5.0111,0.5461,1.71,29438779.1241,21076551.4846,2049395.6739,93909705.4059,67234199.2359
601988.SH,20201222,3.18,3.19,3.16,3.16,3.19,-0.03,-0.9404,1043095.22,330900.19,0.0495,0.89,4.9639,0.5409,1.6939,29438779.1241,21076551.4846,2049395.6739,93026542.0322,66601902.6913
601988.SH,20201223,3.17,3.17,3.16,3.16,3.16,0.0,0.0,680091.61,215142.558,0.0323,0.72,4.9639,0.5409,1.6939,29438779.1241,21076551.4846,2049395.6739,93026542.0322,66601902.6913
601988.SH,20201224,3.16,3.18,3.16,3.17,3.16,0.01,0.3165,674957.63,213769.488,0.032,0.78,4.9796,0.5426,1.6993,29438779.1241,21076551.4846,2049395.6739,93320929.8234,66812668.2062
601988.SH,20201225,3.17,3.18,3.16,3.18,3.17,0.01,0.3155,651709.0,206582.442,0.0309,0.85,4.9953,0.5443,1.7046,29438779.1241,21076551.4846,2049395.6739,93615317.6146,67023433.721
601988.SH,20201228,3.17,3.18,3.16,3.17,3.18,-0.01,-0.3145,748279.41,236990.163,0.0355,1.0,4.9796,0.5426,1.6993,29438779.1241,21076551.4846,2049395.6739,93320929.8234,66812668.2062
601988.SH,20201229,3.17,3.17,3.16,3.17,3.17,0.0,0.0,819496.32,259231.933,0.0389,1.08,4.9796,0.5426,1.6993,29438779.1241,21076551.4846,2049395.6739,93320929.8234,66812668.2062
601988.SH,20201230,3.17,3.17,3.16,3.17,3.17,0.0,0.0,796054.1,251914.19,0.0378,1.11,4.9796,0.5426,1.6993,29438779.1241,21076551.4846,2049395.6739,93320929.8234,66812668.2062
601988.SH,20201231,3.16,3.19,3.16,3.18,3.17,0.01,0.3155,1109060.68,352630.267,0.0526,1.5,4.9953,0.5443,1.7046,29438779.1241,21076551.4846,2049395.6739,93615317.6146,67023433.721
601988.SH,20210104,3.18,3.18,3.16,3.17,3.18,-0.01,-0.3145,1212503.17,384259.279,0.0575,1.47,4.9796,0.5426,1.6993,29438779.1241,21076551.4846,2049395.6739,93320929.8234,66812668.2062
601988.SH,20210105,3.16,3.18,3.15,3.17,3.17,0.0,0.0,1304294.77,413013.708,0.0619,1.39,4.9796,0.5426,1.6993,29438779.1241,21076551.4846,2049395.6739,93320929.8234,66812668.2062
601988.SH,20210106,3.17,3.18,3.16,3.18,3.17,0.01,0.3155,849769.26,269761.216,0.0403,0.81,4.9953,0.5443,1.7046,29438779.1241,21076551.4846,2049395.6739,93615317.6146,67023433.721
601988.SH,20210107,3.18,3.19,3.17,3.19,3.18,0.01,0.3145,1135728.06,360984.17,0.0539,1.08,5.0111,0.5461,1.71,29438779.1241,21076551.4846,2049395.6739,93909705.4059,67234199.2359
601988.SH,20210108,3.19,3.19,3.17,3.19,3.19,0.0,0.0,1132792.86,360937.78,0.0537,1.01,5.0111,0.5461,1.71,29438779.1241,21076551.4846,2049395.6739,93909705.4059,67234199.2359
601988.SH,20210111,3.18,3.2,3.17,3.17,3.19,-0.02,-0.627,1153620.23,367452.684,0.0547,1.02,4.9796,0.5426,1.6993,29438779.1241,21076551.4846,2049395.6739,93320929.8234,66812668.2062
601988.SH,20210112,3.17,3.18,3.16,3.18,3.17,0.01,0.3155,980667.74,311086.167,0.0465,0.88,4.9953,0.5443,1.7046,29438779.1241,21076551.4846,2049395.6739,93615317.6146,67023433.721
601988.SH,20210113,3.18,3.21,3.17,3.2,3.18,0.02,0.6289,1745961.59,557079.502,0.0828,1.66,5.0268,0.5478,1.7154,29438779.1241,21076551.4846,2049395.6739,94204093.1971,67444964.7507
601988.SH,20210114,3.2,3.24,3.19,3.21,3.2,0.01,0.3125,1807851.01,580657.155,0.0858,1.47,5.0425,0.5495,1.7207,29438779.1241,21076551.4846,2049395.6739,94498480.9884,67655730.2656
601988.SH,20210115,3.21,3.26,3.2,3.23,3.21,0.02,0.6231,2752614.9,891694.1,0.1306,2.02,5.0739,0.5529,1.7314,29438779.1241,21076551.4846,2049395.6739,95087256.5708,68077261.2953
601988.SH,20210118,3.22,3.23,3.19,3.2,3.23,-0.03,-0.9288,1674359.0,536433.188,0.0794,0.99,5.0268,0.5478,1.7154,29438779.1241,21076551.4846,2049395.6739,94204093.1971,67444964.7507
601988.SH,20210119,3.21,3.23,3.19,3.22,3.2,0.02,0.625,1415137.25,454056.854,0.0671,0.79,5.0582,0.5512,1.7261,29438779.1241,21076551.4846,2049395.6739,94792868.7796,67866495.7804
601988.SH,20210120,3.21,3.23,3.19,3.2,3.22,-0.02,-0.6211,1108636.65,355260.112,0.0526,0.59,5.0268,0.5478,1.7154,29438779.1241,21076551.4846,2049395.6739,94204093.1971,67444964.7507
601988.SH,20210121,3.2,3.21,3.19,3.19,3.2,-0.01,-0.3125,729923.53,233232.869,0.0346,0.42,5.0111,0.5461,1.71,29438779.1241,21076551.4846,2049395.6739,93909705.4059,67234199.2359
601988.SH,20210122,3.19,3.2,3.17,3.17,3.19,-0.02,-0.627,1086059.77,345027.51,0.0515,0.71,4.9796,0.5426,1.6993,29438779.1241,21076551.4846,2049395.6739,93320929.8234,66812668.2062
601988.SH,20210125,3.17,3.18,3.16,3.17,3.17,0.0,0.0,974125.77,308536.956,0.0462,0.81,4.9796,0.5426,1.6993,29438779.1241,21076551.4846,2049395.6739,93320929.8234,66812668.2062
601988.SH,20210126,3.17,3.18,3.16,3.17,3.17,0.0,0.0,765912.29,242831.992,0.0363,0.72,4.9796,0.5426,1.6993,29438779.1241,21076551.4846,2049395.6739,93320929.8234,66812668.2062
601988.SH,20210127,3.17,3.2,3.16,3.17,3.17,0.0,0.0,1019234.4,324555.194,0.0484,1.09,4.9796,0.5426,1.6993,29438779.1241,21076551.4846,2049395.6739,93320929.8234,66812668.2062
601988.SH,20210128,3.17,3.18,3.16,3.17,3.17,0.0,0.0,735044.03,232613.518,0.0349,0.8,4.9796,0.5426,1.6993,29438779.1241,21076551.4846,2049395.6739,93320929.8234,66812668.2062
601988.SH,20210129,3.16,3.19,3.16,3.17,3.17,0.0,0.0,1120048.47,355524.176,0.0531,1.22,4.9796,0.5426,1.6993,29438779.1241,21076551.4846,2049395.6739,93320929.8234,66812668.2062
601988.SH,20210201,3.17,3.19,3.16,3.18,3.17,0.01,0.3155,1053254.33,334865.476,0.05,1.14,4.9953,0.5443,1.7046,29438779.1241,21076551.4846,2049395.6739,93615317.6146,67023433.721
601988.SH,20210202,3.18,3.2,3.17,3.18,3.18,0.0,0.0,1105890.0,351979.498,0.0525,1.18,4.9953,0.5443,1.7046,29438779.1241,21076551.4846,2049395.6739,93615317.6146,67023433.721
601988.SH,20210203,3.18,3.18,3.17,3.17,3.18,-0.01,-0.3145,744233.44,236340.139,0.0353,0.74,4.9796,0.5426,1.6993,29438779.1241,21076551.4846,2049395.6739,93320929.8234,66812668.2062
601988.SH,20210204,3.17,3.19,3.16,3.18,3.17,0.01,0.3155,1049399.95,333155.391,0.0498,1.1,4.9953,0.5443,1.7046,29438779.1241,21076551.4846,2049395.6739,93615317.6146,67023433.721
601988.SH,20210205,3.17,3.22,3.17,3.22,3.18,0.04,1.2579,2090050.72,668933.315,0.0992,2.06,5.0582,0.5512,1.7261,29438779.1241,21076551.4846,2049395.6739,94792868.7796,67866495.7804
601988.SH,20210208,3.2,3.21,3.18,3.19,3.22,-0.03,-0.9317,1591045.9,507945.964,0.0755,1.32,5.0111,0.5461,1.71,29438779.1241,21076551.4846,2049395.6739,93909705.4059,67234199.2359
601988.SH,20210209,3.18,3.19,3.17,3.18,3.19,-0.01,-0.3135,1337951.57,425832.586,0.0635,1.02,4.9953,0.5443,1.7046,29438779.1241,21076551.4846,2049395.6739,93615317.6146,67023433.721
601988.SH,20210210,3.19,3.22,3.18,3.2,3.18,0.02,0.6289,1472164.72,471351.499,0.0698,1.08,5.0268,0.5478,1.7154,29438779.1241,21076551.4846,2049395.6739,94204093.1971,67444964.7507
601988.SH,20210218,3.22,3.23,3.2,3.21,3.2,0.01,0.3125,1905239.81,613012.7,0.0904,1.26,5.0425,0.5495,1.7207,29438779.1241,21076551.4846,2049395.6739,94498480.9884,67655730.2656
601988.SH,20210219,3.21,3.23,3.2,3.23,3.21,0.02,0.6231,1312440.56,422667.386,0.0623,0.78,5.0739,0.5529,1.7314,29438779.1241,21076551.4846,2049395.6739,95087256.5708,68077261.2953
601988.SH,20210222,3.23,3.26,3.22,3.25,3.23,0.02,0.6192,2254206.38,730386.918,0.107,1.48,5.1053,0.5563,1.7422,29438779.1241,21076551.4846,2049395.6739,95676032.1533,68498792.325
601988.SH,20210223,3.24,3.27,3.23,3.23,3.25,-0.02,-0.6154,2643239.34,857884.564,0.1254,1.6,5.0739,0.5529,1.7314,29438779.1241,21076551.4846,2049395.6739,95087256.5708,68077261.2953
601988.SH,20210224,3.24,3.24,3.21,3.22,3.23,-0.01,-0.3096,2105590.97,678497.78,0.0999,1.1,5.0582,0.5512,1.7261,29438779.1241,21076551.4846,2049395.6739,94792868.7796,67866495.7804
601988.SH,20210225,3.22,3.26,3.22,3.25,3.22,0.03,0.9317,2089661.13,676780.349,0.0991,1.02,5.1053,0.5563,1.7422,29438779.1241,21076551.4846,2049395.6739,95676032.1533,68498792.325
601988.SH,20210226,3.23,3.25,3.22,3.24,3.25,-0.01,-0.3077,2070107.72,670591.009,0.0982,0.99,5.0896,0.5546,1.7368,29438779.1241,21076551.4846,2049395.6739,95381644.3621,68288026.8101
601988.SH,20210301,3.24,3.25,3.23,3.24,3.24,0.0,0.0,1508702.4,488481.537,0.0716,0.68,5.0896,0.5546,1.7368,29438779.1241,21076551.4846,2049395.6739,95381644.3621,68288026.8101
601988.SH,20210302,3.24,3.25,3.22,3.22,3.24,-0.02,-0.6173,1530523.28,494946.608,0.0726,0.73,5.0582,0.5512,1.7261,29438779.1241,21076551.4846,2049395.6739,94792868.7796,67866495.7804
601988.SH,20210303,3.23,3.27,3.22,3.27,3.22,0.05,1.5528,2126608.87,691841.772,0.1009,1.14,5.1367,0.5597,1.7529,29438779.1241,21076551.4846,2049395.6739,96264807.7358,68920323.3546
601988.SH,20210304,3.25,3.29,3.25,3.27,3.27,0.0,0.0,2213996.95,723948.318,0.105,1.19,5.1367,0.5597,1.7529,29438779.1241,21076551.4846,2049395.6739,96264807.7358,68920323.3546
601988.SH,20210305,3.26,3.31,3.26,3.3,3.27,0.03,0.9174,2486868.59,816937.71,0.118,1.32,5.1839,0.5649,1.769,29438779.1241,21076551.4846,2049395.6739,97147971.1095,69552619.8992
601988.SH,20210308,3.3,3.32,3.28,3.29,3.3,-0.01,-0.303,2175307.18,719795.502,0.1032,1.1,5.1681,0.5632,1.7636,29438779.1241,21076551.4846,2049395.6739,96853583.3183,69341854.3843
601988.SH,20210309,3.29,3.31,3.26,3.27,3.29,-0.02,-0.6079,2498718.83,821775.925,0.1186,1.19,5.1367,0.5597,1.7529,29438779.1241,21076551.4846,2049395.6739,96264807.7358,68920323.3546
601988.SH,20210310,3.26,3.28,3.25,3.27,3.27,0.0,0.0,1771880.39,578075.39,0.0841,0.77,5.1367,0.5597,1.7529,29438779.1241,21076551.4846,2049395.6739,96264807.7358,68920323.3546
601988.SH,20210311,3.28,3.3,3.27,3.27,3.27,0.0,0.0,1727775.55,567754.528,0.082,0.78,5.1367,0.5597,1.7529,29438779.1241,21076551.4846,2049395.6739,96264807.7358,68920323.3546
601988.SH,20210312,3.27,3.3,3.26,3.29,3.27,0.02,0.6116,1571623.96,515795.651,0.0746,0.74,5.1681,0.5632,1.7636,29438779.1241,21076551.4846,2049395.6739,96853583.3183,69341854.3843
601988.SH,20210315,3.29,3.33,3.28,3.31,3.29,0.02,0.6079,2099162.97,694455.912,0.0996,1.08,5.1996,0.5666,1.7743,29438779.1241,21076551.4846,2049395.6739,97442358.9008,69763385.414
601988.SH,20210316,3.31,3.33,3.3,3.31,3.31,0.0,0.0,1217825.8,403174.548,0.0578,0.63,5.1996,0.5666,1.7743,29438779.1241,21076551.4846,2049395.6739,97442358.9008,69763385.414
601988.SH,20210317,3.31,3.32,3.28,3.29,3.31,-0.02,-0.6042,1356595.42,446862.829,0.0644,0.81,5.1681,0.5632,1.7636,29438779.1241,21076551.4846,2049395.6739,96853583.3183,69341854.3843
601988.SH,20210318,3.29,3.3,3.28,3.28,3.29,-0.01,-0.304,941600.94,309649.216,0.0447,0.59,5.1524,0.5615,1.7582,29438779.1241,21076551.4846,2049395.6739,96559195.527,69131088.8695
601988.SH,20210319,3.29,3.3,3.25,3.25,3.28,-0.03,-0.9146,1610928.87,526153.055,0.0764,1.12,5.1053,0.5563,1.7422,29438779.1241,21076551.4846,2049395.6739,95676032.1533,68498792.325
601988.SH,20210322,3.25,3.29,3.24,3.28,3.25,0.03,0.9231,1284556.95,420433.797,0.0609,0.89,5.1524,0.5615,1.7582,29438779.1241,21076551.4846,2049395.6739,96559195.527,69131088.8695
601988.SH,20210323,3.29,3.3,3.27,3.29,3.28,0.01,0.3049,1388366.92,456097.331,0.0659,1.08,5.1681,0.5632,1.7636,29438779.1241,21076551.4846,2049395.6739,96853583.3183,69341854.3843
601988.SH,20210324,3.29,3.3,3.27,3.3,3.29,0.01,0.304,1255963.85,412490.525,0.0596,0.95,5.1839,0.5649,1.769,29438779.1241,21076551.4846,2049395.6739,97147971.1095,69552619.8992
601988.SH,20210325,3.3,3.31,3.28,3.29,3.3,-0.01,-0.303,1108759.94,365281.169,0.0526,0.86,5.1681,0.5632,1.7636,29438779.1241,21076551.4846,2049395.6739,96853583.3183,69341854.3843
601988.SH,20210326,3.29,3.29,3.24,3.26,3.29,-0.03,-0.9119,2189713.14,714452.44,0.1039,1.65,5.121,0.558,1.7475,29438779.1241,21076551.4846,2049395.6739,95970419.9446,68709557.8398
601988.SH,20210329,3.26,3.3,3.25,3.29,3.26,0.03,0.9202,1983615.89,649034.214,0.0941,1.37,5.1681,0.5632,1.7636,29438779.1241,21076551.4846,2049395.6739,96853583.3183,69341854.3843
601988.SH,20210330,3.29,3.3,3.27,3.3,3.29,0.01,0.304,1458592.29,479245.54,0.0692,0.92,5.1839,0.5649,1.769,29438779.1241,21076551.4846,2049395.6739,97147971.1095,69552619.8992
601988.SH,20210331,3.32,3.35,3.31,3.35,3.3,0.05,1.5152,3354681.01,1117813.472,0.1592,2.1,5.1133,0.56,1.7438,29438779.1241,21076551.4846,2049395.6739,98619910.0657,70606447.4734
601988.SH,20210401,3.35,3.35,3.32,3.33,3.35,-0.02,-0.597,1890367.5,629578.155,0.0897,0.94,5.0828,0.5567,1.7334,29438779.1241,21076551.4846,2049395.6739,98031134.4833,70184916.4437
601988.SH,20210402,3.33,3.34,3.3,3.31,3.33,-0.02,-0.6006,1397312.76,463080.714,0.0663,0.64,5.0522,0.5534,1.723,29438779.1241,21076551.4846,2049395.6739,97442358.9008,69763385.414
601988.SH,20210406,3.31,3.32,3.29,3.3,3.31,-0.01,-0.3021,1478734.48,488745.031,0.0702,0.73,5.037,0.5517,1.7178,29438779.1241,21076551.4846,2049395.6739,97147971.1095,69552619.8992
601988.SH,20210407,3.3,3.32,3.29,3.31,3.3,0.01,0.303,2062779.37,681261.829,0.0979,1.08,5.0522,0.5534,1.723,29438779.1241,21076551.4846,2049395.6739,97442358.9008,69763385.414
601988.SH,20210408,3.31,3.31,3.3,3.3,3.31,-0.01,-0.3021,1239302.71,409547.73,0.0588,0.61,5.037,0.5517,1.7178,29438779.1241,21076551.4846,2049395.6739,97147971.1095,69552619.8992
601988.SH,20210409,3.31,3.31,3.3,3.31,3.3,0.01,0.303,1248206.8,412533.442,0.0592,0.77,5.0522,0.5534,1.723,29438779.1241,21076551.4846,2049395.6739,97442358.9008,69763385.414
601988.SH,20210412,3.31,3.33,3.3,3.33,3.31,0.02,0.6042,1616637.17,537019.554,0.0767,1.09,5.0828,0.5567,1.7334,29438779.1241,21076551.4846,2049395.6739,98031134.4833,70184916.4437
601988.SH,20210413,3.33,3.34,3.31,3.32,3.33,-0.01,-0.3003,1305930.87,433759.673,0.062,0.85,5.0675,0.555,1.7282,29438779.1241,21076551.4846,2049395.6739,97736746.692,69974150.9289
601988.SH,20210414,3.32,3.33,3.31,3.32,3.32,0.0,0.0,1160396.51,384819.802,0.0551,0.78,5.0675,0.555,1.7282,29438779.1241,21076551.4846,2049395.6739,97736746.692,69974150.9289
601988.SH,20210415,3.31,3.32,3.3,3.3,3.32,-0.02,-0.6024,953822.66,315368.193,0.0453,0.73,5.037,0.5517,1.7178,29438779.1241,21076551.4846,2049395.6739,97147971.1095,69552619.8992
601988.SH,20210416,3.31,3.32,3.3,3.32,3.3,0.02,0.6061,1024467.57,339557.527,0.0486,0.82,5.0675,0.555,1.7282,29438779.1241,21076551.4846,2049395.6739,97736746.692,69974150.9289
601988.SH,20210419,3.32,3.33,3.31,3.32,3.32,0.0,0.0,1243944.24,413283.465,0.059,1.03,5.0675,0.555,1.7282,29438779.1241,21076551.4846,2049395.6739,97736746.692,69974150.9289
601988.SH,20210420,3.32,3.33,3.3,3.31,3.32,-0.01,-0.3012,1206587.93,399852.69,0.0572,1.06,5.0522,0.5534,1.723,29438779.1241,21076551.4846,2049395.6739,97442358.9008,69763385.414
601988.SH,20210421,3.31,3.32,3.3,3.31,3.31,0.0,0.0,808858.19,267955.731,0.0384,0.72,5.0522,0.5534,1.723,29438779.1241,21076551.4846,2049395.6739,97442358.9008,69763385.414
601988.SH,20210422,3.32,3.32,3.28,3.29,3.31,-0.02,-0.6042,1580101.36,521019.646,0.075,1.51,5.0217,0.55,1.7126,29438779.1241,21076551.4846,2049395.6739,96853583.3183,69341854.3843
601988.SH,20210423,3.29,3.3,3.27,3.27,3.29,-0.02,-0.6079,1101118.16,360904.876,0.0522,0.94,4.9912,0.5467,1.7022,29438779.1241,21076551.4846,2049395.6739,96264807.7358,68920323.3546
601988.SH,20210426,3.28,3.28,3.25,3.25,3.27,-0.02,-0.6116,1260550.95,411754.372,0.0598,1.06,4.9606,0.5433,1.6918,29438779.1241,21076551.4846,2049395.6739,95676032.1533,68498792.325
601988.SH,20210427,3.25,3.26,3.24,3.25,3.25,0.0,0.0,981259.31,318573.203,0.0466,0.82,4.9606,0.5433,1.6918,29438779.1241,21076551.4846,2049395.6739,95676032.1533,68498792.325
601988.SH,20210428,3.25,3.26,3.24,3.25,3.25,0.0,0.0,909350.9,295108.057,0.0431,0.79,4.9606,0.5433,1.6918,29438779.1241,21076551.4846,2049395.6739,95676032.1533,68498792.325
601988.SH,20210429,3.25,3.29,3.24,3.28,3.25,0.03,0.9231,1479395.74,483221.503,0.0702,1.27,5.0064,0.5483,1.7074,29438779.1241,21076551.4846,2049395.6739,96559195.527,69131088.8695
601988.SH,20210430,3.28,3.29,3.24,3.25,3.28,-0.03,-0.9146,1603654.79,522515.339,0.0761,1.4,4.9606,0.5286,1.6918,29438779.1241,21076551.4846,2049395.6739,95676032.1533,68498792.325
601988.SH,20210506,3.26,3.28,3.25,3.26,3.25,0.01,0.3077,1408883.25,459833.064,0.0668,1.13,4.9759,0.5302,1.697,29438779.1241,21076551.4846,2049395.6739,95970419.9446,68709557.8398
601988.SH,20210507,3.25,3.28,3.25,3.28,3.26,0.02,0.6135,1742502.86,569756.708,0.0827,1.37,5.0064,0.5334,1.7074,29438779.1241,21076551.4846,2049395.6739,96559195.527,69131088.8695
601988.SH,20210510,3.28,3.28,3.25,3.26,3.28,-0.02,-0.6098,1507134.9,491393.958,0.0715,1.05,4.9759,0.5302,1.697,29438779.1241,21076551.4846,2049395.6739,95970419.9446,68709557.8398
601988.SH,20210511,3.26,3.27,3.25,3.27,3.26,0.01,0.3067,1001318.11,326729.321,0.0475,0.65,4.9912,0.5318,1.7022,29438779.1241,21076551.4846,2049395.6739,96264807.7358,68920323.3546
601988.SH,20210512,3.26,3.29,3.26,3.28,3.27,0.01,0.3058,1608610.42,527073.537,0.0763,1.11,5.0064,0.5334,1.7074,29438779.1241,21076551.4846,2049395.6739,96559195.527,69131088.8695
601988.SH,20210513,3.27,3.28,3.26,3.28,3.28,0.0,0.0,1331762.11,435303.938,0.0632,0.92,5.0064,0.5334,1.7074,29438779.1241,21076551.4846,2049395.6739,96559195.527,69131088.8695
601988.SH,20210514,3.28,3.29,3.27,3.29,3.28,0.01,0.3049,1381321.81,453159.083,0.0655,0.96,5.0217,0.5351,1.7126,29438779.1241,21076551.4846,2049395.6739,96853583.3183,69341854.3843
601988.SH,20210517,3.28,3.3,3.28,3.28,3.29,-0.01,-0.304,1672326.48,550079.175,0.0793,1.22,5.0064,0.5334,1.7074,29438779.1241,21076551.4846,2049395.6739,96559195.527,69131088.8695
601988.SH,20210518,3.29,3.29,3.27,3.28,3.28,0.0,0.0,1048190.9,343458.848,0.0497,0.75,5.0064,0.5334,1.7074,29438779.1241,21076551.4846,2049395.6739,96559195.527,69131088.8695
601988.SH,20210519,3.28,3.28,3.27,3.27,3.28,-0.01,-0.3049,968107.34,316875.282,0.0459,0.69,4.9912,0.5318,1.7022,29438779.1241,21076551.4846,2049395.6739,96264807.7358,68920323.3546
601988.SH,20210520,3.28,3.28,3.27,3.28,3.27,0.01,0.3058,1219959.06,399830.606,0.0579,0.95,5.0064,0.5334,1.7074,29438779.1241,21076551.4846,2049395.6739,96559195.527,69131088.8695
601988.SH,20210521,3.28,3.29,3.27,3.28,3.28,0.0,0.0,1485195.53,487221.475,0.0705,1.18,5.0064,0.5334,1.7074,29438779.1241,21076551.4846,2049395.6739,96559195.527,69131088.8695
601988.SH,20210524,3.28,3.29,3.27,3.29,3.28,0.01,0.3049,1350403.76,443724.398,0.0641,1.06,5.0217,0.5351,1.7126,29438779.1241,21076551.4846,2049395.6739,96853583.3183,69341854.3843
601988.SH,20210525,3.29,3.32,3.28,3.32,3.29,0.03,0.9119,2170452.37,717456.16,0.103,1.79,5.0675,0.5399,1.7282,29438779.1241,21076551.4846,2049395.6739,97736746.692,69974150.9289
601988.SH,20210526,3.32,3.32,3.3,3.32,3.32,0.0,0.0,1416513.2,469707.25,0.0672,0.98,5.0675,0.5399,1.7282,29438779.1241,21076551.4846,2049395.6739,97736746.692,69974150.9289
601988.SH,20210527,3.31,3.33,3.31,3.31,3.32,-0.01,-0.3012,1649365.73,547465.961,0.0783,1.08,5.0522,0.5383,1.723,29438779.1241,21076551.4846,2049395.6739,97442358.9008,69763385.414
601988.SH,20210528,3.32,3.34,3.31,3.34,3.31,0.03,0.9063,2391545.12,796081.147,0.1135,1.48,5.098,0.5432,1.7386,29438779.1241,21076551.4846,2049395.6739,98325522.2745,70395681.9586
601988.SH,20210531,3.34,3.35,3.3,3.33,3.34,-0.01,-0.2994,2489595.24,827830.369,0.1181,1.39,5.0828,0.5416,1.7334,29438779.1241,21076551.4846,2049395.6739,98031134.4833,70184916.4437
601988.SH,20210601,3.32,3.35,3.31,3.34,3.33,0.01,0.3003,2045122.07,681045.983,0.097,1.01,5.098,0.5432,1.7386,29438779.1241,21076551.4846,2049395.6739,98325522.2745,70395681.9586
601988.SH,20210602,3.34,3.36,3.32,3.36,3.34,0.02,0.5988,2904249.6,970540.883,0.1378,1.45,5.1285,0.5464,1.7491,29438779.1241,21076551.4846,2049395.6739,98914297.857,70817212.9883
601988.SH,20210603,3.36,3.38,3.34,3.35,3.36,-0.01,-0.2976,3820830.63,1284586.727,0.1813,1.66,5.1133,0.5448,1.7438,29438779.1241,21076551.4846,2049395.6739,98619910.0657,70606447.4734
601988.SH,20210604,3.17,3.17,3.15,3.16,3.15,0.01,0.3175,2753626.02,871172.742,0.1306,1.01,4.8233,0.5309,1.6449,29438779.1241,21076551.4846,2049395.6739,93026542.0322,66601902.6913
601988.SH,20210607,3.17,3.17,3.12,3.14,3.16,-0.02,-0.6329,2564210.59,806100.833,0.1217,0.91,4.7927,0.5276,1.6345,29438779.1241,21076551.4846,2049395.6739,92437766.4497,66180371.6616
601988.SH,20210608,3.13,3.14,3.11,3.13,3.14,-0.01,-0.3185,2148917.25,670912.258,0.102,0.76,4.7775,0.5259,1.6293,29438779.1241,21076551.4846,2049395.6739,92143378.6584,65969606.1468
601988.SH,20210609,3.13,3.13,3.11,3.13,3.13,0.0,0.0,1559372.47,486981.762,0.074,0.55,4.7775,0.5259,1.6293,29438779.1241,21076551.4846,2049395.6739,92143378.6584,65969606.1468
601988.SH,20210610,3.12,3.13,3.1,3.1,3.13,-0.03,-0.9585,2031434.88,632392.171,0.0964,0.79,4.7317,0.5208,1.6137,29438779.1241,21076551.4846,2049395.6739,91260215.2847,65337309.6023
601988.SH,20210611,3.1,3.11,3.08,3.08,3.1,-0.02,-0.6452,2641528.44,816423.496,0.1253,1.19,4.7012,0.5175,1.6033,29438779.1241,21076551.4846,2049395.6739,90671439.7022,64915778.5726
601988.SH,20210615,3.08,3.09,3.07,3.07,3.08,-0.01,-0.3247,1694356.68,521533.748,0.0804,0.77,4.6859,0.5158,1.5981,29438779.1241,21076551.4846,2049395.6739,90377051.911,64705013.0577
601988.SH,20210616,3.07,3.1,3.07,3.09,3.07,0.02,0.6515,1803827.62,556470.685,0.0856,0.9,4.7164,0.5192,1.6085,29438779.1241,21076551.4846,2049395.6739,90965827.4935,65126544.0874
601988.SH,20210617,3.08,3.1,3.08,3.08,3.09,-0.01,-0.3236,1309839.8,404524.624,0.0621,0.67,4.7012,0.5175,1.6033,29438779.1241,21076551.4846,2049395.6739,90671439.7022,64915778.5726
601988.SH,20210618,3.08,3.09,3.06,3.06,3.08,-0.02,-0.6494,1639908.79,503875.697,0.0778,0.86,4.6706,0.5141,1.5929,29438779.1241,21076551.4846,2049395.6739,90082664.1197,64494247.5429
601988.SH,20210621,3.06,3.08,3.06,3.07,3.06,0.01,0.3268,1172562.34,359751.317,0.0556,0.65,4.6859,0.5158,1.5981,29438779.1241,21076551.4846,2049395.6739,90377051.911,64705013.0577
601988.SH,20210622,3.07,3.08,3.06,3.07,3.07,0.0,0.0,930629.26,285873.151,0.0442,0.61,4.6859,0.5158,1.5981,29438779.1241,21076551.4846,2049395.6739,90377051.911,64705013.0577
601988.SH,20210623,3.07,3.08,3.06,3.07,3.07,0.0,0.0,875408.11,268733.07,0.0415,0.64,4.6859,0.5158,1.5981,29438779.1241,21076551.4846,2049395.6739,90377051.911,64705013.0577
601988.SH,20210624,3.07,3.08,3.06,3.07,3.07,0.0,0.0,823244.26,252945.198,0.0391,0.69,4.6859,0.5158,1.5981,29438779.1241,21076551.4846,2049395.6739,90377051.911,64705013.0577
601988.SH,20210625,3.08,3.1,3.07,3.09,3.07,0.02,0.6515,1265417.16,390793.156,0.06,1.16,4.7164,0.5192,1.6085,29438779.1241,21076551.4846,2049395.6739,90965827.4935,65126544.0874
601988.SH,20210628,3.09,3.1,3.08,3.08,3.09,-0.01,-0.3236,967219.17,298261.004,0.0459,0.95,4.7012,0.5175,1.6033,29438779.1241,21076551.4846,2049395.6739,90671439.7022,64915778.5726
601988.SH,20210629,3.08,3.09,3.07,3.08,3.08,0.0,0.0,875759.85,269346.174,0.0416,0.9,4.7012,0.5175,1.6033,29438779.1241,21076551.4846,2049395.6739,90671439.7022,64915778.5726
601988.SH,20210630,3.08,3.08,3.07,3.08,3.08,0.0,0.0,607037.05,186600.049,0.0288,0.63,4.7012,0.5175,1.6033,29438779.1241,21076551.4846,2049395.6739,90671439.7022,64915778.5726
601988.SH,20210701,3.08,3.09,3.07,3.08,3.08,0.0,0.0,1021638.0,314562.119,0.0485,1.13,4.7012,0.5175,1.6033,29438779.1241,21076551.4846,2049395.6739,90671439.7022,64915778.5726
601988.SH,20210702,3.08,3.09,3.07,3.08,3.08,0.0,0.0,1396732.84,429750.625,0.0663,1.47,4.7012,0.5175,1.6033,29438779.1241,21076551.4846,2049395.6739,90671439.7022,64915778.5726
601988.SH,20210705,3.07,3.08,3.07,3.08,3.08,0.0,0.0,869427.77,267361.311,0.0413,0.89,4.7012,0.5175,1.6033,29438779.1241,21076551.4846,2049395.6739,90671439.7022,64915778.5726
601988.SH,20210706,3.08,3.09,3.07,3.09,3.08,0.01,0.3247,1161960.21,357905.649,0.0551,1.22,4.7164,0.5192,1.6085,29438779.1241,21076551.4846,2049395.6739,90965827.4935,65126544.0874
601988.SH,20210707,3.09,3.09,3.07,3.08,3.09,-0.01,-0.3236,863283.5,265731.836,0.041,0.85,4.7012,0.5175,1.6033,29438779.1241,21076551.4846,2049395.6739,90671439.7022,64915778.5726
601988.SH,20210708,3.08,3.08,3.06,3.07,3.08,-0.01,-0.3247,1373624.29,421512.356,0.0652,1.29,4.6859,0.5158,1.5981,29438779.1241,21076551.4846,2049395.6739,90377051.911,64705013.0577
601988.SH,20210709,3.06,3.08,3.06,3.07,3.07,0.0,0.0,997913.32,306334.993,0.0473,0.88,4.6859,0.5158,1.5981,29438779.1241,21076551.4846,2049395.6739,90377051.911,64705013.0577
601988.SH,20210712,3.08,3.08,3.06,3.06,3.07,-0.01,-0.3257,1219711.54,374188.717,0.0579,1.16,4.6706,0.5141,1.5929,29438779.1241,21076551.4846,2049395.6739,90082664.1197,64494247.5429
601988.SH,20210713,3.06,3.07,3.05,3.05,3.06,-0.01,-0.3268,1314055.17,401885.769,0.0623,1.17,4.6554,0.5124,1.5877,29438779.1241,21076551.4846,2049395.6739,89788276.3285,64283482.028
601988.SH,20210714,3.06,3.06,3.03,3.03,3.05,-0.02,-0.6557,1557135.27,473491.543,0.0739,1.35,4.6249,0.5091,1.5773,29438779.1241,21076551.4846,2049395.6739,89199500.746,63861950.9983
601988.SH,20210715,3.03,3.05,3.02,3.04,3.03,0.01,0.33,922700.2,280588.216,0.0438,0.71,4.6401,0.5108,1.5825,29438779.1241,21076551.4846,2049395.6739,89493888.5373,64072716.5132
601988.SH,20210716,3.04,3.05,3.03,3.05,3.04,0.01,0.3289,847802.14,258181.495,0.0402,0.71,4.6554,0.5124,1.5877,29438779.1241,21076551.4846,2049395.6739,89788276.3285,64283482.028
601988.SH,20210719,3.04,3.05,3.03,3.04,3.05,-0.01,-0.3279,965184.08,293295.244,0.0458,0.82,4.6401,0.5108,1.5825,29438779.1241,21076551.4846,2049395.6739,89493888.5373,64072716.5132
601988.SH,20210720,3.04,3.05,3.03,3.04,3.04,0.0,0.0,749299.61,227542.783,0.0356,0.67,4.6401,0.5108,1.5825,29438779.1241,21076551.4846,2049395.6739,89493888.5373,64072716.5132
601988.SH,20210721,3.04,3.05,3.03,3.04,3.04,0.0,0.0,769705.31,234191.869,0.0365,0.76,4.6401,0.5108,1.5825,29438779.1241,21076551.4846,2049395.6739,89493888.5373,64072716.5132
601988.SH,20210722,3.04,3.05,3.04,3.05,3.04,0.01,0.3289,789633.61,240469.677,0.0375,0.93,4.6554,0.5124,1.5877,29438779.1241,21076551.4846,2049395.6739,89788276.3285,64283482.028
601988.SH,20210723,3.04,3.05,3.04,3.04,3.05,-0.01,-0.3279,769458.65,234257.103,0.0365,0.93,4.6401,0.5108,1.5825,29438779.1241,21076551.4846,2049395.6739,89493888.5373,64072716.5132
601988.SH,20210726,3.04,3.05,3.03,3.05,3.04,0.01,0.3289,1302725.07,396224.916,0.0618,1.61,4.6554,0.5124,1.5877,29438779.1241,21076551.4846,2049395.6739,89788276.3285,64283482.028
601988.SH,20210727,3.04,3.05,3.03,3.04,3.05,-0.01,-0.3279,1142981.7,347168.294,0.0542,1.3,4.6401,0.5108,1.5825,29438779.1241,21076551.4846,2049395.6739,89493888.5373,64072716.5132
601988.SH,20210728,3.04,3.04,3.03,3.04,3.04,0.0,0.0,1357436.61,411885.428,0.0644,1.42,4.6401,0.5108,1.5825,29438779.1241,21076551.4846,2049395.6739,89493888.5373,64072716.5132
601988.SH,20210729,3.04,3.05,3.01,3.02,3.04,-0.02,-0.6579,1422594.98,430206.955,0.0675,1.33,4.6096,0.5074,1.5721,29438779.1241,21076551.4846,2049395.6739,88905112.9548,63651185.4835
601988.SH,20210730,3.02,3.02,2.99,2.99,3.02,-0.03,-0.9934,1056624.36,316650.546,0.0501,0.88,4.5638,0.5024,1.5564,29438779.1241,21076551.4846,2049395.6739,88021949.5811,63018888.939
601988.SH,20210802,2.99,3.01,2.96,3.01,2.99,0.02,0.6689,1601366.83,477766.819,0.076,1.27,4.5943,0.5057,1.5669,29438779.1241,21076551.4846,2049395.6739,88610725.1635,63440419.9686
601988.SH,20210803,3.0,3.01,2.98,2.99,3.01,-0.02,-0.6645,874259.46,261043.305,0.0415,0.66,4.5638,0.5024,1.5564,29438779.1241,21076551.4846,2049395.6739,88021949.5811,63018888.939
601988.SH,20210804,2.98,2.99,2.98,2.98,2.99,-0.01,-0.3344,782739.48,233581.55,0.0371,0.62,4.5485,0.5007,1.5512,29438779.1241,21076551.4846,2049395.6739,87727561.7898,62808123.4241
601988.SH,20210805,2.98,2.99,2.98,2.99,2.98,0.01,0.3356,716723.31,214008.715,0.034,0.62,4.5638,0.5024,1.5564,29438779.1241,21076551.4846,2049395.6739,88021949.5811,63018888.939
601988.SH,20210806,2.98,3.0,2.98,2.99,2.99,0.0,0.0,948915.95,283439.153,0.045,0.94,4.5638,0.5024,1.5564,29438779.1241,21076551.4846,2049395.6739,88021949.5811,63018888.939
601988.SH,20210809,2.99,3.02,2.98,3.02,2.99,0.03,1.0033,936116.27,281472.489,0.0444,0.95,4.6096,0.5074,1.5721,29438779.1241,21076551.4846,2049395.6739,88905112.9548,63651185.4835
601988.SH,20210810,3.01,3.03,3.0,3.02,3.02,0.0,0.0,818653.35,246579.808,0.0388,0.96,4.6096,0.5074,1.5721,29438779.1241,21076551.4846,2049395.6739,88905112.9548,63651185.4835
601988.SH,20210811,3.02,3.04,3.01,3.04,3.02,0.02,0.6623,868753.9,263591.555,0.0412,1.03,4.6401,0.5108,1.5825,29438779.1241,21076551.4846,2049395.6739,89493888.5373,64072716.5132
601988.SH,20210812,3.03,3.04,3.02,3.02,3.04,-0.02,-0.6579,665837.8,201451.277,0.0316,0.78,4.6096,0.5074,1.5721,29438779.1241,21076551.4846,2049395.6739,88905112.9548,63651185.4835
601988.SH,20210813,3.02,3.03,3.01,3.03,3.02,0.01,0.3311,599191.31,181125.693,0.0284,0.71,4.6249,0.5091,1.5773,29438779.1241,21076551.4846,2049395.6739,89199500.746,63861950.9983
601988.SH,20210816,3.03,3.04,3.02,3.03,3.03,0.0,0.0,947662.47,286896.91,0.045,1.22,4.6249,0.5091,1.5773,29438779.1241,21076551.4846,2049395.6739,89199500.746,63861950.9983
601988.SH,20210817,3.02,3.03,3.01,3.01,3.03,-0.02,-0.6601,1134954.97,342537.589,0.0538,1.46,4.5943,0.5057,1.5669,29438779.1241,21076551.4846,2049395.6739,88610725.1635,63440419.9686
601988.SH,20210818,3.0,3.04,3.0,3.04,3.01,0.03,0.9967,1277783.47,386735.028,0.0606,1.52,4.6401,0.5108,1.5825,29438779.1241,21076551.4846,2049395.6739,89493888.5373,64072716.5132
601988.SH,20210819,3.04,3.04,3.01,3.02,3.04,-0.02,-0.6579,983410.16,297060.936,0.0467,1.06,4.6096,0.5074,1.5721,29438779.1241,21076551.4846,2049395.6739,88905112.9548,63651185.4835
601988.SH,20210820,3.02,3.03,3.01,3.02,3.02,0.0,0.0,940071.77,283623.653,0.0446,0.95,4.6096,0.5074,1.5721,29438779.1241,21076551.4846,2049395.6739,88905112.9548,63651185.4835
601988.SH,20210823,3.01,3.03,3.01,3.03,3.02,0.01,0.3311,1040786.5,314474.247,0.0494,0.98,4.6249,0.5091,1.5773,29438779.1241,21076551.4846,2049395.6739,89199500.746,63861950.9983
601988.SH,20210824,3.03,3.03,3.02,3.02,3.03,-0.01,-0.33,929493.07,280966.153,0.0441,0.86,4.6096,0.5074,1.5721,29438779.1241,21076551.4846,2049395.6739,88905112.9548,63651185.4835
601988.SH,20210825,3.03,3.03,3.01,3.02,3.02,0.0,0.0,694588.5,209418.833,0.033,0.67,4.6096,0.5074,1.5721,29438779.1241,21076551.4846,2049395.6739,88905112.9548,63651185.4835
601988.SH,20210826,3.01,3.02,3.01,3.01,3.02,-0.01,-0.3311,602567.41,181602.422,0.0286,0.66,4.5943,0.5057,1.5669,29438779.1241,21076551.4846,2049395.6739,88610725.1635,63440419.9686
601988.SH,20210827,3.01,3.02,3.0,3.02,3.01,0.01,0.3322,625192.85,188503.209,0.0297,0.74,4.6096,0.5074,1.5721,29438779.1241,21076551.4846,2049395.6739,88905112.9548,63651185.4835
601988.SH,20210830,3.01,3.02,3.0,3.0,3.02,-0.02,-0.6623,1612771.82,484718.994,0.0765,2.07,4.5791,0.504,1.5617,29438779.1241,21076551.4846,2049395.6739,88316337.3723,63229654.4538
601988.SH,20210831,3.0,3.03,3.0,3.03,3.0,0.03,1.0,1500822.8,453000.091,0.0712,1.68,4.6249,0.494,1.5773,29438779.1241,21076551.4846,2049395.6739,89199500.746,63861950.9983
601988.SH,20210901,3.03,3.06,3.02,3.06,3.03,0.03,0.9901,2177080.89,662741.378,0.1033,2.16,4.6706,0.4988,1.5929,29438779.1241,21076551.4846,2049395.6739,90082664.1197,64494247.5429
601988.SH,20210902,3.05,3.06,3.04,3.05,3.06,-0.01,-0.3268,1279463.79,389972.681,0.0607,0.98,4.6554,0.4972,1.5877,29438779.1241,21076551.4846,2049395.6739,89788276.3285,64283482.028
601988.SH,20210903,3.05,3.07,3.04,3.06,3.05,0.01,0.3279,1711089.45,523454.804,0.0812,1.19,4.6706,0.4988,1.5929,29438779.1241,21076551.4846,2049395.6739,90082664.1197,64494247.5429
601988.SH,20210906,3.06,3.07,3.05,3.06,3.06,0.0,0.0,1535598.09,470336.046,0.0729,0.93,4.6706,0.4988,1.5929,29438779.1241,21076551.4846,2049395.6739,90082664.1197,64494247.5429
601988.SH,20210907,3.06,3.1,3.06,3.09,3.06,0.03,0.9804,2490207.04,765821.587,0.1182,1.52,4.7164,0.5037,1.6085,29438779.1241,21076551.4846,2049395.6739,90965827.4935,65126544.0874
601988.SH,20210908,3.09,3.11,3.08,3.1,3.09,0.01,0.3236,1848449.59,572265.415,0.0877,1.01,4.7317,0.5054,1.6137,29438779.1241,21076551.4846,2049395.6739,91260215.2847,65337309.6023
601988.SH,20210909,3.09,3.1,3.08,3.09,3.1,-0.01,-0.3226,1519014.43,468652.336,0.0721,0.86,4.7164,0.5037,1.6085,29438779.1241,21076551.4846,2049395.6739,90965827.4935,65126544.0874
601988.SH,20210910,3.09,3.12,3.08,3.1,3.09,0.01,0.3236,2681670.52,832083.757,0.1272,1.47,4.7317,0.5054,1.6137,29438779.1241,21076551.4846,2049395.6739,91260215.2847,65337309.6023
601988.SH,20210913,3.1,3.11,3.09,3.1,3.1,0.0,0.0,1914780.74,593308.246,0.0908,0.95,4.7317,0.5054,1.6137,29438779.1241,21076551.4846,2049395.6739,91260215.2847,65337309.6023
601988.SH,20210914,3.11,3.11,3.05,3.06,3.1,-0.04,-1.2903,2042733.8,629035.743,0.0969,0.98,4.6706,0.4988,1.5929,29438779.1241,21076551.4846,2049395.6739,90082664.1197,64494247.5429
601988.SH,20210915,3.06,3.07,3.05,3.06,3.06,0.0,0.0,1335837.64,408645.272,0.0634,0.67,4.6706,0.4988,1.5929,29438779.1241,21076551.4846,2049395.6739,90082664.1197,64494247.5429
601988.SH,20210916,3.06,3.07,3.04,3.05,3.06,-0.01,-0.3268,2132246.9,652049.013,0.1012,1.12,4.6554,0.4972,1.5877,29438779.1241,21076551.4846,2049395.6739,89788276.3285,64283482.028
601988.SH,20210917,3.05,3.08,3.05,3.07,3.05,0.02,0.6557,1143029.87,350102.241,0.0542,0.57,4.6859,0.5005,1.5981,29438779.1241,21076551.4846,2049395.6739,90377051.911,64705013.0577
601988.SH,20210922,3.05,3.06,3.04,3.05,3.07,-0.02,-0.6515,1150756.57,350693.428,0.0546,0.67,4.6554,0.4972,1.5877,29438779.1241,21076551.4846,2049395.6739,89788276.3285,64283482.028
601988.SH,20210923,3.06,3.08,3.05,3.07,3.05,0.02,0.6557,1547604.18,474843.783,0.0734,0.99,4.6859,0.5005,1.5981,29438779.1241,21076551.4846,2049395.6739,90377051.911,64705013.0577
601988.SH,20210924,3.07,3.08,3.05,3.05,3.07,-0.02,-0.6515,1034654.82,316945.111,0.0491,0.71,4.6554,0.4972,1.5877,29438779.1241,21076551.4846,2049395.6739,89788276.3285,64283482.028
601988.SH,20210927,3.05,3.06,3.04,3.05,3.05,0.0,0.0,1051195.11,320358.432,0.0499,0.75,4.6554,0.4972,1.5877,29438779.1241,21076551.4846,2049395.6739,89788276.3285,64283482.028
601988.SH,20210928,3.04,3.07,3.04,3.06,3.05,0.01,0.3279,1174800.18,359100.451,0.0557,0.99,4.6706,0.4988,1.5929,29438779.1241,21076551.4846,2049395.6739,90082664.1197,64494247.5429
601988.SH,20210929,3.06,3.07,3.04,3.06,3.06,0.0,0.0,1449785.05,442774.394,0.0688,1.22,4.6706,0.4988,1.5929,29438779.1241,21076551.4846,2049395.6739,90082664.1197,64494247.5429
601988.SH,20210930,3.06,3.06,3.04,3.05,3.06,-0.01,-0.3268,1128132.14,343871.318,0.0535,0.9,4.6554,0.4972,1.5877,29438779.1241,21076551.4846,2049395.6739,89788276.3285,64283482.028
601988.SH,20211008,3.05,3.08,3.05,3.07,3.05,0.02,0.6557,1270726.45,389989.359,0.0603,1.09,4.6859,0.5005,1.5981,29438779.1241,21076551.4846,2049395.6739,90377051.911,64705013.0577
601988.SH,20211011,3.08,3.1,3.07,3.08,3.07,0.01,0.3257,1530612.78,473293.598,0.0726,1.26,4.7012,0.5021,1.6033,29438779.1241,21076551.4846,2049395.6739,90671439.7022,64915778.5726
601988.SH,20211012,3.08,3.09,3.07,3.08,3.08,0.0,0.0,1366690.59,420872.901,0.0648,1.04,4.7012,0.5021,1.6033,29438779.1241,21076551.4846,2049395.6739,90671439.7022,64915778.5726
601988.SH,20211013,3.08,3.08,3.06,3.07,3.08,-0.01,-0.3247,876284.62,269167.099,0.0416,0.65,4.6859,0.5005,1.5981,29438779.1241,21076551.4846,2049395.6739,90377051.911,64705013.0577
601988.SH,20211014,3.07,3.08,3.06,3.06,3.07,-0.01,-0.3257,670862.81,205677.025,0.0318,0.54,4.6706,0.4988,1.5929,29438779.1241,21076551.4846,2049395.6739,90082664.1197,64494247.5429
601988.SH,20211015,3.07,3.07,3.05,3.05,3.06,-0.01,-0.3268,1268540.09,388025.427,0.0602,1.11,4.6554,0.4972,1.5877,29438779.1241,21076551.4846,2049395.6739,89788276.3285,64283482.028
601988.SH,20211018,3.05,3.07,3.05,3.06,3.05,0.01,0.3279,1164072.32,355814.837,0.0552,1.02,4.6706,0.4988,1.5929,29438779.1241,21076551.4846,2049395.6739,90082664.1197,64494247.5429
601988.SH,20211019,3.06,3.08,3.05,3.06,3.06,0.0,0.0,958286.32,293674.2,0.0455,0.9,4.6706,0.4988,1.5929,29438779.1241,21076551.4846,2049395.6739,90082664.1197,64494247.5429
601988.SH,20211020,3.07,3.08,3.06,3.06,3.06,0.0,0.0,770553.88,236143.635,0.0366,0.78,4.6706,0.4988,1.5929,29438779.1241,21076551.4846,2049395.6739,90082664.1197,64494247.5429
601988.SH,20211021,3.06,3.08,3.06,3.08,3.06,0.02,0.6536,989735.6,303912.52,0.047,1.02,4.7012,0.5021,1.6033,29438779.1241,21076551.4846,2049395.6739,90671439.7022,64915778.5726
601988.SH,20211022,3.07,3.08,3.06,3.06,3.08,-0.02,-0.6494,893518.2,274347.047,0.0424,0.87,4.6706,0.4988,1.5929,29438779.1241,21076551.4846,2049395.6739,90082664.1197,64494247.5429
601988.SH,20211025,3.06,3.08,3.06,3.07,3.06,0.01,0.3268,948290.19,290900.478,0.045,0.99,4.6859,0.5005,1.5981,29438779.1241,21076551.4846,2049395.6739,90377051.911,64705013.0577
601988.SH,20211026,3.08,3.08,3.06,3.06,3.07,-0.01,-0.3257,900725.06,276095.78,0.0427,0.99,4.6706,0.4988,1.5929,29438779.1241,21076551.4846,2049395.6739,90082664.1197,64494247.5429
601988.SH,20211027,3.06,3.07,3.05,3.06,3.06,0.0,0.0,906187.79,276994.115,0.043,1.01,4.6706,0.4988,1.5929,29438779.1241,21076551.4846,2049395.6739,90082664.1197,64494247.5429
601988.SH,20211028,3.06,3.06,3.04,3.05,3.06,-0.01,-0.3268,897343.17,273664.178,0.0426,0.97,4.6554,0.4972,1.5877,29438779.1241,21076551.4846,2049395.6739,89788276.3285,64283482.028
601988.SH,20211029,3.05,3.06,3.04,3.05,3.05,0.0,0.0,1082790.91,329894.73,0.0514,1.19,4.6554,0.4972,1.5877,29438779.1241,21076551.4846,2049395.6739,89788276.3285,64283482.028
601988.SH,20211101,3.05,3.07,3.05,3.07,3.05,0.02,0.6557,1139805.0,349167.221,0.0541,1.2,4.6859,0.4856,1.5981,29438779.1241,21076551.4846,2049395.6739,90377051.911,64705013.0577
601988.SH,20211102,3.07,3.07,3.04,3.04,3.07,-0.03,-0.9772,1494247.73,455932.031,0.0709,1.52,4.6401,0.4809,1.5825,29438779.1241,21076551.4846,2049395.6739,89493888.5373,64072716.5132
601988.SH,20211103,3.05,3.05,3.04,3.04,3.04,0.0,0.0,806154.57,245418.507,0.0382,0.73,4.6401,0.4809,1.5825,29438779.1241,21076551.4846,2049395.6739,89493888.5373,64072716.5132
601988.SH,20211104,3.04,3.05,3.04,3.04,3.04,0.0,0.0,491399.99,149534.188,0.0233,0.45,4.6401,0.4809,1.5825,29438779.1241,21076551.4846,2049395.6739,89493888.5373,64072716.5132
601988.SH,20211105,3.04,3.05,3.04,3.04,3.04,0.0,0.0,584065.6,177715.649,0.0277,0.58,4.6401,0.4809,1.5825,29438779.1241,21076551.4846,2049395.6739,89493888.5373,64072716.5132
601988.SH,20211108,3.04,3.05,3.03,3.03,3.04,-0.01,-0.3289,729383.32,221421.412,0.0346,0.81,4.6249,0.4793,1.5773,29438779.1241,21076551.4846,2049395.6739,89199500.746,63861950.9983
601988.SH,20211109,3.03,3.04,3.03,3.04,3.03,0.01,0.33,607317.41,184297.33,0.0288,0.74,4.6401,0.4809,1.5825,29438779.1241,21076551.4846,2049395.6739,89493888.5373,64072716.5132
601988.SH,20211110,3.03,3.04,3.03,3.04,3.04,0.0,0.0,597292.96,181151.222,0.0283,0.93,4.6401,0.4809,1.5825,29438779.1241,21076551.4846,2049395.6739,89493888.5373,64072716.5132
601988.SH,20211111,3.04,3.07,3.03,3.07,3.04,0.03,0.9868,1135651.77,346466.916,0.0539,1.89,4.6859,0.4856,1.5981,29438779.1241,21076551.4846,2049395.6739,90377051.911,64705013.0577
601988.SH,20211112,3.07,3.07,3.05,3.06,3.07,-0.01,-0.3257,581560.56,177766.611,0.0276,0.8,4.6706,0.4841,1.5929,29438779.1241,21076551.4846,2049395.6739,90082664.1197,64494247.5429
601988.SH,20211115,3.05,3.06,3.05,3.06,3.06,0.0,0.0,595254.62,181924.825,0.0282,0.82,4.6706,0.4841,1.5929,29438779.1241,21076551.4846,2049395.6739,90082664.1197,64494247.5429
601988.SH,20211116,3.06,3.07,3.05,3.06,3.06,0.0,0.0,1001425.95,306553.56,0.0475,1.42,4.6706,0.4841,1.5929,29438779.1241,21076551.4846,2049395.6739,90082664.1197,64494247.5429
601988.SH,20211117,3.06,3.07,3.05,3.07,3.06,0.01,0.3268,794612.75,243255.397,0.0377,1.02,4.6859,0.4856,1.5981,29438779.1241,21076551.4846,2049395.6739,90377051.911,64705013.0577
601988.SH,20211118,3.06,3.07,3.05,3.06,3.07,-0.01,-0.3257,871710.27,266551.468,0.0414,1.06,4.6706,0.4841,1.5929,29438779.1241,21076551.4846,2049395.6739,90082664.1197,64494247.5429
601988.SH,20211119,3.06,3.07,3.05,3.06,3.06,0.0,0.0,637890.15,195327.826,0.0303,0.83,4.6706,0.4841,1.5929,29438779.1241,21076551.4846,2049395.6739,90082664.1197,64494247.5429
601988.SH,20211122,3.06,3.07,3.06,3.06,3.06,0.0,0.0,674594.75,206640.133,0.032,0.86,4.6706,0.4841,1.5929,29438779.1241,21076551.4846,2049395.6739,90082664.1197,64494247.5429
601988.SH,20211123,3.06,3.07,3.06,3.07,3.06,0.01,0.3268,834702.31,255892.054,0.0396,1.05,4.6859,0.4856,1.5981,29438779.1241,21076551.4846,2049395.6739,90377051.911,64705013.0577
601988.SH,20211124,3.06,3.08,3.06,3.08,3.07,0.01,0.3257,1157404.33,355170.767,0.0549,1.52,4.7012,0.4872,1.6033,29438779.1241,21076551.4846,2049395.6739,90671439.7022,64915778.5726
601988.SH,20211125,3.07,3.08,3.06,3.08,3.08,0.0,0.0,824152.65,252992.173,0.0391,0.99,4.7012,0.4872,1.6033,29438779.1241,21076551.4846,2049395.6739,90671439.7022,64915778.5726
601988.SH,20211126,3.07,3.08,3.06,3.07,3.08,-0.01,-0.3247,529599.76,162295.679,0.0251,0.64,4.6859,0.4856,1.5981,29438779.1241,21076551.4846,2049395.6739,90377051.911,64705013.0577
601988.SH,20211129,3.06,3.07,3.05,3.06,3.07,-0.01,-0.3257,973599.78,297908.501,0.0462,1.21,4.6706,0.4841,1.5929,29438779.1241,21076551.4846,2049395.6739,90082664.1197,64494247.5429
601988.SH,20211130,3.06,3.06,3.04,3.05,3.06,-0.01,-0.3268,1189472.4,362709.276,0.0564,1.38,4.6554,0.4825,1.5877,29438779.1241,21076551.4846,2049395.6739,89788276.3285,64283482.028
601988.SH,20211201,3.04,3.06,3.04,3.06,3.05,0.01,0.3279,639299.43,195195.322,0.0303,0.68,4.6706,0.4841,1.5929,29438779.1241,21076551.4846,2049395.6739,90082664.1197,64494247.5429
601988.SH,20211202,3.06,3.06,3.05,3.05,3.06,-0.01,-0.3268,1084449.5,331087.363,0.0515,1.3,4.6554,0.4825,1.5877,29438779.1241,21076551.4846,2049395.6739,89788276.3285,64283482.028
601988.SH,20211203,3.06,3.06,3.05,3.06,3.05,0.01,0.3279,794741.8,242852.581,0.0377,0.9,4.6706,0.4841,1.5929,29438779.1241,21076551.4846,2049395.6739,90082664.1197,64494247.5429
601988.SH,20211206,3.06,3.07,3.05,3.06,3.06,0.0,0.0,1239875.58,379534.091,0.0588,1.32,4.6706,0.4841,1.5929,29438779.1241,21076551.4846,2049395.6739,90082664.1197,64494247.5429
601988.SH,20211207,3.07,3.07,3.05,3.07,3.06,0.01,0.3268,1044947.32,319958.87,0.0496,1.06,4.6859,0.4856,1.5981,29438779.1241,21076551.4846,2049395.6739,90377051.911,64705013.0577
601988.SH,20211208,3.06,3.07,3.05,3.06,3.07,-0.01,-0.3257,1204631.74,368167.04,0.0572,1.25,4.6706,0.4841,1.5929,29438779.1241,21076551.4846,2049395.6739,90082664.1197,64494247.5429
601988.SH,20211209,3.06,3.08,3.05,3.07,3.06,0.01,0.3268,1624295.88,498293.665,0.0771,1.51,4.6859,0.4856,1.5981,29438779.1241,21076551.4846,2049395.6739,90377051.911,64705013.0577
601988.SH,20211210,3.07,3.07,3.06,3.07,3.07,0.0,0.0,1262723.49,387051.345,0.0599,1.07,4.6859,0.4856,1.5981,29438779.1241,21076551.4846,2049395.6739,90377051.911,64705013.0577
601988.SH,20211213,3.07,3.07,3.06,3.06,3.07,-0.01,-0.3257,1022849.01,313561.74,0.0485,0.8,4.6706,0.4841,1.5929,29438779.1241,21076551.4846,2049395.6739,90082664.1197,64494247.5429
601988.SH,20211214,3.06,3.07,3.05,3.05,3.06,-0.01,-0.3268,731395.42,223621.184,0.0347,0.59,4.6554,0.4825,1.5877,29438779.1241,21076551.4846,2049395.6739,89788276.3285,64283482.028
601988.SH,20211215,3.05,3.06,3.05,3.05,3.05,0.0,0.0,837706.62,255807.65,0.0397,0.72,4.6554,0.4825,1.5877,29438779.1241,21076551.4846,2049395.6739,89788276.3285,64283482.028
601988.SH,20211216,3.05,3.06,3.05,3.05,3.05,0.0,0.0,1013560.4,309489.922,0.0481,0.92,4.6554,0.4825,1.5877,29438779.1241,21076551.4846,2049395.6739,89788276.3285,64283482.028
601988.SH,20211217,3.05,3.06,3.05,3.06,3.05,0.01,0.3279,882266.65,269437.975,0.0419,0.91,4.6706,0.4841,1.5929,29438779.1241,21076551.4846,2049395.6739,90082664.1197,64494247.5429
601988.SH,20211220,3.05,3.06,3.04,3.05,3.06,-0.01,-0.3268,962789.4,293724.124,0.0457,1.07,4.6554,0.4825,1.5877,29438779.1241,21076551.4846,2049395.6739,89788276.3285,64283482.028
601988.SH,20211221,3.04,3.07,3.04,3.06,3.05,0.01,0.3279,1287984.81,393913.335,0.0611,1.45,4.6706,0.4841,1.5929,29438779.1241,21076551.4846,2049395.6739,90082664.1197,64494247.5429
601988.SH,20211222,3.06,3.07,3.05,3.06,3.06,0.0,0.0,1102474.25,337503.707,0.0523,1.11,4.6706,0.4841,1.5929,29438779.1241,21076551.4846,2049395.6739,90082664.1197,64494247.5429
601988.SH,20211223,3.06,3.07,3.05,3.06,3.06,0.0,0.0,810387.37,248147.856,0.0384,0.77,4.6706,0.4841,1.5929,29438779.1241,21076551.4846,2049395.6739,90082664.1197,64494247.5429
601988.SH,20211224,3.06,3.07,3.05,3.05,3.06,-0.01,-0.3268,651110.92,199146.234,0.0309,0.65,4.6554,0.4825,1.5877,29438779.1241,21076551.4846,2049395.6739,89788276.3285,64283482.028
601988.SH,20211227,3.05,3.06,3.05,3.06,3.05,0.01,0.3279,715925.41,218716.271,0.034,0.74,4.6706,0.4841,1.5929,29438779.1241,21076551.4846,2049395.6739,90082664.1197,64494247.5429
601988.SH,20211228,3.06,3.07,3.05,3.07,3.06,0.01,0.3268,1014259.94,310746.286,0.0481,1.11,4.6859,0.4856,1.5981,29438779.1241,21076551.4846,2049395.6739,90377051.911,64705013.0577
601988.SH,20211229,3.06,3.07,3.05,3.05,3.07,-0.02,-0.6515,828136.75,253264.233,0.0393,0.96,4.6554,0.4825,1.5877,29438779.1241,21076551.4846,2049395.6739,89788276.3285,64283482.028
601988.SH,20211230,3.06,3.06,3.05,3.05,3.05,0.0,0.0,789926.62,241339.462,0.0375,0.98,4.6554,0.4825,1.5877,29438779.1241,21076551.4846,2049395.6739,89788276.3285,64283482.028
601988.SH,20211231,3.05,3.06,3.05,3.05,3.05,0.0,0.0,752906.03,229935.027,0.0357,0.94,4.6554,0.4825,1.5877,29438779.1241,21076551.4846,2049395.6739,89788276.3285,64283482.028
601988.SH,20220104,3.06,3.07,3.05,3.07,3.05,0.02,0.6557,1138933.19,348526.257,0.054,1.39,4.6859,0.4856,1.5981,29438779.1241,21076551.4846,2049395.6739,90377051.911,64705013.0577
601988.SH,20220105,3.07,3.1,3.06,3.09,3.07,0.02,0.6515,3129876.17,965536.103,0.1485,3.46,4.7164,0.4888,1.6085,29438779.1241,21076551.4846,2049395.6739,90965827.4935,65126544.0874
601988.SH,20220106,3.08,3.12,3.08,3.09,3.09,0.0,0.0,1877978.51,580596.961,0.0891,1.41,4.7164,0.4888,1.6085,29438779.1241,21076551.4846,2049395.6739,90965827.4935,65126544.0874
601988.SH,20220107,3.09,3.14,3.09,3.14,3.09,0.05,1.6181,3189363.14,995648.202,0.1513,2.07,4.7927,0.4967,1.6345,29438779.1241,21076551.4846,2049395.6739,92437766.4497,66180371.6616
601988.SH,20220110,3.14,3.16,3.11,3.13,3.14,-0.01,-0.3185,1546427.49,484417.958,0.0734,0.77,4.7775,0.4951,1.6293,29438779.1241,21076551.4846,2049395.6739,92143378.6584,65969606.1468
601988.SH,20220111,3.12,3.15,3.12,3.14,3.13,0.01,0.3195,1361507.6,427509.264,0.0646,0.63,4.7927,0.4967,1.6345,29438779.1241,21076551.4846,2049395.6739,92437766.4497,66180371.6616
601988.SH,20220112,3.14,3.14,3.1,3.12,3.14,-0.02,-0.6369,1906433.04,593872.351,0.0905,0.86,4.7622,0.4935,1.6241,29438779.1241,21076551.4846,2049395.6739,91848990.8672,65758840.632
601988.SH,20220113,3.11,3.15,3.11,3.14,3.12,0.02,0.641,1761834.26,552599.426,0.0836,0.89,4.7927,0.4967,1.6345,29438779.1241,21076551.4846,2049395.6739,92437766.4497,66180371.6616
601988.SH,20220114,3.14,3.14,3.08,3.09,3.14,-0.05,-1.5924,2066599.34,641366.242,0.0981,1.06,4.7164,0.4888,1.6085,29438779.1241,21076551.4846,2049395.6739,90965827.4935,65126544.0874
601988.SH,20220117,3.09,3.1,3.08,3.09,3.09,0.0,0.0,1142504.24,352678.538,0.0542,0.66,4.7164,0.4888,1.6085,29438779.1241,21076551.4846,2049395.6739,90965827.4935,65126544.0874
601988.SH,20220118,3.08,3.12,3.08,3.12,3.09,0.03,0.9709,1588659.83,492383.629,0.0754,0.96,4.7622,0.4935,1.6241,29438779.1241,21076551.4846,2049395.6739,91848990.8672,65758840.632
601988.SH,20220119,3.11,3.12,3.1,3.11,3.12,-0.01,-0.3205,979005.82,304238.08,0.0465,0.58,4.747,0.492,1.6189,29438779.1241,21076551.4846,2049395.6739,91554603.076,65548075.1171
601988.SH,20220120,3.11,3.13,3.1,3.12,3.11,0.01,0.3215,1917787.47,598884.978,0.091,1.27,4.7622,0.4935,1.6241,29438779.1241,21076551.4846,2049395.6739,91848990.8672,65758840.632
601988.SH,20220121,3.12,3.13,3.1,3.12,3.12,0.0,0.0,1718877.07,534736.638,0.0816,1.12,4.7622,0.4935,1.6241,29438779.1241,21076551.4846,2049395.6739,91848990.8672,65758840.632
601988.SH,20220124,3.12,3.12,3.1,3.12,3.12,0.0,0.0,1530089.96,476090.301,0.0726,1.04,4.7622,0.4935,1.6241,29438779.1241,21076551.4846,2049395.6739,91848990.8672,65758840.632
601988.SH,20220125,3.11,3.12,3.08,3.09,3.12,-0.03,-0.9615,1576828.12,488789.006,0.0748,1.02,4.7164,0.4888,1.6085,29438779.1241,21076551.4846,2049395.6739,90965827.4935,65126544.0874
601988.SH,20220126,3.09,3.1,3.08,3.09,3.09,0.0,0.0,923932.52,285604.292,0.0438,0.6,4.7164,0.4888,1.6085,29438779.1241,21076551.4846,2049395.6739,90965827.4935,65126544.0874
601988.SH,20220127,3.09,3.1,3.08,3.09,3.09,0.0,0.0,1276558.38,394455.818,0.0606,0.83,4.7164,0.4888,1.6085,29438779.1241,21076551.4846,2049395.6739,90965827.4935,65126544.0874
601988.SH,20220128,3.09,3.11,3.08,3.09,3.09,0.0,0.0,1503929.93,466098.023,0.0714,1.07,4.7164,0.4888,1.6085,29438779.1241,21076551.4846,2049395.6739,90965827.4935,65126544.0874
601988.SH,20220207,3.11,3.13,3.1,3.13,3.09,0.04,1.2945,1588775.19,495359.648,0.0754,1.17,4.7775,0.4951,1.6293,29438779.1241,21076551.4846,2049395.6739,92143378.6584,65969606.1468
601988.SH,20220208,3.12,3.18,3.12,3.17,3.13,0.04,1.278,2863036.24,902429.652,0.1358,2.08,4.8385,0.5015,1.6501,29438779.1241,21076551.4846,2049395.6739,93320929.8234,66812668.2062
601988.SH,20220209,3.17,3.19,3.16,3.16,3.17,-0.01,-0.3155,2347793.67,745320.957,0.1114,1.44,4.8233,0.4999,1.6449,29438779.1241,21076551.4846,2049395.6739,93026542.0322,66601902.6913
601988.SH,20220210,3.17,3.19,3.16,3.19,3.16,0.03,0.9494,1809835.78,575521.309,0.0859,0.94,4.8691,0.5046,1.6606,29438779.1241,21076551.4846,2049395.6739,93909705.4059,67234199.2359
601988.SH,20220211,3.19,3.2,3.18,3.19,3.19,0.0,0.0,1505630.26,481039.537,0.0714,0.74,4.8691,0.5046,1.6606,29438779.1241,21076551.4846,2049395.6739,93909705.4059,67234199.2359
601988.SH,20220214,3.19,3.19,3.15,3.17,3.19,-0.02,-0.627,1506864.39,477536.522,0.0715,0.74,4.8385,0.5015,1.6501,29438779.1241,21076551.4846,2049395.6739,93320929.8234,66812668.2062
601988.SH,20220215,3.16,3.18,3.14,3.15,3.17,-0.02,-0.6309,1182725.84,373307.321,0.0561,0.59,4.808,0.4983,1.6397,29438779.1241,21076551.4846,2049395.6739,92732154.2409,66391137.1765
601988.SH,20220216,3.16,3.18,3.15,3.17,3.15,0.02,0.6349,972884.01,307966.291,0.0462,0.58,4.8385,0.5015,1.6501,29438779.1241,21076551.4846,2049395.6739,93320929.8234,66812668.2062
601988.SH,20220217,3.17,3.2,3.16,3.18,3.17,0.01,0.3155,1685778.59,537253.603,0.08,1.21,4.8538,0.503,1.6554,29438779.1241,21076551.4846,2049395.6739,93615317.6146,67023433.721
601988.SH,20220218,3.18,3.2,3.16,3.2,3.18,0.02,0.6289,1550365.0,492883.82,0.0736,1.13,4.8843,0.5062,1.6658,29438779.1241,21076551.4846,2049395.6739,94204093.1971,67444964.7507
601988.SH,20220221,3.19,3.19,3.16,3.18,3.2,-0.02,-0.625,1282485.37,406962.716,0.0608,0.93,4.8538,0.503,1.6554,29438779.1241,21076551.4846,2049395.6739,93615317.6146,67023433.721
601988.SH,20220222,3.17,3.18,3.16,3.17,3.18,-0.01,-0.3145,875274.37,277310.917,0.0415,0.66,4.8385,0.5015,1.6501,29438779.1241,21076551.4846,2049395.6739,93320929.8234,66812668.2062
601988.SH,20220223,3.17,3.18,3.15,3.16,3.17,-0.01,-0.3155,1005425.97,317779.931,0.0477,0.79,4.8233,0.4999,1.6449,29438779.1241,21076551.4846,2049395.6739,93026542.0322,66601902.6913
601988.SH,20220224,3.15,3.16,3.1,3.11,3.16,-0.05,-1.5823,2077172.01,649737.942,0.0986,1.62,4.747,0.492,1.6189,29438779.1241,21076551.4846,2049395.6739,91554603.076,65548075.1171
601988.SH,20220225,3.12,3.14,3.1,3.11,3.11,0.0,0.0,1415746.24,440864.429,0.0672,1.04,4.747,0.492,1.6189,29438779.1241,21076551.4846,2049395.6739,91554603.076,65548075.1171
601988.SH,20220228,3.11,3.12,3.09,3.1,3.11,-0.01,-0.3215,1600033.9,495851.148,0.0759,1.2,4.7317,0.4904,1.6137,29438779.1241,21076551.4846,2049395.6739,91260215.2847,65337309.6023
601988.SH,20220301,3.11,3.13,3.1,3.12,3.1,0.02,0.6452,1352588.79,421047.647,0.0642,0.97,4.7622,0.4935,1.6241,29438779.1241,21076551.4846,2049395.6739,91848990.8672,65758840.632
601988.SH,20220302,3.12,3.15,3.11,3.13,3.12,0.01,0.3205,1400138.92,438180.708,0.0664,0.94,4.7775,0.4951,1.6293,29438779.1241,21076551.4846,2049395.6739,92143378.6584,65969606.1468
601988.SH,20220303,3.13,3.16,3.13,3.15,3.13,0.02,0.639,1374157.76,432082.36,0.0652,0.88,4.808,0.4983,1.6397,29438779.1241,21076551.4846,2049395.6739,92732154.2409,66391137.1765
601988.SH,20220304,3.15,3.16,3.14,3.15,3.15,0.0,0.0,1560240.83,490908.221,0.074,1.09,4.808,0.4983,1.6397,29438779.1241,21076551.4846,2049395.6739,92732154.2409,66391137.1765
601988.SH,20220307,3.14,3.15,3.12,3.13,3.15,-0.02,-0.6349,1360415.16,426283.66,0.0645,0.93,4.7775,0.4951,1.6293,29438779.1241,21076551.4846,2049395.6739,92143378.6584,65969606.1468
601988.SH,20220308,3.12,3.14,3.1,3.1,3.13,-0.03,-0.9585,1500377.44,467690.817,0.0712,1.06,4.7317,0.4904,1.6137,29438779.1241,21076551.4846,2049395.6739,91260215.2847,65337309.6023
601988.SH,20220309,3.1,3.11,3.04,3.08,3.1,-0.02,-0.6452,2660491.55,820162.507,0.1262,1.85,4.7012,0.4872,1.6033,29438779.1241,21076551.4846,2049395.6739,90671439.7022,64915778.5726
601988.SH,20220310,3.09,3.1,3.08,3.08,3.08,0.0,0.0,1101012.25,339963.853,0.0522,0.65,4.7012,0.4872,1.6033,29438779.1241,21076551.4846,2049395.6739,90671439.7022,64915778.5726
601988.SH,20220311,3.08,3.11,3.06,3.1,3.08,0.02,0.6494,1789426.5,550569.534,0.0849,1.09,4.7317,0.4904,1.6137,29438779.1241,21076551.4846,2049395.6739,91260215.2847,65337309.6023
601988.SH,20220314,3.08,3.12,3.07,3.09,3.1,-0.01,-0.3226,1576585.15,489277.432,0.0748,0.94,4.7164,0.4888,1.6085,29438779.1241,21076551.4846,2049395.6739,90965827.4935,65126544.0874
601988.SH,20220315,3.09,3.09,3.02,3.03,3.09,-0.06,-1.9417,2902299.85,886628.898,0.1377,1.68,4.6249,0.4793,1.5773,29438779.1241,21076551.4846,2049395.6739,89199500.746,63861950.9983
601988.SH,20220316,3.04,3.08,3.02,3.07,3.03,0.04,1.3201,2194095.53,668104.914,0.1041,1.09,4.6859,0.4856,1.5981,29438779.1241,21076551.4846,2049395.6739,90377051.911,64705013.0577
601988.SH,20220317,3.08,3.09,3.05,3.06,3.07,-0.01,-0.3257,1987681.46,609118.28,0.0943,1.04,4.6706,0.4841,1.5929,29438779.1241,21076551.4846,2049395.6739,90082664.1197,64494247.5429
601988.SH,20220318,3.06,3.11,3.05,3.1,3.06,0.04,1.3072,2512425.58,774921.756,0.1192,1.2,4.7317,0.4904,1.6137,29438779.1241,21076551.4846,2049395.6739,91260215.2847,65337309.6023
601988.SH,20220321,3.09,3.11,3.08,3.09,3.1,-0.01,-0.3226,1245683.53,385459.331,0.0591,0.56,4.7164,0.4888,1.6085,29438779.1241,21076551.4846,2049395.6739,90965827.4935,65126544.0874
601988.SH,20220322,3.1,3.17,3.09,3.15,3.09,0.06,1.9417,2532815.71,793545.98,0.1202,1.17,4.808,0.4983,1.6397,29438779.1241,21076551.4846,2049395.6739,92732154.2409,66391137.1765
601988.SH,20220323,3.15,3.15,3.11,3.14,3.15,-0.01,-0.3175,1363386.69,426729.724,0.0647,0.65,4.7927,0.4967,1.6345,29438779.1241,21076551.4846,2049395.6739,92437766.4497,66180371.6616
601988.SH,20220324,3.13,3.15,3.12,3.14,3.14,0.0,0.0,783666.36,245783.194,0.0372,0.41,4.7927,0.4967,1.6345,29438779.1241,21076551.4846,2049395.6739,92437766.4497,66180371.6616
601988.SH,20220325,3.14,3.17,3.12,3.16,3.14,0.02,0.6369,1551892.28,488504.987,0.0736,0.92,4.8233,0.4999,1.6449,29438779.1241,21076551.4846,2049395.6739,93026542.0322,66601902.6913
601988.SH,20220328,3.14,3.17,3.13,3.17,3.16,0.01,0.3165,1114548.63,351775.699,0.0529,0.75,4.8385,0.5015,1.6501,29438779.1241,21076551.4846,2049395.6739,93320929.8234,66812668.2062
601988.SH,20220329,3.16,3.19,3.16,3.19,3.17,0.02,0.6309,1647421.2,523856.326,0.0782,1.12,4.8691,0.5046,1.6606,29438779.1241,21076551.4846,2049395.6739,93909705.4059,67234199.2359
601988.SH,20220330,3.2,3.22,3.19,3.22,3.19,0.03,0.9404,2352249.62,753942.705,0.1116,1.82,4.3772,0.4974,1.5654,29438779.1241,21076551.4846,2049395.6739,94792868.7796,67866495.7804
601988.SH,20220331,3.22,3.28,3.21,3.27,3.22,0.05,1.5528,3526742.02,1149498.483,0.1673,2.37,4.4452,0.5052,1.5897,29438779.1241,21076551.4846,2049395.6739,96264807.7358,68920323.3546
601988.SH,20220401,3.26,3.29,3.24,3.29,3.27,0.02,0.6116,2433420.12,794861.405,0.1155,1.19,4.4724,0.5082,1.5994,29438779.1241,21076551.4846,2049395.6739,96853583.3183,69341854.3843
601988.SH,20220406,3.28,3.31,3.26,3.3,3.29,0.01,0.304,2376669.89,781954.555,0.1128,1.07,4.486,0.5098,1.6043,29438779.1241,21076551.4846,2049395.6739,97147971.1095,69552619.8992
601988.SH,20220407,3.3,3.32,3.26,3.28,3.3,-0.02,-0.6061,2351079.54,774553.384,0.1115,0.95,4.4588,0.5067,1.5945,29438779.1241,21076551.4846,2049395.6739,96559195.527,69131088.8695
601988.SH,20220408,3.28,3.3,3.27,3.29,3.28,0.01,0.3049,1620981.59,533237.824,0.0769,0.62,4.4724,0.5082,1.5994,29438779.1241,21076551.4846,2049395.6739,96853583.3183,69341854.3843
601988.SH,20220411,3.3,3.31,3.28,3.28,3.29,-0.01,-0.304,1874242.93,616933.3,0.0889,0.76,4.4588,0.5067,1.5945,29438779.1241,21076551.4846,2049395.6739,96559195.527,69131088.8695
601988.SH,20220412,3.28,3.3,3.26,3.3,3.28,0.02,0.6098,1935632.5,635588.475,0.0918,0.91,4.486,0.5098,1.6043,29438779.1241,21076551.4846,2049395.6739,97147971.1095,69552619.8992
601988.SH,20220413,3.29,3.33,3.28,3.29,3.3,-0.01,-0.303,1667786.12,551324.181,0.0791,0.82,4.4724,0.5082,1.5994,29438779.1241,21076551.4846,2049395.6739,96853583.3183,69341854.3843
601988.SH,20220414,3.3,3.32,3.28,3.28,3.29,-0.01,-0.304,1176845.03,387262.673,0.0558,0.62,4.4588,0.5067,1.5945,29438779.1241,21076551.4846,2049395.6739,96559195.527,69131088.8695
601988.SH,20220415,3.28,3.29,3.27,3.28,3.28,0.0,0.0,1055084.51,346450.141,0.0501,0.64,4.4588,0.5067,1.5945,29438779.1241,21076551.4846,2049395.6739,96559195.527,69131088.8695
601988.SH,20220418,3.27,3.28,3.21,3.23,3.28,-0.05,-1.5244,1803161.14,583829.35,0.0856,1.17,4.3908,0.499,1.5702,29438779.1241,21076551.4846,2049395.6739,95087256.5708,68077261.2953
601988.SH,20220419,3.22,3.26,3.22,3.26,3.23,0.03,0.9288,1235753.31,400006.557,0.0586,0.81,4.4316,0.5036,1.5848,29438779.1241,21076551.4846,2049395.6739,95970419.9446,68709557.8398
601988.SH,20220420,3.26,3.28,3.25,3.27,3.26,0.01,0.3067,1260555.26,412264.385,0.0598,0.91,4.4452,0.5052,1.5897,29438779.1241,21076551.4846,2049395.6739,96264807.7358,68920323.3546
601988.SH,20220421,3.27,3.3,3.26,3.27,3.27,0.0,0.0,1627307.43,534212.907,0.0772,1.25,4.4452,0.5052,1.5897,29438779.1241,21076551.4846,2049395.6739,96264807.7358,68920323.3546
601988.SH,20220422,3.26,3.32,3.25,3.3,3.27,0.03,0.9174,1956260.86,645425.514,0.0928,1.4,4.486,0.5098,1.6043,29438779.1241,21076551.4846,2049395.6739,97147971.1095,69552619.8992
601988.SH,20220425,3.29,3.33,3.27,3.27,3.3,-0.03,-0.9091,2908495.32,960324.343,0.138,1.84,4.4452,0.5052,1.5897,29438779.1241,21076551.4846,2049395.6739,96264807.7358,68920323.3546
601988.SH,20220426,3.28,3.3,3.26,3.28,3.27,0.01,0.3058,2155325.3,706699.835,0.1023,1.2,4.4588,0.5067,1.5945,29438779.1241,21076551.4846,2049395.6739,96559195.527,69131088.8695
601988.SH,20220427,3.28,3.29,3.21,3.23,3.28,-0.05,-1.5244,2177417.45,706174.67,0.1033,1.1,4.3908,0.499,1.5702,29438779.1241,21076551.4846,2049395.6739,95087256.5708,68077261.2953
601988.SH,20220428,3.23,3.28,3.22,3.26,3.23,0.03,0.9288,2210528.68,717916.914,0.1049,1.02,4.4316,0.5036,1.5848,29438779.1241,21076551.4846,2049395.6739,95970419.9446,68709557.8398
601988.SH,20220429,3.26,3.27,3.21,3.23,3.26,-0.03,-0.9202,3714350.31,1203757.346,0.1762,1.63,4.3908,0.499,1.5702,29438779.1241,21076551.4846,2049395.6739,95087256.5708,68077261.2953
601988.SH,20220505,3.24,3.25,3.2,3.23,3.23,0.0,0.0,2373570.24,764311.269,0.1126,0.9,4.3908,0.4876,1.5702,29438779.1241,21076551.4846,2049395.6739,95087256.5708,68077261.2953
601988.SH,20220506,3.21,3.22,3.18,3.19,3.23,-0.04,-1.2384,1437636.3,459558.54,0.0682,0.57,4.3364,0.4816,1.5508,29438779.1241,21076551.4846,2049395.6739,93909705.4059,67234199.2359
601988.SH,20220509,3.19,3.2,3.18,3.19,3.19,0.0,0.0,1091372.92,347904.015,0.0518,0.46,4.3364,0.4816,1.5508,29438779.1241,21076551.4846,2049395.6739,93909705.4059,67234199.2359
601988.SH,20220510,3.18,3.2,3.16,3.2,3.19,0.01,0.3135,1758089.92,559570.539,0.0834,0.81,4.35,0.4831,1.5557,29438779.1241,21076551.4846,2049395.6739,94204093.1971,67444964.7507
601988.SH,20220511,3.2,3.21,3.19,3.2,3.2,0.0,0.0,1319967.63,422028.477,0.0626,0.64,4.35,0.4831,1.5557,29438779.1241,21076551.4846,2049395.6739,94204093.1971,67444964.7507
601988.SH,20220512,3.19,3.2,3.19,3.2,3.2,0.0,0.0,904584.59,288956.418,0.0429,0.57,4.35,0.4831,1.5557,29438779.1241,21076551.4846,2049395.6739,94204093.1971,67444964.7507
601988.SH,20220513,3.2,3.21,3.19,3.21,3.2,0.01,0.3125,986056.11,315575.352,0.0468,0.76,4.3636,0.4846,1.5605,29438779.1241,21076551.4846,2049395.6739,94498480.9884,67655730.2656
601988.SH,20220516,3.21,3.21,3.18,3.19,3.21,-0.02,-0.6231,1072134.5,342379.054,0.0509,0.88,4.3364,0.4816,1.5508,29438779.1241,21076551.4846,2049395.6739,93909705.4059,67234199.2359
601988.SH,20220517,3.2,3.21,3.19,3.2,3.19,0.01,0.3135,1024449.83,327874.68,0.0486,0.85,4.35,0.4831,1.5557,29438779.1241,21076551.4846,2049395.6739,94204093.1971,67444964.7507
601988.SH,20220518,3.2,3.2,3.18,3.19,3.2,-0.01,-0.3125,907015.76,289519.898,0.043,0.85,4.3364,0.4816,1.5508,29438779.1241,21076551.4846,2049395.6739,93909705.4059,67234199.2359
601988.SH,20220519,3.18,3.19,3.17,3.18,3.19,-0.01,-0.3135,1053012.93,334949.034,0.05,1.08,4.3229,0.4801,1.5459,29438779.1241,21076551.4846,2049395.6739,93615317.6146,67023433.721
601988.SH,20220520,3.19,3.21,3.18,3.19,3.18,0.01,0.3145,1386563.49,442944.822,0.0658,1.37,4.3364,0.4816,1.5508,29438779.1241,21076551.4846,2049395.6739,93909705.4059,67234199.2359
601988.SH,20220523,3.2,3.21,3.19,3.2,3.19,0.01,0.3135,1027282.78,328278.84,0.0487,0.94,4.35,0.4831,1.5557,29438779.1241,21076551.4846,2049395.6739,94204093.1971,67444964.7507
601988.SH,20220524,3.19,3.2,3.19,3.2,3.2,0.0,0.0,912248.91,291493.144,0.0433,0.84,4.35,0.4831,1.5557,29438779.1241,21076551.4846,2049395.6739,94204093.1971,67444964.7507
601988.SH,20220525,3.19,3.21,3.19,3.2,3.2,0.0,0.0,1275209.25,408139.546,0.0605,1.21,4.35,0.4831,1.5557,29438779.1241,21076551.4846,2049395.6739,94204093.1971,67444964.7507
601988.SH,20220526,3.2,3.21,3.2,3.21,3.2,0.01,0.3125,1049466.65,336514.653,0.0498,0.93,4.3636,0.4846,1.5605,29438779.1241,21076551.4846,2049395.6739,94498480.9884,67655730.2656
601988.SH,20220527,3.21,3.22,3.2,3.22,3.21,0.01,0.3115,1075850.02,345609.077,0.051,0.95,4.3772,0.4861,1.5654,29438779.1241,21076551.4846,2049395.6739,94792868.7796,67866495.7804
601988.SH,20220530,3.21,3.22,3.19,3.2,3.22,-0.02,-0.6211,1762627.01,565134.449,0.0836,1.65,4.35,0.4831,1.5557,29438779.1241,21076551.4846,2049395.6739,94204093.1971,67444964.7507
601988.SH,20220531,3.19,3.2,3.19,3.19,3.2,-0.01,-0.3125,1152578.48,368073.957,0.0547,0.95,4.3364,0.4816,1.5508,29438779.1241,21076551.4846,2049395.6739,93909705.4059,67234199.2359
601988.SH,20220601,3.19,3.2,3.18,3.19,3.19,0.0,0.0,1058388.63,337705.262,0.0502,0.84,4.3364,0.4816,1.5508,29438779.1241,21076551.4846,2049395.6739,93909705.4059,67234199.2359
601988.SH,20220602,3.19,3.2,3.18,3.19,3.19,0.0,0.0,675854.31,215798.067,0.0321,0.55,4.3364,0.4816,1.5508,29438779.1241,21076551.4846,2049395.6739,93909705.4059,67234199.2359
601988.SH,20220606,3.19,3.2,3.18,3.18,3.19,-0.01,-0.3135,1323916.71,421408.996,0.0628,1.16,4.3229,0.4801,1.5459,29438779.1241,21076551.4846,2049395.6739,93615317.6146,67023433.721
601988.SH,20220607,3.19,3.19,3.17,3.19,3.18,0.01,0.3145,966588.59,307508.564,0.0459,0.81,4.3364,0.4816,1.5508,29438779.1241,21076551.4846,2049395.6739,93909705.4059,67234199.2359
601988.SH,20220608,3.19,3.2,3.18,3.19,3.19,0.0,0.0,985392.32,313912.554,0.0468,0.95,4.3364,0.4816,1.5508,29438779.1241,21076551.4846,2049395.6739,93909705.4059,67234199.2359
601988.SH,20220609,3.19,3.21,3.18,3.21,3.19,0.02,0.627,1337470.91,427103.862,0.0635,1.33,4.3636,0.4846,1.5605,29438779.1241,21076551.4846,2049395.6739,94498480.9884,67655730.2656
601988.SH,20220610,3.2,3.23,3.19,3.23,3.21,0.02,0.6231,1972813.67,632422.609,0.0936,1.86,4.3908,0.4876,1.5702,29438779.1241,21076551.4846,2049395.6739,95087256.5708,68077261.2953
601988.SH,20220613,3.21,3.23,3.19,3.21,3.23,-0.02,-0.6192,1290628.79,413956.269,0.0612,0.98,4.3636,0.4846,1.5605,29438779.1241,21076551.4846,2049395.6739,94498480.9884,67655730.2656
601988.SH,20220614,3.21,3.23,3.19,3.23,3.21,0.02,0.6231,1462810.59,469614.098,0.0694,1.12,4.3908,0.4876,1.5702,29438779.1241,21076551.4846,2049395.6739,95087256.5708,68077261.2953
601988.SH,20220615,3.23,3.26,3.22,3.23,3.23,0.0,0.0,1967404.44,637934.362,0.0933,1.4,4.3908,0.4876,1.5702,29438779.1241,21076551.4846,2049395.6739,95087256.5708,68077261.2953
601988.SH,20220616,3.24,3.25,3.22,3.23,3.23,0.0,0.0,1481403.47,478499.5,0.0703,0.92,4.3908,0.4876,1.5702,29438779.1241,21076551.4846,2049395.6739,95087256.5708,68077261.2953
601988.SH,20220617,3.23,3.24,3.22,3.23,3.23,0.0,0.0,1394221.82,449990.895,0.0662,0.85,4.3908,0.4876,1.5702,29438779.1241,21076551.4846,2049395.6739,95087256.5708,68077261.2953
601988.SH,20220620,3.23,3.23,3.21,3.22,3.23,-0.01,-0.3096,1020640.84,328846.688,0.0484,0.67,4.3772,0.4861,1.5654,29438779.1241,21076551.4846,2049395.6739,94792868.7796,67866495.7804
601988.SH,20220621,3.22,3.26,3.21,3.25,3.22,0.03,0.9317,1417337.87,458131.565,0.0672,0.97,4.418,0.4906,1.58,29438779.1241,21076551.4846,2049395.6739,95676032.1533,68498792.325
601988.SH,20220622,3.25,3.26,3.23,3.23,3.25,-0.02,-0.6154,1246481.56,404662.821,0.0591,0.86,4.3908,0.4876,1.5702,29438779.1241,21076551.4846,2049395.6739,95087256.5708,68077261.2953
601988.SH,20220623,3.24,3.25,3.23,3.25,3.23,0.02,0.6192,1118152.07,362774.365,0.0531,0.85,4.418,0.4906,1.58,29438779.1241,21076551.4846,2049395.6739,95676032.1533,68498792.325
601988.SH,20220624,3.25,3.26,3.24,3.25,3.25,0.0,0.0,1303050.41,422822.231,0.0618,1.05,4.418,0.4906,1.58,29438779.1241,21076551.4846,2049395.6739,95676032.1533,68498792.325
601988.SH,20220627,3.25,3.26,3.24,3.25,3.25,0.0,0.0,1423878.28,463310.375,0.0676,1.17,4.418,0.4906,1.58,29438779.1241,21076551.4846,2049395.6739,95676032.1533,68498792.325
601988.SH,20220628,3.25,3.26,3.24,3.25,3.25,0.0,0.0,1248816.05,405223.71,0.0593,0.96,4.418,0.4906,1.58,29438779.1241,21076551.4846,2049395.6739,95676032.1533,68498792.325
601988.SH,20220629,3.24,3.26,3.24,3.26,3.25,0.01,0.3077,1452629.52,472691.017,0.0689,1.15,4.4316,0.4921,1.5848,29438779.1241,21076551.4846,2049395.6739,95970419.9446,68709557.8398
601988.SH,20220630,3.25,3.27,3.25,3.26,3.26,0.0,0.0,1327410.63,432402.841,0.063,1.01,4.4316,0.4921,1.5848,29438779.1241,21076551.4846,2049395.6739,95970419.9446,68709557.8398
601988.SH,20220701,3.26,3.27,3.26,3.26,3.26,0.0,0.0,1078273.6,351953.578,0.0512,0.8,4.4316,0.4921,1.5848,29438779.1241,21076551.4846,2049395.6739,95970419.9446,68709557.8398
601988.SH,20220704,3.27,3.3,3.26,3.29,3.26,0.03,0.9202,1582789.52,518535.27,0.0751,1.21,4.4724,0.4967,1.5994,29438779.1241,21076551.4846,2049395.6739,96853583.3183,69341854.3843
601988.SH,20220705,3.29,3.31,3.28,3.3,3.29,0.01,0.304,1097017.16,361547.073,0.052,0.82,4.486,0.4982,1.6043,29438779.1241,21076551.4846,2049395.6739,97147971.1095,69552619.8992
601988.SH,20220706,3.31,3.31,3.29,3.29,3.3,-0.01,-0.303,1552081.2,512435.676,0.0736,1.19,4.4724,0.4967,1.5994,29438779.1241,21076551.4846,2049395.6739,96853583.3183,69341854.3843
601988.SH,20220707,3.3,3.3,3.29,3.29,3.29,0.0,0.0,966177.87,318371.741,0.0458,0.73,4.4724,0.4967,1.5994,29438779.1241,21076551.4846,2049395.6739,96853583.3183,69341854.3843
601988.SH,20220708,3.3,3.31,3.29,3.3,3.29,0.01,0.304,1302412.01,430204.399,0.0618,1.04,4.486,0.4982,1.6043,29438779.1241,21076551.4846,2049395.6739,97147971.1095,69552619.8992
601988.SH,20220711,3.31,3.34,3.3,3.32,3.3,0.02,0.6061,1922687.22,638698.372,0.0912,1.48,4.5132,0.5012,1.614,29438779.1241,21076551.4846,2049395.6739,97736746.692,69974150.9289
601988.SH,20220712,3.33,3.35,3.32,3.33,3.32,0.01,0.3012,2239213.78,747128.336,0.1062,1.64,4.5268,0.5027,1.6189,29438779.1241,21076551.4846,2049395.6739,98031134.4833,70184916.4437
601988.SH,20220713,3.33,3.34,3.28,3.29,3.33,-0.04,-1.2012,2253516.39,744480.797,0.1069,1.41,4.4724,0.4967,1.5994,29438779.1241,21076551.4846,2049395.6739,96853583.3183,69341854.3843
601988.SH,20220714,3.27,3.28,3.21,3.23,3.29,-0.06,-1.8237,2257078.08,729058.647,0.1071,1.3,4.3908,0.4876,1.5702,29438779.1241,21076551.4846,2049395.6739,95087256.5708,68077261.2953
601988.SH,20220715,3.03,3.04,3.0,3.0,3.01,-0.01,-0.3322,2732321.04,825123.172,0.1296,1.37,4.0782,0.4685,1.4584,29438779.1241,21076551.4846,2049395.6739,88316337.3723,63229654.4538
601988.SH,20220718,3.01,3.03,3.0,3.02,3.0,0.02,0.6667,1346136.4,406519.027,0.0639,0.59,4.1054,0.4716,1.4681,29438779.1241,21076551.4846,2049395.6739,88905112.9548,63651185.4835
601988.SH,20220719,3.03,3.05,3.02,3.04,3.02,0.02,0.6623,1026814.08,312021.625,0.0487,0.47,4.1325,0.4748,1.4779,29438779.1241,21076551.4846,2049395.6739,89493888.5373,64072716.5132
601988.SH,20220720,3.06,3.08,3.05,3.08,3.04,0.04,1.3158,984143.46,301960.621,0.0467,0.51,4.1869,0.481,1.4973,29438779.1241,21076551.4846,2049395.6739,90671439.7022,64915778.5726
601988.SH,20220721,3.09,3.1,3.06,3.06,3.08,-0.02,-0.6494,1132972.49,348151.717,0.0538,0.68,4.1597,0.4779,1.4876,29438779.1241,21076551.4846,2049395.6739,90082664.1197,64494247.5429
601988.SH,20220722,3.06,3.08,3.06,3.08,3.06,0.02,0.6536,739609.09,227453.482,0.0351,0.51,4.1869,0.481,1.4973,29438779.1241,21076551.4846,2049395.6739,90671439.7022,64915778.5726
601988.SH,20220725,3.08,3.09,3.07,3.09,3.08,0.01,0.3247,542273.94,167336.229,0.0257,0.52,4.2005,0.4826,1.5022,29438779.1241,21076551.4846,2049395.6739,90965827.4935,65126544.0874
601988.SH,20220726,3.09,3.12,3.09,3.11,3.09,0.02,0.6472,1211885.61,376155.69,0.0575,1.37,4.2277,0.4857,1.5119,29438779.1241,21076551.4846,2049395.6739,91554603.076,65548075.1171
601988.SH,20220727,3.11,3.11,3.09,3.09,3.11,-0.02,-0.6431,914838.43,283170.97,0.0434,0.99,4.2005,0.4826,1.5022,29438779.1241,21076551.4846,2049395.6739,90965827.4935,65126544.0874
601988.SH,20220728,3.09,3.09,3.06,3.07,3.09,-0.02,-0.6472,991493.43,305334.183,0.047,1.09,4.1733,0.4795,1.4925,29438779.1241,21076551.4846,2049395.6739,90377051.911,64705013.0577
601988.SH,20220729,3.07,3.07,3.05,3.06,3.07,-0.01,-0.3257,1232863.11,377401.101,0.0585,1.4,4.1597,0.4779,1.4876,29438779.1241,21076551.4846,2049395.6739,90082664.1197,64494247.5429
601988.SH,20220801,3.05,3.06,3.04,3.04,3.06,-0.02,-0.6536,1267544.95,386510.455,0.0601,1.3,4.1325,0.4748,1.4779,29438779.1241,21076551.4846,2049395.6739,89493888.5373,64072716.5132
601988.SH,20220802,3.04,3.04,3.02,3.02,3.04,-0.02,-0.6579,1181619.7,357467.022,0.0561,1.05,4.1054,0.4716,1.4681,29438779.1241,21076551.4846,2049395.6739,88905112.9548,63651185.4835
601988.SH,20220803,3.03,3.04,3.01,3.01,3.02,-0.01,-0.3311,1415790.51,428109.906,0.0672,1.27,4.0918,0.4701,1.4633,29438779.1241,21076551.4846,2049395.6739,88610725.1635,63440419.9686
601988.SH,20220804,3.02,3.04,3.01,3.03,3.01,0.02,0.6645,721698.36,218484.721,0.0342,0.59,4.1189,0.4732,1.473,29438779.1241,21076551.4846,2049395.6739,89199500.746,63861950.9983
601988.SH,20220805,3.04,3.05,3.03,3.04,3.03,0.01,0.33,801236.99,243529.732,0.038,0.69,4.1325,0.4748,1.4779,29438779.1241,21076551.4846,2049395.6739,89493888.5373,64072716.5132
601988.SH,20220808,3.05,3.05,3.03,3.03,3.04,-0.01,-0.3289,626319.23,190169.653,0.0297,0.58,4.1189,0.4732,1.473,29438779.1241,21076551.4846,2049395.6739,89199500.746,63861950.9983
601988.SH,20220809,3.03,3.04,3.02,3.02,3.03,-0.01,-0.33,513543.12,155540.306,0.0244,0.54,4.1054,0.4716,1.4681,29438779.1241,21076551.4846,2049395.6739,88905112.9548,63651185.4835
601988.SH,20220810,3.03,3.04,3.02,3.02,3.02,0.0,0.0,521572.06,157976.499,0.0247,0.64,4.1054,0.4716,1.4681,29438779.1241,21076551.4846,2049395.6739,88905112.9548,63651185.4835
601988.SH,20220811,3.03,3.05,3.02,3.05,3.02,0.03,0.9934,741878.83,225465.715,0.0352,1.16,4.1461,0.4763,1.4827,29438779.1241,21076551.4846,2049395.6739,89788276.3285,64283482.028
601988.SH,20220812,3.05,3.05,3.03,3.04,3.05,-0.01,-0.3279,904343.7,274960.977,0.0429,1.41,4.1325,0.4748,1.4779,29438779.1241,21076551.4846,2049395.6739,89493888.5373,64072716.5132
601988.SH,20220815,3.04,3.05,3.03,3.03,3.04,-0.01,-0.3289,748721.24,227312.469,0.0355,1.13,4.1189,0.4732,1.473,29438779.1241,21076551.4846,2049395.6739,89199500.746,63861950.9983
601988.SH,20220816,3.03,3.05,3.03,3.03,3.03,0.0,0.0,676074.3,205351.362,0.0321,0.99,4.1189,0.4732,1.473,29438779.1241,21076551.4846,2049395.6739,89199500.746,63861950.9983
601988.SH,20220817,3.04,3.04,3.03,3.04,3.03,0.01,0.33,785670.86,238454.817,0.0373,1.09,4.1325,0.4748,1.4779,29438779.1241,21076551.4846,2049395.6739,89493888.5373,64072716.5132
601988.SH,20220818,3.04,3.04,3.02,3.02,3.04,-0.02,-0.6579,800634.91,242708.546,0.038,1.04,4.1054,0.4716,1.4681,29438779.1241,21076551.4846,2049395.6739,88905112.9548,63651185.4835
601988.SH,20220819,3.02,3.04,3.02,3.03,3.02,0.01,0.3311,904151.01,273882.082,0.0429,1.15,4.1189,0.4732,1.473,29438779.1241,21076551.4846,2049395.6739,89199500.746,63861950.9983
601988.SH,20220822,3.02,3.03,3.02,3.02,3.03,-0.01,-0.33,869236.24,262865.548,0.0412,1.11,4.1054,0.4559,1.4681,29438779.1241,21076551.4846,2049395.6739,88905112.9548,63651185.4835
601988.SH,20220823,3.02,3.03,3.01,3.01,3.02,-0.01,-0.3311,754293.39,227874.558,0.0358,0.93,4.0918,0.4544,1.4633,29438779.1241,21076551.4846,2049395.6739,88610725.1635,63440419.9686
601988.SH,20220824,3.01,3.03,3.01,3.01,3.01,0.0,0.0,1068147.59,322362.911,0.0507,1.3,4.0918,0.4544,1.4633,29438779.1241,21076551.4846,2049395.6739,88610725.1635,63440419.9686
601988.SH,20220825,3.02,3.03,3.01,3.03,3.01,0.02,0.6645,810203.11,244483.139,0.0384,0.92,4.1189,0.4574,1.473,29438779.1241,21076551.4846,2049395.6739,89199500.746,63861950.9983
601988.SH,20220826,3.03,3.03,3.01,3.02,3.03,-0.01,-0.33,698775.82,211248.861,0.0332,0.79,4.1054,0.4559,1.4681,29438779.1241,21076551.4846,2049395.6739,88905112.9548,63651185.4835
601988.SH,20220829,3.02,3.03,3.01,3.02,3.02,0.0,0.0,981047.81,296512.995,0.0465,1.17,4.1054,0.4559,1.4681,29438779.1241,21076551.4846,2049395.6739,88905112.9548,63651185.4835
601988.SH,20220830,3.02,3.04,3.02,3.03,3.02,0.01,0.3311,915083.23,277467.943,0.0434,1.06,4.1189,0.4574,1.473,29438779.1241,21076551.4846,2049395.6739,89199500.746,63861950.9983
601988.SH,20220831,3.04,3.05,3.03,3.04,3.03,0.01,0.33,1249515.39,380269.453,0.0593,1.4,4.1325,0.4599,1.4779,29438779.1241,21076551.4846,2049395.6739,89493888.5373,64072716.5132
601988.SH,20220901,3.05,3.06,3.04,3.05,3.04,0.01,0.3289,960428.98,292907.492,0.0456,1.03,4.1461,0.4615,1.4827,29438779.1241,21076551.4846,2049395.6739,89788276.3285,64283482.028
601988.SH,20220902,3.06,3.06,3.04,3.04,3.05,-0.01,-0.3279,831026.86,253579.684,0.0394,0.86,4.1325,0.4599,1.4779,29438779.1241,21076551.4846,2049395.6739,89493888.5373,64072716.5132
601988.SH,20220905,3.04,3.06,3.04,3.05,3.04,0.01,0.3289,826608.79,252306.889,0.0392,0.84,4.1461,0.4615,1.4827,29438779.1241,21076551.4846,2049395.6739,89788276.3285,64283482.028
601988.SH,20220906,3.06,3.07,3.05,3.07,3.05,0.02,0.6557,916301.01,280799.092,0.0435,0.96,4.1733,0.4645,1.4925,29438779.1241,21076551.4846,2049395.6739,90377051.911,64705013.0577
601988.SH,20220907,3.07,3.07,3.06,3.06,3.07,-0.01,-0.3257,610967.11,187187.23,0.029,0.64,4.1597,0.463,1.4876,29438779.1241,21076551.4846,2049395.6739,90082664.1197,64494247.5429
601988.SH,20220908,3.07,3.07,3.06,3.06,3.06,0.0,0.0,444170.93,136127.395,0.0211,0.54,4.1597,0.463,1.4876,29438779.1241,21076551.4846,2049395.6739,90082664.1197,64494247.5429
601988.SH,20220909,3.07,3.09,3.06,3.08,3.06,0.02,0.6536,937803.93,288736.231,0.0445,1.29,4.1869,0.466,1.4973,29438779.1241,21076551.4846,2049395.6739,90671439.7022,64915778.5726
601988.SH,20220913,3.09,3.09,3.07,3.08,3.08,0.0,0.0,1097157.83,338050.953,0.0521,1.47,4.1869,0.466,1.4973,29438779.1241,21076551.4846,2049395.6739,90671439.7022,64915778.5726
601988.SH,20220914,3.07,3.08,3.07,3.07,3.08,-0.01,-0.3247,616672.47,189627.883,0.0293,0.77,4.1733,0.4645,1.4925,29438779.1241,21076551.4846,2049395.6739,90377051.911,64705013.0577
601988.SH,20220915,3.07,3.1,3.07,3.09,3.07,0.02,0.6515,1383729.57,426858.512,0.0657,1.87,4.2005,0.4675,1.5022,29438779.1241,21076551.4846,2049395.6739,90965827.4935,65126544.0874
601988.SH,20220916,3.1,3.1,3.05,3.05,3.09,-0.04,-1.2945,1301191.63,400150.686,0.0617,1.45,4.1461,0.4615,1.4827,29438779.1241,21076551.4846,2049395.6739,89788276.3285,64283482.028
601988.SH,20220919,3.06,3.08,3.05,3.08,3.05,0.03,0.9836,964134.85,296058.336,0.0457,0.9,4.1869,0.466,1.4973,29438779.1241,21076551.4846,2049395.6739,90671439.7022,64915778.5726
601988.SH,20220920,3.09,3.09,3.06,3.07,3.08,-0.01,-0.3247,1244749.85,382517.843,0.0591,1.16,4.1733,0.4645,1.4925,29438779.1241,21076551.4846,2049395.6739,90377051.911,64705013.0577
601988.SH,20220921,3.07,3.08,3.05,3.07,3.07,0.0,0.0,839920.47,257642.242,0.0399,0.76,4.1733,0.4645,1.4925,29438779.1241,21076551.4846,2049395.6739,90377051.911,64705013.0577
601988.SH,20220922,3.07,3.08,3.06,3.07,3.07,0.0,0.0,922223.19,283070.101,0.0438,0.8,4.1733,0.4645,1.4925,29438779.1241,21076551.4846,2049395.6739,90377051.911,64705013.0577
601988.SH,20220923,3.08,3.1,3.07,3.1,3.07,0.03,0.9772,1690343.02,522901.705,0.0802,1.6,4.2141,0.469,1.507,29438779.1241,21076551.4846,2049395.6739,91260215.2847,65337309.6023
601988.SH,20220926,3.1,3.11,3.06,3.06,3.1,-0.04,-1.2903,1403928.25,433971.96,0.0666,1.24,4.1597,0.463,1.4876,29438779.1241,21076551.4846,2049395.6739,90082664.1197,64494247.5429
601988.SH,20220927,3.07,3.08,3.05,3.05,3.06,-0.01,-0.3268,865792.87,264597.456,0.0411,0.71,4.1461,0.4615,1.4827,29438779.1241,21076551.4846,2049395.6739,89788276.3285,64283482.028
601988.SH,20220928,3.06,3.08,3.04,3.07,3.05,0.02,0.6557,1145319.08,351053.234,0.0543,1.0,4.1733,0.4645,1.4925,29438779.1241,21076551.4846,2049395.6739,90377051.911,64705013.0577
601988.SH,20220929,3.08,3.09,3.05,3.05,3.07,-0.02,-0.6515,968997.8,296788.549,0.046,0.8,4.1461,0.4615,1.4827,29438779.1241,21076551.4846,2049395.6739,89788276.3285,64283482.028
601988.SH,20220930,3.06,3.09,3.05,3.09,3.05,0.04,1.3115,1279615.07,394036.953,0.0607,1.05,4.2005,0.4675,1.5022,29438779.1241,21076551.4846,2049395.6739,90965827.4935,65126544.0874
601988.SH,20221010,3.08,3.09,3.06,3.07,3.09,-0.02,-0.6472,1208903.75,372302.258,0.0574,1.07,4.1733,0.4645,1.4925,29438779.1241,21076551.4846,2049395.6739,90377051.911,64705013.0577
601988.SH,20221011,3.07,3.08,3.06,3.06,3.07,-0.01,-0.3257,1077722.47,330481.244,0.0511,0.99,4.1597,0.463,1.4876,29438779.1241,21076551.4846,2049395.6739,90082664.1197,64494247.5429
601988.SH,20221012,3.06,3.08,3.05,3.07,3.06,0.01,0.3268,1189895.73,364716.529,0.0565,1.05,4.1733,0.4645,1.4925,29438779.1241,21076551.4846,2049395.6739,90377051.911,64705013.0577
601988.SH,20221013,3.06,3.07,3.05,3.05,3.07,-0.02,-0.6515,869556.64,266008.828,0.0413,0.76,4.1461,0.4615,1.4827,29438779.1241,21076551.4846,2049395.6739,89788276.3285,64283482.028
601988.SH,20221014,3.06,3.08,3.06,3.06,3.05,0.01,0.3279,943828.12,289406.939,0.0448,0.84,4.1597,0.463,1.4876,29438779.1241,21076551.4846,2049395.6739,90082664.1197,64494247.5429
601988.SH,20221017,3.06,3.06,3.05,3.05,3.06,-0.01,-0.3268,770513.47,235298.328,0.0366,0.73,4.1461,0.4615,1.4827,29438779.1241,21076551.4846,2049395.6739,89788276.3285,64283482.028
601988.SH,20221018,3.06,3.07,3.05,3.05,3.05,0.0,0.0,901809.36,275590.428,0.0428,0.93,4.1461,0.4615,1.4827,29438779.1241,21076551.4846,2049395.6739,89788276.3285,64283482.028
601988.SH,20221019,3.05,3.06,3.05,3.05,3.05,0.0,0.0,651836.49,198988.763,0.0309,0.7,4.1461,0.4615,1.4827,29438779.1241,21076551.4846,2049395.6739,89788276.3285,64283482.028
601988.SH,20221020,3.05,3.06,3.04,3.05,3.05,0.0,0.0,953152.41,290990.534,0.0452,1.15,4.1461,0.4615,1.4827,29438779.1241,21076551.4846,2049395.6739,89788276.3285,64283482.028
601988.SH,20221021,3.05,3.08,3.05,3.07,3.05,0.02,0.6557,1437752.02,441230.265,0.0682,1.7,4.1733,0.4645,1.4925,29438779.1241,21076551.4846,2049395.6739,90377051.911,64705013.0577
601988.SH,20221024,3.07,3.08,3.06,3.06,3.07,-0.01,-0.3257,1799277.07,552010.13,0.0854,1.91,4.1597,0.463,1.4876,29438779.1241,21076551.4846,2049395.6739,90082664.1197,64494247.5429
601988.SH,20221025,3.06,3.07,3.05,3.05,3.06,-0.01,-0.3268,1400102.65,428123.214,0.0664,1.22,4.1461,0.4615,1.4827,29438779.1241,21076551.4846,2049395.6739,89788276.3285,64283482.028
601988.SH,20221026,3.06,3.06,3.04,3.04,3.05,-0.01,-0.3279,1336359.73,407834.473,0.0634,1.07,4.1325,0.4599,1.4779,29438779.1241,21076551.4846,2049395.6739,89493888.5373,64072716.5132
601988.SH,20221027,3.05,3.05,3.03,3.03,3.04,-0.01,-0.3289,1398865.96,424853.118,0.0664,1.01,4.1189,0.4584,1.473,29438779.1241,21076551.4846,2049395.6739,89199500.746,63861950.9983
601988.SH,20221028,3.04,3.06,3.03,3.06,3.03,0.03,0.9901,1629960.8,497094.821,0.0773,1.11,4.1597,0.463,1.4876,29438779.1241,21076551.4846,2049395.6739,90082664.1197,64494247.5429
601988.SH,20221031,3.05,3.06,3.01,3.01,3.06,-0.05,-1.634,1811162.17,549176.008,0.0859,1.2,4.0918,0.4402,1.4633,29438779.1241,21076551.4846,2049395.6739,88610725.1635,63440419.9686
601988.SH,20221101,3.01,3.03,3.0,3.02,3.01,0.01,0.3322,1917922.62,577606.782,0.091,1.27,4.1054,0.4417,1.4681,29438779.1241,21076551.4846,2049395.6739,88905112.9548,63651185.4835
601988.SH,20221102,3.01,3.01,2.99,3.0,3.02,-0.02,-0.6623,1367968.43,410541.042,0.0649,0.85,4.0782,0.4388,1.4584,29438779.1241,21076551.4846,2049395.6739,88316337.3723,63229654.4538
601988.SH,20221103,3.0,3.02,2.99,3.01,3.0,0.01,0.3333,873946.41,262593.189,0.0415,0.54,4.0918,0.4402,1.4633,29438779.1241,21076551.4846,2049395.6739,88610725.1635,63440419.9686
601988.SH,20221104,3.01,3.04,3.01,3.04,3.01,0.03,0.9967,1106390.95,334853.621,0.0525,0.73,4.1325,0.4446,1.4779,29438779.1241,21076551.4846,2049395.6739,89493888.5373,64072716.5132
601988.SH,20221107,3.04,3.04,3.03,3.04,3.04,0.0,0.0,731082.47,222023.591,0.0347,0.52,4.1325,0.4446,1.4779,29438779.1241,21076551.4846,2049395.6739,89493888.5373,64072716.5132
601988.SH,20221108,3.04,3.04,3.02,3.04,3.04,0.0,0.0,1062047.1,322191.141,0.0504,0.89,4.1325,0.4446,1.4779,29438779.1241,21076551.4846,2049395.6739,89493888.5373,64072716.5132
601988.SH,20221109,3.03,3.04,3.03,3.04,3.04,0.0,0.0,547287.87,166042.191,0.026,0.53,4.1325,0.4446,1.4779,29438779.1241,21076551.4846,2049395.6739,89493888.5373,64072716.5132
601988.SH,20221110,3.03,3.05,3.01,3.05,3.04,0.01,0.3289,1453831.27,440130.614,0.069,1.68,4.1461,0.4461,1.4827,29438779.1241,21076551.4846,2049395.6739,89788276.3285,64283482.028
601988.SH,20221111,3.05,3.07,3.04,3.06,3.05,0.01,0.3279,1558853.89,476258.069,0.074,1.59,4.1597,0.4476,1.4876,29438779.1241,21076551.4846,2049395.6739,90082664.1197,64494247.5429
601988.SH,20221114,3.06,3.08,3.05,3.06,3.06,0.0,0.0,1510067.89,462985.857,0.0716,1.41,4.1597,0.4476,1.4876,29438779.1241,21076551.4846,2049395.6739,90082664.1197,64494247.5429
601988.SH,20221115,3.06,3.07,3.05,3.06,3.06,0.0,0.0,794513.28,243276.077,0.0377,0.65,4.1597,0.4476,1.4876,29438779.1241,21076551.4846,2049395.6739,90082664.1197,64494247.5429
601988.SH,20221116,3.06,3.07,3.05,3.05,3.06,-0.01,-0.3268,978878.58,298952.279,0.0464,0.83,4.1461,0.4461,1.4827,29438779.1241,21076551.4846,2049395.6739,89788276.3285,64283482.028
601988.SH,20221117,3.05,3.06,3.04,3.05,3.05,0.0,0.0,728873.04,222152.297,0.0346,0.58,4.1461,0.4461,1.4827,29438779.1241,21076551.4846,2049395.6739,89788276.3285,64283482.028
601988.SH,20221118,3.06,3.06,3.04,3.04,3.05,-0.01,-0.3279,877910.24,267779.202,0.0417,0.79,4.1325,0.4446,1.4779,29438779.1241,21076551.4846,2049395.6739,89493888.5373,64072716.5132
601988.SH,20221121,3.04,3.06,3.04,3.05,3.04,0.01,0.3289,785493.83,239604.172,0.0373,0.8,4.1461,0.4461,1.4827,29438779.1241,21076551.4846,2049395.6739,89788276.3285,64283482.028
601988.SH,20221122,3.06,3.08,3.05,3.08,3.05,0.03,0.9836,1939276.5,595660.16,0.092,2.33,4.1869,0.4505,1.4973,29438779.1241,21076551.4846,2049395.6739,90671439.7022,64915778.5726
601988.SH,20221123,3.08,3.11,3.06,3.1,3.08,0.02,0.6494,2515605.52,777759.288,0.1194,2.37,4.2141,0.4534,1.507,29438779.1241,21076551.4846,2049395.6739,91260215.2847,65337309.6023
601988.SH,20221124,3.11,3.11,3.09,3.09,3.1,-0.01,-0.3226,779071.98,241183.417,0.037,0.57,4.2005,0.4519,1.5022,29438779.1241,21076551.4846,2049395.6739,90965827.4935,65126544.0874
601988.SH,20221125,3.1,3.14,3.09,3.13,3.09,0.04,1.2945,2121216.18,662401.343,0.1006,1.54,4.2549,0.4578,1.5216,29438779.1241,21076551.4846,2049395.6739,92143378.6584,65969606.1468
601988.SH,20221128,3.11,3.12,3.08,3.11,3.13,-0.02,-0.639,1732962.77,536711.805,0.0822,1.06,4.2277,0.4549,1.5119,29438779.1241,21076551.4846,2049395.6739,91554603.076,65548075.1171
601988.SH,20221129,3.11,3.15,3.11,3.14,3.11,0.03,0.9646,1914444.99,599958.254,0.0908,1.05,4.2685,0.4593,1.5265,29438779.1241,21076551.4846,2049395.6739,92437766.4497,66180371.6616
601988.SH,20221130,3.14,3.16,3.12,3.15,3.14,0.01,0.3185,2285970.84,718036.955,0.1085,1.26,4.2821,0.4607,1.5313,29438779.1241,21076551.4846,2049395.6739,92732154.2409,66391137.1765
601988.SH,20221201,3.15,3.16,3.1,3.1,3.15,-0.05,-1.5873,1783816.57,557677.467,0.0846,1.01,4.2141,0.4534,1.507,29438779.1241,21076551.4846,2049395.6739,91260215.2847,65337309.6023
601988.SH,20221202,3.11,3.12,3.1,3.1,3.1,0.0,0.0,1118918.61,347639.874,0.0531,0.57,4.2141,0.4534,1.507,29438779.1241,21076551.4846,2049395.6739,91260215.2847,65337309.6023
601988.SH,20221205,3.12,3.15,3.11,3.15,3.1,0.05,1.6129,1727242.63,541253.816,0.082,0.98,4.2821,0.4607,1.5313,29438779.1241,21076551.4846,2049395.6739,92732154.2409,66391137.1765
601988.SH,20221206,3.14,3.16,3.13,3.15,3.15,0.0,0.0,1379662.24,434937.358,0.0655,0.78,4.2821,0.4607,1.5313,29438779.1241,21076551.4846,2049395.6739,92732154.2409,66391137.1765
601988.SH,20221207,3.16,3.17,3.14,3.14,3.15,-0.01,-0.3175,1517047.3,479096.533,0.072,0.91,4.2685,0.4593,1.5265,29438779.1241,21076551.4846,2049395.6739,92437766.4497,66180371.6616
601988.SH,20221208,3.15,3.18,3.14,3.16,3.14,0.02,0.6369,1491808.76,471756.597,0.0708,0.99,4.2957,0.4622,1.5362,29438779.1241,21076551.4846,2049395.6739,93026542.0322,66601902.6913
601988.SH,20221209,3.17,3.17,3.15,3.16,3.16,0.0,0.0,1107358.37,350398.847,0.0525,0.77,4.2957,0.4622,1.5362,29438779.1241,21076551.4846,2049395.6739,93026542.0322,66601902.6913
601988.SH,20221212,3.15,3.16,3.13,3.13,3.16,-0.03,-0.9494,941537.02,296213.51,0.0447,0.65,4.2549,0.4578,1.5216,29438779.1241,21076551.4846,2049395.6739,92143378.6584,65969606.1468
601988.SH,20221213,3.13,3.17,3.13,3.16,3.13,0.03,0.9585,1034979.67,326991.263,0.0491,0.8,4.2957,0.4622,1.5362,29438779.1241,21076551.4846,2049395.6739,93026542.0322,66601902.6913
601988.SH,20221214,3.17,3.17,3.15,3.16,3.16,0.0,0.0,1128268.37,356749.565,0.0535,0.93,4.2957,0.4622,1.5362,29438779.1241,21076551.4846,2049395.6739,93026542.0322,66601902.6913
601988.SH,20221215,3.17,3.17,3.14,3.14,3.16,-0.02,-0.6329,753095.6,237349.326,0.0357,0.66,4.2685,0.4593,1.5265,29438779.1241,21076551.4846,2049395.6739,92437766.4497,66180371.6616
601988.SH,20221216,3.14,3.18,3.13,3.18,3.14,0.04,1.2739,953673.57,301482.947,0.0452,0.96,4.3229,0.4651,1.5459,29438779.1241,21076551.4846,2049395.6739,93615317.6146,67023433.721
601988.SH,20221219,3.17,3.19,3.15,3.15,3.18,-0.03,-0.9434,985336.46,311767.824,0.0468,1.02,4.2821,0.4607,1.5313,29438779.1241,21076551.4846,2049395.6739,92732154.2409,66391137.1765
601988.SH,20221220,3.15,3.16,3.13,3.13,3.15,-0.02,-0.6349,1057496.13,332377.237,0.0502,1.09,4.2549,0.4578,1.5216,29438779.1241,21076551.4846,2049395.6739,92143378.6584,65969606.1468
601988.SH,20221221,3.13,3.14,3.12,3.12,3.13,-0.01,-0.3195,647085.49,202430.414,0.0307,0.66,4.2413,0.4563,1.5168,29438779.1241,21076551.4846,2049395.6739,91848990.8672,65758840.632
601988.SH,20221222,3.14,3.16,3.12,3.14,3.12,0.02,0.641,884058.74,277527.071,0.0419,1.01,4.2685,0.4593,1.5265,29438779.1241,21076551.4846,2049395.6739,92437766.4497,66180371.6616
601988.SH,20221223,3.13,3.14,3.12,3.13,3.14,-0.01,-0.3185,671856.5,210587.93,0.0319,0.74,4.2549,0.4578,1.5216,29438779.1241,21076551.4846,2049395.6739,92143378.6584,65969606.1468
601988.SH,20221226,3.13,3.13,3.11,3.11,3.13,-0.02,-0.639,740867.66,231389.46,0.0352,0.87,4.2277,0.4549,1.5119,29438779.1241,21076551.4846,2049395.6739,91554603.076,65548075.1171
601988.SH,20221227,3.13,3.15,3.12,3.15,3.11,0.04,1.2862,683853.1,214558.738,0.0324,0.85,4.2821,0.4607,1.5313,29438779.1241,21076551.4846,2049395.6739,92732154.2409,66391137.1765
601988.SH,20221228,3.15,3.17,3.14,3.16,3.15,0.01,0.3175,783309.48,247678.765,0.0372,1.08,4.2957,0.4622,1.5362,29438779.1241,21076551.4846,2049395.6739,93026542.0322,66601902.6913
601988.SH,20221229,3.17,3.17,3.14,3.15,3.16,-0.01,-0.3165,1244770.33,392806.531,0.0591,1.65,4.2821,0.4607,1.5313,29438779.1241,21076551.4846,2049395.6739,92732154.2409,66391137.1765
601988.SH,20221230,3.17,3.17,3.15,3.16,3.15,0.01,0.3175,1220204.86,386011.424,0.0579,1.48,4.2957,0.4622,1.5362,29438779.1241,21076551.4846,2049395.6739,93026542.0322,66601902.6913
601988.SH,20230103,3.17,3.17,3.15,3.16,3.16,0.0,0.0,1311103.42,413906.538,0.0622,1.4,4.2957,0.4622,1.5362,29438779.1241,21076551.4846,2049395.6739,93026542.0322,66601902.6913
601988.SH,20230104,3.16,3.21,3.16,3.2,3.16,0.04,1.2658,2007336.67,640825.711,0.0952,1.91,4.35,0.468,1.5557,29438779.1241,21076551.4846,2049395.6739,94204093.1971,67444964.7507
601988.SH,20230105,3.21,3.23,3.2,3.2,3.2,0.0,0.0,1180471.36,379146.671,0.056,0.9,4.35,0.468,1.5557,29438779.1241,21076551.4846,2049395.6739,94204093.1971,67444964.7507
601988.SH,20230106,3.21,3.22,3.18,3.21,3.2,0.01,0.3125,1258526.54,402754.304,0.0597,0.9,4.3636,0.4695,1.5605,29438779.1241,21076551.4846,2049395.6739,94498480.9884,67655730.2656
601988.SH,20230109,3.21,3.22,3.19,3.19,3.21,-0.02,-0.6231,835155.52,267453.283,0.0396,0.6,4.3364,0.4666,1.5508,29438779.1241,21076551.4846,2049395.6739,93909705.4059,67234199.2359
601988.SH,20230110,3.2,3.2,3.18,3.18,3.19,-0.01,-0.3135,665470.32,211969.67,0.0316,0.5,4.3229,0.4651,1.5459,29438779.1241,21076551.4846,2049395.6739,93615317.6146,67023433.721
601988.SH,20230111,3.18,3.2,3.18,3.19,3.18,0.01,0.3145,790227.72,252398.091,0.0375,0.66,4.3364,0.4666,1.5508,29438779.1241,21076551.4846,2049395.6739,93909705.4059,67234199.2359
601988.SH,20230112,3.2,3.2,3.18,3.19,3.19,0.0,0.0,851896.31,271935.627,0.0404,0.9,4.3364,0.4666,1.5508,29438779.1241,21076551.4846,2049395.6739,93909705.4059,67234199.2359
601988.SH,20230113,3.2,3.23,3.19,3.23,3.19,0.04,1.2539,1216541.68,392007.104,0.0577,1.38,4.3908,0.4724,1.5702,29438779.1241,21076551.4846,2049395.6739,95087256.5708,68077261.2953
601988.SH,20230116,3.23,3.25,3.21,3.21,3.23,-0.02,-0.6192,1505223.92,485319.563,0.0714,1.73,4.3636,0.4695,1.5605,29438779.1241,21076551.4846,2049395.6739,94498480.9884,67655730.2656
601988.SH,20230117,3.21,3.22,3.2,3.22,3.21,0.01,0.3115,966106.7,310436.879,0.0458,0.96,4.3772,0.471,1.5654,29438779.1241,21076551.4846,2049395.6739,94792868.7796,67866495.7804
601988.SH,20230118,3.23,3.23,3.21,3.21,3.22,-0.01,-0.3106,779469.66,250814.906,0.037,0.73,4.3636,0.4695,1.5605,29438779.1241,21076551.4846,2049395.6739,94498480.9884,67655730.2656
601988.SH,20230119,3.22,3.22,3.2,3.22,3.21,0.01,0.3115,608903.65,195517.211,0.0289,0.57,4.3772,0.471,1.5654,29438779.1241,21076551.4846,2049395.6739,94792868.7796,67866495.7804
601988.SH,20230120,3.22,3.23,3.21,3.22,3.22,0.0,0.0,751513.39,241712.862,0.0357,0.74,4.3772,0.471,1.5654,29438779.1241,21076551.4846,2049395.6739,94792868.7796,67866495.7804
601988.SH,20230130,3.24,3.25,3.21,3.23,3.22,0.01,0.3106,1499125.74,484302.796,0.0711,1.63,4.3908,0.4724,1.5702,29438779.1241,21076551.4846,2049395.6739,95087256.5708,68077261.2953
601988.SH,20230131,3.23,3.24,3.22,3.22,3.23,-0.01,-0.3096,886045.96,285709.655,0.042,0.96,4.3772,0.471,1.5654,29438779.1241,21076551.4846,2049395.6739,94792868.7796,67866495.7804
601988.SH,20230201,3.22,3.23,3.2,3.22,3.22,0.0,0.0,1089135.28,349685.066,0.0517,1.2,4.3772,0.471,1.5654,29438779.1241,21076551.4846,2049395.6739,94792868.7796,67866495.7804
601988.SH,20230202,3.22,3.22,3.2,3.21,3.22,-0.01,-0.3106,959029.99,307753.627,0.0455,0.99,4.3636,0.4695,1.5605,29438779.1241,21076551.4846,2049395.6739,94498480.9884,67655730.2656
601988.SH,20230203,3.21,3.22,3.2,3.21,3.21,0.0,0.0,1009759.24,323874.423,0.0479,0.97,4.3636,0.4695,1.5605,29438779.1241,21076551.4846,2049395.6739,94498480.9884,67655730.2656
601988.SH,20230206,3.2,3.21,3.19,3.2,3.21,-0.01,-0.3115,1115250.91,356937.014,0.0529,1.02,4.35,0.468,1.5557,29438779.1241,21076551.4846,2049395.6739,94204093.1971,67444964.7507
601988.SH,20230207,3.2,3.21,3.19,3.19,3.2,-0.01,-0.3125,656962.19,210030.183,0.0312,0.65,4.3364,0.4666,1.5508,29438779.1241,21076551.4846,2049395.6739,93909705.4059,67234199.2359
601988.SH,20230208,3.2,3.21,3.19,3.2,3.19,0.01,0.3135,484099.0,155065.326,0.023,0.5,4.35,0.468,1.5557,29438779.1241,21076551.4846,2049395.6739,94204093.1971,67444964.7507
601988.SH,20230209,3.21,3.21,3.2,3.21,3.2,0.01,0.3125,513338.9,164587.913,0.0244,0.61,4.3636,0.4695,1.5605,29438779.1241,21076551.4846,2049395.6739,94498480.9884,67655730.2656
601988.SH,20230210,3.21,3.23,3.2,3.23,3.21,0.02,0.6231,747220.5,240295.875,0.0355,0.99,4.3908,0.4724,1.5702,29438779.1241,21076551.4846,2049395.6739,95087256.5708,68077261.2953
601988.SH,20230213,3.23,3.23,3.21,3.21,3.23,-0.02,-0.6192,800935.85,257456.049,0.038,1.14,4.3636,0.4695,1.5605,29438779.1241,21076551.4846,2049395.6739,94498480.9884,67655730.2656
601988.SH,20230214,3.21,3.22,3.2,3.2,3.21,-0.01,-0.3115,696871.57,223563.795,0.0331,1.09,4.35,0.468,1.5557,29438779.1241,21076551.4846,2049395.6739,94204093.1971,67444964.7507
601988.SH,20230215,3.21,3.21,3.2,3.2,3.2,0.0,0.0,366488.2,117398.55,0.0174,0.57,4.35,0.468,1.5557,29438779.1241,21076551.4846,2049395.6739,94204093.1971,67444964.7507
601988.SH,20230216,3.2,3.23,3.2,3.21,3.2,0.01,0.3125,1236484.47,397946.661,0.0587,1.98,4.3636,0.4695,1.5605,29438779.1241,21076551.4846,2049395.6739,94498480.9884,67655730.2656
601988.SH,20230217,3.22,3.23,3.21,3.22,3.21,0.01,0.3115,793857.89,255695.435,0.0377,1.03,4.3772,0.471,1.5654,29438779.1241,21076551.4846,2049395.6739,94792868.7796,67866495.7804
601988.SH,20230220,3.22,3.24,3.22,3.24,3.22,0.02,0.6211,770843.85,249036.143,0.0366,0.99,4.4044,0.4739,1.5751,29438779.1241,21076551.4846,2049395.6739,95381644.3621,68288026.8101
601988.SH,20230221,3.24,3.24,3.23,3.24,3.24,0.0,0.0,608526.08,196828.002,0.0289,0.79,4.4044,0.4739,1.5751,29438779.1241,21076551.4846,2049395.6739,95381644.3621,68288026.8101
601988.SH,20230222,3.24,3.24,3.23,3.23,3.24,-0.01,-0.3086,529397.66,171242.563,0.0251,0.7,4.3908,0.4724,1.5702,29438779.1241,21076551.4846,2049395.6739,95087256.5708,68077261.2953
601988.SH,20230223,3.24,3.24,3.22,3.23,3.23,0.0,0.0,981251.9,317326.191,0.0466,1.25,4.3908,0.4724,1.5702,29438779.1241,21076551.4846,2049395.6739,95087256.5708,68077261.2953
601988.SH,20230224,3.24,3.24,3.22,3.22,3.23,-0.01,-0.3096,513981.86,165786.941,0.0244,0.7,4.3772,0.471,1.5654,29438779.1241,21076551.4846,2049395.6739,94792868.7796,67866495.7804
601988.SH,20230227,3.22,3.22,3.21,3.21,3.22,-0.01,-0.3106,576163.39,185263.775,0.0273,0.85,4.3636,0.4695,1.5605,29438779.1241,21076551.4846,2049395.6739,94498480.9884,67655730.2656
601988.SH,20230228,3.22,3.23,3.21,3.23,3.21,0.02,0.6231,853848.32,274898.437,0.0405,1.33,4.3908,0.4724,1.5702,29438779.1241,21076551.4846,2049395.6739,95087256.5708,68077261.2953
601988.SH,20230301,3.23,3.24,3.22,3.24,3.23,0.01,0.3096,741505.8,239855.792,0.0352,1.07,4.4044,0.4739,1.5751,29438779.1241,21076551.4846,2049395.6739,95381644.3621,68288026.8101
601988.SH,20230302,3.24,3.27,3.23,3.26,3.24,0.02,0.6173,1311114.06,426732.764,0.0622,1.79,4.4316,0.4768,1.5848,29438779.1241,21076551.4846,2049395.6739,95970419.9446,68709557.8398
601988.SH,20230303,3.27,3.32,3.26,3.31,3.26,0.05,1.5337,1889524.49,621160.021,0.0897,2.36,4.4996,0.4841,1.6091,29438779.1241,21076551.4846,2049395.6739,97442358.9008,69763385.414
601988.SH,20230306,3.31,3.33,3.3,3.31,3.31,0.0,0.0,1591905.98,526818.529,0.0755,1.48,4.4996,0.4841,1.6091,29438779.1241,21076551.4846,2049395.6739,97442358.9008,69763385.414
601988.SH,20230307,3.31,3.41,3.3,3.34,3.31,0.03,0.9063,3303852.25,1110272.008,0.1568,2.59,4.5404,0.4885,1.6237,29438779.1241,21076551.4846,2049395.6739,98325522.2745,70395681.9586
601988.SH,20230308,3.32,3.36,3.3,3.33,3.34,-0.01,-0.2994,1870850.97,620548.521,0.0888,1.06,4.5268,0.487,1.6189,29438779.1241,21076551.4846,2049395.6739,98031134.4833,70184916.4437
601988.SH,20230309,3.34,3.38,3.33,3.35,3.33,0.02,0.6006,2240441.4,753664.305,0.1063,1.12,4.554,0.49,1.6286,29438779.1241,21076551.4846,2049395.6739,98619910.0657,70606447.4734
601988.SH,20230310,3.33,3.36,3.3,3.3,3.35,-0.05,-1.4925,1324626.34,439828.402,0.0628,0.61,4.486,0.4827,1.6043,29438779.1241,21076551.4846,2049395.6739,97147971.1095,69552619.8992
601988.SH,20230313,3.29,3.33,3.28,3.32,3.3,0.02,0.6061,1246828.95,413339.728,0.0592,0.6,4.5132,0.4856,1.614,29438779.1241,21076551.4846,2049395.6739,97736746.692,69974150.9289
601988.SH,20230314,3.31,3.34,3.3,3.33,3.32,0.01,0.3012,1465602.6,486971.332,0.0695,0.73,4.5268,0.487,1.6189,29438779.1241,21076551.4846,2049395.6739,98031134.4833,70184916.4437
601988.SH,20230315,3.35,3.4,3.34,3.39,3.33,0.06,1.8018,2371502.06,800677.02,0.1125,1.46,4.6083,0.4958,1.648,29438779.1241,21076551.4846,2049395.6739,99797461.2307,71449509.5328
601988.SH,20230316,3.39,3.55,3.38,3.49,3.39,0.1,2.9499,5806905.27,2024098.209,0.2755,3.36,4.7443,0.5104,1.6966,29438779.1241,21076551.4846,2049395.6739,102741339.1431,73557164.6813
601988.SH,20230317,3.51,3.52,3.44,3.48,3.49,-0.01,-0.2865,4216271.33,1467270.279,0.2,1.73,4.7307,0.509,1.6918,29438779.1241,21076551.4846,2049395.6739,102446951.3519,73346399.1664
601988.SH,20230320,3.47,3.58,3.47,3.51,3.48,0.03,0.8621,4121499.34,1454729.718,0.1955,1.36,4.7715,0.5134,1.7064,29438779.1241,21076551.4846,2049395.6739,103330114.7256,73978695.7109
601988.SH,20230321,3.5,3.53,3.41,3.43,3.51,-0.08,-2.2792,3041802.08,1050289.378,0.1443,0.85,4.6627,0.5017,1.6675,29438779.1241,21076551.4846,2049395.6739,100975012.3957,72292571.5922
601988.SH,20230322,3.43,3.47,3.41,3.44,3.43,0.01,0.2915,2215914.41,762586.28,0.1051,0.57,4.6763,0.5031,1.6723,29438779.1241,21076551.4846,2049395.6739,101269400.1869,72503337.107
601988.SH,20230323,3.44,3.49,3.43,3.47,3.44,0.03,0.8721,1861473.46,644100.375,0.0883,0.48,4.7171,0.5075,1.6869,29438779.1241,21076551.4846,2049395.6739,102152563.5606,73135633.6516
601988.SH,20230324,3.48,3.48,3.4,3.4,3.47,-0.07,-2.0173,2463980.06,842952.081,0.1169,0.8,4.6219,0.4973,1.6529,29438779.1241,21076551.4846,2049395.6739,100091849.0219,71660275.0476
601988.SH,20230327,3.4,3.4,3.33,3.36,3.4,-0.04,-1.1765,2285192.48,766936.085,0.1084,0.83,4.5675,0.4914,1.6334,29438779.1241,21076551.4846,2049395.6739,98914297.857,70817212.9883
601988.SH,20230328,3.37,3.38,3.34,3.38,3.36,0.02,0.5952,1518535.05,510408.109,0.072,0.64,4.5947,0.4944,1.6432,29438779.1241,21076551.4846,2049395.6739,99503073.4395,71238744.0179
601988.SH,20230329,3.38,3.43,3.35,3.39,3.38,0.01,0.2959,2262288.68,768049.624,0.1073,1.09,4.6083,0.4958,1.648,29438779.1241,21076551.4846,2049395.6739,99797461.2307,71449509.5328
601988.SH,20230330,3.4,3.45,3.36,3.4,3.39,0.01,0.295,1915289.71,650020.069,0.0909,0.92,4.6219,0.4973,1.6529,29438779.1241,21076551.4846,2049395.6739,100091849.0219,71660275.0476
601988.SH,20230331,3.39,3.42,3.37,3.38,3.4,-0.02,-0.5882,1544588.17,523461.861,0.0733,0.74,4.3749,0.4835,1.6101,29438779.1241,21076551.4846,2049395.6739,99503073.4395,71238744.0179
601988.SH,20230403,3.38,3.39,3.35,3.36,3.38,-0.02,-0.5917,1746102.98,587196.841,0.0828,0.92,4.349,0.4806,1.6005,29438779.1241,21076551.4846,2049395.6739,98914297.857,70817212.9883
601988.SH,20230404,3.37,3.43,3.35,3.43,3.36,0.07,2.0833,2373692.05,806629.277,0.1126,1.32,4.4397,0.4906,1.6339,29438779.1241,21076551.4846,2049395.6739,100975012.3957,72292571.5922
601988.SH,20230406,3.42,3.46,3.41,3.44,3.43,0.01,0.2915,1452826.36,499347.926,0.0689,0.74,4.4526,0.4921,1.6386,29438779.1241,21076551.4846,2049395.6739,101269400.1869,72503337.107
601988.SH,20230407,3.44,3.45,3.41,3.43,3.44,-0.01,-0.2907,1184618.3,405827.065,0.0562,0.66,4.4397,0.4906,1.6339,29438779.1241,21076551.4846,2049395.6739,100975012.3957,72292571.5922
601988.SH,20230410,3.43,3.45,3.41,3.43,3.43,0.0,0.0,1506656.99,517364.659,0.0715,0.91,4.4397,0.4906,1.6339,29438779.1241,21076551.4846,2049395.6739,100975012.3957,72292571.5922
601988.SH,20230411,3.44,3.46,3.42,3.46,3.43,0.03,0.8746,1913724.54,658610.513,0.0908,1.16,4.4785,0.4949,1.6482,29438779.1241,21076551.4846,2049395.6739,101858175.7694,72924868.1367
601988.SH,20230412,3.46,3.53,3.45,3.49,3.46,0.03,0.8671,2772123.7,970973.344,0.1315,1.64,4.5173,0.4992,1.6625,29438779.1241,21076551.4846,2049395.6739,102741339.1431,73557164.6813
601988.SH,20230413,3.49,3.55,3.48,3.54,3.49,0.05,1.4327,2174726.83,765046.048,0.1032,1.23,4.582,0.5064,1.6863,29438779.1241,21076551.4846,2049395.6739,104213278.0993,74610992.2555
601988.SH,20230414,3.54,3.55,3.5,3.51,3.54,-0.03,-0.8475,1579226.06,555030.997,0.0749,0.83,4.5432,0.5021,1.672,29438779.1241,21076551.4846,2049395.6739,103330114.7256,73978695.7109
601988.SH,20230417,3.51,3.58,3.5,3.58,3.51,0.07,1.9943,2827087.2,1003303.32,0.1341,1.42,4.6338,0.5121,1.7053,29438779.1241,21076551.4846,2049395.6739,105390829.2643,75454054.3149
601988.SH,20230418,3.58,3.64,3.57,3.6,3.58,0.02,0.5587,2750662.62,990258.799,0.1305,1.22,4.6597,0.5149,1.7149,29438779.1241,21076551.4846,2049395.6739,105979604.8468,75875585.3446
601988.SH,20230419,3.6,3.64,3.58,3.61,3.6,0.01,0.2778,2171086.96,784313.4,0.103,0.9,4.6726,0.5164,1.7196,29438779.1241,21076551.4846,2049395.6739,106273992.638,76086350.8594
601988.SH,20230420,3.6,3.64,3.57,3.6,3.61,-0.01,-0.277,2293131.81,824103.069,0.1088,1.0,4.6597,0.5149,1.7149,29438779.1241,21076551.4846,2049395.6739,105979604.8468,75875585.3446
601988.SH,20230421,3.59,3.65,3.57,3.58,3.6,-0.02,-0.5556,2849431.73,1027665.986,0.1352,1.23,4.6338,0.5121,1.7053,29438779.1241,21076551.4846,2049395.6739,105390829.2643,75454054.3149
601988.SH,20230424,3.58,3.66,3.57,3.62,3.58,0.04,1.1173,3119252.42,1129540.003,0.148,1.21,4.6856,0.5178,1.7244,29438779.1241,21076551.4846,2049395.6739,106568380.4292,76297116.3743
601988.SH,20230425,3.64,3.71,3.63,3.67,3.62,0.05,1.3812,3353222.99,1232648.754,0.1591,1.27,4.7503,0.525,1.7482,29438779.1241,21076551.4846,2049395.6739,108040319.3854,77350943.9485
601988.SH,20230426,3.67,3.69,3.58,3.66,3.67,-0.01,-0.2725,3065624.28,1112093.927,0.1455,1.11,4.7374,0.5235,1.7434,29438779.1241,21076551.4846,2049395.6739,107745931.5942,77140178.4336
601988.SH,20230427,3.66,3.68,3.61,3.67,3.66,0.01,0.2732,1861135.52,679827.759,0.0883,0.63,4.7503,0.525,1.7482,29438779.1241,21076551.4846,2049395.6739,108040319.3854,77350943.9485
601988.SH,20230428,3.66,3.69,3.63,3.67,3.67,0.0,0.0,2267047.79,829750.349,0.1076,0.8,4.7503,0.525,1.7482,29438779.1241,21076551.4846,2049395.6739,108040319.3854,77350943.9485
601988.SH,20230504,3.65,3.97,3.65,3.94,3.67,0.27,7.3569,6310700.23,2427606.078,0.2994,2.31,5.0998,0.5504,1.8768,29438779.1241,21076551.4846,2049395.6739,115988789.749,83041612.8493
601988.SH,20230505,3.93,4.18,3.93,4.08,3.94,0.14,3.5533,6652621.12,2711914.066,0.3156,1.97,5.281,0.5699,1.9435,29438779.1241,21076551.4846,2049395.6739,120110218.8263,85992330.0572
601988.SH,20230508,4.09,4.49,4.08,4.49,4.08,0.41,10.049,9413826.75,4109075.17,0.4466,2.34,5.8117,0.6272,2.1388,29438779.1241,21076551.4846,2049395.6739,132180118.2672,94633716.1659
601988.SH,20230509,4.65,4.77,4.43,4.56,4.49,0.07,1.559,13104165.99,5986730.011,0.6217,2.47,5.9023,0.637,2.1722,29438779.1241,21076551.4846,2049395.6739,134240832.8059,96109074.7698
601988.SH,20230510,4.45,4.5,4.24,4.31,4.56,-0.25,-5.4825,10782419.69,4670414.768,0.5116,1.43,5.5787,0.6021,2.0531,29438779.1241,21076551.4846,2049395.6739,126881138.0249,90839936.8986
601988.SH,20230511,4.26,4.31,4.13,4.16,4.31,-0.15,-3.4803,7842380.54,3295854.042,0.3721,0.85,5.3845,0.5811,1.9816,29438779.1241,21076551.4846,2049395.6739,122465321.1563,87678454.1759
601988.SH,20230512,4.15,4.2,4.1,4.16,4.16,0.0,0.0,5312458.28,2208027.496,0.2521,0.56,5.3845,0.5811,1.9816,29438779.1241,21076551.4846,2049395.6739,122465321.1563,87678454.1759
601988.SH,20230515,4.1,4.2,3.99,4.18,4.16,0.02,0.4808,7064615.45,2886385.623,0.3352,0.76,5.4104,0.5839,1.9911,29438779.1241,21076551.4846,2049395.6739,123054096.7387,88099985.2056
601988.SH,20230516,4.15,4.32,4.13,4.19,4.18,0.01,0.2392,6707519.51,2839012.82,0.3182,0.76,5.4234,0.5853,1.9959,29438779.1241,21076551.4846,2049395.6739,123348484.53,88310750.7205
601988.SH,20230517,4.16,4.22,4.08,4.15,4.19,-0.04,-0.9547,3549239.04,1470182.808,0.1684,0.47,5.3716,0.5797,1.9768,29438779.1241,21076551.4846,2049395.6739,122170933.365,87467688.6611
601988.SH,20230518,4.16,4.27,4.16,4.21,4.15,0.06,1.4458,4429865.11,1865666.852,0.2102,0.73,5.4493,0.5881,2.0054,29438779.1241,21076551.4846,2049395.6739,123937260.1125,88732281.7502
601988.SH,20230519,4.19,4.2,4.11,4.16,4.21,-0.05,-1.1876,2755126.33,1146749.592,0.1307,0.51,5.3845,0.5811,1.9816,29438779.1241,21076551.4846,2049395.6739,122465321.1563,87678454.1759
601988.SH,20230522,4.18,4.24,4.14,4.17,4.16,0.01,0.2404,2778606.61,1161156.078,0.1318,0.57,5.3975,0.5825,1.9864,29438779.1241,21076551.4846,2049395.6739,122759708.9475,87889219.6908
601988.SH,20230523,4.15,4.18,4.03,4.04,4.17,-0.13,-3.1175,3370495.86,1376125.089,0.1599,0.83,5.2292,0.5644,1.9244,29438779.1241,21076551.4846,2049395.6739,118932667.6614,85149267.9978
601988.SH,20230524,4.02,4.02,3.88,3.89,4.04,-0.15,-3.7129,4910284.0,1928988.992,0.233,1.45,5.0351,0.5434,1.853,29438779.1241,21076551.4846,2049395.6739,114516850.7927,81987785.2751
601988.SH,20230525,3.86,3.89,3.83,3.89,3.89,0.0,0.0,2809222.99,1084872.044,0.1333,0.77,5.0351,0.5434,1.853,29438779.1241,21076551.4846,2049395.6739,114516850.7927,81987785.2751
601988.SH,20230526,3.88,3.92,3.84,3.89,3.89,0.0,0.0,2386559.12,926560.578,0.1132,0.72,5.0351,0.5434,1.853,29438779.1241,21076551.4846,2049395.6739,114516850.7927,81987785.2751
601988.SH,20230529,3.89,4.02,3.88,3.98,3.89,0.09,2.3136,2975682.46,1177643.162,0.1412,0.92,5.1516,0.556,1.8959,29438779.1241,21076551.4846,2049395.6739,117166340.9139,83884674.9087
601988.SH,20230530,3.96,3.99,3.9,3.93,3.98,-0.05,-1.2563,2619029.67,1030834.024,0.1243,0.8,5.0868,0.549,1.8721,29438779.1241,21076551.4846,2049395.6739,115694401.9577,82830847.3345
601988.SH,20230531,3.93,3.94,3.88,3.9,3.93,-0.03,-0.7634,2055198.42,803105.09,0.0975,0.65,5.048,0.5448,1.8578,29438779.1241,21076551.4846,2049395.6739,114811238.584,82198550.7899
601988.SH,20230601,3.9,3.94,3.85,3.91,3.9,0.01,0.2564,2399584.27,934332.45,0.1139,0.93,5.0609,0.5462,1.8625,29438779.1241,21076551.4846,2049395.6739,115105626.3752,82409316.3048
601988.SH,20230602,3.91,3.94,3.86,3.89,3.91,-0.02,-0.5115,2486626.37,967912.106,0.118,1.0,5.0351,0.5434,1.853,29438779.1241,21076551.4846,2049395.6739,114516850.7927,81987785.2751
601988.SH,20230605,3.88,3.98,3.86,3.98,3.89,0.09,2.3136,3032749.1,1195835.783,0.1439,1.21,5.1516,0.556,1.8959,29438779.1241,21076551.4846,2049395.6739,117166340.9139,83884674.9087
601988.SH,20230606,3.96,4.07,3.95,3.99,3.98,0.01,0.2513,2876169.13,1156839.637,0.1365,1.14,5.1645,0.5574,1.9006,29438779.1241,21076551.4846,2049395.6739,117460728.7052,84095440.4236
601988.SH,20230607,4.0,4.08,3.99,4.04,3.99,0.05,1.2531,2468198.46,998043.407,0.1171,0.96,5.2292,0.5644,1.9244,29438779.1241,21076551.4846,2049395.6739,118932667.6614,85149267.9978
601988.SH,20230608,4.06,4.21,4.0,4.15,4.04,0.11,2.7228,3788193.09,1561889.101,0.1797,1.43,5.3716,0.5797,1.9768,29438779.1241,21076551.4846,2049395.6739,122170933.365,87467688.6611
601988.SH,20230609,4.15,4.18,4.09,4.13,4.15,-0.02,-0.4819,2732576.33,1129285.445,0.1297,0.93,5.3457,0.5769,1.9673,29438779.1241,21076551.4846,2049395.6739,121582157.7825,87046157.6314
601988.SH,20230612,4.11,4.12,4.02,4.04,4.13,-0.09,-2.1792,2697420.28,1094269.334,0.128,0.91,5.2292,0.5644,1.9244,29438779.1241,21076551.4846,2049395.6739,118932667.6614,85149267.9978
601988.SH,20230613,4.03,4.08,4.02,4.06,4.04,0.02,0.495,1441307.92,584670.267,0.0684,0.49,5.2551,0.5672,1.934,29438779.1241,21076551.4846,2049395.6739,119521443.2438,85570799.0275
601988.SH,20230614,4.06,4.1,3.99,4.0,4.06,-0.06,-1.4778,2855833.39,1152052.776,0.1355,1.09,5.1774,0.5588,1.9054,29438779.1241,21076551.4846,2049395.6739,117755116.4964,84306205.9384
601988.SH,20230615,4.01,4.05,3.97,4.01,4.0,0.01,0.25,1810843.55,726053.167,0.0859,0.67,5.1904,0.5602,1.9102,29438779.1241,21076551.4846,2049395.6739,118049504.2876,84516971.4532
601988.SH,20230616,4.01,4.03,3.95,3.96,4.01,-0.05,-1.2469,2558405.22,1017981.631,0.1214,1.11,5.1257,0.5532,1.8863,29438779.1241,21076551.4846,2049395.6739,116577565.3314,83463143.879
601988.SH,20230619,3.96,3.97,3.89,3.9,3.96,-0.06,-1.5152,2796524.32,1093232.252,0.1327,1.23,5.048,0.5448,1.8578,29438779.1241,21076551.4846,2049395.6739,114811238.584,82198550.7899
601988.SH,20230620,3.91,3.93,3.86,3.87,3.9,-0.03,-0.7692,1753469.24,682305.278,0.0832,0.76,5.0092,0.5406,1.8435,29438779.1241,21076551.4846,2049395.6739,113928075.2103,81566254.2454
601988.SH,20230621,3.87,3.94,3.84,3.88,3.87,0.01,0.2584,2308165.83,899187.081,0.1095,0.98,5.0221,0.542,1.8482,29438779.1241,21076551.4846,2049395.6739,114222463.0015,81777019.7602
601988.SH,20230626,3.87,3.87,3.76,3.78,3.88,-0.1,-2.5773,2524280.43,960372.049,0.1198,1.12,4.8927,0.528,1.8006,29438779.1241,21076551.4846,2049395.6739,111278585.0891,79669364.6118
601988.SH,20230627,3.78,3.87,3.76,3.86,3.78,0.08,2.1164,1829243.88,700184.813,0.0868,0.77,4.9962,0.5392,1.8387,29438779.1241,21076551.4846,2049395.6739,113633687.419,81355488.7306
601988.SH,20230628,3.86,3.9,3.83,3.87,3.86,0.01,0.2591,1565237.76,604547.861,0.0743,0.7,5.0092,0.5406,1.8435,29438779.1241,21076551.4846,2049395.6739,113928075.2103,81566254.2454
601988.SH,20230629,3.87,3.88,3.82,3.86,3.87,-0.01,-0.2584,1513022.17,582652.766,0.0718,0.76,4.9962,0.5392,1.8387,29438779.1241,21076551.4846,2049395.6739,113633687.419,81355488.7306
601988.SH,20230630,3.87,3.93,3.85,3.91,3.86,0.05,1.2953,1790585.22,698934.299,0.085,0.92,5.0609,0.5462,1.8625,29438779.1241,21076551.4846,2049395.6739,115105626.3752,82409316.3048
601988.SH,20230703,3.92,4.0,3.9,3.98,3.91,0.07,1.7903,1813102.74,717805.578,0.086,0.98,5.1516,0.556,1.8959,29438779.1241,21076551.4846,2049395.6739,117166340.9139,83884674.9087
601988.SH,20230704,3.98,3.98,3.9,3.92,3.98,-0.06,-1.5075,1855004.1,727980.26,0.088,1.09,5.0739,0.5476,1.8673,29438779.1241,21076551.4846,2049395.6739,115400014.1665,82620081.8196
601988.SH,20230705,3.91,3.94,3.88,3.92,3.92,0.0,0.0,1510223.94,589883.047,0.0717,0.88,5.0739,0.5476,1.8673,29438779.1241,21076551.4846,2049395.6739,115400014.1665,82620081.8196
601988.SH,20230706,3.9,3.92,3.87,3.89,3.92,-0.03,-0.7653,1595072.69,620689.599,0.0757,0.94,5.0351,0.5434,1.853,29438779.1241,21076551.4846,2049395.6739,114516850.7927,81987785.2751
601988.SH,20230707,3.87,3.91,3.86,3.88,3.89,-0.01,-0.2571,1221381.3,474983.751,0.0579,0.71,5.0221,0.542,1.8482,29438779.1241,21076551.4846,2049395.6739,114222463.0015,81777019.7602
601988.SH,20230710,3.89,3.91,3.88,3.89,3.88,0.01,0.2577,890674.81,346552.059,0.0423,0.56,5.0351,0.5434,1.853,29438779.1241,21076551.4846,2049395.6739,114516850.7927,81987785.2751
601988.SH,20230711,3.89,3.93,3.89,3.93,3.89,0.04,1.0283,1136425.4,445413.318,0.0539,0.8,5.0868,0.549,1.8721,29438779.1241,21076551.4846,2049395.6739,115694401.9577,82830847.3345
601988.SH,20230712,3.94,3.95,3.92,3.93,3.93,0.0,0.0,1396504.74,549982.128,0.0663,1.1,5.0868,0.549,1.8721,29438779.1241,21076551.4846,2049395.6739,115694401.9577,82830847.3345
601988.SH,20230713,3.94,4.0,3.94,3.99,3.93,0.06,1.5267,1693458.74,672181.341,0.0803,1.36,5.1645,0.5574,1.9006,29438779.1241,21076551.4846,2049395.6739,117460728.7052,84095440.4236
601988.SH,20230714,3.99,4.02,3.95,3.99,3.99,0.0,0.0,2207765.21,880973.317,0.1047,1.74,5.1645,0.5574,1.9006,29438779.1241,21076551.4846,2049395.6739,117460728.7052,84095440.4236
601988.SH,20230717,3.78,3.79,3.74,3.77,3.76,0.01,0.266,1669400.98,627878.076,0.0792,1.14,4.8797,0.5443,1.7958,29438779.1241,21076551.4846,2049395.6739,110984197.2979,79458599.0969
601988.SH,20230718,3.78,3.78,3.7,3.71,3.77,-0.06,-1.5915,2049615.36,764897.228,0.0972,1.26,4.8021,0.5356,1.7673,29438779.1241,21076551.4846,2049395.6739,109217870.5504,78194006.0079
601988.SH,20230719,3.7,3.72,3.68,3.72,3.71,0.01,0.2695,1224851.85,453243.949,0.0581,0.68,4.815,0.5371,1.772,29438779.1241,21076551.4846,2049395.6739,109512258.3417,78404771.5227
601988.SH,20230720,3.72,3.76,3.72,3.73,3.72,0.01,0.2688,1100583.15,411501.518,0.0522,0.62,4.828,0.5385,1.7768,29438779.1241,21076551.4846,2049395.6739,109806646.1329,78615537.0376
601988.SH,20230721,3.72,3.75,3.71,3.74,3.73,0.01,0.2681,939009.5,350285.276,0.0446,0.57,4.8409,0.54,1.7815,29438779.1241,21076551.4846,2049395.6739,110101033.9241,78826302.5524
601988.SH,20230724,3.73,3.74,3.69,3.71,3.74,-0.03,-0.8021,1166080.26,433115.362,0.0553,0.83,4.8021,0.5356,1.7673,29438779.1241,21076551.4846,2049395.6739,109217870.5504,78194006.0079
601988.SH,20230725,3.73,3.81,3.72,3.81,3.71,0.1,2.6954,2021993.1,763041.566,0.0959,1.56,4.9315,0.5501,1.8149,29438779.1241,21076551.4846,2049395.6739,112161748.4628,80301661.1563
601988.SH,20230726,3.81,3.85,3.77,3.79,3.81,-0.02,-0.5249,1193718.92,452829.304,0.0566,0.93,4.9056,0.5472,1.8054,29438779.1241,21076551.4846,2049395.6739,111572972.8803,79880130.1266
601988.SH,20230727,3.79,3.88,3.78,3.82,3.79,0.03,0.7916,1853609.29,712107.884,0.0879,1.44,4.9445,0.5515,1.8197,29438779.1241,21076551.4846,2049395.6739,112456136.2541,80512426.6712
601988.SH,20230728,3.82,3.92,3.8,3.91,3.82,0.09,2.356,2526037.74,981451.019,0.1199,1.76,5.0609,0.5645,1.8625,29438779.1241,21076551.4846,2049395.6739,115105626.3752,82409316.3048
601988.SH,20230731,3.95,3.98,3.87,3.91,3.91,0.0,0.0,2330867.8,913576.141,0.1106,1.33,5.0609,0.5645,1.8625,29438779.1241,21076551.4846,2049395.6739,115105626.3752,82409316.3048
601988.SH,20230801,3.91,3.95,3.89,3.93,3.91,0.02,0.5115,1498872.68,587524.083,0.0711,0.76,5.0868,0.5674,1.8721,29438779.1241,21076551.4846,2049395.6739,115694401.9577,82830847.3345
601988.SH,20230802,3.9,3.91,3.81,3.82,3.93,-0.11,-2.799,2811308.48,1080172.841,0.1334,1.49,4.9445,0.5515,1.8197,29438779.1241,21076551.4846,2049395.6739,112456136.2541,80512426.6712
601988.SH,20230803,3.83,3.87,3.8,3.87,3.82,0.05,1.3089,1340641.64,515030.934,0.0636,0.61,5.0092,0.5587,1.8435,29438779.1241,21076551.4846,2049395.6739,113928075.2103,81566254.2454
601988.SH,20230804,3.88,3.91,3.85,3.89,3.87,0.02,0.5168,1892187.21,734171.813,0.0898,0.9,5.0351,0.5616,1.853,29438779.1241,21076551.4846,2049395.6739,114516850.7927,81987785.2751
601988.SH,20230807,3.87,3.88,3.81,3.86,3.89,-0.03,-0.7712,1323886.33,509443.331,0.0628,0.67,4.9962,0.5573,1.8387,29438779.1241,21076551.4846,2049395.6739,113633687.419,81355488.7306
601988.SH,20230808,3.85,3.86,3.82,3.83,3.86,-0.03,-0.7772,1027654.79,394139.562,0.0488,0.58,4.9574,0.5529,1.8244,29438779.1241,21076551.4846,2049395.6739,112750524.0453,80723192.186
601988.SH,20230809,3.83,3.85,3.82,3.84,3.83,0.01,0.2611,832603.03,319526.155,0.0395,0.5,4.9703,0.5544,1.8292,29438779.1241,21076551.4846,2049395.6739,113044911.8365,80933957.7009
601988.SH,20230810,3.83,3.84,3.81,3.83,3.84,-0.01,-0.2604,792116.33,303129.876,0.0376,0.62,4.9574,0.5529,1.8244,29438779.1241,21076551.4846,2049395.6739,112750524.0453,80723192.186
601988.SH,20230811,3.83,3.86,3.78,3.78,3.83,-0.05,-1.3055,1694391.18,646243.769,0.0804,1.44,4.8927,0.5457,1.8006,29438779.1241,21076551.4846,2049395.6739,111278585.0891,79669364.6118
601988.SH,20230814,3.75,3.76,3.69,3.72,3.78,-0.06,-1.5873,1589075.41,590288.723,0.0754,1.4,4.815,0.5371,1.772,29438779.1241,21076551.4846,2049395.6739,109512258.3417,78404771.5227
601988.SH,20230815,3.73,3.84,3.72,3.82,3.72,0.1,2.6882,2222255.44,841215.95,0.1054,1.87,4.9445,0.5515,1.8197,29438779.1241,21076551.4846,2049395.6739,112456136.2541,80512426.6712
601988.SH,20230816,3.8,3.82,3.76,3.81,3.82,-0.01,-0.2618,1293324.45,491264.491,0.0614,0.91,4.9315,0.5501,1.8149,29438779.1241,21076551.4846,2049395.6739,112161748.4628,80301661.1563
601988.SH,20230817,3.8,3.82,3.74,3.77,3.81,-0.04,-1.0499,1377606.44,520447.601,0.0654,0.91,4.8797,0.5443,1.7958,29438779.1241,21076551.4846,2049395.6739,110984197.2979,79458599.0969
601988.SH,20230818,3.77,3.82,3.77,3.78,3.77,0.01,0.2653,1327257.85,503632.558,0.063,0.81,4.8927,0.5457,1.8006,29438779.1241,21076551.4846,2049395.6739,111278585.0891,79669364.6118
601988.SH,20230821,3.79,3.8,3.73,3.73,3.78,-0.05,-1.3228,1146309.61,430308.07,0.0544,0.73,4.828,0.5385,1.7768,29438779.1241,21076551.4846,2049395.6739,109806646.1329,78615537.0376
601988.SH,20230822,3.73,3.79,3.73,3.79,3.73,0.06,1.6086,1361137.86,512302.74,0.0646,0.92,4.9056,0.5472,1.8054,29438779.1241,21076551.4846,2049395.6739,111572972.8803,79880130.1266
601988.SH,20230823,3.79,3.85,3.77,3.83,3.79,0.04,1.0554,1797453.03,687459.407,0.0853,1.38,4.9574,0.5529,1.8244,29438779.1241,21076551.4846,2049395.6739,112750524.0453,80723192.186
601988.SH,20230824,3.83,3.84,3.77,3.78,3.83,-0.05,-1.3055,1398800.01,531143.685,0.0664,1.0,4.8927,0.5457,1.8006,29438779.1241,21076551.4846,2049395.6739,111278585.0891,79669364.6118
601988.SH,20230825,3.77,3.81,3.77,3.79,3.78,0.01,0.2646,1619171.0,613041.424,0.0768,1.15,4.9056,0.5472,1.8054,29438779.1241,21076551.4846,2049395.6739,111572972.8803,79880130.1266
601988.SH,20230828,3.94,3.95,3.8,3.84,3.79,0.05,1.3193,2712526.07,1042937.598,0.1287,1.85,4.9703,0.5544,1.8292,29438779.1241,21076551.4846,2049395.6739,113044911.8365,80933957.7009
601988.SH,20230829,3.83,3.85,3.78,3.8,3.84,-0.04,-1.0417,1895785.14,721675.999,0.0899,1.07,4.9186,0.5486,1.8101,29438779.1241,21076551.4846,2049395.6739,111867360.6716,80090895.6415
601988.SH,20230830,3.8,3.8,3.75,3.76,3.8,-0.04,-1.0526,1754121.59,660019.458,0.0832,0.93,4.8668,0.5428,1.7911,29438779.1241,21076551.4846,2049395.6739,110689809.5066,79247833.5821
601988.SH,20230831,3.75,3.79,3.74,3.75,3.76,-0.01,-0.266,1361684.14,511103.104,0.0646,0.73,4.8538,0.5217,1.7863,29438779.1241,21076551.4846,2049395.6739,110395421.7154,79037068.0673
601988.SH,20230901,3.75,3.76,3.7,3.71,3.75,-0.04,-1.0667,2242507.1,834063.945,0.1064,1.2,4.8021,0.5162,1.7673,29438779.1241,21076551.4846,2049395.6739,109217870.5504,78194006.0079
601988.SH,20230904,3.72,3.75,3.71,3.73,3.71,0.02,0.5391,2153409.57,802556.136,0.1022,1.08,4.828,0.5189,1.7768,29438779.1241,21076551.4846,2049395.6739,109806646.1329,78615537.0376
601988.SH,20230905,3.73,3.73,3.71,3.71,3.73,-0.02,-0.5362,905348.71,336307.635,0.043,0.48,4.8021,0.5162,1.7673,29438779.1241,21076551.4846,2049395.6739,109217870.5504,78194006.0079
601988.SH,20230906,3.71,3.72,3.7,3.71,3.71,0.0,0.0,939327.14,348390.637,0.0446,0.56,4.8021,0.5162,1.7673,29438779.1241,21076551.4846,2049395.6739,109217870.5504,78194006.0079
601988.SH,20230907,3.72,3.73,3.7,3.71,3.71,0.0,0.0,1488461.6,552593.319,0.0706,0.98,4.8021,0.5162,1.7673,29438779.1241,21076551.4846,2049395.6739,109217870.5504,78194006.0079
601988.SH,20230908,3.71,3.71,3.67,3.68,3.71,-0.03,-0.8086,1113510.52,410245.116,0.0528,0.72,4.7632,0.512,1.753,29438779.1241,21076551.4846,2049395.6739,108334707.1767,77561709.4633
601988.SH,20230911,3.69,3.7,3.66,3.69,3.68,0.01,0.2717,1305948.45,480227.375,0.062,0.99,4.7762,0.5134,1.7577,29438779.1241,21076551.4846,2049395.6739,108629094.9679,77772474.9782
601988.SH,20230912,3.68,3.69,3.66,3.67,3.69,-0.02,-0.542,921240.82,338226.781,0.0437,0.8,4.7503,0.5106,1.7482,29438779.1241,21076551.4846,2049395.6739,108040319.3854,77350943.9485
601988.SH,20230913,3.67,3.69,3.66,3.69,3.67,0.02,0.545,919513.13,338269.853,0.0436,0.8,4.7762,0.5134,1.7577,29438779.1241,21076551.4846,2049395.6739,108629094.9679,77772474.9782
601988.SH,20230914,3.69,3.74,3.68,3.73,3.69,0.04,1.084,2041979.39,759686.883,0.0969,1.78,4.828,0.5189,1.7768,29438779.1241,21076551.4846,2049395.6739,109806646.1329,78615537.0376
601988.SH,20230915,3.73,3.75,3.69,3.7,3.73,-0.03,-0.8043,2186387.59,812912.936,0.1037,1.73,4.7891,0.5148,1.7625,29438779.1241,21076551.4846,2049395.6739,108923482.7592,77983240.493
601988.SH,20230918,3.7,3.71,3.67,3.7,3.7,0.0,0.0,1352638.72,499367.39,0.0642,0.92,4.7891,0.5148,1.7625,29438779.1241,21076551.4846,2049395.6739,108923482.7592,77983240.493
601988.SH,20230919,3.7,3.74,3.69,3.73,3.7,0.03,0.8108,1944477.03,724916.016,0.0923,1.31,4.828,0.5189,1.7768,29438779.1241,21076551.4846,2049395.6739,109806646.1329,78615537.0376
601988.SH,20230920,3.74,3.79,3.72,3.78,3.73,0.05,1.3405,2317221.04,872175.579,0.1099,1.37,4.8927,0.5259,1.8006,29438779.1241,21076551.4846,2049395.6739,111278585.0891,79669364.6118
601988.SH,20230921,3.78,3.8,3.74,3.76,3.78,-0.02,-0.5291,2068332.65,778875.786,0.0981,1.05,4.8668,0.5231,1.7911,29438779.1241,21076551.4846,2049395.6739,110689809.5066,79247833.5821
601988.SH,20230922,3.76,3.79,3.74,3.79,3.76,0.03,0.7979,1920138.42,723505.916,0.0911,0.97,4.9056,0.5273,1.8054,29438779.1241,21076551.4846,2049395.6739,111572972.8803,79880130.1266
601988.SH,20230925,3.79,3.81,3.76,3.8,3.79,0.01,0.2639,1920740.62,728895.285,0.0911,1.0,4.9186,0.5287,1.8101,29438779.1241,21076551.4846,2049395.6739,111867360.6716,80090895.6415
601988.SH,20230926,3.81,3.82,3.77,3.78,3.8,-0.02,-0.5263,1436948.62,544403.485,0.0682,0.71,4.8927,0.5259,1.8006,29438779.1241,21076551.4846,2049395.6739,111278585.0891,79669364.6118
601988.SH,20230927,3.78,3.79,3.74,3.74,3.78,-0.04,-1.0582,1541951.69,579168.823,0.0732,0.8,4.8409,0.5203,1.7815,29438779.1241,21076551.4846,2049395.6739,110101033.9241,78826302.5524
601988.SH,20230928,3.74,3.78,3.74,3.77,3.74,0.03,0.8021,1226024.31,461298.209,0.0582,0.69,4.8797,0.5245,1.7958,29438779.1241,21076551.4846,2049395.6739,110984197.2979,79458599.0969
601988.SH,20231009,3.74,3.77,3.69,3.76,3.77,-0.01,-0.2653,1826711.07,681351.743,0.0867,1.14,4.8668,0.5231,1.7911,29438779.1241,21076551.4846,2049395.6739,110689809.5066,79247833.5821
601988.SH,20231010,3.76,3.79,3.73,3.74,3.76,-0.02,-0.5319,1394693.84,524060.829,0.0662,0.88,4.8409,0.5203,1.7815,29438779.1241,21076551.4846,2049395.6739,110101033.9241,78826302.5524
601988.SH,20231011,3.74,3.78,3.73,3.77,3.74,0.03,0.8021,1660059.86,624459.882,0.0788,1.12,4.8797,0.5245,1.7958,29438779.1241,21076551.4846,2049395.6739,110984197.2979,79458599.0969
601988.SH,20231012,3.84,3.9,3.81,3.89,3.77,0.12,3.183,4709146.68,1814281.824,0.2234,3.08,5.0351,0.5412,1.853,29438779.1241,21076551.4846,2046906.8839,114516850.7927,81987785.2751
601988.SH,20231013,3.87,4.02,3.86,3.97,3.89,0.08,2.0566,4652734.53,1843298.979,0.2208,2.15,5.1386,0.5523,1.8911,29438779.1241,21076551.4846,2046906.8839,116871953.1227,83673909.3939
601988.SH,20231016,3.96,4.0,3.92,3.99,3.97,0.02,0.5038,2629815.63,1041801.837,0.1248,0.92,5.1645,0.5551,1.9006,29438779.1241,21076551.4846,2046906.8839,117460728.7052,84095440.4236
601988.SH,20231017,3.98,4.0,3.96,3.98,3.99,-0.01,-0.2506,1614386.45,643140.398,0.0766,0.54,5.1516,0.5537,1.8959,29438779.1241,21076551.4846,2046906.8839,117166340.9139,83884674.9087
601988.SH,20231018,3.97,4.03,3.96,4.02,3.98,0.04,1.005,2340419.41,939252.9,0.111,0.77,5.2033,0.5593,1.9149,29438779.1241,21076551.4846,2046906.8839,118343892.0789,84727736.9681
601988.SH,20231019,4.0,4.01,3.92,3.97,4.02,-0.05,-1.2438,3019121.21,1195581.332,0.1432,0.95,5.1386,0.5523,1.8911,29438779.1241,21076551.4846,2046906.8839,116871953.1227,83673909.3939
601988.SH,20231020,3.94,3.98,3.91,3.94,3.97,-0.03,-0.7557,2010333.76,792268.58,0.0954,0.71,5.0998,0.5482,1.8768,29438779.1241,21076551.4846,2046906.8839,115988789.749,83041612.8493
601988.SH,20231023,3.93,3.96,3.88,3.92,3.94,-0.02,-0.5076,2182218.7,853974.233,0.1035,0.94,5.0739,0.5454,1.8673,29438779.1241,21076551.4846,2046906.8839,115400014.1665,82620081.8196
601988.SH,20231024,3.92,3.93,3.83,3.84,3.92,-0.08,-2.0408,2378668.7,917043.489,0.1129,1.07,4.9703,0.5342,1.8292,29438779.1241,21076551.4846,2046906.8839,113044911.8365,80933957.7009
601988.SH,20231025,3.86,3.87,3.8,3.82,3.84,-0.02,-0.5208,1729278.71,661761.762,0.082,0.72,4.9445,0.5315,1.8197,29438779.1241,21076551.4846,2046906.8839,112456136.2541,80512426.6712
601988.SH,20231026,3.82,3.89,3.8,3.88,3.82,0.06,1.5707,1711072.58,661155.506,0.0812,0.76,5.0221,0.5398,1.8482,29438779.1241,21076551.4846,2046906.8839,114222463.0015,81777019.7602
601988.SH,20231027,3.88,3.95,3.85,3.89,3.88,0.01,0.2577,2525542.38,981956.953,0.1198,1.26,5.0351,0.5412,1.853,29438779.1241,21076551.4846,2046906.8839,114516850.7927,81987785.2751
601988.SH,20231030,3.86,3.89,3.79,3.84,3.89,-0.05,-1.2853,3303066.24,1265665.099,0.1567,1.57,4.9703,0.5342,1.8292,29438779.1241,21076551.4846,2046906.8839,113044911.8365,80933957.7009
601988.SH,20231031,3.84,3.92,3.82,3.9,3.84,0.06,1.5625,2287105.22,887710.177,0.1085,0.98,5.048,0.5301,1.8578,29438779.1241,21076551.4846,2046906.8839,114811238.584,82198550.7899
601988.SH,20231101,3.91,3.94,3.88,3.92,3.9,0.02,0.5128,1434840.2,561469.437,0.0681,0.62,5.0739,0.5328,1.8673,29438779.1241,21076551.4846,2046906.8839,115400014.1665,82620081.8196
601988.SH,20231102,3.94,3.98,3.93,3.95,3.92,0.03,0.7653,1343663.35,532220.689,0.0638,0.6,5.1127,0.5369,1.8816,29438779.1241,21076551.4846,2046906.8839,116283177.5402,83252378.3642
601988.SH,20231103,3.95,3.96,3.89,3.89,3.95,-0.06,-1.519,1727244.11,674608.314,0.082,0.79,5.0351,0.5287,1.853,29438779.1241,21076551.4846,2046906.8839,114516850.7927,81987785.2751
601988.SH,20231106,3.9,3.91,3.83,3.84,3.89,-0.05,-1.2853,2566109.1,989262.444,0.1218,1.27,4.9703,0.5219,1.8292,29438779.1241,21076551.4846,2046906.8839,113044911.8365,80933957.7009
601988.SH,20231107,3.84,3.9,3.83,3.89,3.84,0.05,1.3021,1760480.68,681830.596,0.0835,0.94,5.0351,0.5287,1.853,29438779.1241,21076551.4846,2046906.8839,114516850.7927,81987785.2751
601988.SH,20231108,3.87,3.92,3.87,3.88,3.89,-0.01,-0.2571,1751007.2,681804.019,0.0831,0.99,5.0221,0.5273,1.8482,29438779.1241,21076551.4846,2046906.8839,114222463.0015,81777019.7602
601988.SH,20231109,3.88,3.96,3.88,3.95,3.88,0.07,1.8041,2401324.76,945446.908,0.1139,1.31,5.1127,0.5369,1.8816,29438779.1241,21076551.4846,2046906.8839,116283177.5402,83252378.3642
601988.SH,20231110,3.94,3.99,3.91,3.95,3.95,0.0,0.0,1919650.05,757110.674,0.0911,0.94,5.1127,0.5369,1.8816,29438779.1241,21076551.4846,2046906.8839,116283177.5402,83252378.3642
601988.SH,20231113,3.96,3.96,3.9,3.94,3.95,-0.01,-0.2532,1002468.44,393367.673,0.0476,0.48,5.0998,0.5355,1.8768,29438779.1241,21076551.4846,2046906.8839,115988789.749,83041612.8493
601988.SH,20231114,3.94,3.98,3.93,3.96,3.94,0.02,0.5076,1321295.69,523113.642,0.0627,0.75,5.1257,0.5382,1.8863,29438779.1241,21076551.4846,2046906.8839,116577565.3314,83463143.879
601988.SH,20231115,3.98,3.99,3.93,3.95,3.96,-0.01,-0.2525,1454477.6,574735.517,0.069,0.87,5.1127,0.5369,1.8816,29438779.1241,21076551.4846,2046906.8839,116283177.5402,83252378.3642
601988.SH,20231116,3.97,3.99,3.93,3.97,3.95,0.02,0.5063,1720515.45,682558.68,0.0816,1.06,5.1386,0.5396,1.8911,29438779.1241,21076551.4846,2046906.8839,116871953.1227,83673909.3939
601988.SH,20231117,3.96,3.98,3.93,3.95,3.97,-0.02,-0.5038,1118928.76,442267.898,0.0531,0.75,5.1127,0.5369,1.8816,29438779.1241,21076551.4846,2046906.8839,116283177.5402,83252378.3642
601988.SH,20231120,3.95,3.98,3.94,3.97,3.95,0.02,0.5063,1070448.53,424669.731,0.0508,0.81,5.1386,0.5396,1.8911,29438779.1241,21076551.4846,2046906.8839,116871953.1227,83673909.3939
601988.SH,20231121,3.98,3.99,3.96,3.97,3.97,0.0,0.0,1291141.46,513032.574,0.0613,0.97,5.1386,0.5396,1.8911,29438779.1241,21076551.4846,2046906.8839,116871953.1227,83673909.3939
601988.SH,20231122,3.96,3.99,3.94,3.97,3.97,0.0,0.0,1395092.74,553786.251,0.0662,1.05,5.1386,0.5396,1.8911,29438779.1241,21076551.4846,2046906.8839,116871953.1227,83673909.3939
601988.SH,20231123,3.98,3.99,3.96,3.96,3.97,-0.01,-0.2519,948552.5,376928.774,0.045,0.72,5.1257,0.5382,1.8863,29438779.1241,21076551.4846,2046906.8839,116577565.3314,83463143.879
601988.SH,20231124,3.96,3.99,3.95,3.98,3.96,0.02,0.5051,1440397.59,572769.366,0.0683,1.24,5.1516,0.5409,1.8959,29438779.1241,21076551.4846,2046906.8839,117166340.9139,83884674.9087
601988.SH,20231127,3.98,3.99,3.94,3.98,3.98,0.0,0.0,1750175.93,694348.293,0.083,1.42,5.1516,0.5409,1.8959,29438779.1241,21076551.4846,2046906.8839,117166340.9139,83884674.9087
601988.SH,20231128,3.97,3.98,3.96,3.97,3.98,-0.01,-0.2513,1341632.27,532581.768,0.0637,0.98,5.1386,0.5396,1.8911,29438779.1241,21076551.4846,2046906.8839,116871953.1227,83673909.3939
601988.SH,20231129,3.97,4.0,3.96,3.98,3.97,0.01,0.2519,1651650.82,657883.095,0.0784,1.2,5.1516,0.5409,1.8959,29438779.1241,21076551.4846,2046906.8839,117166340.9139,83884674.9087
601988.SH,20231130,3.98,4.0,3.96,3.99,3.98,0.01,0.2513,1598972.06,636417.005,0.0759,1.12,5.1645,0.5423,1.9006,29438779.1241,21076551.4846,2046906.8839,117460728.7052,84095440.4236
601988.SH,20231201,3.99,4.06,3.98,4.04,3.99,0.05,1.2531,2412898.08,972205.671,0.1145,1.55,5.2292,0.5491,1.9244,29438779.1241,21076551.4846,2046906.8839,118932667.6614,85149267.9978
601988.SH,20231204,4.03,4.05,4.02,4.03,4.04,-0.01,-0.2475,1186099.0,478037.093,0.0563,0.68,5.2163,0.5477,1.9197,29438779.1241,21076551.4846,2046906.8839,118638279.8701,84938502.4829
601988.SH,20231205,4.04,4.05,4.01,4.01,4.03,-0.02,-0.4963,1708904.12,689347.579,0.0811,1.04,5.1904,0.545,1.9102,29438779.1241,21076551.4846,2046906.8839,118049504.2876,84516971.4532
601988.SH,20231206,4.0,4.01,3.93,3.96,4.01,-0.05,-1.2469,2192879.61,867343.441,0.104,1.28,5.1257,0.5382,1.8863,29438779.1241,21076551.4846,2046906.8839,116577565.3314,83463143.879
601988.SH,20231207,3.96,4.01,3.93,3.99,3.96,0.03,0.7576,2330867.85,925744.983,0.1106,1.28,5.1645,0.5423,1.9006,29438779.1241,21076551.4846,2046906.8839,117460728.7052,84095440.4236
601988.SH,20231208,3.99,4.0,3.91,3.94,3.99,-0.05,-1.2531,4448997.98,1758775.5,0.2111,2.26,5.0998,0.5355,1.8768,29438779.1241,21076551.4846,2046906.8839,115988789.749,83041612.8493
601988.SH,20231211,3.92,3.94,3.82,3.92,3.94,-0.02,-0.5076,3225242.75,1254210.25,0.153,1.36,5.0739,0.5328,1.8673,29438779.1241,21076551.4846,2046906.8839,115400014.1665,82620081.8196
601988.SH,20231212,3.92,3.98,3.89,3.98,3.92,0.06,1.5306,2127561.05,841552.348,0.1009,0.76,5.1516,0.5409,1.8959,29438779.1241,21076551.4846,2046906.8839,117166340.9139,83884674.9087
601988.SH,20231213,3.98,4.0,3.96,3.98,3.98,0.0,0.0,1536051.58,611955.801,0.0729,0.54,5.1516,0.5409,1.8959,29438779.1241,21076551.4846,2046906.8839,117166340.9139,83884674.9087
601988.SH,20231214,3.99,4.0,3.95,3.98,3.98,0.0,0.0,1333997.83,529779.738,0.0633,0.49,5.1516,0.5409,1.8959,29438779.1241,21076551.4846,2046906.8839,117166340.9139,83884674.9087
601988.SH,20231215,3.97,3.98,3.91,3.91,3.98,-0.07,-1.7588,2033094.74,800942.618,0.0965,0.8,5.0609,0.5314,1.8625,29438779.1241,21076551.4846,2046906.8839,115105626.3752,82409316.3048
601988.SH,20231218,3.9,3.99,3.9,3.99,3.91,0.08,2.046,2645596.89,1049689.559,0.1255,1.29,5.1645,0.5423,1.9006,29438779.1241,21076551.4846,2046906.8839,117460728.7052,84095440.4236
601988.SH,20231219,3.99,4.0,3.96,3.97,3.99,-0.02,-0.5013,1182442.44,470905.285,0.0561,0.61,5.1386,0.5396,1.8911,29438779.1241,21076551.4846,2046906.8839,116871953.1227,83673909.3939
601988.SH,20231220,3.98,4.03,3.97,3.99,3.97,0.02,0.5038,1625182.7,650833.839,0.0771,0.93,5.1645,0.5423,1.9006,29438779.1241,21076551.4846,2046906.8839,117460728.7052,84095440.4236
601988.SH,20231221,3.98,4.0,3.95,3.98,3.99,-0.01,-0.2506,1680902.73,667407.104,0.0798,0.95,5.1516,0.5409,1.8959,29438779.1241,21076551.4846,2046906.8839,117166340.9139,83884674.9087
601988.SH,20231222,3.99,4.01,3.97,3.99,3.98,0.01,0.2513,1721640.4,687986.116,0.0817,0.94,5.1645,0.5423,1.9006,29438779.1241,21076551.4846,2046906.8839,117460728.7052,84095440.4236
601988.SH,20231225,3.99,4.03,3.98,4.02,3.99,0.03,0.7519,1123117.1,450456.445,0.0533,0.63,5.2033,0.5464,1.9149,29438779.1241,21076551.4846,2046906.8839,118343892.0789,84727736.9681
601988.SH,20231226,4.02,4.06,4.01,4.03,4.02,0.01,0.2488,1741250.16,703969.389,0.0826,1.19,5.2163,0.5477,1.9197,29438779.1241,21076551.4846,2046906.8839,118638279.8701,84938502.4829
601988.SH,20231227,4.03,4.05,4.0,4.05,4.03,0.02,0.4963,1333530.0,536773.669,0.0633,0.84,5.2422,0.5504,1.9292,29438779.1241,21076551.4846,2046906.8839,119227055.4526,85360033.5126
601988.SH,20231228,4.05,4.07,3.99,3.99,4.05,-0.06,-1.4815,2673786.72,1074328.869,0.1269,1.76,5.1645,0.5423,1.9006,29438779.1241,21076551.4846,2046906.8839,117460728.7052,84095440.4236
601988.SH,20231229,3.99,4.01,3.97,3.99,3.99,0.0,0.0,1316078.96,524996.242,0.0624,0.77,5.1645,0.5423,1.9006,29438779.1241,21076551.4846,2046906.8839,117460728.7052,84095440.4236
601988.SH,20240102,3.99,4.04,3.98,4.01,3.99,0.02,0.5013,1670528.41,671748.519,0.0793,1.02,5.1904,0.545,1.9102,29438779.1241,21076551.4846,2046906.8839,118049504.2876,84516971.4532
601988.SH,20240103,4.01,4.06,4.01,4.05,4.01,0.04,0.9975,1833776.6,741172.791,0.087,1.05,5.2422,0.5504,1.9292,29438779.1241,21076551.4846,2046906.8839,119227055.4526,85360033.5126
601988.SH,20240104,4.05,4.15,4.04,4.14,4.05,0.09,2.2222,2563063.63,1049333.406,0.1216,1.45,5.3586,0.5627,1.9721,29438779.1241,21076551.4846,2046906.8839,121876545.5738,87256923.1462
601988.SH,20240105,4.14,4.19,4.1,4.12,4.14,-0.02,-0.4831,2148800.85,890404.786,0.102,1.07,5.3328,0.56,1.9626,29438779.1241,21076551.4846,2046906.8839,121287769.9913,86835392.1166
601988.SH,20240108,4.12,4.15,4.08,4.1,4.12,-0.02,-0.4854,1863335.83,766636.713,0.0884,0.98,5.3069,0.5572,1.953,29438779.1241,21076551.4846,2046906.8839,120698994.4088,86413861.0869
601988.SH,20240109,4.09,4.12,4.05,4.1,4.1,0.0,0.0,1669199.51,681450.196,0.0792,0.83,5.3069,0.5572,1.953,29438779.1241,21076551.4846,2046906.8839,120698994.4088,86413861.0869
601988.SH,20240110,4.1,4.13,4.04,4.04,4.1,-0.06,-1.4634,2037085.18,828319.237,0.0967,1.01,5.2292,0.5491,1.9244,29438779.1241,21076551.4846,2046906.8839,118932667.6614,85149267.9978
601988.SH,20240111,4.03,4.04,3.98,3.98,4.04,-0.06,-1.4851,2039539.85,816986.619,0.0968,0.99,5.1516,0.5409,1.8959,29438779.1241,21076551.4846,2046906.8839,117166340.9139,83884674.9087
601988.SH,20240112,3.97,4.04,3.97,4.03,3.98,0.05,1.2563,1563830.98,628058.048,0.0742,0.8,5.2163,0.5477,1.9197,29438779.1241,21076551.4846,2046906.8839,118638279.8701,84938502.4829
601988.SH,20240115,4.03,4.05,4.01,4.05,4.03,0.02,0.4963,1295589.59,522949.767,0.0615,0.71,5.2422,0.5504,1.9292,29438779.1241,21076551.4846,2046906.8839,119227055.4526,85360033.5126
601988.SH,20240116,4.04,4.07,4.02,4.07,4.05,0.02,0.4938,1861650.23,754347.88,0.0883,1.08,5.268,0.5532,1.9387,29438779.1241,21076551.4846,2046906.8839,119815831.0351,85781564.5423
601988.SH,20240117,4.06,4.1,4.03,4.03,4.07,-0.04,-0.9828,2177289.28,884998.531,0.1033,1.24,5.2163,0.5477,1.9197,29438779.1241,21076551.4846,2046906.8839,118638279.8701,84938502.4829
601988.SH,20240118,4.03,4.04,3.89,4.01,4.03,-0.02,-0.4963,3985244.17,1575766.405,0.1891,2.23,5.1904,0.545,1.9102,29438779.1241,21076551.4846,2046906.8839,118049504.2876,84516971.4532
601988.SH,20240119,4.0,4.0,3.95,3.97,4.01,-0.04,-0.9975,2431858.44,967239.94,0.1154,1.12,5.1386,0.5396,1.8911,29438779.1241,21076551.4846,2046906.8839,116871953.1227,83673909.3939
601988.SH,20240122,3.97,4.03,3.95,4.0,3.97,0.03,0.7557,2897222.01,1159945.303,0.1375,1.23,5.1774,0.5437,1.9054,29438779.1241,21076551.4846,2046906.8839,117755116.4964,84306205.9384
601988.SH,20240123,3.98,4.0,3.95,3.98,4.0,-0.02,-0.5,2208442.47,877659.537,0.1048,0.83,5.1516,0.5409,1.8959,29438779.1241,21076551.4846,2046906.8839,117166340.9139,83884674.9087
601988.SH,20240124,3.99,4.1,3.98,4.1,3.98,0.12,3.0151,2701847.31,1091798.262,0.1282,0.99,5.3069,0.5572,1.953,29438779.1241,21076551.4846,2046906.8839,120698994.4088,86413861.0869
601988.SH,20240125,4.11,4.17,4.1,4.15,4.1,0.05,1.2195,2402809.96,993808.139,0.114,0.84,5.3716,0.564,1.9768,29438779.1241,21076551.4846,2046906.8839,122170933.365,87467688.6611
601988.SH,20240126,4.14,4.29,4.14,4.28,4.15,0.13,3.1325,3381616.4,1430158.41,0.1604,1.34,5.5399,0.5817,2.0388,29438779.1241,21076551.4846,2046906.8839,125997974.6511,90207640.3541
601988.SH,20240129,4.29,4.35,4.24,4.3,4.28,0.02,0.4673,2743803.78,1180774.765,0.1302,1.01,5.5657,0.5844,2.0483,29438779.1241,21076551.4846,2046906.8839,126586750.2336,90629171.3838
601988.SH,20240130,4.28,4.34,4.23,4.27,4.3,-0.03,-0.6977,2083056.89,892534.692,0.0988,0.78,5.5269,0.5803,2.034,29438779.1241,21076551.4846,2046906.8839,125703586.8599,89996874.8392
601988.SH,20240131,4.25,4.35,4.24,4.32,4.27,0.05,1.171,2501451.32,1077385.711,0.1187,0.94,5.5916,0.5871,2.0578,29438779.1241,21076551.4846,2046906.8839,127175525.8161,91050702.4135
601988.SH,20240201,4.31,4.33,4.27,4.27,4.32,-0.05,-1.1574,2077570.6,891443.487,0.0986,0.79,5.5269,0.5803,2.034,29438779.1241,21076551.4846,2046906.8839,125703586.8599,89996874.8392
601988.SH,20240202,4.28,4.33,4.25,4.32,4.27,0.05,1.171,2828393.82,1216690.135,0.1342,1.11,5.5916,0.5871,2.0578,29438779.1241,21076551.4846,2046906.8839,127175525.8161,91050702.4135
601988.SH,20240205,4.3,4.45,4.28,4.44,4.32,0.12,2.7778,3987515.28,1749168.821,0.1892,1.63,5.747,0.6035,2.115,29438779.1241,21076551.4846,2046906.8839,130708179.311,93579888.5916
601988.SH,20240206,4.44,4.51,4.4,4.46,4.44,0.02,0.4505,3622534.86,1619218.54,0.1719,1.34,5.7728,0.6062,2.1245,29438779.1241,21076551.4846,2046906.8839,131296954.8935,94001419.6213
601988.SH,20240207,4.43,4.45,4.24,4.35,4.46,-0.11,-2.4664,4745527.07,2053680.793,0.2252,1.58,5.6305,0.5912,2.0721,29438779.1241,21076551.4846,2046906.8839,128058689.1898,91682998.958
601988.SH,20240208,4.32,4.34,4.19,4.31,4.35,-0.04,-0.9195,3494568.82,1488538.044,0.1658,1.01,5.5787,0.5858,2.0531,29438779.1241,21076551.4846,2046906.8839,126881138.0249,90839936.8986
601988.SH,20240219,4.3,4.52,4.27,4.51,4.31,0.2,4.6404,3585661.7,1578816.709,0.1701,0.96,5.8376,0.613,2.1483,29438779.1241,21076551.4846,2046906.8839,132768893.8497,95055247.1955
601988.SH,20240220,4.5,4.55,4.46,4.53,4.51,0.02,0.4435,1886115.47,851920.73,0.0895,0.49,5.8634,0.6157,2.1579,29438779.1241,21076551.4846,2046906.8839,133357669.4322,95476778.2252
601988.SH,20240221,4.52,4.64,4.51,4.56,4.53,0.03,0.6623,2183157.37,1000515.49,0.1036,0.63,5.9023,0.6198,2.1722,29438779.1241,21076551.4846,2046906.8839,134240832.8059,96109074.7698
601988.SH,20240222,4.56,4.58,4.52,4.56,4.56,0.0,0.0,1529266.31,695281.649,0.0726,0.48,5.9023,0.6198,2.1722,29438779.1241,21076551.4846,2046906.8839,134240832.8059,96109074.7698
601988.SH,20240223,4.57,4.67,4.56,4.6,4.56,0.04,0.8772,1923149.23,889355.969,0.0912,0.76,5.9541,0.6252,2.1912,29438779.1241,21076551.4846,2046906.8839,135418383.9709,96952136.8292
601988.SH,20240226,4.6,4.6,4.45,4.46,4.6,-0.14,-3.0435,2313594.21,1045296.523,0.1098,1.04,5.7728,0.6062,2.1245,29438779.1241,21076551.4846,2046906.8839,131296954.8935,94001419.6213
601988.SH,20240227,4.45,4.51,4.43,4.46,4.46,0.0,0.0,1569937.38,701135.884,0.0745,0.8,5.7728,0.6062,2.1245,29438779.1241,21076551.4846,2046906.8839,131296954.8935,94001419.6213
601988.SH,20240228,4.46,4.5,4.38,4.46,4.46,0.0,0.0,2310750.58,1025807.767,0.1096,1.21,5.7728,0.6062,2.1245,29438779.1241,21076551.4846,2046906.8839,131296954.8935,94001419.6213
601988.SH,20240229,4.45,4.48,4.43,4.47,4.46,0.01,0.2242,1779424.25,793297.584,0.0844,0.92,5.7858,0.6075,2.1293,29438779.1241,21076551.4846,2046906.8839,131591342.6847,94212185.1362
601988.SH,20240301,4.47,4.5,4.44,4.48,4.47,0.01,0.2237,1886828.3,844177.166,0.0895,0.95,5.7987,0.6089,2.134,29438779.1241,21076551.4846,2046906.8839,131885730.476,94422950.651
601988.SH,20240304,4.47,4.54,4.45,4.51,4.48,0.03,0.6696,1928422.5,867836.835,0.0915,0.98,5.8376,0.613,2.1483,29438779.1241,21076551.4846,2046906.8839,132768893.8497,95055247.1955
601988.SH,20240305,4.51,4.61,4.51,4.6,4.51,0.09,1.9956,2077074.2,951681.161,0.0985,1.1,5.9541,0.6252,2.1912,29438779.1241,21076551.4846,2046906.8839,135418383.9709,96952136.8292
601988.SH,20240306,4.6,4.63,4.54,4.55,4.6,-0.05,-1.087,1702464.52,781574.343,0.0808,0.85,5.8893,0.6184,2.1674,29438779.1241,21076551.4846,2046906.8839,133946445.0147,95898309.2549
601988.SH,20240307,4.55,4.58,4.53,4.57,4.55,0.02,0.4396,1419017.02,647278.35,0.0673,0.76,5.9152,0.6211,2.1769,29438779.1241,21076551.4846,2046906.8839,134535220.5971,96319840.2846
601988.SH,20240308,4.56,4.58,4.53,4.55,4.57,-0.02,-0.4376,1171781.56,533872.495,0.0556,0.65,5.8893,0.6184,2.1674,29438779.1241,21076551.4846,2046906.8839,133946445.0147,95898309.2549
601988.SH,20240311,4.55,4.56,4.5,4.51,4.55,-0.04,-0.8791,1714161.27,774598.917,0.0813,1.03,5.8376,0.613,2.1483,29438779.1241,21076551.4846,2046906.8839,132768893.8497,95055247.1955
601988.SH,20240312,4.51,4.51,4.39,4.39,4.51,-0.12,-2.6608,2572463.15,1140780.133,0.1221,1.59,5.6822,0.5967,2.0912,29438779.1241,21076551.4846,2046906.8839,129236240.3548,92526061.0174
601988.SH,20240313,4.39,4.4,4.35,4.36,4.39,-0.03,-0.6834,1957893.34,857070.587,0.0929,1.14,5.6434,0.5926,2.0769,29438779.1241,21076551.4846,2046906.8839,128353076.9811,91893764.4729
601988.SH,20240314,4.35,4.41,4.34,4.37,4.36,0.01,0.2294,1624539.62,709448.122,0.0771,0.92,5.6564,0.5939,2.0816,29438779.1241,21076551.4846,2046906.8839,128647464.7723,92104529.9877
601988.SH,20240315,4.37,4.4,4.35,4.35,4.37,-0.02,-0.4577,1295432.43,566682.086,0.0615,0.72,5.6305,0.5912,2.0721,29438779.1241,21076551.4846,2046906.8839,128058689.1898,91682998.958
601988.SH,20240318,4.35,4.36,4.3,4.35,4.35,0.0,0.0,1769635.72,766052.51,0.084,0.97,5.6305,0.5912,2.0721,29438779.1241,21076551.4846,2046906.8839,128058689.1898,91682998.958
601988.SH,20240319,4.34,4.34,4.29,4.29,4.35,-0.06,-1.3793,1663927.38,716268.013,0.0789,0.9,5.5528,0.5831,2.0435,29438779.1241,21076551.4846,2046906.8839,126292362.4424,90418405.8689
601988.SH,20240320,4.28,4.38,4.27,4.35,4.29,0.06,1.3986,1583317.53,686206.025,0.0751,0.95,5.6305,0.5912,2.0721,29438779.1241,21076551.4846,2046906.8839,128058689.1898,91682998.958
601988.SH,20240321,4.36,4.42,4.35,4.37,4.35,0.02,0.4598,1739502.82,763517.525,0.0825,1.1,5.6564,0.5939,2.0816,29438779.1241,21076551.4846,2046906.8839,128647464.7723,92104529.9877
601988.SH,20240322,4.38,4.41,4.35,4.39,4.37,0.02,0.4577,1556702.72,681867.075,0.0739,0.97,5.6822,0.5967,2.0912,29438779.1241,21076551.4846,2046906.8839,129236240.3548,92526061.0174
601988.SH,20240325,4.39,4.42,4.36,4.4,4.39,0.01,0.2278,1419827.01,623936.711,0.0674,0.85,5.6952,0.598,2.0959,29438779.1241,21076551.4846,2046906.8839,129530628.146,92736826.5322
601988.SH,20240326,4.41,4.44,4.37,4.44,4.4,0.04,0.9091,1583148.05,698027.004,0.0751,0.99,5.747,0.6035,2.115,29438779.1241,21076551.4846,2046906.8839,130708179.311,93579888.5916
601988.SH,20240327,4.44,4.53,4.43,4.49,4.44,0.05,1.1261,1664170.09,745266.934,0.079,1.06,5.8117,0.6102,2.1388,29438779.1241,21076551.4846,2046906.8839,132180118.2672,94633716.1659
601988.SH,20240328,4.48,4.49,4.37,4.38,4.49,-0.11,-2.4499,2190751.56,963876.028,0.1039,1.38,5.6693,0.5953,2.0864,29438779.1241,21076551.4846,2046906.8839,128941852.5636,92315295.5025
601988.SH,20240329,4.37,4.45,4.36,4.4,4.38,0.02,0.4566,1687974.56,745651.756,0.0801,1.0,5.5855,0.5809,2.0795,29438779.1241,21076551.4846,2016358.3813,129530628.146,92736826.5322
601988.SH,20240401,4.41,4.47,4.39,4.46,4.4,0.06,1.3636,1800108.59,799116.436,0.0854,1.05,5.6617,0.5888,2.1079,29438779.1241,21076551.4846,2016358.3813,131296954.8935,94001419.6213
601988.SH,20240402,4.47,4.51,4.45,4.5,4.46,0.04,0.8969,1305034.33,585789.358,0.0619,0.73,5.7125,0.5941,2.1268,29438779.1241,21076551.4846,2016358.3813,132474506.0585,94844481.6807
601988.SH,20240403,4.49,4.52,4.46,4.48,4.5,-0.02,-0.4444,1312815.85,588985.057,0.0623,0.76,5.6871,0.5914,2.1173,29438779.1241,21076551.4846,2016358.3813,131885730.476,94422950.651
601988.SH,20240408,4.47,4.55,4.44,4.53,4.48,0.05,1.1161,1800914.55,812507.855,0.0854,1.09,5.7506,0.598,2.141,29438779.1241,21076551.4846,2016358.3813,133357669.4322,95476778.2252
601988.SH,20240409,4.53,4.57,4.47,4.49,4.53,-0.04,-0.883,1645828.52,741802.592,0.0781,1.04,5.6998,0.5927,2.122,29438779.1241,21076551.4846,2016358.3813,132180118.2672,94633716.1659
601988.SH,20240410,4.48,4.53,4.48,4.5,4.49,0.01,0.2227,1386451.32,625491.52,0.0658,0.88,5.7125,0.5941,2.1268,29438779.1241,21076551.4846,2016358.3813,132474506.0585,94844481.6807
601988.SH,20240411,4.5,4.51,4.46,4.48,4.5,-0.02,-0.4444,1175295.1,527257.557,0.0558,0.79,5.6871,0.5914,2.1173,29438779.1241,21076551.4846,2016358.3813,131885730.476,94422950.651
601988.SH,20240412,4.48,4.51,4.45,4.49,4.48,0.01,0.2232,1571803.91,705033.113,0.0746,1.07,5.6998,0.5927,2.122,29438779.1241,21076551.4846,2016358.3813,132180118.2672,94633716.1659
601988.SH,20240415,4.49,4.59,4.48,4.59,4.49,0.1,2.2272,2256220.8,1028801.099,0.107,1.49,5.8267,0.6059,2.1693,29438779.1241,21076551.4846,2016358.3813,135123996.1796,96741371.3143
601988.SH,20240416,4.58,4.65,4.55,4.64,4.59,0.05,1.0893,2435782.2,1122795.161,0.1156,1.52,5.8902,0.6125,2.1929,29438779.1241,21076551.4846,2016358.3813,136595935.1358,97795198.8885
601988.SH,20240417,4.62,4.69,4.55,4.66,4.64,0.02,0.431,2439183.66,1126031.841,0.1157,1.38,5.9156,0.6152,2.2024,29438779.1241,21076551.4846,2016358.3813,137184710.7183,98216729.9182
601988.SH,20240418,4.65,4.73,4.64,4.69,4.66,0.03,0.6438,2600968.72,1221936.695,0.1234,1.32,5.9537,0.6191,2.2166,29438779.1241,21076551.4846,2016358.3813,138067874.092,98849026.4628
601988.SH,20240419,4.69,4.74,4.68,4.72,4.69,0.03,0.6397,1509633.0,711421.795,0.0716,0.67,5.9917,0.6231,2.2308,29438779.1241,21076551.4846,2016358.3813,138951037.4658,99481323.0073
601988.SH,20240422,4.74,4.78,4.65,4.66,4.72,-0.06,-1.2712,2011027.13,945086.044,0.0954,0.89,5.9156,0.6152,2.2024,29438779.1241,21076551.4846,2016358.3813,137184710.7183,98216729.9182
601988.SH,20240423,4.66,4.72,4.62,4.66,4.66,0.0,0.0,2025615.03,946982.094,0.0961,0.92,5.9156,0.6152,2.2024,29438779.1241,21076551.4846,2016358.3813,137184710.7183,98216729.9182
601988.SH,20240424,4.66,4.68,4.62,4.63,4.66,-0.03,-0.6438,1325816.46,615147.065,0.0629,0.63,5.8775,0.6112,2.1882,29438779.1241,21076551.4846,2016358.3813,136301547.3446,97584433.3737
601988.SH,20240425,4.63,4.66,4.6,4.65,4.63,0.02,0.432,1647188.24,762346.7,0.0782,0.87,5.9029,0.6139,2.1977,29438779.1241,21076551.4846,2016358.3813,136890322.9271,98005964.4034
601988.SH,20240426,4.65,4.68,4.55,4.56,4.65,-0.09,-1.9355,2573693.76,1182496.491,0.1221,1.51,5.7886,0.602,2.1551,29438779.1241,21076551.4846,2016358.3813,134240832.8059,96109074.7698
601988.SH,20240429,4.55,4.6,4.53,4.57,4.56,0.01,0.2193,2111166.19,964370.988,0.1002,1.1,5.8013,0.6033,2.1599,29438779.1241,21076551.4846,2016358.3813,134535220.5971,96319840.2846
601988.SH,20240430,4.56,4.61,4.54,4.59,4.57,0.02,0.4376,1922882.73,880615.769,0.0912,0.99,5.8267,0.589,2.1693,29438779.1241,21076551.4846,2016358.3813,135123996.1796,96741371.3143
601988.SH,20240506,4.61,4.62,4.47,4.48,4.59,-0.11,-2.3965,3946545.86,1779665.412,0.1872,2.06,5.6871,0.5749,2.1173,29438779.1241,21076551.4846,2016358.3813,131885730.476,94422950.651
601988.SH,20240507,4.48,4.49,4.42,4.48,4.48,0.0,0.0,2426977.14,1080614.97,0.1152,0.99,5.6871,0.5749,2.1173,29438779.1241,21076551.4846,2016358.3813,131885730.476,94422950.651
601988.SH,20240508,4.48,4.53,4.48,4.51,4.48,0.03,0.6696,1818127.21,819962.093,0.0863,0.7,5.7252,0.5788,2.1315,29438779.1241,21076551.4846,2016358.3813,132768893.8497,95055247.1955
601988.SH,20240509,4.53,4.53,4.46,4.47,4.51,-0.04,-0.8869,1681544.98,752648.095,0.0798,0.69,5.6744,0.5736,2.1126,29438779.1241,21076551.4846,2016358.3813,131591342.6847,94212185.1362
601988.SH,20240510,4.47,4.5,4.45,4.47,4.47,0.0,0.0,1644349.31,736861.024,0.078,0.7,5.6744,0.5736,2.1126,29438779.1241,21076551.4846,2016358.3813,131591342.6847,94212185.1362
601988.SH,20240513,4.47,4.48,4.43,4.46,4.47,-0.01,-0.2237,1668001.11,743214.13,0.0791,0.72,5.6617,0.5724,2.1079,29438779.1241,21076551.4846,2016358.3813,131296954.8935,94001419.6213
601988.SH,20240514,4.46,4.47,4.42,4.42,4.46,-0.04,-0.8969,1680489.87,745130.79,0.0797,0.91,5.6109,0.5672,2.089,29438779.1241,21076551.4846,2016358.3813,130119403.7285,93158357.5619
601988.SH,20240515,4.42,4.46,4.42,4.44,4.42,0.02,0.4525,1268611.11,563383.851,0.0602,0.75,5.6363,0.5698,2.0984,29438779.1241,21076551.4846,2016358.3813,130708179.311,93579888.5916
601988.SH,20240516,4.44,4.48,4.42,4.47,4.44,0.03,0.6757,1592009.43,710360.645,0.0755,1.0,5.6744,0.5736,2.1126,29438779.1241,21076551.4846,2016358.3813,131591342.6847,94212185.1362
601988.SH,20240517,4.47,4.49,4.45,4.49,4.47,0.02,0.4474,1543699.29,690430.209,0.0732,0.98,5.6998,0.5762,2.122,29438779.1241,21076551.4846,2016358.3813,132180118.2672,94633716.1659
601988.SH,20240520,4.49,4.54,4.47,4.47,4.49,-0.02,-0.4454,2033899.61,914526.433,0.0965,1.31,5.6744,0.5736,2.1126,29438779.1241,21076551.4846,2016358.3813,131591342.6847,94212185.1362
601988.SH,20240521,4.47,4.51,4.45,4.51,4.47,0.04,0.8949,1684821.43,756206.682,0.0799,1.04,5.7252,0.5788,2.1315,29438779.1241,21076551.4846,2016358.3813,132768893.8497,95055247.1955
601988.SH,20240522,4.51,4.54,4.49,4.53,4.51,0.02,0.4435,1414913.66,639975.037,0.0671,0.87,5.7506,0.5813,2.141,29438779.1241,21076551.4846,2016358.3813,133357669.4322,95476778.2252
601988.SH,20240523,4.53,4.54,4.49,4.52,4.53,-0.01,-0.2208,1548549.33,699481.829,0.0735,0.94,5.7379,0.5801,2.1362,29438779.1241,21076551.4846,2016358.3813,133063281.6409,95266012.7104
601988.SH,20240524,4.51,4.53,4.48,4.48,4.52,-0.04,-0.885,1368772.47,616665.847,0.0649,0.83,5.6871,0.5749,2.1173,29438779.1241,21076551.4846,2016358.3813,131885730.476,94422950.651
601988.SH,20240527,4.49,4.52,4.48,4.51,4.48,0.03,0.6696,1374852.56,619450.262,0.0652,0.85,5.7252,0.5788,2.1315,29438779.1241,21076551.4846,2016358.3813,132768893.8497,95055247.1955
601988.SH,20240528,4.51,4.52,4.47,4.48,4.51,-0.03,-0.6652,1630781.02,731134.772,0.0774,1.1,5.6871,0.5749,2.1173,29438779.1241,21076551.4846,2016358.3813,131885730.476,94422950.651
601988.SH,20240529,4.47,4.48,4.43,4.45,4.48,-0.03,-0.6696,1877565.98,836535.071,0.0891,1.28,5.649,0.5711,2.1031,29438779.1241,21076551.4846,2016358.3813,131002567.1022,93790654.1065
601988.SH,20240530,4.44,4.47,4.4,4.41,4.45,-0.04,-0.8989,1798122.17,796672.629,0.0853,1.15,5.5982,0.5659,2.0842,29438779.1241,21076551.4846,2016358.3813,129825015.9373,92947592.0471
601988.SH,20240531,4.41,4.45,4.41,4.44,4.41,0.03,0.6803,1347372.39,597365.759,0.0639,0.84,5.6363,0.5698,2.0984,29438779.1241,21076551.4846,2016358.3813,130708179.311,93579888.5916
601988.SH,20240603,4.44,4.46,4.41,4.44,4.44,0.0,0.0,1417847.58,628763.238,0.0673,0.88,5.6363,0.5698,2.0984,29438779.1241,21076551.4846,2016358.3813,130708179.311,93579888.5916
601988.SH,20240604,4.44,4.45,4.43,4.44,4.44,0.0,0.0,922808.6,409662.779,0.0438,0.57,5.6363,0.5698,2.0984,29438779.1241,21076551.4846,2016358.3813,130708179.311,93579888.5916
601988.SH,20240605,4.44,4.46,4.42,4.45,4.44,0.01,0.2252,1093432.36,485849.834,0.0519,0.74,5.649,0.5711,2.1031,29438779.1241,21076551.4846,2016358.3813,131002567.1022,93790654.1065
601988.SH,20240606,4.44,4.47,4.44,4.45,4.45,0.0,0.0,1470630.16,654841.312,0.0698,1.12,5.649,0.5711,2.1031,29438779.1241,21076551.4846,2016358.3813,131002567.1022,93790654.1065
601988.SH,20240607,4.45,4.53,4.44,4.53,4.45,0.08,1.7978,2495264.64,1121336.641,0.1184,2.0,5.7506,0.5813,2.141,29438779.1241,21076551.4846,2016358.3813,133357669.4322,95476778.2252
601988.SH,20240611,4.53,4.56,4.46,4.46,4.53,-0.07,-1.5453,2091451.39,939990.555,0.0992,1.41,5.6617,0.5724,2.1079,29438779.1241,21076551.4846,2016358.3813,131296954.8935,94001419.6213
601988.SH,20240612,4.46,4.46,4.38,4.41,4.46,-0.05,-1.1211,1983114.6,874341.31,0.0941,1.23,5.5982,0.5659,2.0842,29438779.1241,21076551.4846,2016358.3813,129825015.9373,92947592.0471
601988.SH,20240613,4.41,4.45,4.4,4.45,4.41,0.04,0.907,1242576.37,551171.605,0.059,0.68,5.649,0.5711,2.1031,29438779.1241,21076551.4846,2016358.3813,131002567.1022,93790654.1065
601988.SH,20240614,4.45,4.49,4.43,4.48,4.45,0.03,0.6742,1703731.86,762017.957,0.0808,0.92,5.6871,0.5749,2.1173,29438779.1241,21076551.4846,2016358.3813,131885730.476,94422950.651
601988.SH,20240617,4.48,4.48,4.42,4.43,4.48,-0.05,-1.1161,1380629.59,613146.904,0.0655,0.73,5.6236,0.5685,2.0937,29438779.1241,21076551.4846,2016358.3813,130413791.5198,93369123.0768
601988.SH,20240618,4.43,4.45,4.4,4.44,4.43,0.01,0.2257,1088951.02,482315.934,0.0517,0.65,5.6363,0.5698,2.0984,29438779.1241,21076551.4846,2016358.3813,130708179.311,93579888.5916
601988.SH,20240619,4.44,4.49,4.43,4.48,4.44,0.04,0.9009,1588384.48,710212.719,0.0754,1.07,5.6871,0.5749,2.1173,29438779.1241,21076551.4846,2016358.3813,131885730.476,94422950.651
601988.SH,20240620,4.48,4.5,4.46,4.49,4.48,0.01,0.2232,1081443.73,485227.573,0.0513,0.77,5.6998,0.5762,2.122,29438779.1241,21076551.4846,2016358.3813,132180118.2672,94633716.1659
601988.SH,20240621,4.49,4.51,4.46,4.47,4.49,-0.02,-0.4454,1304234.65,584487.716,0.0619,0.95,5.6744,0.5736,2.1126,29438779.1241,21076551.4846,2016358.3813,131591342.6847,94212185.1362
601988.SH,20240624,4.48,4.5,4.46,4.49,4.47,0.02,0.4474,1487371.76,666867.807,0.0706,1.15,5.6998,0.5762,2.122,29438779.1241,21076551.4846,2016358.3813,132180118.2672,94633716.1659
601988.SH,20240625,4.49,4.53,4.48,4.52,4.49,0.03,0.6682,2027769.79,914009.335,0.0962,1.55,5.7379,0.5801,2.1362,29438779.1241,21076551.4846,2016358.3813,133063281.6409,95266012.7104
601988.SH,20240626,4.51,4.58,4.51,4.55,4.52,0.03,0.6637,1845733.42,840327.361,0.0876,1.23,5.7759,0.5839,2.1504,29438779.1241,21076551.4846,2016358.3813,133946445.0147,95898309.2549
601988.SH,20240627,4.55,4.63,4.54,4.61,4.55,0.06,1.3187,2261281.97,1039116.455,0.1073,1.46,5.8521,0.5916,2.1788,29438779.1241,21076551.4846,2016358.3813,135712771.7621,97162902.344
601988.SH,20240628,4.61,4.63,4.59,4.62,4.61,0.01,0.2169,1622231.87,748106.385,0.077,0.91,5.8648,0.5929,2.1835,29438779.1241,21076551.4846,2016358.3813,136007159.5533,97373667.8589
601988.SH,20240701,4.62,4.7,4.6,4.67,4.62,0.05,1.0823,1955082.52,911075.613,0.0928,1.06,5.9283,0.5993,2.2071,29438779.1241,21076551.4846,2016358.3813,137479098.5095,98427495.4331
601988.SH,20240702,4.67,4.76,4.66,4.76,4.67,0.09,1.9272,2246771.63,1062085.419,0.1066,1.16,6.0425,0.6109,2.2497,29438779.1241,21076551.4846,2016358.3813,140128588.6307,100324385.0667
601988.SH,20240703,4.76,4.79,4.67,4.71,4.76,-0.05,-1.0504,2157079.51,1016695.101,0.1023,1.09,5.9791,0.6044,2.226,29438779.1241,21076551.4846,2016358.3813,138656649.6745,99270557.4925
601988.SH,20240704,4.71,4.75,4.7,4.74,4.71,0.03,0.6369,1462570.32,692390.856,0.0694,0.71,6.0171,0.6083,2.2402,29438779.1241,21076551.4846,2016358.3813,139539813.0482,99902854.037
601988.SH,20240705,4.74,4.75,4.62,4.63,4.74,-0.11,-2.3207,2243659.75,1045754.965,0.1065,1.19,5.8775,0.5942,2.1882,29438779.1241,21076551.4846,2016358.3813,136301547.3446,97584433.3737
601988.SH,20240708,4.64,4.71,4.62,4.69,4.63,0.06,1.2959,1942087.2,910261.319,0.0921,0.96,5.9537,0.6019,2.2166,29438779.1241,21076551.4846,2016358.3813,138067874.092,98849026.4628
601988.SH,20240709,4.69,4.75,4.66,4.74,4.69,0.05,1.0661,1755526.8,828292.41,0.0833,0.87,6.0171,0.6083,2.2402,29438779.1241,21076551.4846,2016358.3813,139539813.0482,99902854.037
601988.SH,20240710,4.74,4.78,4.73,4.75,4.74,0.01,0.211,1375908.33,653951.386,0.0653,0.72,6.0298,0.6096,2.2449,29438779.1241,21076551.4846,2016358.3813,139834200.8395,100113619.5519
601988.SH,20240711,4.75,4.76,4.67,4.7,4.75,-0.05,-1.0526,2157896.36,1014178.093,0.1024,1.23,5.9664,0.6032,2.2213,29438779.1241,21076551.4846,2016358.3813,138362261.8833,99059791.9776
601988.SH,20240712,4.69,4.79,4.68,4.77,4.7,0.07,1.4894,2073274.56,986445.438,0.0984,1.09,6.0552,0.6121,2.2544,29438779.1241,21076551.4846,2016358.3813,140422976.422,100535150.5815
601988.SH,20240715,4.77,4.87,4.76,4.85,4.77,0.08,1.6771,2191461.22,1058268.744,0.104,1.18,6.1568,0.6224,2.2922,29438779.1241,21076551.4846,2016358.3813,142778078.7519,102221274.7003
601988.SH,20240716,4.87,4.97,4.84,4.88,4.85,0.03,0.6186,3332158.12,1629637.396,0.1581,1.74,6.1949,0.6263,2.3064,29438779.1241,21076551.4846,2016358.3813,143661242.1256,102853571.2448
601988.SH,20240717,4.65,4.68,4.61,4.66,4.64,0.02,0.431,2824099.59,1313780.784,0.134,1.27,5.9156,0.6167,2.2024,29438779.1241,21076551.4846,2016358.3813,137184710.7183,98216729.9182
601988.SH,20240718,4.66,4.67,4.61,4.66,4.66,0.0,0.0,1903945.76,883954.185,0.0903,0.76,5.9156,0.6167,2.2024,29438779.1241,21076551.4846,2016358.3813,137184710.7183,98216729.9182
601988.SH,20240719,4.66,4.68,4.6,4.67,4.66,0.01,0.2146,2134197.78,990459.066,0.1013,0.87,5.9283,0.6181,2.2071,29438779.1241,21076551.4846,2016358.3813,137479098.5095,98427495.4331
601988.SH,20240722,4.65,4.67,4.6,4.65,4.67,-0.02,-0.4283,1800670.7,833981.508,0.0854,0.73,5.9029,0.6154,2.1977,29438779.1241,21076551.4846,2016358.3813,136890322.9271,98005964.4034
601988.SH,20240723,4.64,4.81,4.63,4.76,4.65,0.11,2.3656,2806303.09,1330973.361,0.1331,1.17,6.0425,0.63,2.2497,29438779.1241,21076551.4846,2016358.3813,140128588.6307,100324385.0667
601988.SH,20240724,4.74,4.8,4.73,4.76,4.76,0.0,0.0,2009286.99,957652.951,0.0953,0.88,6.0425,0.63,2.2497,29438779.1241,21076551.4846,2016358.3813,140128588.6307,100324385.0667
601988.SH,20240725,4.75,4.78,4.66,4.73,4.76,-0.03,-0.6303,2000970.04,943779.066,0.0949,0.94,6.0044,0.626,2.2355,29438779.1241,21076551.4846,2016358.3813,139245425.257,99692088.5222
601988.SH,20240726,4.73,4.73,4.58,4.63,4.73,-0.1,-2.1142,2400795.85,1113123.1,0.1139,1.12,5.8775,0.6128,2.1882,29438779.1241,21076551.4846,2016358.3813,136301547.3446,97584433.3737
601988.SH,20240729,4.65,4.76,4.57,4.74,4.63,0.11,2.3758,2264297.07,1064746.258,0.1074,1.03,6.0171,0.6273,2.2402,29438779.1241,21076551.4846,2016358.3813,139539813.0482,99902854.037
601988.SH,20240730,4.75,4.78,4.72,4.77,4.74,0.03,0.6329,1584164.97,753444.753,0.0752,0.69,6.0552,0.6313,2.2544,29438779.1241,21076551.4846,2016358.3813,140422976.422,100535150.5815
601988.SH,20240731,4.78,4.78,4.66,4.66,4.77,-0.11,-2.3061,2393074.4,1122438.71,0.1135,1.17,5.9156,0.6167,2.2024,29438779.1241,21076551.4846,2016358.3813,137184710.7183,98216729.9182
601988.SH,20240801,4.66,4.74,4.6,4.69,4.66,0.03,0.6438,1746427.92,818156.048,0.0829,0.82,5.9537,0.6207,2.2166,29438779.1241,21076551.4846,2016358.3813,138067874.092,98849026.4628
601988.SH,20240802,4.69,4.74,4.66,4.7,4.69,0.01,0.2132,1388977.81,653410.842,0.0659,0.67,5.9664,0.622,2.2213,29438779.1241,21076551.4846,2016358.3813,138362261.8833,99059791.9776
601988.SH,20240805,4.7,4.72,4.64,4.67,4.7,-0.03,-0.6383,1679684.04,785372.223,0.0797,0.9,5.9283,0.6181,2.2071,29438779.1241,21076551.4846,2016358.3813,137479098.5095,98427495.4331
601988.SH,20240806,4.66,4.68,4.58,4.61,4.67,-0.06,-1.2848,1789459.01,825638.637,0.0849,1.02,5.8521,0.6101,2.1788,29438779.1241,21076551.4846,2016358.3813,135712771.7621,97162902.344
601988.SH,20240807,4.61,4.66,4.59,4.62,4.61,0.01,0.2169,1419535.11,657984.136,0.0674,0.79,5.8648,0.6114,2.1835,29438779.1241,21076551.4846,2016358.3813,136007159.5533,97373667.8589
601988.SH,20240808,4.63,4.65,4.61,4.62,4.62,0.0,0.0,734659.05,339718.301,0.0349,0.46,5.8648,0.6114,2.1835,29438779.1241,21076551.4846,2016358.3813,136007159.5533,97373667.8589
601988.SH,20240809,4.62,4.65,4.6,4.63,4.62,0.01,0.2165,961159.32,445225.593,0.0456,0.69,5.8775,0.6128,2.1882,29438779.1241,21076551.4846,2016358.3813,136301547.3446,97584433.3737
601988.SH,20240812,4.63,4.68,4.62,4.66,4.63,0.03,0.6479,1027279.27,477962.758,0.0487,0.78,5.9156,0.6167,2.2024,29438779.1241,21076551.4846,2016358.3813,137184710.7183,98216729.9182
601988.SH,20240813,4.65,4.72,4.64,4.7,4.66,0.04,0.8584,1491919.7,699882.04,0.0708,1.26,5.9664,0.622,2.2213,29438779.1241,21076551.4846,2016358.3813,138362261.8833,99059791.9776
601988.SH,20240814,4.7,4.73,4.69,4.72,4.7,0.02,0.4255,948142.28,446765.144,0.045,0.84,5.9917,0.6247,2.2308,29438779.1241,21076551.4846,2016358.3813,138951037.4658,99481323.0073
601988.SH,20240815,4.72,4.76,4.71,4.75,4.72,0.03,0.6356,1291664.05,612385.435,0.0613,1.25,6.0298,0.6286,2.2449,29438779.1241,21076551.4846,2016358.3813,139834200.8395,100113619.5519
601988.SH,20240816,4.75,4.82,4.74,4.81,4.75,0.06,1.2632,1533129.67,734592.748,0.0727,1.34,6.106,0.6366,2.2733,29438779.1241,21076551.4846,2016358.3813,141600527.5869,101378212.6409
601988.SH,20240819,4.81,4.93,4.79,4.92,4.81,0.11,2.2869,1929694.69,941034.592,0.0916,1.53,6.2456,0.6511,2.3253,29438779.1241,21076551.4846,2016358.3813,144838793.2906,103696633.3042
601988.SH,20240820,4.93,4.97,4.88,4.96,4.92,0.04,0.813,1824758.9,901550.788,0.0866,1.27,6.2964,0.6564,2.3442,29438779.1241,21076551.4846,2016358.3813,146016344.4555,104539695.3636
601988.SH,20240821,4.95,4.97,4.87,4.95,4.96,-0.01,-0.2016,1405577.53,693522.141,0.0667,0.93,6.2837,0.6551,2.3395,29438779.1241,21076551.4846,2016358.3813,145721956.6643,104328929.8488
601988.SH,20240822,4.95,5.09,4.94,5.07,4.95,0.12,2.4242,2146507.66,1082783.331,0.1018,1.34,6.4361,0.671,2.3962,29438779.1241,21076551.4846,2016358.3813,149254610.1592,106858116.0269
601988.SH,20240823,5.07,5.09,5.0,5.08,5.07,0.01,0.1972,1524498.86,770603.455,0.0723,0.86,6.4487,0.6723,2.4009,29438779.1241,21076551.4846,2016358.3813,149548997.9504,107068881.5418
601988.SH,20240826,5.06,5.08,5.0,5.08,5.08,0.0,0.0,1374832.02,694633.942,0.0652,0.78,6.4487,0.6723,2.4009,29438779.1241,21076551.4846,2016358.3813,149548997.9504,107068881.5418
601988.SH,20240827,5.07,5.17,5.06,5.17,5.08,0.09,1.7717,1877459.37,964774.435,0.0891,1.13,6.563,0.6842,2.4434,29438779.1241,21076551.4846,2016358.3813,152198488.0716,108965771.1754
601988.SH,20240828,5.16,5.2,5.08,5.12,5.17,-0.05,-0.9671,2066160.31,1060282.573,0.098,1.24,6.4995,0.6776,2.4198,29438779.1241,21076551.4846,2016358.3813,150726549.1154,107911943.6012
601988.SH,20240829,5.11,5.12,4.89,4.91,5.12,-0.21,-4.1016,2974357.72,1476152.642,0.1411,1.65,6.2329,0.6498,2.3205,29438779.1241,21076551.4846,2016358.3813,144544405.4993,103485867.7894
601988.SH,20240830,4.91,4.96,4.79,4.79,4.91,-0.12,-2.444,3780751.67,1831684.845,0.1794,1.93,6.0806,0.6714,2.2638,29438779.1241,21076551.4846,2016358.3813,141011752.0044,100956681.6112
601988.SH,20240902,4.77,4.93,4.73,4.9,4.79,0.11,2.2965,2640424.11,1286335.119,0.1253,1.09,6.2202,0.6869,2.3158,29438779.1241,21076551.4846,2016358.3813,144250017.7081,103275102.2745
601988.SH,20240903,4.88,4.9,4.71,4.76,4.9,-0.14,-2.8571,2436378.89,1160518.111,0.1156,0.91,6.0425,0.6313,2.2497,29438779.1241,21076551.4846,2016358.3813,140128588.6307,100324385.0667
601988.SH,20240904,4.74,4.8,4.71,4.74,4.76,-0.02,-0.4202,1539947.93,730750.282,0.0731,0.55,6.0171,0.6095,2.2402,29438779.1241,21076551.4846,2016358.3813,139539813.0482,99902854.037
601988.SH,20240905,4.74,4.77,4.65,4.71,4.74,-0.03,-0.6329,1702672.29,800742.116,0.0808,0.64,5.9791,0.6057,2.226,29438779.1241,21076551.4846,2016358.3813,138656649.6745,99270557.4925
601988.SH,20240906,4.71,4.8,4.71,4.72,4.71,0.01,0.2123,1103782.6,525397.283,0.0524,0.46,5.9917,0.607,2.2308,29438779.1241,21076551.4846,2016358.3813,138951037.4658,99481323.0073
601988.SH,20240909,4.74,4.74,4.62,4.68,4.72,-0.04,-0.8475,1328814.62,622262.891,0.063,0.71,5.941,0.6018,2.2118,29438779.1241,21076551.4846,2016358.3813,137773486.3008,98638260.9479
601988.SH,20240910,4.7,4.81,4.69,4.8,4.68,0.12,2.5641,1948048.93,928993.174,0.0924,1.2,6.0933,0.6172,2.2686,29438779.1241,21076551.4846,2016358.3813,141306139.7957,101167447.1261
601988.SH,20240911,4.78,4.79,4.62,4.63,4.8,-0.17,-3.5417,1964618.78,918883.835,0.0932,1.29,5.8775,0.5954,2.1882,29438779.1241,21076551.4846,2016358.3813,136301547.3446,97584433.3737
601988.SH,20240912,4.62,4.66,4.58,4.63,4.63,0.0,0.0,1356145.09,626996.317,0.0643,0.84,5.8775,0.5954,2.1882,29438779.1241,21076551.4846,2016358.3813,136301547.3446,97584433.3737
601988.SH,20240913,4.65,4.67,4.55,4.58,4.63,-0.05,-1.0799,1476276.71,679234.437,0.07,0.96,5.814,0.589,2.1646,29438779.1241,21076551.4846,2016358.3813,134829608.3884,96530605.7995
601988.SH,20240918,4.6,4.66,4.59,4.65,4.58,0.07,1.5284,1190226.12,551285.092,0.0565,0.74,5.9029,0.598,2.1977,29438779.1241,21076551.4846,2016358.3813,136890322.9271,98005964.4034
601988.SH,20240919,4.66,4.68,4.58,4.61,4.65,-0.04,-0.8602,1510052.09,695058.453,0.0716,0.95,5.8521,0.5928,2.1788,29438779.1241,21076551.4846,2016358.3813,135712771.7621,97162902.344
601988.SH,20240920,4.6,4.65,4.57,4.64,4.61,0.03,0.6508,1636742.63,756507.757,0.0777,1.09,5.8902,0.5967,2.1929,29438779.1241,21076551.4846,2016358.3813,136595935.1358,97795198.8885
601988.SH,20240923,4.63,4.71,4.6,4.69,4.64,0.05,1.0776,1297783.78,605436.434,0.0616,0.91,5.9537,0.6031,2.2166,29438779.1241,21076551.4846,2016358.3813,138067874.092,98849026.4628
601988.SH,20240924,4.72,4.9,4.7,4.9,4.69,0.21,4.4776,2660905.47,1280548.834,0.1262,1.87,6.2202,0.6301,2.3158,29438779.1241,21076551.4846,2016358.3813,144250017.7081,103275102.2745
601988.SH,20240925,4.98,5.09,4.82,4.9,4.9,0.0,0.0,3040607.22,1504516.518,0.1443,1.83,6.2202,0.6301,2.3158,29438779.1241,21076551.4846,2016358.3813,144250017.7081,103275102.2745
601988.SH,20240926,4.9,5.0,4.87,4.99,4.9,0.09,1.8367,2943666.26,1450168.151,0.1397,1.45,6.3345,0.6417,2.3584,29438779.1241,21076551.4846,2016358.3813,146899507.8293,105171991.9082
601988.SH,20240927,5.03,5.05,4.83,4.87,4.99,-0.12,-2.4048,3064403.05,1494576.291,0.1454,1.32,6.1822,0.6262,2.3016,29438779.1241,21076551.4846,2016358.3813,143366854.3344,102642805.73
601988.SH,20240930,4.86,5.09,4.75,5.0,4.87,0.13,2.6694,8027773.16,3934501.056,0.3809,3.09,6.3472,0.643,2.3631,29438779.1241,21076551.4846,2016358.3813,147193895.6205,105382757.423
601988.SH,20241008,5.3,5.4,4.92,4.97,5.0,-0.03,-0.6,8329296.3,4243143.413,0.3952,2.11,6.3091,0.6391,2.3489,29438779.1241,21076551.4846,2016358.3813,146310732.2468,104750460.8785
601988.SH,20241009,4.95,4.98,4.8,4.81,4.97,-0.16,-3.2193,5755678.67,2811300.614,0.2731,1.13,6.106,0.6185,2.2733,29438779.1241,21076551.4846,2016358.3813,141600527.5869,101378212.6409
601988.SH,20241010,4.84,5.1,4.83,5.01,4.81,0.2,4.158,5637981.17,2807123.076,0.2675,1.0,6.3599,0.6442,2.3678,29438779.1241,21076551.4846,2016358.3813,147488283.4117,105593522.9378
601988.SH,20241011,5.03,5.14,4.95,5.02,5.01,0.01,0.1996,3340336.65,1689847.564,0.1585,0.54,6.3726,0.6455,2.3725,29438779.1241,21076551.4846,2016358.3813,147782671.203,105804288.4527
601988.SH,20241014,5.07,5.18,5.06,5.14,5.02,0.12,2.3904,4012072.74,2058772.545,0.1904,0.65,6.5249,0.661,2.4293,29438779.1241,21076551.4846,2016358.3813,151315324.6979,108333474.6308
601988.SH,20241015,5.12,5.13,5.01,5.02,5.14,-0.12,-2.3346,2706541.16,1370686.345,0.1284,0.5,6.3726,0.6455,2.3725,29438779.1241,21076551.4846,2016358.3813,147782671.203,105804288.4527
601988.SH,20241016,5.03,5.14,4.99,5.1,5.02,0.08,1.5936,2888840.26,1470243.967,0.1371,0.67,6.4741,0.6558,2.4103,29438779.1241,21076551.4846,2016358.3813,150137773.5329,107490412.5715
601988.SH,20241017,5.1,5.14,5.05,5.05,5.1,-0.05,-0.9804,1889887.81,961257.37,0.0897,0.51,6.4107,0.6494,2.3867,29438779.1241,21076551.4846,2016358.3813,148665834.5767,106436584.9972
601988.SH,20241018,5.06,5.09,4.94,5.05,5.05,0.0,0.0,2895529.72,1454106.839,0.1374,0.98,6.4107,0.6494,2.3867,29438779.1241,21076551.4846,2016358.3813,148665834.5767,106436584.9972
601988.SH,20241021,5.05,5.05,4.93,4.95,5.05,-0.1,-1.9802,2822321.87,1399016.851,0.1339,0.98,6.2837,0.6365,2.3395,29438779.1241,21076551.4846,2016358.3813,145721956.6643,104328929.8488
601988.SH,20241022,4.95,5.0,4.92,4.94,4.95,-0.01,-0.202,2024078.69,999505.436,0.096,0.77,6.271,0.6352,2.3347,29438779.1241,21076551.4846,2016358.3813,145427568.8731,104118164.3339
601988.SH,20241023,4.95,4.96,4.92,4.96,4.94,0.02,0.4049,1708250.71,843401.375,0.081,0.68,6.2964,0.6378,2.3442,29438779.1241,21076551.4846,2016358.3813,146016344.4555,104539695.3636
601988.SH,20241024,4.94,4.99,4.92,4.95,4.96,-0.01,-0.2016,1342990.6,665785.562,0.0637,0.59,6.2837,0.6365,2.3395,29438779.1241,21076551.4846,2016358.3813,145721956.6643,104328929.8488
601988.SH,20241025,4.94,4.95,4.9,4.91,4.95,-0.04,-0.8081,1680681.54,826288.021,0.0797,0.78,6.2329,0.6314,2.3205,29438779.1241,21076551.4846,2016358.3813,144544405.4993,103485867.7894
601988.SH,20241028,4.91,4.91,4.85,4.88,4.91,-0.03,-0.611,1634703.3,795257.041,0.0776,0.85,6.1949,0.6275,2.3064,29438779.1241,21076551.4846,2016358.3813,143661242.1256,102853571.2448
601988.SH,20241029,4.88,4.92,4.86,4.9,4.88,0.02,0.4098,1619513.59,792257.314,0.0768,0.97,6.2202,0.6301,2.3158,29438779.1241,21076551.4846,2016358.3813,144250017.7081,103275102.2745
601988.SH,20241030,4.89,4.91,4.83,4.83,4.9,-0.07,-1.4286,1566967.95,760283.13,0.0743,0.98,6.1314,0.6211,2.2827,29438779.1241,21076551.4846,2016358.3813,142189303.1694,101799743.6706
601988.SH,20241031,4.84,4.86,4.81,4.82,4.83,-0.01,-0.207,1669408.04,806367.335,0.0792,1.06,6.1187,0.6031,2.278,29438779.1241,21076551.4846,2016358.3813,141894915.3782,101588978.1558
601988.SH,20241101,4.83,4.9,4.82,4.88,4.82,0.06,1.2448,1898500.17,925097.752,0.0901,1.16,6.1949,0.6107,2.3064,29438779.1241,21076551.4846,2016358.3813,143661242.1256,102853571.2448
601988.SH,20241104,4.89,4.9,4.81,4.89,4.88,0.01,0.2049,1441455.67,699641.841,0.0684,0.86,6.2076,0.6119,2.3111,29438779.1241,21076551.4846,2016358.3813,143955629.9168,103064336.7597
601988.SH,20241105,4.88,4.91,4.86,4.91,4.89,0.02,0.409,1795769.87,878819.862,0.0852,1.1,6.2329,0.6144,2.3205,29438779.1241,21076551.4846,2016358.3813,144544405.4993,103485867.7894
601988.SH,20241106,4.91,4.91,4.87,4.89,4.91,-0.02,-0.4073,1496237.82,731510.067,0.071,0.89,6.2076,0.6119,2.3111,29438779.1241,21076551.4846,2016358.3813,143955629.9168,103064336.7597
601988.SH,20241107,4.88,4.93,4.87,4.92,4.89,0.03,0.6135,1969677.98,964964.428,0.0935,1.19,6.2456,0.6157,2.3253,29438779.1241,21076551.4846,2016358.3813,144838793.2906,103696633.3042
601988.SH,20241108,4.93,4.94,4.85,4.86,4.92,-0.06,-1.2195,2478781.43,1210504.85,0.1176,1.44,6.1695,0.6081,2.2969,29438779.1241,21076551.4846,2016358.3813,143072466.5431,102432040.2152
601988.SH,20241111,4.84,4.84,4.8,4.81,4.86,-0.05,-1.0288,2264692.37,1090190.563,0.1075,1.23,6.106,0.6019,2.2733,29438779.1241,21076551.4846,2016358.3813,141600527.5869,101378212.6409
601988.SH,20241112,4.81,4.85,4.79,4.79,4.81,-0.02,-0.4158,1765403.27,849353.304,0.0838,0.88,6.0806,0.5994,2.2638,29438779.1241,21076551.4846,2016358.3813,141011752.0044,100956681.6112
601988.SH,20241113,4.79,4.83,4.78,4.82,4.79,0.03,0.6263,1398411.11,672646.397,0.0663,0.7,6.1187,0.6031,2.278,29438779.1241,21076551.4846,2016358.3813,141894915.3782,101588978.1558
601988.SH,20241114,4.8,4.86,4.78,4.84,4.82,0.02,0.4149,2229949.87,1076933.147,0.1058,1.13,6.1441,0.6056,2.2875,29438779.1241,21076551.4846,2016358.3813,142483690.9606,102010509.1855
601988.SH,20241115,4.83,4.9,4.79,4.86,4.84,0.02,0.4132,2699257.29,1311011.436,0.1281,1.33,6.1695,0.6081,2.2969,29438779.1241,21076551.4846,2016358.3813,143072466.5431,102432040.2152
601988.SH,20241118,4.88,5.03,4.88,5.0,4.86,0.14,2.8807,4371190.3,2181676.739,0.2074,2.11,6.3472,0.6257,2.3631,29438779.1241,21076551.4846,2016358.3813,147193895.6205,105382757.423
601988.SH,20241119,5.01,5.05,4.91,4.98,5.0,-0.02,-0.4,2543577.24,1268152.728,0.1207,1.02,6.3218,0.6232,2.3536,29438779.1241,21076551.4846,2016358.3813,146605120.038,104961226.3933
601988.SH,20241120,4.98,5.0,4.94,4.96,4.98,-0.02,-0.4016,1695159.45,842721.892,0.0804,0.64,6.2964,0.6207,2.3442,29438779.1241,21076551.4846,2016358.3813,146016344.4555,104539695.3636
601988.SH,20241121,4.95,4.98,4.94,4.96,4.96,0.0,0.0,1057666.1,523785.91,0.0502,0.39,6.2964,0.6207,2.3442,29438779.1241,21076551.4846,2016358.3813,146016344.4555,104539695.3636
601988.SH,20241122,4.96,4.98,4.91,4.91,4.96,-0.05,-1.0081,1580135.31,780729.305,0.075,0.64,6.2329,0.6144,2.3205,29438779.1241,21076551.4846,2016358.3813,144544405.4993,103485867.7894
601988.SH,20241125,4.92,4.97,4.9,4.91,4.91,0.0,0.0,1714040.01,846260.242,0.0813,0.76,6.2329,0.6144,2.3205,29438779.1241,21076551.4846,2016358.3813,144544405.4993,103485867.7894
601988.SH,20241126,4.91,5.0,4.88,4.99,4.91,0.08,1.6293,1972688.44,977059.179,0.0936,1.15,6.3345,0.6244,2.3584,29438779.1241,21076551.4846,2016358.3813,146899507.8293,105171991.9082
601988.SH,20241127,4.98,5.05,4.98,5.04,4.99,0.05,1.002,2303338.81,1156796.65,0.1093,1.44,6.398,0.6307,2.382,29438779.1241,21076551.4846,2016358.3813,148371446.7855,106225819.4824
601988.SH,20241128,5.02,5.06,5.0,5.03,5.04,-0.01,-0.1984,1401858.64,705571.047,0.0665,0.81,6.3853,0.6294,2.3773,29438779.1241,21076551.4846,2016358.3813,148077058.9942,106015053.9675
601988.SH,20241129,5.04,5.1,5.01,5.01,5.03,-0.02,-0.3976,2008632.23,1014880.321,0.0953,1.12,6.3599,0.6269,2.3678,29438779.1241,21076551.4846,2016358.3813,147488283.4117,105593522.9378
601988.SH,20241202,5.01,5.02,4.96,5.01,5.01,0.0,0.0,1682688.82,838891.969,0.0798,0.89,6.3599,0.6269,2.3678,29438779.1241,21076551.4846,2016358.3813,147488283.4117,105593522.9378
601988.SH,20241203,5.01,5.1,4.99,5.09,5.01,0.08,1.5968,2308575.76,1166148.176,0.1095,1.23,6.4614,0.6369,2.4056,29438779.1241,21076551.4846,2016358.3813,149843385.7417,107279647.0566
601988.SH,20241204,5.08,5.12,5.06,5.11,5.09,0.02,0.3929,1656670.32,844457.664,0.0786,0.85,6.4868,0.6394,2.4151,29438779.1241,21076551.4846,2016358.3813,150432161.3242,107701178.0863
601988.SH,20241205,5.09,5.15,5.08,5.08,5.11,-0.03,-0.5871,1411084.48,719955.876,0.067,0.78,6.4487,0.6357,2.4009,29438779.1241,21076551.4846,2016358.3813,149548997.9504,107068881.5418
601988.SH,20241206,5.08,5.14,5.07,5.1,5.08,0.02,0.3937,2243961.13,1145783.233,0.1065,1.24,6.4741,0.6382,2.4103,29438779.1241,21076551.4846,2016358.3813,150137773.5329,107490412.5715
601988.SH,20241209,5.1,5.17,5.07,5.15,5.1,0.05,0.9804,2093927.32,1076056.485,0.0993,1.13,6.5376,0.6444,2.434,29438779.1241,21076551.4846,2016358.3813,151609712.4891,108544240.1457
601988.SH,20241210,5.19,5.24,5.13,5.21,5.15,0.06,1.165,2227808.31,1156082.703,0.1057,1.15,6.6138,0.6519,2.4623,29438779.1241,21076551.4846,2016358.3813,153376039.2366,109808833.2348
601988.SH,20241211,5.21,5.25,5.13,5.13,5.21,-0.08,-1.5355,1915186.46,989982.531,0.0909,0.99,6.5122,0.6419,2.4245,29438779.1241,21076551.4846,2016358.3813,151020936.9066,108122709.116
601988.SH,20241212,5.14,5.21,5.12,5.2,5.13,0.07,1.3645,1843780.62,955408.134,0.0875,0.93,6.6011,0.6507,2.4576,29438779.1241,21076551.4846,2016358.3813,153081651.4453,109598067.7199
601988.SH,20241213,5.19,5.22,5.14,5.18,5.2,-0.02,-0.3846,2237834.49,1160504.59,0.1062,1.08,6.5757,0.6482,2.4482,29438779.1241,21076551.4846,2016358.3813,152492875.8628,109176536.6902
601988.SH,20241216,5.19,5.3,5.19,5.26,5.18,0.08,1.5444,2345198.46,1232994.986,0.1113,1.14,6.6772,0.6582,2.486,29438779.1241,21076551.4846,2016358.3813,154847978.1928,110862660.809
601988.SH,20241217,5.27,5.32,5.25,5.28,5.26,0.02,0.3802,1826637.84,963670.206,0.0867,0.86,6.7026,0.6607,2.4954,29438779.1241,21076551.4846,2016358.3813,155436753.7752,111284191.8387
601988.SH,20241218,5.28,5.34,5.25,5.28,5.28,0.0,0.0,2029799.22,1073794.133,0.0963,1.0,6.7026,0.6607,2.4954,29438779.1241,21076551.4846,2016358.3813,155436753.7752,111284191.8387
601988.SH,20241219,5.27,5.3,5.2,5.23,5.28,-0.05,-0.947,2007496.52,1056014.314,0.0952,0.98,6.6392,0.6544,2.4718,29438779.1241,21076551.4846,2016358.3813,153964814.819,110230364.2645
601988.SH,20241220,5.24,5.31,5.24,5.26,5.23,0.03,0.5736,1670059.76,880002.41,0.0792,0.8,6.6772,0.6582,2.486,29438779.1241,21076551.4846,2016358.3813,154847978.1928,110862660.809
601988.SH,20241223,5.26,5.4,5.25,5.36,5.26,0.1,1.9011,2597727.63,1391033.125,0.1233,1.31,6.8042,0.6707,2.5332,29438779.1241,21076551.4846,2016358.3813,157791856.1052,112970315.9575
601988.SH,20241224,5.38,5.44,5.34,5.43,5.36,0.07,1.306,2108740.9,1139130.773,0.1001,1.04,6.893,0.6795,2.5663,29438779.1241,21076551.4846,2016358.3813,159852570.6439,114445674.5614
601988.SH,20241225,5.43,5.59,5.42,5.51,5.43,0.08,1.4733,2655333.28,1463543.893,0.126,1.27,6.9946,0.6895,2.6041,29438779.1241,21076551.4846,2016358.3813,162207672.9738,116131798.6801
601988.SH,20241226,5.51,5.53,5.39,5.5,5.51,-0.01,-0.1815,2366880.16,1293578.859,0.1123,1.07,6.9819,0.6882,2.5994,29438779.1241,21076551.4846,2016358.3813,161913285.1826,115921033.1653
601988.SH,20241227,5.49,5.54,5.36,5.48,5.5,-0.02,-0.3636,2109121.65,1148479.336,0.1001,0.93,6.9565,0.6857,2.5899,29438779.1241,21076551.4846,2016358.3813,161324509.6001,115499502.1356
601988.SH,20241230,5.46,5.54,5.45,5.53,5.48,0.05,0.9124,1993781.03,1097072.744,0.0946,0.84,7.02,0.692,2.6136,29438779.1241,21076551.4846,2016358.3813,162796448.5563,116553329.7098
601988.SH,20241231,5.52,5.59,5.5,5.51,5.53,-0.02,-0.3617,2438727.9,1351634.189,0.1157,1.09,6.9946,0.6895,2.6041,29438779.1241,21076551.4846,2016358.3813,162207672.9738,116131798.6801
601988.SH,20250102,5.51,5.56,5.33,5.37,5.51,-0.14,-2.5408,2678095.57,1454224.689,0.1271,1.16,6.8169,0.672,2.538,29438779.1241,21076551.4846,2016358.3813,158086243.8964,113181081.4723
601988.SH,20250103,5.37,5.4,5.26,5.35,5.37,-0.02,-0.3724,2301716.36,1226436.845,0.1092,0.99,6.7915,0.6695,2.5285,29438779.1241,21076551.4846,2016358.3813,157497468.3139,112759550.4426
601988.SH,20250106,5.35,5.41,5.21,5.39,5.35,0.04,0.7477,2285665.88,1217417.471,0.1084,0.99,6.8423,0.6745,2.5474,29438779.1241,21076551.4846,2016358.3813,158675019.4789,113602612.502
601988.SH,20250107,5.39,5.48,5.34,5.46,5.39,0.07,1.2987,1858052.02,1007224.911,0.0882,0.79,6.9311,0.6832,2.5805,29438779.1241,21076551.4846,2016358.3813,160735734.0176,115077971.1059
601988.SH,20250108,5.46,5.56,5.43,5.52,5.46,0.06,1.0989,2256534.97,1243339.696,0.1071,0.98,7.0073,0.6907,2.6088,29438779.1241,21076551.4846,2016358.3813,162502060.765,116342564.195
601988.SH,20250109,5.51,5.52,5.41,5.46,5.52,-0.06,-1.087,1644781.06,898201.884,0.078,0.72,6.9311,0.6832,2.5805,29438779.1241,21076551.4846,2016358.3813,160735734.0176,115077971.1059
601988.SH,20250110,5.47,5.48,5.37,5.45,5.46,-0.01,-0.1832,1642008.62,893317.931,0.0779,0.79,6.9184,0.682,2.5758,29438779.1241,21076551.4846,2016358.3813,160441346.2263,114867205.5911
601988.SH,20250113,5.41,5.45,5.3,5.35,5.45,-0.1,-1.8349,1857741.36,997327.651,0.0881,0.96,6.7915,0.6695,2.5285,29438779.1241,21076551.4846,2016358.3813,157497468.3139,112759550.4426
601988.SH,20250114,5.36,5.44,5.35,5.43,5.35,0.08,1.4953,1577528.23,852334.667,0.0748,0.85,6.893,0.6795,2.5663,29438779.1241,21076551.4846,2016358.3813,159852570.6439,114445674.5614
601988.SH,20250115,5.43,5.55,5.41,5.45,5.43,0.02,0.3683,1961077.79,1073577.865,0.093,1.09,6.9184,0.682,2.5758,29438779.1241,21076551.4846,2016358.3813,160441346.2263,114867205.5911
601988.SH,20250116,5.47,5.5,5.42,5.48,5.45,0.03,0.5505,1290913.34,706275.803,0.0612,0.74,6.9565,0.6857,2.5899,29438779.1241,21076551.4846,2016358.3813,161324509.6001,115499502.1356
601988.SH,20250117,5.48,5.51,5.44,5.45,5.48,-0.03,-0.5474,1263397.65,690984.849,0.0599,0.76,6.9184,0.682,2.5758,29438779.1241,21076551.4846,2016358.3813,160441346.2263,114867205.5911
601988.SH,20250120,5.46,5.47,5.4,5.41,5.45,-0.04,-0.7339,1313380.78,712777.937,0.0623,0.83,6.8677,0.677,2.5569,29438779.1241,21076551.4846,2016358.3813,159263795.0614,114024143.5317
601988.SH,20250121,5.42,5.44,5.36,5.41,5.41,0.0,0.0,1210863.15,655336.683,0.0575,0.82,6.8677,0.677,2.5569,29438779.1241,21076551.4846,2016358.3813,159263795.0614,114024143.5317
601988.SH,20250122,5.42,5.42,5.3,5.31,5.41,-0.1,-1.8484,1741166.76,930656.687,0.0826,1.24,6.7407,0.6645,2.5096,29438779.1241,21076551.4846,2016358.3813,156319917.149,111916488.3832
601988.SH,20250123,5.24,5.35,5.22,5.34,5.19,0.15,2.8902,2458757.28,1303707.307,0.1167,1.8,6.7788,0.6785,2.5238,29438779.1241,21076551.4846,2016358.3813,157203080.5227,112548784.9278
601988.SH,20250124,5.34,5.36,5.26,5.31,5.34,-0.03,-0.5618,1399697.69,745252.155,0.0664,0.88,6.7407,0.6747,2.5096,29438779.1241,21076551.4846,2016358.3813,156319917.149,111916488.3832
601988.SH,20250127,5.32,5.49,5.32,5.45,5.31,0.14,2.6365,2312122.81,1256335.259,0.1097,1.42,6.9184,0.6924,2.5758,29438779.1241,21076551.4846,2016358.3813,160441346.2263,114867205.5911
601988.SH,20250205,5.46,5.47,5.31,5.32,5.45,-0.13,-2.3853,2155637.87,1154361.663,0.1023,1.18,6.7534,0.6759,2.5143,29438779.1241,21076551.4846,2016358.3813,156614304.9402,112127253.8981
601988.SH,20250206,5.33,5.36,5.27,5.3,5.32,-0.02,-0.3759,1633365.14,865776.15,0.0775,0.81,6.728,0.6734,2.5049,29438779.1241,21076551.4846,2016358.3813,156025529.3577,111705722.8684
601988.SH,20250207,5.3,5.3,5.24,5.28,5.3,-0.02,-0.3774,2014060.1,1061023.06,0.0956,1.01,6.7026,0.6708,2.4954,29438779.1241,21076551.4846,2016358.3813,155436753.7752,111284191.8387
601988.SH,20250210,5.27,5.31,5.25,5.27,5.28,-0.01,-0.1894,1531866.38,809848.899,0.0727,0.8,6.6899,0.6696,2.4907,29438779.1241,21076551.4846,2016358.3813,155142365.984,111073426.3238
601988.SH,20250211,5.28,5.38,5.27,5.38,5.27,0.11,2.0873,2077215.47,1111412.193,0.0986,1.08,6.8296,0.6835,2.5427,29438779.1241,21076551.4846,2016358.3813,158380631.6877,113391846.9871
601988.SH,20250212,5.38,5.42,5.33,5.4,5.38,0.02,0.3717,1508452.46,811151.574,0.0716,0.8,6.855,0.6861,2.5521,29438779.1241,21076551.4846,2016358.3813,158969407.2701,113813378.0168
601988.SH,20250213,5.38,5.44,5.37,5.41,5.4,0.01,0.1852,1480430.97,801689.859,0.0702,0.84,6.8677,0.6874,2.5569,29438779.1241,21076551.4846,2016358.3813,159263795.0614,114024143.5317
601988.SH,20250214,5.41,5.43,5.36,5.41,5.41,0.0,0.0,1504288.36,811801.729,0.0714,0.87,6.8677,0.6874,2.5569,29438779.1241,21076551.4846,2016358.3813,159263795.0614,114024143.5317
601988.SH,20250217,5.42,5.45,5.36,5.44,5.41,0.03,0.5545,1514834.42,819627.891,0.0719,0.93,6.9057,0.6912,2.571,29438779.1241,21076551.4846,2016358.3813,160146958.4351,114656440.0762
601988.SH,20250218,5.42,5.58,5.42,5.56,5.44,0.12,2.2059,2491190.83,1377286.414,0.1182,1.54,7.0581,0.7064,2.6277,29438779.1241,21076551.4846,2016358.3813,163679611.93,117185626.2544
601988.SH,20250219,5.53,5.6,5.51,5.53,5.56,-0.03,-0.5396,1733476.44,961684.21,0.0822,1.02,7.02,0.7026,2.6136,29438779.1241,21076551.4846,2016358.3813,162796448.5563,116553329.7098
601988.SH,20250220,5.52,5.58,5.51,5.55,5.53,0.02,0.3617,1457961.7,808603.895,0.0692,0.84,7.0454,0.7051,2.623,29438779.1241,21076551.4846,2016358.3813,163385224.1388,116974860.7395
601988.SH,20250221,5.55,5.56,5.45,5.46,5.55,-0.09,-1.6216,2451667.66,1345156.203,0.1163,1.41,6.9311,0.6937,2.5805,29438779.1241,21076551.4846,2016358.3813,160735734.0176,115077971.1059
601988.SH,20250224,5.46,5.5,5.39,5.41,5.46,-0.05,-0.9158,2376968.73,1289430.564,0.1128,1.23,6.8677,0.6874,2.5569,29438779.1241,21076551.4846,2016358.3813,159263795.0614,114024143.5317
601988.SH,20250225,5.42,5.44,5.33,5.36,5.41,-0.05,-0.9242,2524358.7,1357824.106,0.1198,1.2,6.8042,0.681,2.5332,29438779.1241,21076551.4846,2016358.3813,157791856.1052,112970315.9575
601988.SH,20250226,5.35,5.42,5.34,5.41,5.36,0.05,0.9328,1765463.11,951466.564,0.0838,0.84,6.8677,0.6874,2.5569,29438779.1241,21076551.4846,2016358.3813,159263795.0614,114024143.5317
601988.SH,20250227,5.4,5.45,5.34,5.43,5.41,0.02,0.3697,2189283.3,1182443.824,0.1039,1.03,6.893,0.6899,2.5663,29438779.1241,21076551.4846,2016358.3813,159852570.6439,114445674.5614
601988.SH,20250228,5.42,5.47,5.4,5.4,5.43,-0.03,-0.5525,2044790.24,1109711.951,0.097,0.9,6.855,0.6861,2.5521,29438779.1241,21076551.4846,2016358.3813,158969407.2701,113813378.0168
601988.SH,20250303,5.41,5.44,5.32,5.42,5.4,0.02,0.3704,2424066.22,1306017.886,0.115,1.11,6.8804,0.6886,2.5616,29438779.1241,21076551.4846,2016358.3813,159558182.8526,114234909.0465
601988.SH,20250304,5.41,5.44,5.37,5.38,5.42,-0.04,-0.738,1497830.96,810212.873,0.0711,0.68,6.8296,0.6835,2.5427,29438779.1241,21076551.4846,2016358.3813,158380631.6877,113391846.9871
601988.SH,20250305,5.38,5.49,5.36,5.47,5.38,0.09,1.6729,2515764.63,1370959.629,0.1194,1.27,6.9438,0.695,2.5852,29438779.1241,21076551.4846,2016358.3813,161030121.8088,115288736.6208
601988.SH,20250306,5.46,5.47,5.4,5.44,5.47,-0.03,-0.5484,1684126.12,915264.011,0.0799,0.79,6.9057,0.6912,2.571,29438779.1241,21076551.4846,2016358.3813,160146958.4351,114656440.0762
601988.SH,20250307,5.44,5.46,5.41,5.41,5.44,-0.03,-0.5515,1352606.26,734243.712,0.0642,0.67,6.8677,0.6874,2.5569,29438779.1241,21076551.4846,2016358.3813,159263795.0614,114024143.5317
601988.SH,20250310,5.41,5.42,5.35,5.37,5.41,-0.04,-0.7394,1589314.77,854012.144,0.0754,0.84,6.8169,0.6823,2.538,29438779.1241,21076551.4846,2016358.3813,158086243.8964,113181081.4723
601988.SH,20250311,5.36,5.39,5.34,5.39,5.37,0.02,0.3724,1632937.37,875604.694,0.0775,0.95,6.8423,0.6848,2.5474,29438779.1241,21076551.4846,2197360.8313,158675019.4789,113602612.502
601988.SH,20250312,5.37,5.38,5.33,5.33,5.39,-0.06,-1.1132,1450974.99,775174.727,0.0688,0.83,6.7661,0.6772,2.519,29438779.1241,21076551.4846,2197360.8313,156908692.7315,112338019.4129
601988.SH,20250313,5.33,5.36,5.32,5.33,5.33,0.0,0.0,1460993.09,779833.853,0.0693,0.95,6.7661,0.6772,2.519,29438779.1241,21076551.4846,2197360.8313,156908692.7315,112338019.4129
601988.SH,20250314,5.34,5.38,5.32,5.36,5.33,0.03,0.5629,1906565.42,1021937.162,0.0905,1.27,6.8042,0.681,2.5332,29438779.1241,21076551.4846,2197360.8313,157791856.1052,112970315.9575
601988.SH,20250317,5.36,5.39,5.34,5.37,5.36,0.01,0.1866,1507439.56,809770.631,0.0715,0.94,6.8169,0.6823,2.538,29438779.1241,21076551.4846,2197360.8313,158086243.8964,113181081.4723
601988.SH,20250318,5.38,5.39,5.34,5.37,5.37,0.0,0.0,1456673.03,782036.213,0.0691,0.92,6.8169,0.6823,2.538,29438779.1241,21076551.4846,2197360.8313,158086243.8964,113181081.4723
601988.SH,20250319,5.38,5.44,5.36,5.43,5.37,0.06,1.1173,1982753.17,1072223.043,0.0941,1.27,6.893,0.6899,2.5663,29438779.1241,21076551.4846,2197360.8313,159852570.6439,114445674.5614
601988.SH,20250320,5.43,5.46,5.38,5.42,5.43,-0.01,-0.1842,1308246.18,708161.431,0.0621,0.79,6.8804,0.6886,2.5616,29438779.1241,21076551.4846,2197360.8313,159558182.8526,114234909.0465
601988.SH,20250321,5.41,5.44,5.35,5.36,5.42,-0.06,-1.107,1592605.5,857626.317,0.0756,0.98,6.8042,0.681,2.5332,29438779.1241,21076551.4846,2197360.8313,157791856.1052,112970315.9575
601988.SH,20250324,5.36,5.43,5.36,5.4,5.36,0.04,0.7463,1669881.6,901449.295,0.0792,1.06,6.855,0.6861,2.5521,29438779.1241,21076551.4846,2197360.8313,158969407.2701,113813378.0168
601988.SH,20250325,5.4,5.48,5.39,5.48,5.4,0.08,1.4815,1807978.0,984713.614,0.0858,1.13,6.9565,0.6963,2.5899,29438779.1241,21076551.4846,2197360.8313,161324509.6001,115499502.1356
601988.SH,20250326,5.47,5.5,5.43,5.48,5.48,0.0,0.0,1281762.26,700890.88,0.0608,0.77,6.9565,0.6963,2.5899,29438779.1241,21076551.4846,2197360.8313,161324509.6001,115499502.1356
601988.SH,20250327,5.47,5.53,5.44,5.53,5.48,0.05,0.9124,1694454.77,933672.076,0.0804,1.11,6.8448,0.6866,2.5837,29438779.1241,21076551.4846,2197360.8313,162796448.5563,116553329.7098
601988.SH,20250328,5.53,5.53,5.49,5.5,5.53,-0.03,-0.5425,1264740.61,696698.32,0.06,0.79,6.8076,0.6828,2.5697,29438779.1241,21076551.4846,2197360.8313,161913285.1826,115921033.1653
601988.SH,20250331,5.54,5.64,5.46,5.6,5.5,0.1,1.8182,3039573.09,1696069.361,0.1442,1.97,6.9314,0.6953,2.6164,29438779.1241,21076551.4846,2197360.8313,164857163.095,118028688.3138
601988.SH,20250401,5.6,5.63,5.5,5.52,5.6,-0.08,-1.4286,2121012.78,1177210.538,0.1006,1.17,6.8324,0.6853,2.579,29438779.1241,21076551.4846,2197360.8313,162502060.765,116342564.195
601988.SH,20250402,5.5,5.61,5.5,5.59,5.52,0.07,1.2681,1600788.66,891741.965,0.076,0.85,6.919,0.6838,2.6117,29438779.1241,21076551.4846,2197360.8313,164562775.3037,117817922.7989
601988.SH,20250403,5.55,5.66,5.55,5.66,5.59,0.07,1.2522,1684461.74,947149.945,0.0799,0.87,7.0057,0.6923,2.6444,29438779.1241,21076551.4846,2197360.8313,166623489.8424,119293281.4028
601988.SH,20250407,5.58,5.63,5.29,5.44,5.66,-0.22,-3.8869,4586477.82,2506689.603,0.2176,2.36,6.7334,0.6654,2.5417,29438779.1241,21076551.4846,2197360.8313,160146958.4351,114656440.0762
601988.SH,20250408,5.4,5.49,5.38,5.47,5.44,0.03,0.5515,3833228.69,2086605.855,0.1819,1.47,6.7705,0.6691,2.5557,29438779.1241,21076551.4846,2197360.8313,161030121.8088,115288736.6208
601988.SH,20250409,5.45,5.49,5.38,5.41,5.47,-0.06,-1.0969,3309111.12,1789959.689,0.157,1.2,6.6962,0.6617,2.5276,29438779.1241,21076551.4846,2197360.8313,159263795.0614,114024143.5317
601988.SH,20250410,5.43,5.43,5.36,5.38,5.41,-0.03,-0.5545,2980461.3,1601787.432,0.1414,0.99,6.6591,0.6581,2.5136,29438779.1241,21076551.4846,2197360.8313,158380631.6877,113391846.9871
601988.SH,20250411,5.39,5.42,5.36,5.42,5.38,0.04,0.7435,2164077.7,1166103.128,0.1027,0.66,6.7086,0.663,2.5323,29438779.1241,21076551.4846,2197360.8313,159558182.8526,114234909.0465
601988.SH,20250414,5.42,5.5,5.4,5.48,5.42,0.06,1.107,2336999.89,1275660.397,0.1109,0.69,6.7829,0.6703,2.5603,29438779.1241,21076551.4846,2197360.8313,161324509.6001,115499502.1356
601988.SH,20250415,5.47,5.6,5.47,5.58,5.48,0.1,1.8248,2431867.57,1349566.248,0.1154,0.83,6.9066,0.6825,2.6071,29438779.1241,21076551.4846,2197360.8313,164268387.5125,117607157.2841
601988.SH,20250416,5.58,5.66,5.55,5.66,5.58,0.08,1.4337,2967440.07,1665131.643,0.1408,1.12,7.0057,0.6923,2.6444,29438779.1241,21076551.4846,2197360.8313,166623489.8424,119293281.4028
601988.SH,20250417,5.65,5.66,5.57,5.66,5.66,0.0,0.0,1742137.25,979931.972,0.0827,0.68,7.0057,0.6923,2.6444,29438779.1241,21076551.4846,2197360.8313,166623489.8424,119293281.4028
601988.SH,20250418,5.64,5.72,5.64,5.68,5.66,0.02,0.3534,1743025.81,990920.018,0.0827,0.75,7.0304,0.6948,2.6538,29438779.1241,21076551.4846,2197360.8313,167212265.4249,119714812.4325
601988.SH,20250421,5.68,5.82,5.62,5.63,5.68,-0.05,-0.8803,2429582.31,1386530.899,0.1153,1.08,6.9685,0.6887,2.6304,29438779.1241,21076551.4846,2197360.8313,165740326.4687,118660984.8583
601988.SH,20250422,5.65,5.76,5.64,5.73,5.63,0.1,1.7762,2272085.82,1297373.694,0.1078,1.0,7.0923,0.7009,2.6771,29438779.1241,21076551.4846,2197360.8313,168684204.3811,120768640.0068
601988.SH,20250423,5.74,5.77,5.68,5.71,5.73,-0.02,-0.349,1670616.18,955895.799,0.0793,0.75,7.0676,0.6984,2.6678,29438779.1241,21076551.4846,2197360.8313,168095428.7986,120347108.9771
601988.SH,20250424,5.71,5.84,5.71,5.83,5.71,0.12,2.1016,2487850.4,1440954.199,0.118,1.26,7.2161,0.7131,2.7239,29438779.1241,21076551.4846,2197360.8313,171628082.2935,122876295.1552
601988.SH,20250425,5.75,5.76,5.63,5.66,5.71,-0.05,-0.8757,2766927.93,1569609.893,0.1313,1.3,7.0057,0.7028,2.6444,29438779.1241,21076551.4846,2197360.8313,166623489.8424,119293281.4028
601988.SH,20250428,5.67,5.74,5.66,5.71,5.66,0.05,0.8834,2134390.0,1218575.682,0.1013,0.92,7.0676,0.709,2.6678,29438779.1241,21076551.4846,2197360.8313,168095428.7986,120347108.9771
601988.SH,20250429,5.72,5.74,5.67,5.7,5.71,-0.01,-0.1751,1475059.71,841170.034,0.07,0.65,7.0552,0.7077,2.6631,29438779.1241,21076551.4846,2197360.8313,167801041.0074,120136343.4622
601988.SH,20250430,5.68,5.7,5.51,5.53,5.7,-0.17,-2.9825,3110406.33,1724906.032,0.1476,1.48,6.8448,0.6781,2.5837,29438779.1241,21076551.4846,2197360.8313,162796448.5563,116553329.7098
601988.SH,20250506,5.55,5.55,5.45,5.49,5.53,-0.04,-0.7233,2495487.38,1367661.561,0.1184,1.04,6.7952,0.6732,2.565,29438779.1241,21076551.4846,2197360.8313,161618897.3913,115710267.6505
601988.SH,20250507,5.52,5.63,5.47,5.62,5.49,0.13,2.3679,3205301.77,1785517.938,0.1521,1.34,6.9562,0.6892,2.6258,29438779.1241,21076551.4846,2197360.8313,165445938.6774,118450219.3435
601988.SH,20250508,5.6,5.66,5.59,5.6,5.62,-0.02,-0.3559,1763933.22,990586.841,0.0837,0.71,6.9314,0.6867,2.6164,29438779.1241,21076551.4846,2197360.8313,164857163.095,118028688.3138
601988.SH,20250509,5.6,5.69,5.59,5.65,5.6,0.05,0.8929,2075617.37,1174574.394,0.0985,0.86,6.9933,0.6929,2.6398,29438779.1241,21076551.4846,2197360.8313,166329102.0512,119082515.888
601988.SH,20250512,5.65,5.67,5.57,5.63,5.65,-0.02,-0.354,2441703.0,1372758.468,0.1158,0.97,6.9685,0.6904,2.6304,29438779.1241,21076551.4846,2197360.8313,165740326.4687,118660984.8583
601988.SH,20250513,5.63,5.69,5.58,5.67,5.63,0.04,0.7105,2179978.93,1231977.785,0.1034,0.91,7.018,0.6953,2.6491,29438779.1241,21076551.4846,2197360.8313,166917877.6336,119504046.9177
601988.SH,20250514,5.65,5.72,5.63,5.68,5.67,0.01,0.1764,2235242.06,1268937.972,0.1061,0.96,7.0304,0.6965,2.6538,29438779.1241,21076551.4846,2197360.8313,167212265.4249,119714812.4325
601988.SH,20250515,5.69,5.73,5.66,5.67,5.68,-0.01,-0.1761,1863262.14,1060183.356,0.0884,0.87,7.018,0.6953,2.6491,29438779.1241,21076551.4846,2197360.8313,166917877.6336,119504046.9177
601988.SH,20250516,5.67,5.69,5.59,5.63,5.67,-0.04,-0.7055,2474331.18,1391039.113,0.1174,1.15,6.9685,0.6904,2.6304,29438779.1241,21076551.4846,2197360.8313,165740326.4687,118660984.8583
601988.SH,20250519,5.63,5.66,5.61,5.61,5.63,-0.02,-0.3552,1529714.0,861211.949,0.0726,0.68,6.9438,0.688,2.6211,29438779.1241,21076551.4846,2197360.8313,165151550.8862,118239453.8286
601988.SH,20250520,5.62,5.65,5.58,5.61,5.61,0.0,0.0,1530146.91,858524.495,0.0726,0.74,6.9438,0.688,2.6211,29438779.1241,21076551.4846,2197360.8313,165151550.8862,118239453.8286
601988.SH,20250521,5.61,5.65,5.58,5.62,5.61,0.01,0.1783,1620506.9,911122.37,0.0769,0.84,6.9562,0.6892,2.6258,29438779.1241,21076551.4846,2197360.8313,165445938.6774,118450219.3435
601988.SH,20250522,5.62,5.65,5.59,5.63,5.62,0.01,0.1779,1404998.86,789761.472,0.0667,0.78,6.9685,0.6904,2.6304,29438779.1241,21076551.4846,2197360.8313,165740326.4687,118660984.8583
601988.SH,20250523,5.63,5.65,5.57,5.57,5.63,-0.06,-1.0657,1846440.33,1034401.402,0.0876,1.08,6.8943,0.6831,2.6024,29438779.1241,21076551.4846,2197360.8313,163973999.7212,117396391.7692
601988.SH,20250526,5.57,5.58,5.5,5.51,5.57,-0.06,-1.0772,1943686.69,1075934.139,0.0922,1.23,6.82,0.6757,2.5744,29438779.1241,21076551.4846,2197360.8313,162207672.9738,116131798.6801
601988.SH,20250527,5.52,5.58,5.52,5.56,5.51,0.05,0.9074,1581937.16,879746.712,0.0751,0.95,6.8819,0.6818,2.5977,29438779.1241,21076551.4846,2197360.8313,163679611.93,117185626.2544
601988.SH,20250528,5.57,5.58,5.52,5.53,5.56,-0.03,-0.5396,1234812.51,684089.524,0.0586,0.74,6.8448,0.6781,2.5837,29438779.1241,21076551.4846,2197360.8313,162796448.5563,116553329.7098
601988.SH,20250529,5.53,5.54,5.49,5.51,5.53,-0.02,-0.3617,1500735.48,826968.263,0.0712,0.94,6.82,0.6757,2.5744,29438779.1241,21076551.4846,2197360.8313,162207672.9738,116131798.6801
601988.SH,20250530,5.51,5.55,5.49,5.52,5.51,0.01,0.1815,2006006.68,1108124.973,0.0952,1.24,6.8324,0.6769,2.579,29438779.1241,21076551.4846,2197360.8313,162502060.765,116342564.195
601988.SH,20250603,5.49,5.54,5.45,5.52,5.52,0.0,0.0,3290209.8,1807538.711,0.1561,1.99,6.8324,0.6769,2.579,29438779.1241,21076551.4846,2016358.3813,162502060.765,116342564.195
601988.SH,20250604,5.51,5.52,5.49,5.5,5.52,-0.02,-0.3623,1653467.01,909604.517,0.0785,0.86,6.8076,0.6745,2.5697,29438779.1241,21076551.4846,2016358.3813,161913285.1826,115921033.1653
601988.SH,20250605,5.5,5.51,5.46,5.47,5.5,-0.03,-0.5455,2606604.23,1426854.477,0.1237,1.35,6.7705,0.6708,2.5557,29438779.1241,21076551.4846,2016358.3813,161030121.8088,115288736.6208
601988.SH,20250606,5.47,5.49,5.43,5.45,5.47,-0.02,-0.3656,2649578.38,1443638.857,0.1257,1.2,6.7457,0.6683,2.5463,29438779.1241,21076551.4846,2016358.3813,160441346.2263,114867205.5911
601988.SH,20250609,5.44,5.46,5.41,5.43,5.45,-0.02,-0.367,2512503.43,1361861.754,0.1192,1.03,6.721,0.6659,2.537,29438779.1241,21076551.4846,2016358.3813,159852570.6439,114445674.5614
601988.SH,20250610,5.42,5.49,5.41,5.45,5.43,0.02,0.3683,3650499.47,1990996.541,0.1732,1.44,6.7457,0.6683,2.5463,29438779.1241,21076551.4846,2016358.3813,160441346.2263,114867205.5911
601988.SH,20250611,5.44,5.45,5.41,5.43,5.45,-0.02,-0.367,2503892.73,1359095.345,0.1188,0.96,6.721,0.6659,2.537,29438779.1241,21076551.4846,2016358.3813,159852570.6439,114445674.5614
601988.SH,20250612,5.43,5.44,5.4,5.43,5.43,0.0,0.0,2718151.21,1473069.549,0.129,0.98,6.721,0.6659,2.537,29438779.1241,21076551.4846,2016358.3813,159852570.6439,114445674.5614
601988.SH,20250613,5.42,5.43,5.33,5.34,5.43,-0.09,-1.6575,7546497.69,4047043.783,0.3581,2.69,6.6096,0.6548,2.4949,29438779.1241,21076551.4846,2016358.3813,157203080.5227,112548784.9278
601988.SH,20250616,5.32,5.38,5.27,5.38,5.34,0.04,0.7491,4932670.87,2627030.475,0.234,1.3,6.6591,0.6598,2.5136,29438779.1241,21076551.4846,2016358.3813,158380631.6877,113391846.9871
601988.SH,20250617,5.36,5.4,5.36,5.37,5.38,-0.01,-0.1859,2580766.22,1386847.098,0.1224,0.6,6.6467,0.6585,2.5089,29438779.1241,21076551.4846,2016358.3813,158086243.8964,113181081.4723
601988.SH,20250618,5.37,5.5,5.35,5.5,5.37,0.13,2.4209,5361917.32,2920986.171,0.2544,1.32,6.8076,0.6745,2.5697,29438779.1241,21076551.4846,2016358.3813,161913285.1826,115921033.1653
601988.SH,20250619,5.49,5.56,5.47,5.54,5.5,0.04,0.7273,4002497.37,2210779.341,0.1899,0.86,7.5053,0.6958,2.833,32221241.1814,21076551.4846,2016358.3813,178505676.145,116764095.2247
601988.SH,20250620,5.54,5.6,5.52,5.59,5.54,0.05,0.9025,3644070.01,2029043.744,0.1729,0.75,7.573,0.7021,2.8586,32221241.1814,21076551.4846,2016358.3813,180116738.204,117817922.7989
601988.SH,20250623,5.58,5.69,5.55,5.66,5.59,0.07,1.2522,4669572.63,2631135.247,0.2216,1.14,7.6678,0.7108,2.8944,32221241.1814,21076551.4846,2016358.3813,182372225.0867,119293281.4028
601988.SH,20250624,5.65,5.71,5.6,5.71,5.66,0.05,0.8834,4910505.67,2786514.154,0.233,1.21,7.7356,0.7171,2.92,32221241.1814,21076551.4846,2016358.3813,183983287.1458,120347108.9771
601988.SH,20250625,5.68,5.81,5.66,5.77,5.71,0.06,1.0508,4600331.18,2646559.567,0.2183,1.02,7.8168,0.7247,2.9506,32221241.1814,21076551.4846,2016358.3813,185916561.6167,121611702.0661
601988.SH,20250626,5.77,5.82,5.74,5.8,5.77,0.03,0.5199,3193893.08,1848446.724,0.1515,0.73,7.8575,0.7284,2.966,32221241.1814,21076551.4846,2016358.3813,186883198.8521,122243998.6107
601988.SH,20250627,5.79,5.8,5.6,5.6,5.8,-0.2,-3.4483,4954852.41,2815455.681,0.2351,1.18,7.5865,0.7033,2.8637,32221241.1814,21076551.4846,2016358.3813,180438950.6158,118028688.3138
601988.SH,20250630,5.59,5.63,5.55,5.62,5.6,0.02,0.3571,2504509.04,1401079.469,0.1188,0.56,7.6136,0.7058,2.8739,32221241.1814,21076551.4846,2016358.3813,181083375.4395,118450219.3435
601988.SH,20250701,5.62,5.71,5.6,5.65,5.62,0.03,0.5338,2895543.67,1641409.362,0.1374,0.72,7.6543,0.7096,2.8893,32221241.1814,21076551.4846,2016358.3813,182050012.6749,119082515.888
601988.SH,20250702,5.66,5.69,5.64,5.65,5.65,0.0,0.0,1881644.94,1065823.346,0.0893,0.52,7.6543,0.7096,2.8893,32221241.1814,21076551.4846,2016358.3813,182050012.6749,119082515.888
601988.SH,20250703,5.64,5.67,5.6,5.62,5.65,-0.03,-0.531,2328057.9,1309581.322,0.1105,0.75,7.6136,0.7058,2.8739,32221241.1814,21076551.4846,2016358.3813,181083375.4395,118450219.3435
601988.SH,20250704,5.61,5.72,5.61,5.7,5.62,0.08,1.4235,2965862.43,1685441.772,0.1407,1.02,7.722,0.7159,2.9148,32221241.1814,21076551.4846,2016358.3813,183661074.734,120136343.4622
601988.SH,20250707,5.7,5.74,5.67,5.73,5.7,0.03,0.5263,1877332.7,1072274.822,0.0891,0.75,7.7627,0.7196,2.9302,32221241.1814,21076551.4846,2016358.3813,184627711.9694,120768640.0068
601988.SH,20250708,5.72,5.75,5.69,5.71,5.73,-0.02,-0.349,1801058.36,1029121.014,0.0855,0.75,7.7356,0.7171,2.92,32221241.1814,21076551.4846,2016358.3813,183983287.1458,120347108.9771
601988.SH,20250709,5.72,5.82,5.7,5.78,5.71,0.07,1.2259,3492826.52,2018853.3,0.1657,1.61,7.8304,0.7259,2.9557,32221241.1814,21076551.4846,2016358.3813,186238774.0285,121822467.581
601988.SH,20250710,5.79,5.88,5.78,5.82,5.78,0.04,0.692,2801539.69,1636781.875,0.1329,1.12,7.8846,0.7309,2.9762,32221241.1814,21076551.4846,2016358.3813,187527623.6757,122665529.6404
601988.SH,20250711,5.83,5.9,5.69,5.69,5.82,-0.13,-2.2337,5043114.75,2922940.53,0.2393,1.95,7.7085,0.7146,2.9097,32221241.1814,21076551.4846,2016358.3813,183338862.3222,119925577.9474
601988.SH,20250714,5.7,5.84,5.7,5.75,5.69,0.06,1.0545,3464429.59,2001520.131,0.1644,1.15,7.7897,0.7221,2.9404,32221241.1814,21076551.4846,2016358.3813,185272136.7931,121190171.0365
601988.SH,20250715,5.77,5.79,5.7,5.7,5.75,-0.05,-0.8696,2108167.61,1210607.33,0.1,0.63,7.722,0.7159,2.9148,32221241.1814,21076551.4846,2016358.3813,183661074.734,120136343.4622
601988.SH,20250716,5.7,5.73,5.66,5.71,5.7,0.01,0.1754,2215049.72,1260792.019,0.1051,0.65,7.7356,0.7171,2.92,32221241.1814,21076551.4846,2016358.3813,183983287.1458,120347108.9771
601988.SH,20250717,5.71,5.73,5.66,5.67,5.71,-0.04,-0.7005,1761573.07,1001183.589,0.0836,0.56,7.6814,0.7121,2.8995,32221241.1814,21076551.4846,2016358.3813,182694437.4985,119504046.9177
601988.SH,20250718,5.67,5.72,5.64,5.69,5.67,0.02,0.3527,1827813.0,1040368.068,0.0867,0.63,7.7085,0.7146,2.9097,32221241.1814,21076551.4846,2016358.3813,183338862.3222,119925577.9474
601988.SH,20250721,5.69,5.71,5.63,5.65,5.69,-0.04,-0.703,2451637.31,1386029.904,0.1163,1.08,7.6543,0.7096,2.8893,32221241.1814,21076551.4846,2016358.3813,182050012.6749,119082515.888
601988.SH,20250722,5.64,5.65,5.55,5.58,5.65,-0.07,-1.2389,3913312.18,2182999.163,0.1857,1.89,7.5594,0.7008,2.8535,32221241.1814,21076551.4846,2016358.3813,179794525.7922,117607157.2841
601988.SH,20250723,5.56,5.68,5.56,5.63,5.58,0.05,0.8961,3820410.39,2153377.537,0.1813,1.57,7.6272,0.7071,2.879,32221241.1814,21076551.4846,2016358.3813,181405587.8513,118660984.8583
601988.SH,20250724,5.64,5.66,5.56,5.56,5.63,-0.07,-1.2433,3468702.97,1941424.781,0.1646,1.26,7.5323,0.6983,2.8432,32221241.1814,21076551.4846,2016358.3813,179150100.9686,117185626.2544
601988.SH,20250725,5.56,5.59,5.52,5.53,5.56,-0.03,-0.5396,2510283.3,1393596.969,0.1191,0.81,7.4917,0.6945,2.8279,32221241.1814,21076551.4846,2016358.3813,178183463.7331,116553329.7098
601988.SH,20250728,5.54,5.57,5.52,5.53,5.53,0.0,0.0,2125063.9,1177941.753,0.1008,0.66,7.4917,0.6945,2.8279,32221241.1814,21076551.4846,2016358.3813,178183463.7331,116553329.7098
601988.SH,20250729,5.55,5.57,5.49,5.49,5.53,-0.04,-0.7233,2456275.77,1355992.558,0.1165,0.78,7.4375,0.6895,2.8074,32221241.1814,21076551.4846,2016358.3813,176894614.0859,115710267.6505
601988.SH,20250730,5.49,5.57,5.47,5.53,5.49,0.04,0.7286,3043038.59,1682104.358,0.1444,1.06,7.4917,0.6945,2.8279,32221241.1814,21076551.4846,2016358.3813,178183463.7331,116553329.7098
601988.SH,20250731,5.53,5.57,5.45,5.55,5.53,0.02,0.3617,3722105.78,2050079.188,0.1766,1.37,7.5188,0.697,2.8381,32221241.1814,21076551.4846,2016358.3813,178827888.5568,116974860.7395
601988.SH,20250801,5.54,5.57,5.5,5.55,5.55,0.0,0.0,2815246.6,1559597.273,0.1336,1.02,7.5188,0.697,2.8381,32221241.1814,21076551.4846,2016358.3813,178827888.5568,116974860.7395
601988.SH,20250804,5.54,5.63,5.53,5.58,5.55,0.03,0.5405,3282292.75,1834910.401,0.1557,1.16,7.5594,0.7008,2.8535,32221241.1814,21076551.4846,2016358.3813,179794525.7922,117607157.2841
601988.SH,20250805,5.57,5.66,5.55,5.65,5.58,0.07,1.2545,3208842.33,1802682.589,0.1522,1.05,7.6543,0.7096,2.8893,32221241.1814,21076551.4846,2016358.3813,182050012.6749,119082515.888
601988.SH,20250806,5.65,5.68,5.62,5.66,5.65,0.01,0.177,2422622.23,1370569.226,0.1149,0.75,7.6678,0.7108,2.8944,32221241.1814,21076551.4846,2016358.3813,182372225.0867,119293281.4028
601988.SH,20250807,5.66,5.72,5.62,5.72,5.66,0.06,1.0601,3031452.72,1725625.625,0.1438,0.98,7.7491,0.7184,2.9251,32221241.1814,21076551.4846,2016358.3813,184305499.5576,120557874.4919
601988.SH,20250808,5.71,5.74,5.67,5.67,5.72,-0.05,-0.8741,2323624.71,1323692.634,0.1102,0.79,7.6814,0.7121,2.8995,32221241.1814,21076551.4846,2016358.3813,182694437.4985,119504046.9177
601988.SH,20250811,5.67,5.68,5.59,5.62,5.67,-0.05,-0.8818,2586005.91,1453056.416,0.1227,0.91,7.6136,0.7058,2.8739,32221241.1814,21076551.4846,2016358.3813,181083375.4395,118450219.3435
601988.SH,20250812,5.62,5.68,5.61,5.66,5.62,0.04,0.7117,2464794.82,1393801.471,0.1169,0.91,7.6678,0.7108,2.8944,32221241.1814,21076551.4846,1222241.8928,182372225.0867,119293281.4028
601988.SH,20250813,5.66,5.69,5.58,5.58,5.66,-0.08,-1.4134,3468750.28,1948540.058,0.1646,1.35,7.5594,0.7008,2.8535,32221241.1814,21076551.4846,1222241.8928,179794525.7922,117607157.2841
601988.SH,20250814,5.58,5.62,5.56,5.57,5.58,-0.01,-0.1792,2292180.33,1281571.424,0.1088,0.83,7.5459,0.6995,2.8484,32221241.1814,21076551.4846,1222241.8928,179472313.3804,117396391.7692
601988.SH,20250815,5.58,5.58,5.42,5.45,5.57,-0.12,-2.1544,6409229.34,3499329.743,0.3041,2.44,7.3833,0.6845,2.787,32221241.1814,21076551.4846,1222241.8928,175605764.4386,114867205.5911
601988.SH,20250818,5.44,5.46,5.4,5.45,5.45,0.0,0.0,3506009.92,1907307.304,0.1663,1.02,7.3833,0.6845,2.787,32221241.1814,21076551.4846,1222241.8928,175605764.4386,114867205.5911
601988.SH,20250819,5.45,5.59,5.44,5.56,5.45,0.11,2.0183,4400871.13,2430443.192,0.2088,1.21,7.5323,0.6983,2.8432,32221241.1814,21076551.4846,1222241.8928,179150100.9686,117185626.2544
601988.SH,20250820,5.57,5.73,5.56,5.67,5.56,0.11,1.9784,5845799.83,3309866.723,0.2774,1.46,7.6814,0.7121,2.8995,32221241.1814,21076551.4846,1222241.8928,182694437.4985,119504046.9177
601988.SH,20250821,5.68,5.73,5.62,5.71,5.67,0.04,0.7055,3973311.41,2263421.584,0.1885,0.88,7.7356,0.7171,2.92,32221241.1814,21076551.4846,1222241.8928,183983287.1458,120347108.9771
601988.SH,20250822,5.71,5.72,5.64,5.7,5.71,-0.01,-0.1751,3293471.95,1871201.844,0.1563,0.68,7.722,0.7159,2.9148,32221241.1814,21076551.4846,1222241.8928,183661074.734,120136343.4622
601988.SH,20250825,5.69,5.7,5.64,5.68,5.7,-0.02,-0.3509,3163097.91,1793266.507,0.1501,0.75,7.6949,0.7134,2.9046,32221241.1814,21076551.4846,1222241.8928,183016649.9104,119714812.4325
601988.SH,20250826,5.67,5.7,5.65,5.66,5.68,-0.02,-0.3521,2217983.55,1258560.252,0.1052,0.54,7.6678,0.7108,2.8944,32221241.1814,21076551.4846,1222241.8928,182372225.0867,119293281.4028
601988.SH,20250827,5.65,5.66,5.55,5.55,5.66,-0.11,-1.9435,2861512.87,1601354.358,0.1358,0.77,7.5188,0.697,2.8381,32221241.1814,21076551.4846,1222241.8928,178827888.5568,116974860.7395
601988.SH,20250828,5.55,5.58,5.5,5.53,5.55,-0.02,-0.3604,2985043.12,1651514.188,0.1416,0.96,7.4917,0.6945,2.8279,32221241.1814,21076551.4846,1222241.8928,178183463.7331,116553329.7098
601988.SH,20250829,5.54,5.63,5.51,5.52,5.53,-0.01,-0.1808,3397582.94,1891118.032,0.1612,1.17,7.4782,0.6933,2.8228,32221241.1814,21076551.4846,1222241.8928,177861251.3213,116342564.195
601988.SH,20250901,5.53,5.58,5.49,5.52,5.52,0.0,0.0,3406030.08,1883895.13,0.1616,1.16,7.4782,0.6743,2.8228,32221241.1814,21076551.4846,1222241.8928,177861251.3213,116342564.195
601988.SH,20250902,5.52,5.63,5.5,5.63,5.52,0.11,1.9928,4500408.23,2514316.87,0.2135,1.51,7.6272,0.6878,2.879,32221241.1814,21076551.4846,1222241.8928,181405587.8513,118660984.8583
601988.SH,20250903,5.63,5.63,5.52,5.55,5.63,-0.08,-1.421,3326813.61,1852988.833,0.1578,0.97,7.5188,0.678,2.8381,32221241.1814,21076551.4846,1222241.8928,178827888.5568,116974860.7395
601988.SH,20250904,5.52,5.65,5.41,5.62,5.55,0.07,1.2613,6529944.05,3605212.942,0.3098,1.85,7.6136,0.6865,2.8739,32221241.1814,21076551.4846,1222241.8928,181083375.4395,118450219.3435
601988.SH,20250905,5.59,5.59,5.5,5.52,5.62,-0.1,-1.7794,3670349.2,2029841.862,0.1741,0.87,7.4782,0.6743,2.8228,32221241.1814,21076551.4846,1222241.8928,177861251.3213,116342564.195
601988.SH,20250908,5.5,5.53,5.46,5.47,5.52,-0.05,-0.9058,3264583.8,1792239.406,0.1549,0.76,7.4104,0.6682,2.7972,32221241.1814,21076551.4846,1222241.8928,176250189.2623,115288736.6208
601988.SH,20250909,5.47,5.51,5.46,5.48,5.47,0.01,0.1828,2004368.5,1098727.195,0.0951,0.47,7.424,0.6694,2.8023,32221241.1814,21076551.4846,1222241.8928,176572401.6741,115499502.1356
601988.SH,20250910,5.48,5.5,5.45,5.49,5.48,0.01,0.1825,2226585.47,1219577.875,0.1056,0.59,7.4375,0.6707,2.8074,32221241.1814,21076551.4846,1222241.8928,176894614.0859,115710267.6505
601988.SH,20250911,5.48,5.54,5.44,5.5,5.49,0.01,0.1821,4108413.15,2248226.546,0.1949,1.16,7.4511,0.6719,2.8126,32221241.1814,21076551.4846,1222241.8928,177216826.4977,115921033.1653
601988.SH,20250912,5.49,5.53,5.48,5.48,5.5,-0.02,-0.3636,2827502.54,1555441.039,0.1342,0.93,7.424,0.6694,2.8023,32221241.1814,21076551.4846,1222241.8928,176572401.6741,115499502.1356
601988.SH,20250915,5.48,5.5,5.45,5.46,5.48,-0.02,-0.365,2335960.95,1276079.49,0.1108,0.81,7.3969,0.667,2.7921,32221241.1814,21076551.4846,1222241.8928,175927976.8504,115077971.1059
601988.SH,20250916,5.46,5.47,5.4,5.41,5.46,-0.05,-0.9158,3193591.39,1731385.451,0.1515,1.18,7.3291,0.6609,2.7665,32221241.1814,21076551.4846,1222241.8928,174316914.7914,114024143.5317
601988.SH,20250917,5.42,5.43,5.36,5.4,5.41,-0.01,-0.1848,2425996.92,1308223.172,0.1151,0.83,7.3156,0.6597,2.7614,32221241.1814,21076551.4846,1222241.8928,173994702.3796,113813378.0168
601988.SH,20250918,5.41,5.41,5.29,5.3,5.4,-0.1,-1.8519,3381325.45,1805614.53,0.1604,1.14,7.1801,0.6474,2.7103,32221241.1814,21076551.4846,1222241.8928,170772578.2614,111705722.8684
601988.SH,20250919,5.29,5.3,5.2,5.29,5.3,-0.01,-0.1887,3205615.9,1683744.848,0.1521,1.13,7.1666,0.6462,2.7052,32221241.1814,21076551.4846,1222241.8928,170450365.8496,111494957.3535
601988.SH,20250922,5.27,5.3,5.21,5.21,5.29,-0.08,-1.5123,1966401.63,1029995.116,0.0933,0.68,7.0582,0.6364,2.6643,32221241.1814,21076551.4846,1222241.8928,167872666.5551,109808833.2348
601988.SH,20250923,5.19,5.35,5.16,5.3,5.21,0.09,1.7274,4545930.9,2403683.929,0.2157,1.6,7.1801,0.6474,2.7103,32221241.1814,21076551.4846,1222241.8928,170772578.2614,111705722.8684
601988.SH,20250924,5.29,5.37,5.27,5.28,5.3,-0.02,-0.3774,3266236.72,1733861.44,0.155,1.05,7.153,0.645,2.7001,32221241.1814,21076551.4846,1222241.8928,170128153.4378,111284191.8387
601988.SH,20250925,5.27,5.28,5.21,5.24,5.28,-0.04,-0.7576,2443718.41,1278506.18,0.1159,0.75,7.0988,0.6401,2.6796,32221241.1814,21076551.4846,1222241.8928,168839303.7905,110441129.7793
601988.SH,20250926,5.23,5.27,5.2,5.24,5.24,0.0,0.0,1796615.78,941038.598,0.0852,0.58,7.0988,0.6401,2.6796,32221241.1814,21076551.4846,1222241.8928,168839303.7905,110441129.7793
601988.SH,20250929,5.24,5.24,5.16,5.2,5.24,-0.04,-0.7634,2917788.46,1516930.591,0.1384,1.04,7.0446,0.6352,2.6592,32221241.1814,21076551.4846,1222241.8928,167550454.1433,109598067.7199
601988.SH,20250930,5.19,5.21,5.16,5.18,5.2,-0.02,-0.3846,1921347.7,995407.457,0.0912,0.64,7.0175,0.6328,2.6489,32221241.1814,21076551.4846,1222241.8928,166906029.3197,109176536.6902
601988.SH,20251009,5.18,5.23,5.13,5.23,5.18,0.05,0.9653,2689854.54,1393383.72,0.1276,1.09,7.0853,0.6389,2.6745,32221241.1814,21076551.4846,1222241.8928,168517091.3787,110230364.2645
601988.SH,20251010,5.22,5.28,5.21,5.23,5.23,0.0,0.0,2409802.6,1263371.303,0.1143,1.02,7.0853,0.6389,2.6745,32221241.1814,21076551.4846,1222241.8928,168517091.3787,110230364.2645
601988.SH,20251013,5.21,5.25,5.15,5.2,5.23,-0.03,-0.5736,3021411.16,1570451.123,0.1434,1.29,7.0446,0.6352,2.6592,32221241.1814,21076551.4846,1222241.8928,167550454.1433,109598067.7199
601988.SH,20251014,5.19,5.29,5.16,5.28,5.2,0.08,1.5385,3861011.33,2026534.448,0.1832,1.49,7.153,0.645,2.7001,32221241.1814,21076551.4846,1222241.8928,170128153.4378,111284191.8387
601988.SH,20251015,5.28,5.31,5.24,5.28,5.28,0.0,0.0,2922443.2,1540688.791,0.1387,1.05,7.153,0.645,2.7001,32221241.1814,21076551.4846,1222241.8928,170128153.4378,111284191.8387
601988.SH,20251016,5.28,5.4,5.27,5.38,5.28,0.1,1.8939,4077234.67,2176680.82,0.1934,1.37,7.2885,0.6572,2.7512,32221241.1814,21076551.4846,1222241.8928,173350277.5559,113391846.9871
601988.SH,20251017,5.38,5.43,5.33,5.34,5.38,-0.04,-0.7435,3096181.25,1667212.88,0.1469,0.95,7.2343,0.6523,2.7307,32221241.1814,21076551.4846,1222241.8928,172061427.9087,112548784.9278
601988.SH,20251020,5.32,5.39,5.24,5.36,5.34,0.02,0.3745,3335802.72,1771036.686,0.1583,0.98,7.2614,0.6548,2.741,32221241.1814,21076551.4846,1222241.8928,172705852.7323,112970315.9575
601988.SH,20251021,5.35,5.4,5.33,5.39,5.36,0.03,0.5597,2619478.23,1407715.231,0.1243,0.76,7.302,0.6584,2.7563,32221241.1814,21076551.4846,1222241.8928,173672489.9677,113602612.502
601988.SH,20251022,5.39,5.47,5.38,5.46,5.39,0.07,1.2987,3365877.08,1827788.249,0.1597,1.05,7.3969,0.667,2.7921,32221241.1814,21076551.4846,1222241.8928,175927976.8504,115077971.1059
601988.SH,20251023,5.46,5.52,5.43,5.49,5.46,0.03,0.5495,3778822.29,2072372.182,0.1793,1.15,7.4375,0.6707,2.8074,32221241.1814,21076551.4846,1222241.8928,176894614.0859,115710267.6505
601988.SH,20251024,5.47,5.57,5.44,5.53,5.49,0.04,0.7286,4317256.22,2382064.082,0.2048,1.33,7.4917,0.6755,2.8279,32221241.1814,21076551.4846,1222241.8928,178183463.7331,116553329.7098
601988.SH,20251027,5.51,5.64,5.46,5.59,5.53,0.06,1.085,4410595.35,2454817.704,0.2093,1.27,7.573,0.6829,2.8586,32221241.1814,21076551.4846,1222241.8928,180116738.204,117817922.7989
601988.SH,20251028,5.59,5.63,5.54,5.6,5.59,0.01,0.1789,2996081.98,1675010.077,0.1422,0.81,7.5865,0.6841,2.8637,32221241.1814,21076551.4846,1222241.8928,180438950.6158,118028688.3138
601988.SH,20251029,5.6,5.67,5.56,5.6,5.6,0.0,0.0,3950881.98,2220593.984,0.1875,1.05,7.5865,0.6749,2.8637,32221241.1814,21076551.4846,1222241.8928,180438950.6158,118028688.3138
601988.SH,20251030,5.6,5.72,5.59,5.65,5.6,0.05,0.8929,4625521.72,2618922.183,0.2195,1.19,7.6543,0.6809,2.8893,32221241.1814,21076551.4846,1222241.8928,182050012.6749,119082515.888
601988.SH,20251031,5.66,5.67,5.49,5.61,5.65,-0.04,-0.708,4884455.93,2717254.586,0.2317,1.2,7.6001,0.6761,2.8688,32221241.1814,21076551.4846,1222241.8928,180761163.0277,118239453.8286
601988.SH,20251103,5.59,5.71,5.59,5.68,5.61,0.07,1.2478,4074518.01,2311333.091,0.1933,0.98,7.6949,0.6845,2.9046,32221241.1814,21076551.4846,1222241.8928,183016649.9104,119714812.4325
601988.SH,20251104,5.68,5.75,5.67,5.73,5.68,0.05,0.8803,4088131.79,2338329.001,0.194,1.0,7.7627,0.6905,2.9302,32221241.1814,21076551.4846,1222241.8928,184627711.9694,120768640.0068
601988.SH,20251105,5.72,5.75,5.66,5.69,5.73,-0.04,-0.6981,2487136.59,1418073.968,0.118,0.58,7.7085,0.6857,2.9097,32221241.1814,21076551.4846,1222241.8928,183338862.3222,119925577.9474
601988.SH,20251106,5.67,5.7,5.64,5.66,5.69,-0.03,-0.5272,2112734.35,1197058.935,0.1002,0.52,7.6678,0.6821,2.8944,32221241.1814,21076551.4846,1222241.8928,182372225.0867,119293281.4028
601988.SH,20251107,5.66,5.72,5.63,5.64,5.66,-0.02,-0.3534,2237377.87,1266404.442,0.1062,0.63,7.6407,0.6797,2.8842,32221241.1814,21076551.4846,1222241.8928,181727800.2631,118871750.3731
601988.SH,20251110,5.63,5.67,5.6,5.66,5.64,0.02,0.3546,1744063.15,984727.096,0.0827,0.58,7.6678,0.6821,2.8944,32221241.1814,21076551.4846,1222241.8928,182372225.0867,119293281.4028
601988.SH,20251111,5.65,5.69,5.63,5.68,5.66,0.02,0.3534,1625526.77,921543.77,0.0771,0.64,7.6949,0.6845,2.9046,32221241.1814,21076551.4846,1222241.8928,183016649.9104,119714812.4325
601988.SH,20251112,5.69,5.82,5.68,5.76,5.68,0.08,1.4085,4009636.41,2312614.501,0.1902,1.96,7.8033,0.6941,2.9455,32221241.1814,21076551.4846,1222241.8928,185594349.2049,121400936.5513
601988.SH,20251113,5.77,5.81,5.66,5.74,5.76,-0.02,-0.3472,3044403.99,1743572.794,0.1444,1.3,7.7762,0.6917,2.9353,32221241.1814,21076551.4846,1222241.8928,184949924.3812,120979405.5216
601988.SH,20251114,5.74,5.88,5.73,5.82,5.74,0.08,1.3937,3831463.86,2231298.175,0.1818,1.51,7.8846,0.7014,2.9762,32221241.1814,21076551.4846,1222241.8928,187527623.6757,122665529.6404
601988.SH,20251117,5.82,5.83,5.69,5.77,5.82,-0.05,-0.8591,2935607.45,1688174.986,0.1393,1.03,7.8168,0.6953,2.9506,32221241.1814,21076551.4846,1222241.8928,185916561.6167,121611702.0661
601988.SH,20251118,5.74,5.82,5.71,5.78,5.77,0.01,0.1733,2324185.3,1340338.29,0.1103,0.75,7.8304,0.6965,2.9557,32221241.1814,21076551.4846,1222241.8928,186238774.0285,121822467.581
601988.SH,20251119,5.79,6.0,5.78,6.0,5.78,0.22,3.8062,5689427.24,3371096.361,0.2699,1.76,8.1284,0.7231,3.0683,32221241.1814,21076551.4846,1222241.8928,193327447.0884,126459308.9076
601988.SH,20251120,5.99,6.33,5.96,6.24,6.0,0.24,4.0,7232047.09,4501080.156,0.3431,2.03,8.4536,0.752,3.191,32221241.1814,21076551.4846,1222241.8928,201060544.9719,131517681.2639
601988.SH,20251121,6.23,6.39,6.23,6.29,6.24,0.05,0.8013,6807007.31,4294459.516,0.323,1.55,8.5213,0.758,3.2166,32221241.1814,21076551.4846,1222241.8928,202671607.031,132571508.8381
601988.SH,20251124,6.29,6.33,6.14,6.17,6.29,-0.12,-1.9078,6199166.67,3852085.963,0.2941,1.24,8.3587,0.7435,3.1552,32221241.1814,21076551.4846,1222241.8928,198805058.0892,130042322.66
601988.SH,20251125,6.15,6.29,6.09,6.26,6.17,0.09,1.4587,4354504.35,2694640.038,0.2066,0.77,8.4807,0.7544,3.2012,32221241.1814,21076551.4846,1222241.8928,201704969.7956,131939212.2936
601988.SH,20251126,6.26,6.31,6.11,6.15,6.26,-0.11,-1.7572,4148931.59,2562937.491,0.1969,0.69,8.3316,0.7411,3.145,32221241.1814,21076551.4846,1222241.8928,198160633.2656,129620791.6303
601988.SH,20251127,6.13,6.17,6.06,6.17,6.15,0.02,0.3252,3420242.26,2092863.574,0.1623,0.59,8.3587,0.7435,3.1552,32221241.1814,21076551.4846,1222241.8928,198805058.0892,130042322.66
601988.SH,20251128,6.15,6.15,6.04,6.07,6.17,-0.1,-1.6207,3601178.73,2189779.216,0.1709,0.72,8.2233,0.7315,3.104,32221241.1814,21076551.4846,1222241.8928,195582933.9711,127934667.5115
601988.SH,20251201,6.06,6.1,6.03,6.07,6.07,0.0,0.0,3065030.56,1858296.01,0.1454,0.71,8.2233,0.7315,3.104,32221241.1814,21076551.4846,1222241.8928,195582933.9711,127934667.5115
601988.SH,20251202,6.07,6.1,5.98,6.06,6.07,-0.01,-0.1647,2533891.1,1530042.693,0.1202,0.68,8.2097,0.7303,3.0989,32221241.1814,21076551.4846,1222241.8928,195260721.5593,127723901.9967
601988.SH,20251203,6.04,6.08,5.92,5.94,6.06,-0.12,-1.9802,3225531.76,1930305.208,0.153,0.96,8.0471,0.7158,3.0376,32221241.1814,21076551.4846,1222241.8928,191394172.6175,125194715.8185
601988.SH,20251204,5.95,5.96,5.86,5.88,5.94,-0.06,-1.0101,2499833.11,1474123.942,0.1186,0.79,7.9659,0.7086,3.0069,32221241.1814,21076551.4846,1222241.8928,189460898.1466,123930122.7294
601988.SH,20251205,5.88,5.9,5.77,5.81,5.88,-0.07,-1.1905,3207173.71,1865401.733,0.1522,1.07,7.871,0.7002,2.9711,32221241.1814,21076551.4846,1222241.8928,187205411.2639,122454764.1255
601988.SH,20251208,5.81,5.87,5.77,5.83,5.81,0.02,0.3442,3064729.64,1784673.004,0.1454,1.05,7.8981,0.7026,2.9813,32221241.1814,21076551.4846,1222241.8928,187849836.0876,122876295.1552
601988.SH,20251209,5.81,5.87,5.79,5.84,5.83,0.01,0.1715,2509226.98,1463990.692,0.1191,0.86,7.9117,0.7038,2.9864,32221241.1814,21076551.4846,1222241.8928,188172048.4994,123087060.6701
601988.SH,20251210,5.83,5.85,5.73,5.75,5.84,-0.09,-1.5411,2839998.91,1639088.793,0.1347,0.98,7.7897,0.6929,2.9404,32221241.1814,21076551.4846,1222241.8928,185272136.7931,121190171.0365
601988.SH,20251211,5.66,5.71,5.64,5.71,5.64,0.07,1.2411,2527258.41,1433449.523,0.1199,0.89,7.7356,0.6973,2.92,32221241.1814,21076551.4846,1222241.8928,183983287.1458,120347108.9771
601988.SH,20251212,5.7,5.71,5.58,5.59,5.71,-0.12,-2.1016,3563925.85,1999025.485,0.1691,1.26,7.573,0.6827,2.8586,32221241.1814,21076551.4846,1222241.8928,180116738.204,117817922.7989
601988.SH,20251215,5.59,5.64,5.58,5.61,5.59,0.02,0.3578,2019361.4,1133325.032,0.0958,0.7,7.6001,0.6851,2.8688,32221241.1814,21076551.4846,1222241.8928,180761163.0277,118239453.8286
601988.SH,20251216,5.6,5.62,5.55,5.59,5.61,-0.02,-0.3565,2216269.97,1238134.798,0.1052,0.82,7.573,0.6827,2.8586,32221241.1814,21076551.4846,1222241.8928,180116738.204,117817922.7989
601988.SH,20251217,5.58,5.66,5.56,5.61,5.59,0.02,0.3578,2517010.89,1412535.014,0.1194,0.96,7.6001,0.6851,2.8688,32221241.1814,21076551.4846,1222241.8928,180761163.0277,118239453.8286
601988.SH,20251218,5.61,5.71,5.58,5.7,5.61,0.09,1.6043,2879645.56,1630967.673,0.1366,1.12,7.722,0.6961,2.9148,32221241.1814,21076551.4846,1222241.8928,183661074.734,120136343.4622
601988.SH,20251219,5.69,5.69,5.63,5.66,5.7,-0.04,-0.7018,2398602.97,1358087.146,0.1138,0.91,7.6678,0.6912,2.8944,32221241.1814,21076551.4846,1222241.8928,182372225.0867,119293281.4028
601988.SH,20251222,5.65,5.67,5.61,5.67,5.66,0.01,0.1767,1665176.02,940397.556,0.079,0.69,7.6814,0.6924,2.8995,32221241.1814,21076551.4846,1222241.8928,182694437.4985,119504046.9177
601988.SH,20251223,5.66,5.71,5.63,5.7,5.67,0.03,0.5291,2606330.92,1480489.709,0.1237,1.12,7.722,0.6961,2.9148,32221241.1814,21076551.4846,1222241.8928,183661074.734,120136343.4622
601988.SH,20251224,5.7,5.73,5.66,5.67,5.7,-0.03,-0.5263,1841497.63,1046784.273,0.0874,0.76,7.6814,0.6924,2.8995,32221241.1814,21076551.4846,1222241.8928,182694437.4985,119504046.9177
601988.SH,20251225,5.66,5.71,5.63,5.65,5.67,-0.02,-0.3527,2268690.1,1285967.452,0.1076,1.0,7.6543,0.69,2.8893,32221241.1814,21076551.4846,1222241.8928,182050012.6749,119082515.888
601988.SH,20251226,5.65,5.65,5.6,5.61,5.65,-0.04,-0.708,1544955.18,868355.134,0.0733,0.72,7.6001,0.6851,2.8688,32221241.1814,21076551.4846,1222241.8928,180761163.0277,118239453.8286
601988.SH,20251229,5.61,5.68,5.59,5.68,5.61,0.07,1.2478,2527610.75,1425343.422,0.1199,1.27,7.6949,0.6936,2.9046,32221241.1814,21076551.4846,1222241.8928,183016649.9104,119714812.4325
601988.SH,20251230,5.66,5.7,5.61,5.67,5.68,-0.01,-0.1761,2366887.0,1339549.015,0.1123,1.1,7.6814,0.6924,2.8995,32221241.1814,21076551.4846,1222241.8928,182694437.4985,119504046.9177
601988.SH,20251231,5.66,5.76,5.66,5.73,5.67,0.06,1.0582,3023692.71,1728942.716,0.1435,1.43,7.7627,0.6997,2.9302,32221241.1814,21076551.4846,1222241.8928,184627711.9694,120768640.0068
